metodo,mejor_cromosoma,mejor_cromosoma_texto,mejor_fitness_global,tiempo_total_estimado_min,penalizacion_total,espera_promedio_min,espera_critica_promedio_min,retraso_critico_promedio_min,backlog_alertas,backlog_minutos,desbalance_carga,sobrecarga_relativa,tiempo_ejecucion_seg,corrida,seed_ag
ruleta,"[10, 1, 7, 5, 2, 4, 3, 2, 6, 1, 7, 9, 7, 9, 3, 7, 6, 2, 9, 4, 6, 9, 1, 8, 7, 6, 2, 1, 6, 7, 8, 8, 5, 9, 4, 3, 5, 7, 8, 4, 3, 9, 3, 6, 6, 7, 10, 5, 1, 2, 8, 2, 4, 10, 6, 6, 2, 1, 4, 4, 3, 7, 2, 7, 3, 2, 9, 2, 6, 9, 1, 5, 10, 7, 4, 1, 10, 5, 7, 6, 1, 1, 3, 9, 7, 3, 4, 3, 10, 10, 6, 3, 5, 5, 8, 1, 3, 7, 5, 4, 2, 1, 8, 10, 1, 8, 2, 1, 10, 10, 7, 4, 10, 1, 1, 8, 6, 1, 7, 6, 6, 2, 4, 6, 7, 3, 6, 10, 7, 6, 6, 1, 7, 9, 5, 9, 6, 1, 4, 1, 3, 8, 7, 9, 8, 4, 4, 6, 4, 2, 2, 3, 2, 9, 7, 6, 7, 4, 9, 9, 9, 2, 4, 8, 6, 7, 3, 4, 4, 9, 4, 8, 3, 1, 6, 5, 8, 9, 5, 9, 5, 7, 1, 7, 9, 10, 1, 1, 9, 1, 7, 5, 7, 9, 2, 2, 5, 5, 9, 7, 3, 2, 4, 6, 9, 5, 3, 9, 9, 6, 2, 4, 8, 10, 1, 9, 10, 10, 6, 5, 4, 8, 3, 5, 2, 1, 10, 8, 5, 4, 4, 2, 8, 10, 8, 7, 5, 8, 6, 2, 2, 5, 10, 7, 9, 6, 9, 1, 10, 1, 9, 1, 1, 6, 8, 5, 5, 4, 5, 9, 2, 5, 1, 2, 4, 7, 9, 10, 1, 10, 6, 3, 8, 2, 9, 7, 2, 9, 4, 10, 3, 6, 3, 10, 3, 6, 1, 9, 3, 9, 3, 10, 7, 6, 3, 6, 4, 9, 3, 4, 4, 1, 4, 5, 6, 1, 1, 5, 1, 4, 2, 5, 6, 6, 8, 10, 10, 2, 6, 8, 9, 5, 1, 8, 7, 2, 9, 8, 1, 2, 6, 3, 9, 5, 2, 1, 9, 2, 6, 3, 5, 5, 1, 9, 2, 6, 3, 9, 7, 10, 4, 5, 4, 5, 10, 1, 4, 8, 1, 4, 5, 2, 8, 8, 5, 5, 10, 9, 1, 3, 7, 10, 1, 10, 6, 2, 8, 2, 10, 9, 10, 4, 9, 5, 10, 8, 5, 7, 1, 2, 2, 7, 7, 6, 1, 8, 10, 6, 10, 9, 5, 4, 2, 3, 4, 3, 1, 10, 4, 8, 6, 6, 3, 1, 8, 9, 7, 8, 10, 10, 1, 1, 1, 6, 1, 9, 8, 8, 2, 6, 3, 1, 8, 8, 8, 10, 9, 6, 4, 2, 9, 6, 9, 4, 3, 3, 1, 8, 3, 3, 2, 9, 3, 10, 8, 8, 3, 1, 10, 4, 6, 3, 1, 5, 2, 8, 10, 7, 10, 7, 6, 7, 10, 5, 8, 2, 7, 7, 8, 6, 3, 10, 4, 2, 5, 5, 10, 6, 8, 7, 7, 5, 3, 8, 1, 4, 9, 5, 3, 8]","[10, 1, 7, 5, 2, 4, 3, 2, 6, 1, 7, 9, 7, 9, 3, 7, 6, 2, 9, 4, 6, 9, 1, 8, 7, 6, 2, 1, 6, 7, 8, 8, 5, 9, 4, 3, 5, 7, 8, 4, 3, 9, 3, 6, 6, 7, 10, 5, 1, 2, 8, 2, 4, 10, 6, 6, 2, 1, 4, 4, 3, 7, 2, 7, 3, 2, 9, 2, 6, 9, 1, 5, 10, 7, 4, 1, 10, 5, 7, 6, 1, 1, 3, 9, 7, 3, 4, 3, 10, 10, 6, 3, 5, 5, 8, 1, 3, 7, 5, 4, 2, 1, 8, 10, 1, 8, 2, 1, 10, 10, 7, 4, 10, 1, 1, 8, 6, 1, 7, 6, 6, 2, 4, 6, 7, 3, 6, 10, 7, 6, 6, 1, 7, 9, 5, 9, 6, 1, 4, 1, 3, 8, 7, 9, 8, 4, 4, 6, 4, 2, 2, 3, 2, 9, 7, 6, 7, 4, 9, 9, 9, 2, 4, 8, 6, 7, 3, 4, 4, 9, 4, 8, 3, 1, 6, 5, 8, 9, 5, 9, 5, 7, 1, 7, 9, 10, 1, 1, 9, 1, 7, 5, 7, 9, 2, 2, 5, 5, 9, 7, 3, 2, 4, 6, 9, 5, 3, 9, 9, 6, 2, 4, 8, 10, 1, 9, 10, 10, 6, 5, 4, 8, 3, 5, 2, 1, 10, 8, 5, 4, 4, 2, 8, 10, 8, 7, 5, 8, 6, 2, 2, 5, 10, 7, 9, 6, 9, 1, 10, 1, 9, 1, 1, 6, 8, 5, 5, 4, 5, 9, 2, 5, 1, 2, 4, 7, 9, 10, 1, 10, 6, 3, 8, 2, 9, 7, 2, 9, 4, 10, 3, 6, 3, 10, 3, 6, 1, 9, 3, 9, 3, 10, 7, 6, 3, 6, 4, 9, 3, 4, 4, 1, 4, 5, 6, 1, 1, 5, 1, 4, 2, 5, 6, 6, 8, 10, 10, 2, 6, 8, 9, 5, 1, 8, 7, 2, 9, 8, 1, 2, 6, 3, 9, 5, 2, 1, 9, 2, 6, 3, 5, 5, 1, 9, 2, 6, 3, 9, 7, 10, 4, 5, 4, 5, 10, 1, 4, 8, 1, 4, 5, 2, 8, 8, 5, 5, 10, 9, 1, 3, 7, 10, 1, 10, 6, 2, 8, 2, 10, 9, 10, 4, 9, 5, 10, 8, 5, 7, 1, 2, 2, 7, 7, 6, 1, 8, 10, 6, 10, 9, 5, 4, 2, 3, 4, 3, 1, 10, 4, 8, 6, 6, 3, 1, 8, 9, 7, 8, 10, 10, 1, 1, 1, 6, 1, 9, 8, 8, 2, 6, 3, 1, 8, 8, 8, 10, 9, 6, 4, 2, 9, 6, 9, 4, 3, 3, 1, 8, 3, 3, 2, 9, 3, 10, 8, 8, 3, 1, 10, 4, 6, 3, 1, 5, 2, 8, 10, 7, 10, 7, 6, 7, 10, 5, 8, 2, 7, 7, 8, 6, 3, 10, 4, 2, 5, 5, 10, 6, 8, 7, 7, 5, 3, 8, 1, 4, 9, 5, 3, 8]",7.529627684589872e-05,1923,11356.869146380224,646.82,589.9571428571429,560.7285714285714,370,248670.0,0.07283607585047844,0.02849099099099099,0.05672907829284668,1,1001
ruleta,"[3, 4, 3, 10, 7, 7, 4, 10, 1, 2, 7, 8, 6, 8, 1, 5, 1, 4, 9, 3, 2, 10, 1, 1, 2, 6, 10, 1, 8, 3, 6, 9, 7, 3, 7, 10, 6, 2, 5, 8, 10, 2, 10, 6, 5, 7, 10, 2, 1, 9, 5, 10, 2, 6, 9, 4, 2, 7, 9, 5, 4, 9, 3, 8, 8, 7, 5, 6, 7, 1, 5, 1, 6, 1, 1, 2, 2, 10, 10, 3, 5, 1, 9, 9, 9, 3, 3, 6, 10, 8, 5, 10, 3, 1, 3, 8, 1, 3, 7, 6, 7, 4, 2, 3, 6, 9, 7, 7, 3, 2, 8, 4, 10, 8, 5, 6, 5, 8, 4, 4, 5, 3, 1, 7, 5, 2, 6, 9, 5, 7, 8, 10, 1, 6, 6, 4, 8, 2, 6, 9, 2, 4, 3, 10, 2, 3, 6, 7, 5, 5, 3, 1, 10, 7, 2, 5, 4, 2, 9, 1, 2, 3, 4, 6, 7, 10, 5, 7, 4, 10, 7, 8, 1, 6, 10, 6, 4, 9, 2, 8, 6, 10, 3, 9, 10, 4, 7, 2, 8, 7, 3, 4, 8, 8, 3, 1, 9, 6, 10, 5, 3, 10, 7, 4, 1, 1, 3, 10, 8, 8, 6, 8, 1, 8, 4, 2, 7, 6, 5, 2, 9, 5, 1, 9, 9, 9, 7, 5, 2, 2, 5, 5, 1, 7, 8, 2, 4, 9, 4, 9, 8, 3, 4, 9, 10, 5, 7, 10, 4, 5, 2, 7, 1, 10, 3, 2, 2, 6, 5, 1, 9, 9, 3, 3, 9, 3, 10, 5, 7, 10, 1, 10, 2, 1, 1, 6, 8, 6, 1, 4, 1, 3, 4, 2, 1, 1, 8, 8, 1, 3, 6, 3, 7, 10, 2, 9, 3, 1, 1, 3, 5, 4, 8, 10, 10, 2, 7, 7, 9, 10, 10, 5, 5, 5, 9, 7, 4, 10, 1, 4, 1, 2, 2, 3, 5, 3, 9, 8, 9, 6, 9, 6, 7, 3, 9, 8, 2, 6, 2, 2, 3, 7, 6, 9, 10, 9, 3, 2, 4, 5, 5, 1, 2, 10, 9, 6, 4, 1, 6, 4, 5, 2, 6, 4, 8, 8, 6, 7, 3, 3, 10, 8, 6, 6, 3, 1, 1, 8, 5, 9, 4, 5, 9, 10, 4, 9, 10, 7, 1, 1, 4, 9, 8, 4, 5, 9, 5, 1, 3, 1, 2, 8, 8, 3, 10, 5, 8, 1, 7, 7, 5, 8, 8, 3, 1, 10, 9, 3, 5, 8, 3, 3, 7, 1, 2, 2, 10, 9, 6, 9, 3, 1, 8, 5, 3, 1, 7, 1, 10, 10, 10, 9, 9, 6, 8, 6, 6, 6, 5, 9, 4, 5, 3, 5, 1, 10, 9, 9, 8, 8, 6, 10, 5, 3, 8, 1, 4, 6, 8, 5, 2, 9, 9, 5, 7, 2, 7, 1, 9, 6, 6, 9, 6, 8, 7, 8, 5, 7, 10, 5, 7, 5, 9, 10, 4, 8, 7, 3, 4, 8]","[3, 4, 3, 10, 7, 7, 4, 10, 1, 2, 7, 8, 6, 8, 1, 5, 1, 4, 9, 3, 2, 10, 1, 1, 2, 6, 10, 1, 8, 3, 6, 9, 7, 3, 7, 10, 6, 2, 5, 8, 10, 2, 10, 6, 5, 7, 10, 2, 1, 9, 5, 10, 2, 6, 9, 4, 2, 7, 9, 5, 4, 9, 3, 8, 8, 7, 5, 6, 7, 1, 5, 1, 6, 1, 1, 2, 2, 10, 10, 3, 5, 1, 9, 9, 9, 3, 3, 6, 10, 8, 5, 10, 3, 1, 3, 8, 1, 3, 7, 6, 7, 4, 2, 3, 6, 9, 7, 7, 3, 2, 8, 4, 10, 8, 5, 6, 5, 8, 4, 4, 5, 3, 1, 7, 5, 2, 6, 9, 5, 7, 8, 10, 1, 6, 6, 4, 8, 2, 6, 9, 2, 4, 3, 10, 2, 3, 6, 7, 5, 5, 3, 1, 10, 7, 2, 5, 4, 2, 9, 1, 2, 3, 4, 6, 7, 10, 5, 7, 4, 10, 7, 8, 1, 6, 10, 6, 4, 9, 2, 8, 6, 10, 3, 9, 10, 4, 7, 2, 8, 7, 3, 4, 8, 8, 3, 1, 9, 6, 10, 5, 3, 10, 7, 4, 1, 1, 3, 10, 8, 8, 6, 8, 1, 8, 4, 2, 7, 6, 5, 2, 9, 5, 1, 9, 9, 9, 7, 5, 2, 2, 5, 5, 1, 7, 8, 2, 4, 9, 4, 9, 8, 3, 4, 9, 10, 5, 7, 10, 4, 5, 2, 7, 1, 10, 3, 2, 2, 6, 5, 1, 9, 9, 3, 3, 9, 3, 10, 5, 7, 10, 1, 10, 2, 1, 1, 6, 8, 6, 1, 4, 1, 3, 4, 2, 1, 1, 8, 8, 1, 3, 6, 3, 7, 10, 2, 9, 3, 1, 1, 3, 5, 4, 8, 10, 10, 2, 7, 7, 9, 10, 10, 5, 5, 5, 9, 7, 4, 10, 1, 4, 1, 2, 2, 3, 5, 3, 9, 8, 9, 6, 9, 6, 7, 3, 9, 8, 2, 6, 2, 2, 3, 7, 6, 9, 10, 9, 3, 2, 4, 5, 5, 1, 2, 10, 9, 6, 4, 1, 6, 4, 5, 2, 6, 4, 8, 8, 6, 7, 3, 3, 10, 8, 6, 6, 3, 1, 1, 8, 5, 9, 4, 5, 9, 10, 4, 9, 10, 7, 1, 1, 4, 9, 8, 4, 5, 9, 5, 1, 3, 1, 2, 8, 8, 3, 10, 5, 8, 1, 7, 7, 5, 8, 8, 3, 1, 10, 9, 3, 5, 8, 3, 3, 7, 1, 2, 2, 10, 9, 6, 9, 3, 1, 8, 5, 3, 1, 7, 1, 10, 10, 10, 9, 9, 6, 8, 6, 6, 6, 5, 9, 4, 5, 3, 5, 1, 10, 9, 9, 8, 8, 6, 10, 5, 3, 8, 1, 4, 6, 8, 5, 2, 9, 9, 5, 7, 2, 7, 1, 9, 6, 6, 9, 6, 8, 7, 8, 5, 7, 10, 5, 7, 5, 9, 10, 4, 8, 7, 3, 4, 8]",7.449219523990758e-05,2065,11358.225139015258,645.158,591.9714285714285,562.2428571428571,364,248294.0,0.09867011469932535,0.04048423423423424,0.0585329532623291,2,1002
ruleta,"[9, 5, 9, 8, 9, 3, 2, 7, 10, 3, 9, 4, 6, 5, 8, 2, 5, 8, 7, 10, 2, 3, 3, 10, 3, 8, 6, 9, 9, 7, 10, 5, 8, 9, 7, 1, 5, 5, 7, 6, 4, 8, 9, 4, 7, 8, 1, 3, 5, 4, 8, 5, 7, 5, 6, 9, 5, 9, 6, 6, 1, 3, 7, 5, 4, 10, 7, 8, 1, 2, 6, 6, 2, 3, 1, 1, 3, 7, 9, 8, 9, 4, 2, 7, 10, 4, 6, 4, 10, 4, 9, 4, 5, 2, 5, 3, 1, 6, 8, 1, 5, 10, 8, 2, 8, 4, 1, 8, 6, 2, 4, 5, 8, 3, 7, 8, 10, 3, 3, 6, 10, 8, 9, 9, 3, 10, 2, 4, 5, 4, 6, 4, 6, 1, 3, 1, 1, 2, 7, 6, 3, 3, 3, 1, 5, 9, 3, 2, 8, 9, 9, 6, 4, 7, 5, 4, 9, 8, 1, 2, 5, 3, 8, 5, 9, 10, 3, 4, 6, 3, 4, 2, 2, 9, 5, 7, 7, 5, 6, 9, 7, 2, 8, 1, 2, 6, 8, 9, 7, 2, 10, 6, 2, 10, 8, 8, 10, 3, 3, 7, 4, 9, 7, 9, 2, 3, 5, 4, 7, 9, 3, 5, 1, 5, 7, 8, 3, 10, 4, 5, 1, 3, 2, 2, 1, 2, 8, 10, 5, 10, 9, 1, 3, 8, 1, 7, 5, 1, 6, 7, 4, 1, 3, 8, 4, 3, 8, 8, 9, 2, 4, 8, 9, 1, 10, 7, 8, 8, 7, 8, 1, 1, 4, 5, 10, 8, 3, 4, 1, 2, 9, 1, 4, 6, 6, 4, 9, 1, 6, 8, 1, 8, 7, 2, 1, 5, 2, 10, 5, 4, 5, 3, 7, 7, 2, 9, 6, 10, 2, 2, 8, 6, 2, 1, 4, 7, 5, 7, 5, 5, 1, 2, 9, 3, 2, 3, 2, 1, 10, 9, 10, 9, 2, 6, 8, 10, 7, 8, 9, 9, 6, 4, 9, 5, 10, 9, 2, 1, 6, 4, 5, 5, 10, 5, 5, 2, 5, 9, 10, 6, 6, 5, 7, 6, 10, 8, 10, 4, 3, 4, 5, 4, 3, 1, 2, 7, 7, 6, 2, 10, 10, 1, 5, 1, 4, 9, 7, 1, 2, 9, 1, 3, 5, 4, 8, 10, 3, 8, 7, 5, 7, 2, 4, 1, 4, 10, 8, 4, 3, 4, 10, 10, 6, 4, 2, 6, 5, 1, 5, 1, 2, 1, 6, 2, 3, 6, 4, 10, 5, 3, 6, 2, 2, 5, 9, 7, 6, 2, 6, 1, 3, 6, 3, 4, 1, 9, 8, 5, 6, 7, 2, 8, 6, 4, 4, 6, 8, 9, 4, 6, 2, 1, 5, 2, 6, 6, 8, 9, 3, 4, 8, 7, 1, 7, 1, 1, 8, 5, 6, 8, 4, 7, 8, 3, 7, 10, 5, 4, 3, 1, 2, 7, 10, 2, 3, 7, 9, 8, 1, 9, 5, 2, 3, 7, 9, 10, 9, 10, 4, 7]","[9, 5, 9, 8, 9, 3, 2, 7, 10, 3, 9, 4, 6, 5, 8, 2, 5, 8, 7, 10, 2, 3, 3, 10, 3, 8, 6, 9, 9, 7, 10, 5, 8, 9, 7, 1, 5, 5, 7, 6, 4, 8, 9, 4, 7, 8, 1, 3, 5, 4, 8, 5, 7, 5, 6, 9, 5, 9, 6, 6, 1, 3, 7, 5, 4, 10, 7, 8, 1, 2, 6, 6, 2, 3, 1, 1, 3, 7, 9, 8, 9, 4, 2, 7, 10, 4, 6, 4, 10, 4, 9, 4, 5, 2, 5, 3, 1, 6, 8, 1, 5, 10, 8, 2, 8, 4, 1, 8, 6, 2, 4, 5, 8, 3, 7, 8, 10, 3, 3, 6, 10, 8, 9, 9, 3, 10, 2, 4, 5, 4, 6, 4, 6, 1, 3, 1, 1, 2, 7, 6, 3, 3, 3, 1, 5, 9, 3, 2, 8, 9, 9, 6, 4, 7, 5, 4, 9, 8, 1, 2, 5, 3, 8, 5, 9, 10, 3, 4, 6, 3, 4, 2, 2, 9, 5, 7, 7, 5, 6, 9, 7, 2, 8, 1, 2, 6, 8, 9, 7, 2, 10, 6, 2, 10, 8, 8, 10, 3, 3, 7, 4, 9, 7, 9, 2, 3, 5, 4, 7, 9, 3, 5, 1, 5, 7, 8, 3, 10, 4, 5, 1, 3, 2, 2, 1, 2, 8, 10, 5, 10, 9, 1, 3, 8, 1, 7, 5, 1, 6, 7, 4, 1, 3, 8, 4, 3, 8, 8, 9, 2, 4, 8, 9, 1, 10, 7, 8, 8, 7, 8, 1, 1, 4, 5, 10, 8, 3, 4, 1, 2, 9, 1, 4, 6, 6, 4, 9, 1, 6, 8, 1, 8, 7, 2, 1, 5, 2, 10, 5, 4, 5, 3, 7, 7, 2, 9, 6, 10, 2, 2, 8, 6, 2, 1, 4, 7, 5, 7, 5, 5, 1, 2, 9, 3, 2, 3, 2, 1, 10, 9, 10, 9, 2, 6, 8, 10, 7, 8, 9, 9, 6, 4, 9, 5, 10, 9, 2, 1, 6, 4, 5, 5, 10, 5, 5, 2, 5, 9, 10, 6, 6, 5, 7, 6, 10, 8, 10, 4, 3, 4, 5, 4, 3, 1, 2, 7, 7, 6, 2, 10, 10, 1, 5, 1, 4, 9, 7, 1, 2, 9, 1, 3, 5, 4, 8, 10, 3, 8, 7, 5, 7, 2, 4, 1, 4, 10, 8, 4, 3, 4, 10, 10, 6, 4, 2, 6, 5, 1, 5, 1, 2, 1, 6, 2, 3, 6, 4, 10, 5, 3, 6, 2, 2, 5, 9, 7, 6, 2, 6, 1, 3, 6, 3, 4, 1, 9, 8, 5, 6, 7, 2, 8, 6, 4, 4, 6, 8, 9, 4, 6, 2, 1, 5, 2, 6, 6, 8, 9, 3, 4, 8, 7, 1, 7, 1, 1, 8, 5, 6, 8, 4, 7, 8, 3, 7, 10, 5, 4, 3, 1, 2, 7, 10, 2, 3, 7, 9, 8, 1, 9, 5, 2, 3, 7, 9, 10, 9, 10, 4, 7]",7.551641905292048e-05,1975,11266.153329585435,644.362,582.9428571428572,553.4428571428572,371,247655.0,0.08614901666293649,0.03800675675675676,0.057117462158203125,3,1003
ruleta,"[7, 2, 10, 9, 9, 4, 4, 6, 1, 3, 10, 6, 2, 9, 4, 1, 3, 1, 3, 3, 2, 9, 6, 7, 5, 1, 2, 7, 2, 8, 1, 5, 9, 1, 4, 1, 7, 5, 8, 1, 3, 8, 7, 8, 7, 8, 3, 4, 8, 3, 3, 8, 3, 3, 1, 8, 3, 9, 6, 9, 1, 10, 6, 3, 5, 8, 7, 8, 7, 4, 8, 7, 10, 2, 8, 8, 7, 4, 5, 4, 3, 7, 6, 8, 9, 1, 2, 4, 5, 2, 2, 2, 7, 9, 8, 6, 8, 3, 6, 1, 2, 6, 10, 8, 5, 9, 1, 4, 6, 9, 8, 10, 1, 1, 7, 4, 6, 7, 10, 10, 1, 1, 1, 4, 3, 9, 2, 5, 9, 6, 10, 7, 4, 5, 7, 5, 4, 6, 9, 3, 5, 9, 4, 1, 1, 6, 4, 2, 6, 8, 2, 3, 9, 3, 4, 1, 9, 9, 5, 8, 9, 2, 8, 4, 5, 9, 10, 4, 10, 7, 2, 10, 9, 10, 6, 5, 9, 1, 10, 6, 8, 4, 10, 4, 4, 8, 7, 8, 1, 10, 7, 9, 2, 2, 6, 6, 1, 9, 3, 2, 7, 5, 2, 3, 7, 8, 3, 8, 5, 7, 10, 5, 9, 10, 8, 4, 9, 1, 10, 2, 4, 7, 7, 10, 7, 4, 5, 1, 9, 6, 9, 4, 4, 1, 10, 7, 7, 3, 6, 1, 9, 7, 8, 4, 9, 4, 7, 6, 9, 10, 9, 2, 3, 3, 10, 3, 4, 6, 6, 3, 5, 6, 5, 7, 3, 7, 4, 4, 10, 3, 6, 3, 1, 7, 5, 5, 7, 5, 10, 4, 3, 4, 4, 3, 1, 5, 1, 2, 2, 10, 6, 4, 7, 9, 4, 6, 4, 8, 9, 2, 7, 10, 4, 1, 7, 3, 6, 6, 6, 4, 1, 6, 7, 9, 5, 3, 8, 4, 2, 6, 2, 8, 3, 1, 2, 6, 6, 3, 1, 1, 6, 3, 6, 2, 9, 10, 10, 2, 6, 9, 4, 3, 1, 8, 1, 7, 9, 6, 3, 5, 2, 8, 3, 7, 7, 8, 3, 4, 7, 1, 7, 8, 4, 8, 1, 8, 7, 9, 8, 5, 2, 8, 9, 3, 6, 5, 1, 5, 8, 7, 6, 7, 8, 4, 5, 6, 7, 3, 4, 5, 5, 10, 7, 8, 7, 7, 10, 3, 3, 1, 8, 3, 8, 2, 10, 10, 1, 2, 5, 10, 2, 6, 8, 9, 7, 8, 10, 1, 8, 3, 3, 8, 7, 3, 9, 8, 10, 1, 5, 7, 3, 9, 3, 7, 5, 2, 3, 3, 6, 8, 5, 1, 10, 9, 10, 7, 8, 2, 2, 8, 5, 10, 6, 3, 3, 1, 10, 6, 3, 2, 5, 9, 9, 8, 10, 3, 1, 1, 9, 9, 9, 1, 5, 5, 8, 5, 2, 6, 7, 1, 1, 8, 3, 4, 6, 9, 7, 9, 6, 8, 1, 3, 4, 1, 2, 3, 5, 1, 3, 5]","[7, 2, 10, 9, 9, 4, 4, 6, 1, 3, 10, 6, 2, 9, 4, 1, 3, 1, 3, 3, 2, 9, 6, 7, 5, 1, 2, 7, 2, 8, 1, 5, 9, 1, 4, 1, 7, 5, 8, 1, 3, 8, 7, 8, 7, 8, 3, 4, 8, 3, 3, 8, 3, 3, 1, 8, 3, 9, 6, 9, 1, 10, 6, 3, 5, 8, 7, 8, 7, 4, 8, 7, 10, 2, 8, 8, 7, 4, 5, 4, 3, 7, 6, 8, 9, 1, 2, 4, 5, 2, 2, 2, 7, 9, 8, 6, 8, 3, 6, 1, 2, 6, 10, 8, 5, 9, 1, 4, 6, 9, 8, 10, 1, 1, 7, 4, 6, 7, 10, 10, 1, 1, 1, 4, 3, 9, 2, 5, 9, 6, 10, 7, 4, 5, 7, 5, 4, 6, 9, 3, 5, 9, 4, 1, 1, 6, 4, 2, 6, 8, 2, 3, 9, 3, 4, 1, 9, 9, 5, 8, 9, 2, 8, 4, 5, 9, 10, 4, 10, 7, 2, 10, 9, 10, 6, 5, 9, 1, 10, 6, 8, 4, 10, 4, 4, 8, 7, 8, 1, 10, 7, 9, 2, 2, 6, 6, 1, 9, 3, 2, 7, 5, 2, 3, 7, 8, 3, 8, 5, 7, 10, 5, 9, 10, 8, 4, 9, 1, 10, 2, 4, 7, 7, 10, 7, 4, 5, 1, 9, 6, 9, 4, 4, 1, 10, 7, 7, 3, 6, 1, 9, 7, 8, 4, 9, 4, 7, 6, 9, 10, 9, 2, 3, 3, 10, 3, 4, 6, 6, 3, 5, 6, 5, 7, 3, 7, 4, 4, 10, 3, 6, 3, 1, 7, 5, 5, 7, 5, 10, 4, 3, 4, 4, 3, 1, 5, 1, 2, 2, 10, 6, 4, 7, 9, 4, 6, 4, 8, 9, 2, 7, 10, 4, 1, 7, 3, 6, 6, 6, 4, 1, 6, 7, 9, 5, 3, 8, 4, 2, 6, 2, 8, 3, 1, 2, 6, 6, 3, 1, 1, 6, 3, 6, 2, 9, 10, 10, 2, 6, 9, 4, 3, 1, 8, 1, 7, 9, 6, 3, 5, 2, 8, 3, 7, 7, 8, 3, 4, 7, 1, 7, 8, 4, 8, 1, 8, 7, 9, 8, 5, 2, 8, 9, 3, 6, 5, 1, 5, 8, 7, 6, 7, 8, 4, 5, 6, 7, 3, 4, 5, 5, 10, 7, 8, 7, 7, 10, 3, 3, 1, 8, 3, 8, 2, 10, 10, 1, 2, 5, 10, 2, 6, 8, 9, 7, 8, 10, 1, 8, 3, 3, 8, 7, 3, 9, 8, 10, 1, 5, 7, 3, 9, 3, 7, 5, 2, 3, 3, 6, 8, 5, 1, 10, 9, 10, 7, 8, 2, 2, 8, 5, 10, 6, 3, 3, 1, 10, 6, 3, 2, 5, 9, 9, 8, 10, 3, 1, 1, 9, 9, 9, 1, 5, 5, 8, 5, 2, 6, 7, 1, 1, 8, 3, 4, 6, 9, 7, 9, 6, 8, 1, 3, 4, 1, 2, 3, 5, 1, 3, 5]",7.440619403996639e-05,2016,11422.741313241504,652.358,589.5857142857143,560.2285714285714,370,251932.0,0.11246612093465222,0.04420045045045045,0.05679631233215332,4,1004
ruleta,"[1, 7, 3, 7, 10, 2, 2, 9, 2, 5, 3, 6, 2, 6, 6, 1, 10, 8, 3, 5, 1, 3, 1, 4, 9, 7, 5, 4, 5, 6, 1, 1, 7, 3, 2, 9, 8, 6, 10, 10, 9, 3, 4, 7, 5, 5, 10, 1, 5, 4, 1, 2, 7, 1, 7, 7, 1, 10, 5, 3, 10, 9, 7, 9, 6, 10, 9, 1, 8, 2, 5, 7, 2, 3, 8, 6, 5, 2, 10, 6, 4, 7, 2, 5, 7, 5, 10, 9, 8, 4, 3, 4, 5, 10, 4, 8, 8, 5, 5, 1, 7, 6, 8, 9, 5, 6, 9, 3, 3, 3, 4, 8, 4, 9, 8, 5, 4, 9, 7, 2, 2, 7, 6, 7, 3, 10, 7, 6, 9, 2, 9, 9, 6, 3, 7, 8, 3, 1, 8, 1, 8, 7, 10, 5, 3, 10, 5, 8, 3, 10, 8, 10, 4, 6, 7, 8, 7, 9, 7, 5, 5, 10, 3, 9, 5, 2, 4, 7, 3, 9, 6, 5, 9, 8, 9, 10, 8, 7, 6, 9, 8, 1, 8, 7, 10, 7, 5, 6, 2, 5, 5, 6, 10, 9, 1, 3, 8, 3, 9, 3, 7, 1, 1, 4, 6, 6, 2, 10, 3, 5, 4, 7, 9, 10, 3, 2, 6, 6, 3, 7, 6, 9, 10, 7, 1, 8, 10, 9, 1, 5, 1, 6, 10, 6, 9, 6, 1, 9, 4, 3, 4, 7, 9, 10, 9, 6, 3, 7, 9, 5, 7, 1, 1, 2, 1, 9, 7, 10, 9, 7, 6, 2, 3, 9, 9, 7, 1, 5, 8, 10, 4, 4, 8, 8, 7, 10, 4, 1, 8, 8, 3, 2, 9, 1, 1, 7, 8, 6, 8, 4, 2, 6, 8, 10, 3, 4, 9, 9, 5, 10, 2, 4, 1, 10, 5, 9, 2, 5, 2, 3, 1, 1, 10, 8, 10, 5, 3, 3, 8, 2, 2, 4, 3, 9, 2, 2, 10, 10, 4, 2, 1, 9, 2, 6, 3, 10, 7, 10, 10, 5, 9, 7, 6, 5, 9, 9, 4, 9, 9, 8, 4, 8, 6, 7, 6, 7, 4, 10, 4, 5, 8, 3, 10, 4, 3, 8, 6, 4, 8, 2, 3, 9, 3, 2, 7, 10, 1, 6, 7, 3, 4, 6, 8, 6, 4, 6, 3, 1, 1, 6, 4, 7, 5, 2, 8, 2, 6, 9, 2, 5, 8, 5, 3, 4, 2, 7, 7, 1, 6, 7, 8, 9, 6, 10, 2, 1, 9, 5, 7, 8, 1, 5, 6, 10, 4, 2, 3, 6, 8, 6, 9, 9, 4, 6, 2, 10, 6, 10, 4, 1, 6, 8, 1, 1, 1, 6, 5, 9, 5, 9, 2, 10, 10, 4, 1, 1, 7, 4, 6, 8, 2, 3, 7, 3, 8, 10, 8, 3, 5, 3, 4, 1, 7, 3, 4, 2, 8, 5, 4, 3, 5, 1, 5, 3, 1, 9, 4, 1, 10, 6, 7, 4, 7, 1, 6, 3, 8, 6, 6, 7]","[1, 7, 3, 7, 10, 2, 2, 9, 2, 5, 3, 6, 2, 6, 6, 1, 10, 8, 3, 5, 1, 3, 1, 4, 9, 7, 5, 4, 5, 6, 1, 1, 7, 3, 2, 9, 8, 6, 10, 10, 9, 3, 4, 7, 5, 5, 10, 1, 5, 4, 1, 2, 7, 1, 7, 7, 1, 10, 5, 3, 10, 9, 7, 9, 6, 10, 9, 1, 8, 2, 5, 7, 2, 3, 8, 6, 5, 2, 10, 6, 4, 7, 2, 5, 7, 5, 10, 9, 8, 4, 3, 4, 5, 10, 4, 8, 8, 5, 5, 1, 7, 6, 8, 9, 5, 6, 9, 3, 3, 3, 4, 8, 4, 9, 8, 5, 4, 9, 7, 2, 2, 7, 6, 7, 3, 10, 7, 6, 9, 2, 9, 9, 6, 3, 7, 8, 3, 1, 8, 1, 8, 7, 10, 5, 3, 10, 5, 8, 3, 10, 8, 10, 4, 6, 7, 8, 7, 9, 7, 5, 5, 10, 3, 9, 5, 2, 4, 7, 3, 9, 6, 5, 9, 8, 9, 10, 8, 7, 6, 9, 8, 1, 8, 7, 10, 7, 5, 6, 2, 5, 5, 6, 10, 9, 1, 3, 8, 3, 9, 3, 7, 1, 1, 4, 6, 6, 2, 10, 3, 5, 4, 7, 9, 10, 3, 2, 6, 6, 3, 7, 6, 9, 10, 7, 1, 8, 10, 9, 1, 5, 1, 6, 10, 6, 9, 6, 1, 9, 4, 3, 4, 7, 9, 10, 9, 6, 3, 7, 9, 5, 7, 1, 1, 2, 1, 9, 7, 10, 9, 7, 6, 2, 3, 9, 9, 7, 1, 5, 8, 10, 4, 4, 8, 8, 7, 10, 4, 1, 8, 8, 3, 2, 9, 1, 1, 7, 8, 6, 8, 4, 2, 6, 8, 10, 3, 4, 9, 9, 5, 10, 2, 4, 1, 10, 5, 9, 2, 5, 2, 3, 1, 1, 10, 8, 10, 5, 3, 3, 8, 2, 2, 4, 3, 9, 2, 2, 10, 10, 4, 2, 1, 9, 2, 6, 3, 10, 7, 10, 10, 5, 9, 7, 6, 5, 9, 9, 4, 9, 9, 8, 4, 8, 6, 7, 6, 7, 4, 10, 4, 5, 8, 3, 10, 4, 3, 8, 6, 4, 8, 2, 3, 9, 3, 2, 7, 10, 1, 6, 7, 3, 4, 6, 8, 6, 4, 6, 3, 1, 1, 6, 4, 7, 5, 2, 8, 2, 6, 9, 2, 5, 8, 5, 3, 4, 2, 7, 7, 1, 6, 7, 8, 9, 6, 10, 2, 1, 9, 5, 7, 8, 1, 5, 6, 10, 4, 2, 3, 6, 8, 6, 9, 9, 4, 6, 2, 10, 6, 10, 4, 1, 6, 8, 1, 1, 1, 6, 5, 9, 5, 9, 2, 10, 10, 4, 1, 1, 7, 4, 6, 8, 2, 3, 7, 3, 8, 10, 8, 3, 5, 3, 4, 1, 7, 3, 4, 2, 8, 5, 4, 3, 5, 1, 5, 3, 1, 9, 4, 1, 10, 6, 7, 4, 7, 1, 6, 3, 8, 6, 6, 7]",7.485664484291073e-05,1969,11388.867500654547,643.678,595.4428571428572,565.8714285714286,366,248035.0,0.07854760001879087,0.03400900900900901,0.05674171447753906,5,1005
ruleta,"[9, 9, 5, 7, 1, 9, 4, 8, 8, 7, 6, 7, 3, 10, 8, 8, 6, 1, 3, 2, 4, 1, 5, 7, 9, 2, 2, 6, 9, 10, 7, 5, 9, 10, 9, 1, 7, 7, 1, 10, 7, 3, 9, 3, 4, 5, 1, 5, 1, 3, 2, 6, 4, 7, 7, 9, 10, 5, 3, 4, 3, 6, 4, 4, 6, 2, 10, 6, 2, 3, 2, 10, 6, 2, 2, 1, 5, 3, 4, 8, 8, 6, 9, 1, 4, 1, 4, 6, 9, 5, 1, 3, 1, 6, 1, 4, 8, 5, 3, 4, 7, 9, 4, 5, 6, 4, 4, 6, 10, 8, 9, 1, 3, 8, 5, 8, 2, 9, 10, 3, 8, 1, 3, 8, 8, 3, 10, 2, 1, 5, 3, 6, 2, 1, 4, 10, 10, 5, 4, 9, 7, 6, 7, 5, 4, 3, 3, 2, 5, 2, 1, 8, 1, 5, 7, 2, 6, 2, 5, 7, 9, 5, 3, 9, 6, 1, 4, 9, 5, 2, 10, 8, 2, 8, 9, 2, 2, 4, 2, 7, 1, 6, 7, 10, 3, 9, 6, 4, 10, 4, 5, 10, 10, 10, 2, 7, 3, 8, 5, 5, 4, 3, 1, 1, 6, 3, 6, 7, 8, 1, 1, 4, 1, 6, 10, 2, 5, 7, 1, 3, 6, 1, 10, 3, 5, 3, 7, 3, 4, 3, 8, 3, 4, 3, 1, 7, 9, 7, 5, 1, 7, 8, 3, 1, 10, 7, 8, 3, 8, 3, 9, 10, 9, 5, 10, 2, 4, 3, 8, 8, 9, 9, 8, 4, 4, 2, 6, 2, 3, 10, 5, 9, 6, 4, 6, 5, 8, 10, 4, 10, 10, 2, 5, 2, 10, 10, 4, 5, 8, 8, 2, 6, 7, 9, 1, 9, 2, 4, 5, 9, 6, 7, 6, 10, 1, 3, 5, 6, 7, 2, 9, 8, 5, 4, 2, 9, 1, 9, 6, 8, 8, 5, 9, 7, 10, 1, 2, 10, 7, 7, 10, 6, 3, 7, 9, 5, 5, 2, 6, 1, 4, 4, 3, 10, 4, 1, 8, 6, 9, 8, 1, 5, 7, 2, 3, 6, 4, 10, 2, 2, 6, 3, 2, 6, 6, 1, 3, 7, 2, 8, 8, 2, 1, 8, 6, 6, 3, 4, 5, 2, 6, 5, 8, 3, 8, 7, 10, 3, 5, 8, 7, 1, 3, 3, 5, 2, 2, 3, 9, 5, 3, 1, 10, 1, 4, 9, 1, 6, 4, 6, 2, 3, 4, 8, 1, 7, 6, 10, 6, 1, 10, 6, 1, 8, 10, 7, 3, 8, 8, 8, 9, 9, 2, 7, 8, 10, 6, 1, 5, 9, 10, 6, 1, 3, 6, 5, 6, 2, 7, 5, 8, 1, 3, 2, 7, 6, 9, 7, 9, 10, 3, 4, 6, 10, 8, 5, 5, 6, 8, 7, 10, 2, 2, 7, 6, 3, 9, 9, 2, 10, 2, 3, 5, 8, 10, 7, 1, 5, 4, 9, 7, 2, 7, 3, 5, 7, 5, 8, 1, 2]","[9, 9, 5, 7, 1, 9, 4, 8, 8, 7, 6, 7, 3, 10, 8, 8, 6, 1, 3, 2, 4, 1, 5, 7, 9, 2, 2, 6, 9, 10, 7, 5, 9, 10, 9, 1, 7, 7, 1, 10, 7, 3, 9, 3, 4, 5, 1, 5, 1, 3, 2, 6, 4, 7, 7, 9, 10, 5, 3, 4, 3, 6, 4, 4, 6, 2, 10, 6, 2, 3, 2, 10, 6, 2, 2, 1, 5, 3, 4, 8, 8, 6, 9, 1, 4, 1, 4, 6, 9, 5, 1, 3, 1, 6, 1, 4, 8, 5, 3, 4, 7, 9, 4, 5, 6, 4, 4, 6, 10, 8, 9, 1, 3, 8, 5, 8, 2, 9, 10, 3, 8, 1, 3, 8, 8, 3, 10, 2, 1, 5, 3, 6, 2, 1, 4, 10, 10, 5, 4, 9, 7, 6, 7, 5, 4, 3, 3, 2, 5, 2, 1, 8, 1, 5, 7, 2, 6, 2, 5, 7, 9, 5, 3, 9, 6, 1, 4, 9, 5, 2, 10, 8, 2, 8, 9, 2, 2, 4, 2, 7, 1, 6, 7, 10, 3, 9, 6, 4, 10, 4, 5, 10, 10, 10, 2, 7, 3, 8, 5, 5, 4, 3, 1, 1, 6, 3, 6, 7, 8, 1, 1, 4, 1, 6, 10, 2, 5, 7, 1, 3, 6, 1, 10, 3, 5, 3, 7, 3, 4, 3, 8, 3, 4, 3, 1, 7, 9, 7, 5, 1, 7, 8, 3, 1, 10, 7, 8, 3, 8, 3, 9, 10, 9, 5, 10, 2, 4, 3, 8, 8, 9, 9, 8, 4, 4, 2, 6, 2, 3, 10, 5, 9, 6, 4, 6, 5, 8, 10, 4, 10, 10, 2, 5, 2, 10, 10, 4, 5, 8, 8, 2, 6, 7, 9, 1, 9, 2, 4, 5, 9, 6, 7, 6, 10, 1, 3, 5, 6, 7, 2, 9, 8, 5, 4, 2, 9, 1, 9, 6, 8, 8, 5, 9, 7, 10, 1, 2, 10, 7, 7, 10, 6, 3, 7, 9, 5, 5, 2, 6, 1, 4, 4, 3, 10, 4, 1, 8, 6, 9, 8, 1, 5, 7, 2, 3, 6, 4, 10, 2, 2, 6, 3, 2, 6, 6, 1, 3, 7, 2, 8, 8, 2, 1, 8, 6, 6, 3, 4, 5, 2, 6, 5, 8, 3, 8, 7, 10, 3, 5, 8, 7, 1, 3, 3, 5, 2, 2, 3, 9, 5, 3, 1, 10, 1, 4, 9, 1, 6, 4, 6, 2, 3, 4, 8, 1, 7, 6, 10, 6, 1, 10, 6, 1, 8, 10, 7, 3, 8, 8, 8, 9, 9, 2, 7, 8, 10, 6, 1, 5, 9, 10, 6, 1, 3, 6, 5, 6, 2, 7, 5, 8, 1, 3, 2, 7, 6, 9, 7, 9, 10, 3, 4, 6, 10, 8, 5, 5, 6, 8, 7, 10, 2, 2, 7, 6, 3, 9, 9, 2, 10, 2, 3, 5, 8, 10, 7, 1, 5, 4, 9, 7, 2, 7, 3, 5, 7, 5, 8, 1, 2]",7.550076362786952e-05,1951,11292.899150011657,640.984,589.3714285714286,559.9142857142857,369,246084.0,0.0714753059542465,0.03147522522522522,0.05624842643737793,6,1006
ruleta,"[1, 9, 9, 6, 3, 6, 8, 10, 8, 7, 3, 6, 5, 2, 5, 7, 2, 10, 10, 3, 9, 10, 4, 10, 1, 2, 9, 7, 5, 4, 8, 2, 6, 7, 2, 4, 6, 9, 2, 10, 9, 6, 3, 7, 2, 9, 8, 4, 9, 8, 9, 8, 2, 6, 9, 6, 9, 6, 2, 5, 9, 1, 6, 9, 6, 1, 2, 4, 4, 3, 3, 5, 6, 8, 5, 5, 7, 2, 2, 4, 4, 3, 10, 7, 2, 8, 6, 7, 7, 5, 7, 4, 9, 9, 1, 7, 2, 3, 10, 7, 1, 2, 5, 8, 9, 6, 2, 9, 8, 7, 3, 7, 7, 6, 1, 8, 8, 1, 4, 8, 9, 1, 5, 9, 10, 2, 5, 7, 3, 10, 4, 9, 6, 6, 8, 5, 8, 6, 8, 10, 2, 9, 2, 9, 5, 6, 5, 9, 5, 6, 1, 6, 2, 1, 1, 1, 9, 9, 10, 7, 1, 7, 4, 1, 4, 1, 9, 1, 7, 1, 1, 4, 3, 7, 10, 3, 8, 9, 8, 5, 10, 8, 8, 10, 3, 4, 3, 8, 6, 6, 5, 8, 1, 7, 6, 9, 10, 1, 3, 4, 5, 4, 10, 7, 10, 5, 10, 6, 1, 2, 7, 2, 5, 7, 8, 7, 1, 5, 3, 9, 2, 6, 1, 3, 5, 3, 7, 5, 3, 2, 9, 7, 6, 5, 8, 5, 3, 10, 1, 8, 9, 4, 2, 1, 5, 1, 3, 1, 9, 4, 5, 4, 9, 1, 9, 3, 3, 6, 7, 4, 6, 10, 8, 10, 8, 10, 1, 2, 2, 4, 4, 1, 4, 7, 2, 8, 6, 5, 4, 1, 7, 6, 1, 6, 7, 5, 4, 9, 3, 8, 7, 5, 2, 6, 3, 9, 9, 5, 1, 3, 5, 3, 4, 7, 4, 6, 1, 3, 10, 2, 4, 10, 1, 4, 9, 2, 5, 3, 1, 10, 3, 7, 2, 5, 7, 9, 6, 5, 6, 3, 8, 1, 8, 6, 3, 9, 10, 3, 10, 2, 7, 3, 9, 10, 9, 9, 2, 9, 4, 1, 3, 4, 4, 1, 4, 1, 4, 2, 8, 8, 1, 8, 7, 5, 6, 8, 4, 1, 5, 8, 6, 8, 5, 9, 2, 2, 8, 5, 3, 7, 4, 8, 2, 1, 5, 2, 2, 9, 7, 5, 8, 4, 1, 2, 3, 8, 6, 7, 3, 8, 6, 1, 8, 7, 1, 10, 2, 2, 8, 6, 3, 7, 1, 8, 10, 10, 1, 7, 8, 4, 9, 6, 8, 10, 4, 1, 1, 6, 7, 3, 10, 7, 6, 2, 10, 6, 1, 4, 3, 9, 2, 10, 2, 8, 7, 6, 1, 5, 4, 7, 10, 3, 8, 1, 6, 10, 4, 9, 5, 5, 6, 4, 4, 6, 10, 3, 1, 9, 1, 5, 2, 7, 9, 2, 6, 9, 10, 1, 10, 9, 4, 10, 10, 6, 5, 9, 2, 9, 1, 1, 2, 6, 6, 4, 2, 5, 10, 2, 3, 7]","[1, 9, 9, 6, 3, 6, 8, 10, 8, 7, 3, 6, 5, 2, 5, 7, 2, 10, 10, 3, 9, 10, 4, 10, 1, 2, 9, 7, 5, 4, 8, 2, 6, 7, 2, 4, 6, 9, 2, 10, 9, 6, 3, 7, 2, 9, 8, 4, 9, 8, 9, 8, 2, 6, 9, 6, 9, 6, 2, 5, 9, 1, 6, 9, 6, 1, 2, 4, 4, 3, 3, 5, 6, 8, 5, 5, 7, 2, 2, 4, 4, 3, 10, 7, 2, 8, 6, 7, 7, 5, 7, 4, 9, 9, 1, 7, 2, 3, 10, 7, 1, 2, 5, 8, 9, 6, 2, 9, 8, 7, 3, 7, 7, 6, 1, 8, 8, 1, 4, 8, 9, 1, 5, 9, 10, 2, 5, 7, 3, 10, 4, 9, 6, 6, 8, 5, 8, 6, 8, 10, 2, 9, 2, 9, 5, 6, 5, 9, 5, 6, 1, 6, 2, 1, 1, 1, 9, 9, 10, 7, 1, 7, 4, 1, 4, 1, 9, 1, 7, 1, 1, 4, 3, 7, 10, 3, 8, 9, 8, 5, 10, 8, 8, 10, 3, 4, 3, 8, 6, 6, 5, 8, 1, 7, 6, 9, 10, 1, 3, 4, 5, 4, 10, 7, 10, 5, 10, 6, 1, 2, 7, 2, 5, 7, 8, 7, 1, 5, 3, 9, 2, 6, 1, 3, 5, 3, 7, 5, 3, 2, 9, 7, 6, 5, 8, 5, 3, 10, 1, 8, 9, 4, 2, 1, 5, 1, 3, 1, 9, 4, 5, 4, 9, 1, 9, 3, 3, 6, 7, 4, 6, 10, 8, 10, 8, 10, 1, 2, 2, 4, 4, 1, 4, 7, 2, 8, 6, 5, 4, 1, 7, 6, 1, 6, 7, 5, 4, 9, 3, 8, 7, 5, 2, 6, 3, 9, 9, 5, 1, 3, 5, 3, 4, 7, 4, 6, 1, 3, 10, 2, 4, 10, 1, 4, 9, 2, 5, 3, 1, 10, 3, 7, 2, 5, 7, 9, 6, 5, 6, 3, 8, 1, 8, 6, 3, 9, 10, 3, 10, 2, 7, 3, 9, 10, 9, 9, 2, 9, 4, 1, 3, 4, 4, 1, 4, 1, 4, 2, 8, 8, 1, 8, 7, 5, 6, 8, 4, 1, 5, 8, 6, 8, 5, 9, 2, 2, 8, 5, 3, 7, 4, 8, 2, 1, 5, 2, 2, 9, 7, 5, 8, 4, 1, 2, 3, 8, 6, 7, 3, 8, 6, 1, 8, 7, 1, 10, 2, 2, 8, 6, 3, 7, 1, 8, 10, 10, 1, 7, 8, 4, 9, 6, 8, 10, 4, 1, 1, 6, 7, 3, 10, 7, 6, 2, 10, 6, 1, 4, 3, 9, 2, 10, 2, 8, 7, 6, 1, 5, 4, 7, 10, 3, 8, 1, 6, 10, 4, 9, 5, 5, 6, 4, 4, 6, 10, 3, 1, 9, 1, 5, 2, 7, 9, 2, 6, 9, 10, 1, 10, 9, 4, 10, 10, 6, 5, 9, 2, 9, 1, 1, 2, 6, 6, 4, 2, 5, 10, 2, 3, 7]",7.510212507769305e-05,1977,11337.202452200938,644.844,588.5285714285715,559.3857142857142,368,248542.0,0.0678770128741281,0.028153153153153154,0.057029008865356445,7,1007
ruleta,"[3, 7, 8, 10, 3, 4, 8, 4, 3, 10, 9, 2, 8, 8, 7, 10, 9, 5, 6, 2, 5, 10, 7, 3, 10, 2, 9, 9, 4, 9, 3, 1, 5, 6, 8, 2, 9, 2, 2, 8, 6, 4, 9, 6, 1, 5, 5, 6, 6, 7, 6, 10, 9, 7, 10, 2, 9, 5, 5, 1, 4, 3, 10, 2, 10, 8, 4, 8, 10, 5, 7, 3, 9, 4, 9, 1, 7, 2, 8, 3, 8, 2, 3, 6, 5, 3, 7, 8, 10, 9, 2, 4, 6, 2, 5, 7, 8, 7, 1, 1, 2, 2, 7, 5, 3, 6, 7, 5, 8, 7, 4, 10, 4, 5, 3, 6, 6, 1, 3, 4, 9, 6, 5, 9, 4, 4, 7, 1, 9, 6, 2, 5, 10, 4, 8, 8, 7, 1, 8, 6, 1, 3, 9, 4, 2, 7, 10, 1, 4, 9, 5, 3, 4, 3, 8, 9, 2, 1, 3, 6, 2, 4, 5, 4, 2, 8, 3, 1, 3, 9, 9, 10, 10, 7, 8, 8, 9, 6, 6, 9, 7, 8, 2, 9, 9, 7, 9, 9, 1, 8, 8, 6, 1, 9, 3, 7, 3, 1, 5, 8, 5, 5, 6, 2, 10, 10, 3, 2, 7, 10, 4, 3, 1, 2, 8, 1, 8, 3, 10, 1, 2, 7, 6, 3, 1, 1, 5, 7, 3, 1, 7, 1, 2, 3, 8, 8, 3, 4, 3, 6, 7, 6, 1, 6, 9, 8, 5, 6, 7, 3, 5, 7, 8, 2, 10, 7, 2, 1, 4, 9, 3, 9, 4, 8, 8, 6, 6, 6, 1, 8, 4, 7, 1, 9, 8, 6, 9, 5, 6, 10, 1, 3, 9, 1, 8, 7, 3, 4, 3, 1, 2, 9, 7, 4, 4, 8, 7, 10, 4, 7, 10, 5, 4, 7, 4, 1, 1, 10, 4, 9, 10, 9, 9, 6, 2, 7, 1, 6, 4, 1, 2, 9, 8, 10, 2, 5, 3, 8, 8, 2, 1, 5, 6, 8, 10, 8, 3, 8, 1, 10, 4, 10, 1, 10, 9, 7, 5, 8, 8, 9, 5, 3, 5, 8, 5, 6, 7, 4, 6, 5, 8, 7, 4, 7, 7, 4, 5, 2, 10, 3, 5, 1, 1, 2, 8, 6, 4, 3, 6, 1, 4, 5, 5, 6, 1, 8, 6, 6, 9, 5, 5, 7, 3, 1, 10, 6, 9, 2, 8, 3, 4, 5, 1, 1, 4, 6, 9, 7, 8, 4, 4, 5, 1, 8, 1, 3, 6, 3, 9, 6, 3, 3, 8, 1, 6, 8, 4, 5, 6, 4, 7, 9, 10, 2, 8, 5, 8, 2, 6, 7, 8, 10, 6, 5, 2, 2, 8, 9, 9, 5, 6, 4, 5, 5, 4, 8, 5, 4, 7, 1, 6, 3, 10, 2, 8, 8, 6, 3, 4, 10, 5, 3, 3, 6, 6, 1, 3, 9, 3, 9, 3, 10, 1, 4, 2, 7, 1, 2, 8, 5, 2, 7, 10, 7, 1, 7, 10, 9, 5, 8]","[3, 7, 8, 10, 3, 4, 8, 4, 3, 10, 9, 2, 8, 8, 7, 10, 9, 5, 6, 2, 5, 10, 7, 3, 10, 2, 9, 9, 4, 9, 3, 1, 5, 6, 8, 2, 9, 2, 2, 8, 6, 4, 9, 6, 1, 5, 5, 6, 6, 7, 6, 10, 9, 7, 10, 2, 9, 5, 5, 1, 4, 3, 10, 2, 10, 8, 4, 8, 10, 5, 7, 3, 9, 4, 9, 1, 7, 2, 8, 3, 8, 2, 3, 6, 5, 3, 7, 8, 10, 9, 2, 4, 6, 2, 5, 7, 8, 7, 1, 1, 2, 2, 7, 5, 3, 6, 7, 5, 8, 7, 4, 10, 4, 5, 3, 6, 6, 1, 3, 4, 9, 6, 5, 9, 4, 4, 7, 1, 9, 6, 2, 5, 10, 4, 8, 8, 7, 1, 8, 6, 1, 3, 9, 4, 2, 7, 10, 1, 4, 9, 5, 3, 4, 3, 8, 9, 2, 1, 3, 6, 2, 4, 5, 4, 2, 8, 3, 1, 3, 9, 9, 10, 10, 7, 8, 8, 9, 6, 6, 9, 7, 8, 2, 9, 9, 7, 9, 9, 1, 8, 8, 6, 1, 9, 3, 7, 3, 1, 5, 8, 5, 5, 6, 2, 10, 10, 3, 2, 7, 10, 4, 3, 1, 2, 8, 1, 8, 3, 10, 1, 2, 7, 6, 3, 1, 1, 5, 7, 3, 1, 7, 1, 2, 3, 8, 8, 3, 4, 3, 6, 7, 6, 1, 6, 9, 8, 5, 6, 7, 3, 5, 7, 8, 2, 10, 7, 2, 1, 4, 9, 3, 9, 4, 8, 8, 6, 6, 6, 1, 8, 4, 7, 1, 9, 8, 6, 9, 5, 6, 10, 1, 3, 9, 1, 8, 7, 3, 4, 3, 1, 2, 9, 7, 4, 4, 8, 7, 10, 4, 7, 10, 5, 4, 7, 4, 1, 1, 10, 4, 9, 10, 9, 9, 6, 2, 7, 1, 6, 4, 1, 2, 9, 8, 10, 2, 5, 3, 8, 8, 2, 1, 5, 6, 8, 10, 8, 3, 8, 1, 10, 4, 10, 1, 10, 9, 7, 5, 8, 8, 9, 5, 3, 5, 8, 5, 6, 7, 4, 6, 5, 8, 7, 4, 7, 7, 4, 5, 2, 10, 3, 5, 1, 1, 2, 8, 6, 4, 3, 6, 1, 4, 5, 5, 6, 1, 8, 6, 6, 9, 5, 5, 7, 3, 1, 10, 6, 9, 2, 8, 3, 4, 5, 1, 1, 4, 6, 9, 7, 8, 4, 4, 5, 1, 8, 1, 3, 6, 3, 9, 6, 3, 3, 8, 1, 6, 8, 4, 5, 6, 4, 7, 9, 10, 2, 8, 5, 8, 2, 6, 7, 8, 10, 6, 5, 2, 2, 8, 9, 9, 5, 6, 4, 5, 5, 4, 8, 5, 4, 7, 1, 6, 3, 10, 2, 8, 8, 6, 3, 4, 10, 5, 3, 3, 6, 6, 1, 3, 9, 3, 9, 3, 10, 1, 4, 2, 7, 1, 2, 8, 5, 2, 7, 10, 7, 1, 7, 10, 9, 5, 8]",7.475138046144148e-05,2064,11312.67936628038,651.812,581.0142857142857,551.2285714285714,370,250845.0,0.10194645108928761,0.038400900900900904,0.055535078048706055,8,1008
ruleta,"[2, 3, 6, 9, 4, 10, 5, 1, 1, 6, 6, 8, 1, 3, 5, 9, 6, 5, 2, 1, 2, 9, 10, 9, 6, 9, 7, 6, 7, 2, 10, 8, 3, 8, 7, 8, 2, 9, 4, 4, 1, 9, 6, 4, 10, 4, 6, 4, 8, 9, 2, 9, 4, 8, 7, 2, 3, 2, 2, 8, 7, 7, 9, 1, 6, 1, 1, 5, 7, 9, 6, 10, 7, 7, 1, 4, 6, 5, 3, 1, 1, 6, 9, 1, 7, 8, 5, 9, 2, 10, 7, 2, 5, 8, 10, 7, 8, 9, 10, 2, 6, 3, 3, 4, 4, 9, 4, 5, 4, 2, 10, 7, 3, 6, 1, 4, 6, 5, 9, 4, 4, 7, 10, 2, 10, 7, 6, 10, 5, 1, 6, 6, 10, 5, 1, 6, 9, 6, 6, 10, 6, 8, 5, 3, 7, 2, 7, 8, 3, 9, 8, 8, 6, 7, 9, 6, 8, 2, 8, 9, 6, 3, 1, 9, 8, 6, 7, 8, 1, 8, 8, 10, 2, 9, 1, 9, 5, 2, 9, 9, 2, 8, 10, 5, 2, 7, 1, 4, 3, 10, 3, 4, 6, 5, 8, 2, 4, 1, 4, 7, 5, 3, 10, 4, 3, 1, 8, 9, 7, 4, 6, 10, 10, 4, 7, 8, 3, 1, 4, 5, 2, 5, 2, 9, 4, 7, 8, 9, 4, 5, 5, 5, 10, 7, 4, 6, 5, 8, 8, 5, 1, 7, 1, 3, 9, 5, 4, 9, 5, 9, 5, 7, 10, 8, 7, 10, 7, 1, 9, 3, 9, 6, 7, 1, 4, 3, 6, 10, 8, 1, 7, 5, 7, 6, 9, 7, 1, 7, 8, 10, 3, 6, 8, 5, 6, 4, 7, 1, 6, 3, 8, 8, 4, 7, 6, 7, 3, 5, 9, 2, 7, 6, 6, 6, 9, 1, 7, 3, 7, 1, 3, 1, 3, 7, 4, 2, 7, 7, 2, 2, 2, 6, 7, 2, 4, 8, 9, 5, 4, 4, 9, 9, 7, 6, 9, 4, 1, 7, 4, 3, 10, 8, 4, 1, 7, 2, 9, 5, 4, 6, 8, 8, 5, 1, 9, 4, 3, 2, 7, 7, 4, 4, 7, 2, 3, 6, 4, 5, 4, 6, 2, 2, 4, 6, 10, 9, 9, 8, 5, 4, 6, 3, 6, 6, 7, 2, 1, 5, 3, 9, 8, 9, 5, 1, 3, 7, 2, 4, 4, 4, 5, 4, 6, 6, 4, 3, 6, 6, 1, 9, 10, 9, 8, 10, 6, 8, 5, 1, 1, 3, 5, 5, 5, 6, 1, 3, 9, 5, 7, 5, 9, 5, 8, 8, 10, 7, 9, 10, 5, 8, 10, 5, 2, 6, 5, 5, 6, 6, 6, 3, 2, 8, 10, 3, 7, 5, 1, 2, 4, 9, 9, 2, 3, 3, 4, 3, 5, 2, 1, 8, 1, 4, 10, 1, 10, 3, 1, 5, 5, 9, 7, 3, 3, 8, 3, 1, 3, 3, 8, 5, 3, 10, 9, 1, 4, 4, 9, 1, 3, 3]","[2, 3, 6, 9, 4, 10, 5, 1, 1, 6, 6, 8, 1, 3, 5, 9, 6, 5, 2, 1, 2, 9, 10, 9, 6, 9, 7, 6, 7, 2, 10, 8, 3, 8, 7, 8, 2, 9, 4, 4, 1, 9, 6, 4, 10, 4, 6, 4, 8, 9, 2, 9, 4, 8, 7, 2, 3, 2, 2, 8, 7, 7, 9, 1, 6, 1, 1, 5, 7, 9, 6, 10, 7, 7, 1, 4, 6, 5, 3, 1, 1, 6, 9, 1, 7, 8, 5, 9, 2, 10, 7, 2, 5, 8, 10, 7, 8, 9, 10, 2, 6, 3, 3, 4, 4, 9, 4, 5, 4, 2, 10, 7, 3, 6, 1, 4, 6, 5, 9, 4, 4, 7, 10, 2, 10, 7, 6, 10, 5, 1, 6, 6, 10, 5, 1, 6, 9, 6, 6, 10, 6, 8, 5, 3, 7, 2, 7, 8, 3, 9, 8, 8, 6, 7, 9, 6, 8, 2, 8, 9, 6, 3, 1, 9, 8, 6, 7, 8, 1, 8, 8, 10, 2, 9, 1, 9, 5, 2, 9, 9, 2, 8, 10, 5, 2, 7, 1, 4, 3, 10, 3, 4, 6, 5, 8, 2, 4, 1, 4, 7, 5, 3, 10, 4, 3, 1, 8, 9, 7, 4, 6, 10, 10, 4, 7, 8, 3, 1, 4, 5, 2, 5, 2, 9, 4, 7, 8, 9, 4, 5, 5, 5, 10, 7, 4, 6, 5, 8, 8, 5, 1, 7, 1, 3, 9, 5, 4, 9, 5, 9, 5, 7, 10, 8, 7, 10, 7, 1, 9, 3, 9, 6, 7, 1, 4, 3, 6, 10, 8, 1, 7, 5, 7, 6, 9, 7, 1, 7, 8, 10, 3, 6, 8, 5, 6, 4, 7, 1, 6, 3, 8, 8, 4, 7, 6, 7, 3, 5, 9, 2, 7, 6, 6, 6, 9, 1, 7, 3, 7, 1, 3, 1, 3, 7, 4, 2, 7, 7, 2, 2, 2, 6, 7, 2, 4, 8, 9, 5, 4, 4, 9, 9, 7, 6, 9, 4, 1, 7, 4, 3, 10, 8, 4, 1, 7, 2, 9, 5, 4, 6, 8, 8, 5, 1, 9, 4, 3, 2, 7, 7, 4, 4, 7, 2, 3, 6, 4, 5, 4, 6, 2, 2, 4, 6, 10, 9, 9, 8, 5, 4, 6, 3, 6, 6, 7, 2, 1, 5, 3, 9, 8, 9, 5, 1, 3, 7, 2, 4, 4, 4, 5, 4, 6, 6, 4, 3, 6, 6, 1, 9, 10, 9, 8, 10, 6, 8, 5, 1, 1, 3, 5, 5, 5, 6, 1, 3, 9, 5, 7, 5, 9, 5, 8, 8, 10, 7, 9, 10, 5, 8, 10, 5, 2, 6, 5, 5, 6, 6, 6, 3, 2, 8, 10, 3, 7, 5, 1, 2, 4, 9, 9, 2, 3, 3, 4, 3, 5, 2, 1, 8, 1, 4, 10, 1, 10, 3, 1, 5, 5, 9, 7, 3, 3, 8, 3, 1, 3, 3, 8, 5, 3, 10, 9, 1, 4, 4, 9, 1, 3, 3]",7.567077864672668e-05,2024,11190.140875826806,645.39,574.5428571428571,544.9714285714285,368,248125.0,0.09488807166758867,0.042511261261261264,0.05739140510559082,9,1009
ruleta,"[10, 4, 9, 2, 7, 7, 7, 3, 3, 7, 4, 2, 9, 9, 6, 5, 10, 3, 7, 8, 10, 6, 9, 2, 1, 9, 9, 9, 5, 3, 3, 9, 3, 1, 3, 8, 5, 5, 8, 4, 10, 5, 6, 8, 4, 10, 6, 6, 1, 1, 2, 5, 9, 10, 3, 4, 10, 7, 8, 4, 6, 2, 4, 5, 2, 4, 7, 5, 8, 5, 8, 3, 8, 2, 8, 4, 3, 5, 1, 1, 2, 10, 4, 4, 4, 7, 3, 10, 8, 2, 10, 1, 8, 1, 6, 7, 9, 4, 5, 7, 7, 9, 2, 5, 1, 8, 2, 1, 3, 8, 6, 3, 4, 6, 8, 10, 1, 7, 5, 10, 2, 3, 2, 10, 8, 4, 7, 7, 4, 8, 7, 4, 9, 4, 3, 8, 1, 1, 5, 7, 2, 4, 6, 3, 9, 4, 3, 1, 1, 5, 8, 10, 8, 3, 9, 9, 2, 4, 10, 5, 5, 8, 5, 10, 7, 4, 9, 2, 4, 6, 2, 6, 3, 10, 10, 6, 3, 6, 3, 4, 4, 2, 7, 7, 1, 6, 2, 8, 5, 4, 9, 3, 5, 2, 5, 1, 4, 7, 1, 10, 1, 5, 10, 3, 5, 4, 1, 9, 9, 6, 10, 1, 9, 3, 4, 9, 9, 9, 4, 9, 7, 10, 7, 4, 3, 4, 9, 3, 7, 7, 1, 8, 2, 6, 9, 7, 6, 1, 4, 6, 5, 4, 7, 1, 4, 7, 3, 5, 10, 1, 6, 9, 4, 4, 6, 6, 3, 7, 2, 7, 9, 3, 2, 2, 10, 5, 10, 7, 3, 10, 8, 4, 7, 8, 6, 8, 4, 8, 9, 5, 4, 9, 6, 6, 2, 9, 2, 6, 5, 9, 9, 9, 5, 9, 3, 4, 9, 1, 7, 1, 5, 9, 7, 2, 2, 1, 6, 10, 4, 8, 4, 4, 5, 5, 10, 1, 4, 4, 1, 1, 7, 9, 2, 9, 10, 3, 7, 5, 7, 7, 1, 2, 6, 2, 6, 4, 6, 3, 2, 10, 8, 9, 5, 5, 10, 8, 8, 8, 3, 8, 1, 10, 1, 1, 8, 2, 6, 8, 1, 7, 4, 10, 8, 6, 1, 3, 2, 9, 1, 5, 3, 4, 2, 7, 10, 5, 3, 3, 4, 2, 9, 8, 4, 2, 2, 8, 3, 4, 4, 4, 8, 3, 10, 3, 1, 3, 10, 1, 5, 7, 6, 7, 2, 8, 1, 8, 8, 1, 9, 3, 1, 7, 7, 10, 9, 10, 10, 3, 8, 5, 8, 3, 3, 1, 1, 6, 9, 1, 9, 7, 3, 8, 10, 2, 2, 10, 1, 2, 5, 8, 10, 6, 4, 10, 1, 2, 4, 2, 10, 3, 5, 7, 9, 3, 9, 9, 1, 3, 2, 6, 10, 3, 5, 10, 5, 9, 1, 4, 3, 6, 7, 9, 3, 4, 1, 2, 10, 10, 9, 8, 7, 5, 10, 1, 9, 6, 2, 1, 9, 6, 10, 3, 4, 7, 4, 6, 5, 7, 5, 4]","[10, 4, 9, 2, 7, 7, 7, 3, 3, 7, 4, 2, 9, 9, 6, 5, 10, 3, 7, 8, 10, 6, 9, 2, 1, 9, 9, 9, 5, 3, 3, 9, 3, 1, 3, 8, 5, 5, 8, 4, 10, 5, 6, 8, 4, 10, 6, 6, 1, 1, 2, 5, 9, 10, 3, 4, 10, 7, 8, 4, 6, 2, 4, 5, 2, 4, 7, 5, 8, 5, 8, 3, 8, 2, 8, 4, 3, 5, 1, 1, 2, 10, 4, 4, 4, 7, 3, 10, 8, 2, 10, 1, 8, 1, 6, 7, 9, 4, 5, 7, 7, 9, 2, 5, 1, 8, 2, 1, 3, 8, 6, 3, 4, 6, 8, 10, 1, 7, 5, 10, 2, 3, 2, 10, 8, 4, 7, 7, 4, 8, 7, 4, 9, 4, 3, 8, 1, 1, 5, 7, 2, 4, 6, 3, 9, 4, 3, 1, 1, 5, 8, 10, 8, 3, 9, 9, 2, 4, 10, 5, 5, 8, 5, 10, 7, 4, 9, 2, 4, 6, 2, 6, 3, 10, 10, 6, 3, 6, 3, 4, 4, 2, 7, 7, 1, 6, 2, 8, 5, 4, 9, 3, 5, 2, 5, 1, 4, 7, 1, 10, 1, 5, 10, 3, 5, 4, 1, 9, 9, 6, 10, 1, 9, 3, 4, 9, 9, 9, 4, 9, 7, 10, 7, 4, 3, 4, 9, 3, 7, 7, 1, 8, 2, 6, 9, 7, 6, 1, 4, 6, 5, 4, 7, 1, 4, 7, 3, 5, 10, 1, 6, 9, 4, 4, 6, 6, 3, 7, 2, 7, 9, 3, 2, 2, 10, 5, 10, 7, 3, 10, 8, 4, 7, 8, 6, 8, 4, 8, 9, 5, 4, 9, 6, 6, 2, 9, 2, 6, 5, 9, 9, 9, 5, 9, 3, 4, 9, 1, 7, 1, 5, 9, 7, 2, 2, 1, 6, 10, 4, 8, 4, 4, 5, 5, 10, 1, 4, 4, 1, 1, 7, 9, 2, 9, 10, 3, 7, 5, 7, 7, 1, 2, 6, 2, 6, 4, 6, 3, 2, 10, 8, 9, 5, 5, 10, 8, 8, 8, 3, 8, 1, 10, 1, 1, 8, 2, 6, 8, 1, 7, 4, 10, 8, 6, 1, 3, 2, 9, 1, 5, 3, 4, 2, 7, 10, 5, 3, 3, 4, 2, 9, 8, 4, 2, 2, 8, 3, 4, 4, 4, 8, 3, 10, 3, 1, 3, 10, 1, 5, 7, 6, 7, 2, 8, 1, 8, 8, 1, 9, 3, 1, 7, 7, 10, 9, 10, 10, 3, 8, 5, 8, 3, 3, 1, 1, 6, 9, 1, 9, 7, 3, 8, 10, 2, 2, 10, 1, 2, 5, 8, 10, 6, 4, 10, 1, 2, 4, 2, 10, 3, 5, 7, 9, 3, 9, 9, 1, 3, 2, 6, 10, 3, 5, 10, 5, 9, 1, 4, 3, 6, 7, 9, 3, 4, 1, 2, 10, 10, 9, 8, 7, 5, 10, 1, 9, 6, 2, 1, 9, 6, 10, 3, 4, 7, 4, 6, 5, 7, 5, 4]",7.498794154600856e-05,2074,11260.477403209607,647.326,578.6,549.0285714285715,365,249782.0,0.09542116614750078,0.036655405405405406,0.056090593338012695,10,1010
ruleta,"[1, 3, 10, 7, 8, 9, 8, 4, 7, 1, 6, 6, 1, 5, 9, 5, 8, 7, 1, 6, 2, 4, 5, 4, 5, 8, 7, 4, 10, 10, 8, 8, 4, 5, 4, 1, 10, 6, 2, 8, 6, 2, 9, 8, 2, 3, 5, 4, 3, 5, 10, 7, 9, 7, 5, 6, 4, 3, 10, 4, 5, 10, 2, 10, 4, 1, 4, 2, 2, 8, 1, 7, 5, 9, 8, 5, 9, 10, 2, 6, 2, 5, 6, 4, 4, 3, 10, 1, 9, 8, 2, 3, 1, 7, 10, 8, 10, 8, 2, 8, 10, 6, 8, 6, 4, 8, 7, 6, 6, 5, 8, 7, 9, 8, 9, 1, 7, 10, 4, 8, 10, 4, 3, 8, 10, 8, 7, 1, 3, 7, 7, 7, 6, 9, 10, 10, 7, 7, 6, 9, 9, 3, 4, 9, 8, 9, 1, 2, 9, 8, 6, 8, 3, 9, 3, 1, 4, 3, 10, 5, 6, 10, 6, 7, 6, 7, 5, 7, 9, 9, 4, 8, 3, 6, 3, 4, 7, 8, 8, 1, 5, 6, 1, 6, 10, 6, 6, 10, 4, 2, 10, 1, 5, 3, 6, 5, 4, 8, 3, 1, 8, 8, 10, 9, 8, 2, 4, 6, 7, 9, 1, 7, 3, 8, 5, 2, 3, 5, 1, 7, 3, 1, 6, 9, 2, 1, 9, 4, 7, 2, 3, 9, 3, 10, 8, 10, 6, 5, 8, 10, 2, 5, 2, 4, 2, 3, 5, 2, 9, 10, 4, 10, 3, 3, 3, 7, 1, 2, 7, 1, 4, 2, 3, 6, 4, 1, 10, 3, 1, 2, 5, 4, 10, 6, 8, 2, 5, 3, 2, 2, 10, 2, 9, 5, 3, 2, 2, 3, 8, 6, 9, 2, 7, 4, 4, 10, 9, 3, 1, 3, 2, 6, 7, 7, 8, 8, 8, 7, 2, 3, 4, 9, 2, 7, 5, 2, 5, 6, 1, 7, 6, 4, 5, 7, 5, 10, 10, 10, 5, 8, 8, 4, 1, 5, 3, 9, 9, 10, 10, 10, 6, 4, 8, 9, 6, 2, 10, 2, 2, 3, 7, 8, 9, 9, 5, 5, 5, 2, 1, 6, 5, 4, 3, 5, 8, 10, 10, 5, 9, 5, 10, 8, 8, 2, 5, 4, 10, 8, 7, 10, 8, 10, 2, 9, 10, 9, 6, 3, 1, 7, 3, 2, 7, 9, 6, 10, 3, 8, 8, 10, 1, 6, 3, 2, 4, 1, 4, 10, 9, 3, 7, 5, 10, 3, 2, 9, 9, 6, 1, 7, 5, 3, 2, 1, 10, 8, 1, 1, 6, 6, 4, 4, 2, 2, 6, 6, 3, 8, 2, 6, 4, 9, 3, 1, 3, 7, 1, 4, 8, 5, 9, 6, 3, 6, 1, 5, 10, 2, 3, 3, 9, 10, 4, 7, 6, 8, 3, 5, 8, 6, 5, 7, 3, 4, 1, 2, 7, 10, 9, 5, 4, 9, 10, 9, 7, 7, 3, 7, 7, 1, 1, 10, 1, 1, 5, 2, 3, 7, 1, 10]","[1, 3, 10, 7, 8, 9, 8, 4, 7, 1, 6, 6, 1, 5, 9, 5, 8, 7, 1, 6, 2, 4, 5, 4, 5, 8, 7, 4, 10, 10, 8, 8, 4, 5, 4, 1, 10, 6, 2, 8, 6, 2, 9, 8, 2, 3, 5, 4, 3, 5, 10, 7, 9, 7, 5, 6, 4, 3, 10, 4, 5, 10, 2, 10, 4, 1, 4, 2, 2, 8, 1, 7, 5, 9, 8, 5, 9, 10, 2, 6, 2, 5, 6, 4, 4, 3, 10, 1, 9, 8, 2, 3, 1, 7, 10, 8, 10, 8, 2, 8, 10, 6, 8, 6, 4, 8, 7, 6, 6, 5, 8, 7, 9, 8, 9, 1, 7, 10, 4, 8, 10, 4, 3, 8, 10, 8, 7, 1, 3, 7, 7, 7, 6, 9, 10, 10, 7, 7, 6, 9, 9, 3, 4, 9, 8, 9, 1, 2, 9, 8, 6, 8, 3, 9, 3, 1, 4, 3, 10, 5, 6, 10, 6, 7, 6, 7, 5, 7, 9, 9, 4, 8, 3, 6, 3, 4, 7, 8, 8, 1, 5, 6, 1, 6, 10, 6, 6, 10, 4, 2, 10, 1, 5, 3, 6, 5, 4, 8, 3, 1, 8, 8, 10, 9, 8, 2, 4, 6, 7, 9, 1, 7, 3, 8, 5, 2, 3, 5, 1, 7, 3, 1, 6, 9, 2, 1, 9, 4, 7, 2, 3, 9, 3, 10, 8, 10, 6, 5, 8, 10, 2, 5, 2, 4, 2, 3, 5, 2, 9, 10, 4, 10, 3, 3, 3, 7, 1, 2, 7, 1, 4, 2, 3, 6, 4, 1, 10, 3, 1, 2, 5, 4, 10, 6, 8, 2, 5, 3, 2, 2, 10, 2, 9, 5, 3, 2, 2, 3, 8, 6, 9, 2, 7, 4, 4, 10, 9, 3, 1, 3, 2, 6, 7, 7, 8, 8, 8, 7, 2, 3, 4, 9, 2, 7, 5, 2, 5, 6, 1, 7, 6, 4, 5, 7, 5, 10, 10, 10, 5, 8, 8, 4, 1, 5, 3, 9, 9, 10, 10, 10, 6, 4, 8, 9, 6, 2, 10, 2, 2, 3, 7, 8, 9, 9, 5, 5, 5, 2, 1, 6, 5, 4, 3, 5, 8, 10, 10, 5, 9, 5, 10, 8, 8, 2, 5, 4, 10, 8, 7, 10, 8, 10, 2, 9, 10, 9, 6, 3, 1, 7, 3, 2, 7, 9, 6, 10, 3, 8, 8, 10, 1, 6, 3, 2, 4, 1, 4, 10, 9, 3, 7, 5, 10, 3, 2, 9, 9, 6, 1, 7, 5, 3, 2, 1, 10, 8, 1, 1, 6, 6, 4, 4, 2, 2, 6, 6, 3, 8, 2, 6, 4, 9, 3, 1, 3, 7, 1, 4, 8, 5, 9, 6, 3, 6, 1, 5, 10, 2, 3, 3, 9, 10, 4, 7, 6, 8, 3, 5, 8, 6, 5, 7, 3, 4, 1, 2, 7, 10, 9, 5, 4, 9, 10, 9, 7, 7, 3, 7, 7, 1, 1, 10, 1, 1, 5, 2, 3, 7, 1, 10]",7.486966166199978e-05,2027,11328.544931570748,648.854,584.7857142857143,554.7857142857143,370,249976.0,0.09427162260201745,0.041666666666666664,0.05639028549194336,11,1011
ruleta,"[3, 1, 3, 8, 6, 10, 5, 5, 7, 3, 10, 6, 7, 5, 6, 2, 4, 10, 7, 2, 10, 1, 5, 1, 2, 4, 9, 7, 4, 2, 2, 9, 3, 9, 9, 4, 5, 1, 9, 1, 1, 9, 4, 3, 10, 7, 4, 5, 7, 7, 5, 2, 8, 5, 8, 5, 10, 9, 7, 7, 10, 3, 6, 8, 9, 6, 8, 10, 5, 5, 9, 6, 4, 5, 5, 5, 6, 2, 10, 1, 10, 7, 2, 6, 1, 10, 3, 7, 10, 8, 6, 10, 6, 6, 8, 5, 8, 7, 6, 1, 5, 8, 9, 6, 10, 10, 10, 1, 6, 9, 2, 9, 7, 1, 3, 1, 8, 8, 9, 5, 7, 8, 6, 6, 8, 10, 5, 4, 5, 7, 2, 2, 2, 3, 9, 5, 9, 7, 4, 1, 6, 7, 5, 9, 2, 4, 1, 7, 9, 9, 7, 4, 4, 8, 1, 2, 6, 7, 6, 4, 5, 1, 3, 4, 5, 1, 1, 5, 10, 2, 8, 5, 10, 2, 4, 8, 4, 4, 1, 6, 6, 7, 3, 3, 2, 8, 9, 7, 7, 10, 6, 10, 8, 3, 2, 9, 3, 2, 5, 8, 5, 8, 2, 5, 4, 5, 6, 3, 3, 3, 10, 10, 9, 2, 5, 4, 6, 2, 10, 9, 10, 9, 9, 9, 3, 6, 6, 4, 5, 2, 10, 6, 10, 8, 4, 1, 8, 6, 10, 1, 7, 9, 8, 9, 6, 3, 4, 2, 7, 5, 5, 7, 2, 4, 9, 10, 1, 9, 7, 10, 6, 1, 4, 1, 5, 1, 1, 3, 4, 4, 5, 2, 2, 3, 4, 2, 2, 3, 6, 1, 10, 3, 6, 4, 7, 8, 7, 3, 7, 6, 1, 2, 10, 4, 3, 4, 10, 3, 2, 2, 4, 5, 5, 1, 4, 7, 4, 7, 4, 9, 6, 6, 4, 8, 7, 9, 4, 10, 9, 7, 2, 2, 2, 5, 10, 8, 7, 10, 10, 9, 2, 10, 8, 5, 4, 3, 2, 6, 1, 2, 2, 10, 4, 1, 6, 7, 1, 8, 3, 9, 2, 3, 8, 2, 7, 8, 3, 4, 2, 9, 1, 6, 9, 7, 5, 4, 5, 4, 7, 9, 5, 1, 7, 4, 7, 7, 9, 2, 2, 4, 3, 9, 8, 6, 2, 8, 10, 6, 4, 4, 1, 8, 2, 9, 3, 6, 9, 8, 7, 9, 9, 4, 6, 10, 2, 6, 4, 8, 10, 7, 1, 1, 7, 5, 5, 7, 3, 6, 5, 6, 5, 3, 8, 10, 9, 6, 6, 7, 7, 4, 7, 2, 8, 9, 6, 8, 9, 4, 5, 9, 4, 10, 1, 10, 8, 6, 7, 7, 5, 3, 10, 1, 10, 8, 6, 7, 10, 2, 1, 4, 9, 8, 2, 1, 1, 3, 10, 4, 4, 3, 3, 9, 3, 10, 9, 8, 1, 9, 6, 8, 5, 7, 8, 10, 1, 10, 7, 5, 3, 6, 5, 7, 10, 8, 1, 3, 10, 7, 3, 8]","[3, 1, 3, 8, 6, 10, 5, 5, 7, 3, 10, 6, 7, 5, 6, 2, 4, 10, 7, 2, 10, 1, 5, 1, 2, 4, 9, 7, 4, 2, 2, 9, 3, 9, 9, 4, 5, 1, 9, 1, 1, 9, 4, 3, 10, 7, 4, 5, 7, 7, 5, 2, 8, 5, 8, 5, 10, 9, 7, 7, 10, 3, 6, 8, 9, 6, 8, 10, 5, 5, 9, 6, 4, 5, 5, 5, 6, 2, 10, 1, 10, 7, 2, 6, 1, 10, 3, 7, 10, 8, 6, 10, 6, 6, 8, 5, 8, 7, 6, 1, 5, 8, 9, 6, 10, 10, 10, 1, 6, 9, 2, 9, 7, 1, 3, 1, 8, 8, 9, 5, 7, 8, 6, 6, 8, 10, 5, 4, 5, 7, 2, 2, 2, 3, 9, 5, 9, 7, 4, 1, 6, 7, 5, 9, 2, 4, 1, 7, 9, 9, 7, 4, 4, 8, 1, 2, 6, 7, 6, 4, 5, 1, 3, 4, 5, 1, 1, 5, 10, 2, 8, 5, 10, 2, 4, 8, 4, 4, 1, 6, 6, 7, 3, 3, 2, 8, 9, 7, 7, 10, 6, 10, 8, 3, 2, 9, 3, 2, 5, 8, 5, 8, 2, 5, 4, 5, 6, 3, 3, 3, 10, 10, 9, 2, 5, 4, 6, 2, 10, 9, 10, 9, 9, 9, 3, 6, 6, 4, 5, 2, 10, 6, 10, 8, 4, 1, 8, 6, 10, 1, 7, 9, 8, 9, 6, 3, 4, 2, 7, 5, 5, 7, 2, 4, 9, 10, 1, 9, 7, 10, 6, 1, 4, 1, 5, 1, 1, 3, 4, 4, 5, 2, 2, 3, 4, 2, 2, 3, 6, 1, 10, 3, 6, 4, 7, 8, 7, 3, 7, 6, 1, 2, 10, 4, 3, 4, 10, 3, 2, 2, 4, 5, 5, 1, 4, 7, 4, 7, 4, 9, 6, 6, 4, 8, 7, 9, 4, 10, 9, 7, 2, 2, 2, 5, 10, 8, 7, 10, 10, 9, 2, 10, 8, 5, 4, 3, 2, 6, 1, 2, 2, 10, 4, 1, 6, 7, 1, 8, 3, 9, 2, 3, 8, 2, 7, 8, 3, 4, 2, 9, 1, 6, 9, 7, 5, 4, 5, 4, 7, 9, 5, 1, 7, 4, 7, 7, 9, 2, 2, 4, 3, 9, 8, 6, 2, 8, 10, 6, 4, 4, 1, 8, 2, 9, 3, 6, 9, 8, 7, 9, 9, 4, 6, 10, 2, 6, 4, 8, 10, 7, 1, 1, 7, 5, 5, 7, 3, 6, 5, 6, 5, 3, 8, 10, 9, 6, 6, 7, 7, 4, 7, 2, 8, 9, 6, 8, 9, 4, 5, 9, 4, 10, 1, 10, 8, 6, 7, 7, 5, 3, 10, 1, 10, 8, 6, 7, 10, 2, 1, 4, 9, 8, 2, 1, 1, 3, 10, 4, 4, 3, 3, 9, 3, 10, 9, 8, 1, 9, 6, 8, 5, 7, 8, 10, 1, 10, 7, 5, 3, 6, 5, 7, 10, 8, 1, 3, 10, 7, 3, 8]",7.511453528697089e-05,1996,11316.00255242951,652.698,581.1285714285714,551.5571428571428,370,250858.0,0.09293611286134405,0.04070945945945946,0.05678534507751465,12,1012
ruleta,"[5, 9, 4, 10, 5, 1, 5, 4, 2, 6, 8, 3, 7, 6, 2, 6, 10, 8, 2, 8, 9, 5, 7, 4, 7, 8, 5, 5, 5, 4, 4, 10, 1, 5, 7, 9, 3, 8, 10, 8, 4, 8, 4, 4, 1, 3, 6, 7, 9, 9, 8, 2, 6, 10, 4, 9, 8, 8, 7, 5, 6, 4, 1, 5, 1, 9, 8, 1, 1, 8, 9, 3, 9, 6, 7, 6, 6, 2, 9, 1, 7, 8, 8, 6, 4, 4, 2, 3, 10, 1, 2, 9, 4, 8, 2, 4, 9, 4, 9, 7, 9, 10, 3, 2, 5, 6, 8, 4, 10, 3, 3, 3, 1, 10, 8, 3, 4, 1, 7, 6, 9, 3, 7, 3, 7, 7, 2, 3, 8, 1, 5, 9, 5, 7, 5, 4, 8, 9, 7, 4, 5, 9, 4, 6, 6, 4, 10, 3, 10, 3, 8, 2, 5, 10, 5, 4, 7, 6, 3, 6, 5, 4, 4, 9, 7, 10, 5, 7, 3, 8, 8, 9, 6, 2, 7, 8, 5, 2, 2, 2, 4, 5, 5, 3, 5, 1, 7, 2, 1, 4, 3, 2, 8, 2, 1, 2, 3, 5, 9, 3, 7, 7, 6, 9, 1, 5, 6, 10, 1, 6, 8, 9, 4, 1, 1, 10, 3, 2, 7, 3, 8, 6, 1, 2, 7, 10, 7, 2, 3, 6, 8, 8, 6, 10, 7, 7, 1, 9, 10, 6, 7, 7, 10, 10, 8, 4, 9, 8, 9, 4, 3, 6, 8, 8, 3, 8, 6, 10, 10, 4, 10, 2, 6, 6, 4, 1, 1, 2, 5, 10, 8, 6, 6, 7, 7, 9, 9, 3, 9, 10, 6, 2, 9, 5, 2, 5, 3, 2, 10, 9, 6, 9, 3, 1, 10, 10, 1, 6, 6, 10, 5, 9, 9, 9, 8, 1, 10, 9, 7, 5, 9, 2, 10, 5, 6, 3, 6, 9, 1, 3, 6, 4, 8, 8, 2, 3, 4, 10, 2, 1, 5, 4, 6, 4, 5, 10, 9, 1, 4, 5, 9, 6, 1, 1, 3, 4, 2, 7, 7, 8, 3, 2, 8, 10, 10, 6, 10, 8, 9, 5, 4, 5, 10, 6, 1, 7, 9, 6, 2, 5, 3, 9, 8, 9, 2, 5, 9, 10, 5, 9, 3, 1, 8, 1, 1, 9, 5, 1, 2, 4, 3, 10, 4, 6, 10, 5, 1, 10, 6, 3, 3, 2, 7, 4, 3, 6, 1, 7, 8, 5, 1, 9, 10, 3, 2, 9, 10, 1, 8, 5, 7, 6, 9, 10, 9, 9, 3, 6, 10, 2, 4, 1, 1, 4, 3, 2, 9, 4, 5, 9, 5, 1, 6, 7, 4, 3, 5, 2, 6, 8, 6, 1, 6, 10, 2, 6, 1, 4, 5, 4, 10, 5, 3, 3, 7, 10, 7, 7, 1, 4, 8, 9, 9, 7, 6, 1, 8, 8, 1, 3, 7, 2, 2, 10, 2, 2, 10, 2, 3, 2, 6, 4, 8, 1, 7, 4, 6, 3, 7, 8]","[5, 9, 4, 10, 5, 1, 5, 4, 2, 6, 8, 3, 7, 6, 2, 6, 10, 8, 2, 8, 9, 5, 7, 4, 7, 8, 5, 5, 5, 4, 4, 10, 1, 5, 7, 9, 3, 8, 10, 8, 4, 8, 4, 4, 1, 3, 6, 7, 9, 9, 8, 2, 6, 10, 4, 9, 8, 8, 7, 5, 6, 4, 1, 5, 1, 9, 8, 1, 1, 8, 9, 3, 9, 6, 7, 6, 6, 2, 9, 1, 7, 8, 8, 6, 4, 4, 2, 3, 10, 1, 2, 9, 4, 8, 2, 4, 9, 4, 9, 7, 9, 10, 3, 2, 5, 6, 8, 4, 10, 3, 3, 3, 1, 10, 8, 3, 4, 1, 7, 6, 9, 3, 7, 3, 7, 7, 2, 3, 8, 1, 5, 9, 5, 7, 5, 4, 8, 9, 7, 4, 5, 9, 4, 6, 6, 4, 10, 3, 10, 3, 8, 2, 5, 10, 5, 4, 7, 6, 3, 6, 5, 4, 4, 9, 7, 10, 5, 7, 3, 8, 8, 9, 6, 2, 7, 8, 5, 2, 2, 2, 4, 5, 5, 3, 5, 1, 7, 2, 1, 4, 3, 2, 8, 2, 1, 2, 3, 5, 9, 3, 7, 7, 6, 9, 1, 5, 6, 10, 1, 6, 8, 9, 4, 1, 1, 10, 3, 2, 7, 3, 8, 6, 1, 2, 7, 10, 7, 2, 3, 6, 8, 8, 6, 10, 7, 7, 1, 9, 10, 6, 7, 7, 10, 10, 8, 4, 9, 8, 9, 4, 3, 6, 8, 8, 3, 8, 6, 10, 10, 4, 10, 2, 6, 6, 4, 1, 1, 2, 5, 10, 8, 6, 6, 7, 7, 9, 9, 3, 9, 10, 6, 2, 9, 5, 2, 5, 3, 2, 10, 9, 6, 9, 3, 1, 10, 10, 1, 6, 6, 10, 5, 9, 9, 9, 8, 1, 10, 9, 7, 5, 9, 2, 10, 5, 6, 3, 6, 9, 1, 3, 6, 4, 8, 8, 2, 3, 4, 10, 2, 1, 5, 4, 6, 4, 5, 10, 9, 1, 4, 5, 9, 6, 1, 1, 3, 4, 2, 7, 7, 8, 3, 2, 8, 10, 10, 6, 10, 8, 9, 5, 4, 5, 10, 6, 1, 7, 9, 6, 2, 5, 3, 9, 8, 9, 2, 5, 9, 10, 5, 9, 3, 1, 8, 1, 1, 9, 5, 1, 2, 4, 3, 10, 4, 6, 10, 5, 1, 10, 6, 3, 3, 2, 7, 4, 3, 6, 1, 7, 8, 5, 1, 9, 10, 3, 2, 9, 10, 1, 8, 5, 7, 6, 9, 10, 9, 9, 3, 6, 10, 2, 4, 1, 1, 4, 3, 2, 9, 4, 5, 9, 5, 1, 6, 7, 4, 3, 5, 2, 6, 8, 6, 1, 6, 10, 2, 6, 1, 4, 5, 4, 10, 5, 3, 3, 7, 10, 7, 7, 1, 4, 8, 9, 9, 7, 6, 1, 8, 8, 1, 3, 7, 2, 2, 10, 2, 2, 10, 2, 3, 2, 6, 4, 8, 1, 7, 4, 6, 3, 7, 8]",7.49674969014339e-05,2022,11316.114167234162,642.994,588.8857142857142,559.0,365,247821.0,0.07647217313202107,0.033783783783783786,0.05701494216918945,13,1013
ruleta,"[6, 2, 1, 2, 4, 9, 4, 8, 7, 9, 8, 2, 5, 2, 4, 2, 5, 10, 9, 9, 4, 7, 5, 9, 7, 8, 4, 8, 10, 7, 10, 4, 7, 6, 8, 8, 1, 1, 10, 10, 2, 6, 5, 7, 3, 6, 7, 3, 10, 6, 1, 5, 2, 9, 4, 10, 9, 2, 1, 7, 5, 7, 10, 5, 5, 4, 10, 6, 8, 3, 7, 1, 9, 8, 5, 6, 6, 7, 5, 10, 7, 2, 5, 9, 9, 10, 2, 10, 4, 9, 3, 5, 7, 2, 8, 10, 5, 3, 3, 9, 3, 6, 7, 1, 5, 3, 4, 1, 8, 5, 6, 10, 6, 2, 6, 3, 5, 7, 5, 8, 5, 10, 4, 4, 7, 7, 3, 8, 9, 5, 6, 8, 10, 9, 6, 7, 9, 10, 8, 3, 4, 6, 2, 8, 5, 6, 1, 4, 2, 10, 6, 1, 8, 4, 3, 8, 8, 3, 10, 9, 10, 8, 6, 6, 4, 10, 2, 9, 4, 6, 9, 2, 3, 10, 2, 2, 9, 4, 2, 5, 8, 3, 3, 10, 10, 5, 8, 7, 7, 4, 6, 3, 1, 7, 6, 4, 4, 7, 8, 9, 2, 3, 8, 10, 6, 5, 2, 7, 7, 3, 8, 10, 5, 6, 1, 8, 2, 7, 6, 3, 1, 8, 1, 9, 3, 1, 8, 4, 1, 1, 7, 6, 10, 1, 5, 6, 4, 8, 1, 7, 9, 7, 3, 5, 4, 2, 3, 4, 9, 2, 3, 5, 5, 9, 1, 1, 7, 8, 9, 3, 5, 7, 1, 9, 2, 3, 5, 9, 4, 7, 1, 5, 8, 6, 2, 3, 9, 3, 1, 4, 10, 7, 3, 4, 5, 6, 7, 6, 4, 3, 1, 1, 10, 5, 8, 4, 6, 7, 4, 8, 6, 9, 1, 10, 9, 8, 6, 4, 1, 1, 5, 2, 7, 5, 7, 10, 4, 9, 1, 3, 2, 4, 7, 5, 1, 4, 1, 7, 9, 1, 3, 4, 2, 1, 6, 9, 9, 2, 7, 9, 5, 5, 4, 10, 5, 2, 2, 5, 9, 1, 3, 2, 4, 3, 4, 4, 3, 7, 2, 7, 7, 5, 10, 5, 6, 6, 2, 10, 6, 2, 2, 2, 7, 10, 6, 1, 8, 5, 9, 9, 10, 8, 8, 9, 7, 8, 9, 10, 1, 6, 1, 2, 6, 7, 5, 9, 2, 8, 7, 2, 2, 6, 2, 8, 1, 7, 7, 4, 9, 4, 4, 8, 6, 5, 9, 8, 3, 4, 1, 7, 10, 5, 5, 6, 10, 3, 5, 1, 4, 9, 7, 8, 5, 9, 9, 2, 8, 1, 6, 6, 3, 4, 1, 3, 10, 7, 2, 2, 5, 7, 4, 5, 10, 1, 10, 6, 7, 2, 3, 5, 9, 7, 5, 10, 8, 6, 7, 5, 7, 10, 7, 4, 10, 10, 3, 6, 10, 8, 1, 1, 9, 5, 10, 5, 3, 7, 1, 8, 6, 5, 4, 4, 10, 10, 10, 1, 6, 2, 10, 7]","[6, 2, 1, 2, 4, 9, 4, 8, 7, 9, 8, 2, 5, 2, 4, 2, 5, 10, 9, 9, 4, 7, 5, 9, 7, 8, 4, 8, 10, 7, 10, 4, 7, 6, 8, 8, 1, 1, 10, 10, 2, 6, 5, 7, 3, 6, 7, 3, 10, 6, 1, 5, 2, 9, 4, 10, 9, 2, 1, 7, 5, 7, 10, 5, 5, 4, 10, 6, 8, 3, 7, 1, 9, 8, 5, 6, 6, 7, 5, 10, 7, 2, 5, 9, 9, 10, 2, 10, 4, 9, 3, 5, 7, 2, 8, 10, 5, 3, 3, 9, 3, 6, 7, 1, 5, 3, 4, 1, 8, 5, 6, 10, 6, 2, 6, 3, 5, 7, 5, 8, 5, 10, 4, 4, 7, 7, 3, 8, 9, 5, 6, 8, 10, 9, 6, 7, 9, 10, 8, 3, 4, 6, 2, 8, 5, 6, 1, 4, 2, 10, 6, 1, 8, 4, 3, 8, 8, 3, 10, 9, 10, 8, 6, 6, 4, 10, 2, 9, 4, 6, 9, 2, 3, 10, 2, 2, 9, 4, 2, 5, 8, 3, 3, 10, 10, 5, 8, 7, 7, 4, 6, 3, 1, 7, 6, 4, 4, 7, 8, 9, 2, 3, 8, 10, 6, 5, 2, 7, 7, 3, 8, 10, 5, 6, 1, 8, 2, 7, 6, 3, 1, 8, 1, 9, 3, 1, 8, 4, 1, 1, 7, 6, 10, 1, 5, 6, 4, 8, 1, 7, 9, 7, 3, 5, 4, 2, 3, 4, 9, 2, 3, 5, 5, 9, 1, 1, 7, 8, 9, 3, 5, 7, 1, 9, 2, 3, 5, 9, 4, 7, 1, 5, 8, 6, 2, 3, 9, 3, 1, 4, 10, 7, 3, 4, 5, 6, 7, 6, 4, 3, 1, 1, 10, 5, 8, 4, 6, 7, 4, 8, 6, 9, 1, 10, 9, 8, 6, 4, 1, 1, 5, 2, 7, 5, 7, 10, 4, 9, 1, 3, 2, 4, 7, 5, 1, 4, 1, 7, 9, 1, 3, 4, 2, 1, 6, 9, 9, 2, 7, 9, 5, 5, 4, 10, 5, 2, 2, 5, 9, 1, 3, 2, 4, 3, 4, 4, 3, 7, 2, 7, 7, 5, 10, 5, 6, 6, 2, 10, 6, 2, 2, 2, 7, 10, 6, 1, 8, 5, 9, 9, 10, 8, 8, 9, 7, 8, 9, 10, 1, 6, 1, 2, 6, 7, 5, 9, 2, 8, 7, 2, 2, 6, 2, 8, 1, 7, 7, 4, 9, 4, 4, 8, 6, 5, 9, 8, 3, 4, 1, 7, 10, 5, 5, 6, 10, 3, 5, 1, 4, 9, 7, 8, 5, 9, 9, 2, 8, 1, 6, 6, 3, 4, 1, 3, 10, 7, 2, 2, 5, 7, 4, 5, 10, 1, 10, 6, 7, 2, 3, 5, 9, 7, 5, 10, 8, 6, 7, 5, 7, 10, 7, 4, 10, 10, 3, 6, 10, 8, 1, 1, 9, 5, 10, 5, 3, 7, 1, 8, 6, 5, 4, 4, 10, 10, 10, 1, 6, 2, 10, 7]",7.488290912770708e-05,1962,11391.182037647286,650.124,590.0428571428571,560.4714285714285,369,250431.0,0.0751785135760085,0.03327702702702703,0.05635666847229004,14,1014
ruleta,"[2, 8, 8, 8, 3, 7, 10, 9, 5, 4, 7, 10, 3, 9, 10, 8, 10, 3, 5, 3, 2, 8, 10, 6, 9, 5, 5, 9, 1, 2, 4, 7, 7, 2, 5, 2, 7, 8, 9, 7, 3, 5, 4, 2, 7, 10, 8, 3, 2, 10, 5, 7, 10, 9, 2, 5, 3, 4, 4, 1, 1, 8, 5, 5, 6, 1, 8, 8, 10, 1, 3, 7, 1, 7, 9, 9, 4, 4, 1, 1, 4, 8, 8, 9, 8, 2, 2, 9, 7, 10, 8, 8, 4, 4, 5, 8, 7, 4, 7, 10, 4, 1, 2, 1, 8, 1, 8, 6, 8, 9, 6, 4, 9, 3, 10, 8, 9, 7, 10, 5, 7, 10, 3, 5, 4, 10, 1, 9, 5, 10, 1, 8, 4, 5, 8, 8, 4, 6, 10, 3, 1, 5, 2, 2, 6, 1, 9, 8, 3, 3, 2, 3, 2, 6, 6, 4, 2, 2, 8, 9, 7, 2, 2, 10, 3, 7, 10, 2, 9, 10, 7, 8, 6, 9, 6, 5, 2, 9, 1, 2, 4, 1, 7, 8, 4, 10, 7, 4, 1, 5, 3, 2, 6, 9, 1, 10, 10, 2, 8, 4, 9, 6, 5, 10, 10, 5, 7, 9, 8, 2, 7, 1, 6, 3, 5, 2, 10, 8, 3, 7, 4, 3, 6, 4, 10, 6, 6, 5, 8, 3, 9, 4, 1, 4, 6, 6, 8, 4, 2, 1, 5, 10, 8, 6, 10, 6, 4, 3, 1, 8, 1, 2, 5, 4, 5, 6, 8, 10, 5, 3, 4, 8, 1, 2, 1, 8, 9, 2, 4, 6, 3, 1, 5, 9, 3, 6, 1, 5, 6, 6, 3, 3, 10, 4, 1, 7, 2, 1, 10, 7, 6, 10, 2, 5, 2, 3, 4, 5, 2, 3, 1, 2, 10, 7, 10, 4, 10, 3, 6, 9, 9, 2, 9, 2, 5, 9, 4, 10, 9, 6, 7, 9, 8, 3, 10, 8, 7, 2, 1, 9, 8, 4, 9, 5, 4, 4, 9, 8, 2, 6, 6, 10, 5, 9, 7, 2, 3, 3, 2, 5, 5, 10, 5, 2, 4, 1, 2, 1, 3, 2, 1, 9, 4, 8, 1, 7, 8, 10, 5, 1, 7, 6, 10, 9, 7, 6, 8, 7, 8, 6, 7, 4, 8, 4, 6, 5, 8, 5, 4, 5, 7, 4, 6, 3, 3, 10, 10, 7, 3, 1, 7, 3, 10, 4, 6, 2, 1, 9, 1, 7, 9, 2, 10, 1, 8, 9, 7, 4, 5, 4, 3, 1, 10, 1, 1, 9, 2, 10, 10, 9, 3, 9, 8, 7, 9, 9, 4, 7, 3, 3, 1, 3, 4, 2, 10, 1, 7, 8, 8, 9, 6, 8, 10, 2, 3, 9, 3, 6, 9, 9, 7, 7, 6, 9, 6, 8, 7, 1, 9, 6, 6, 1, 7, 5, 5, 10, 4, 10, 6, 6, 9, 1, 6, 10, 7, 3, 2, 3, 3, 8, 2, 5, 6, 10, 2, 5, 1, 6, 5, 5]","[2, 8, 8, 8, 3, 7, 10, 9, 5, 4, 7, 10, 3, 9, 10, 8, 10, 3, 5, 3, 2, 8, 10, 6, 9, 5, 5, 9, 1, 2, 4, 7, 7, 2, 5, 2, 7, 8, 9, 7, 3, 5, 4, 2, 7, 10, 8, 3, 2, 10, 5, 7, 10, 9, 2, 5, 3, 4, 4, 1, 1, 8, 5, 5, 6, 1, 8, 8, 10, 1, 3, 7, 1, 7, 9, 9, 4, 4, 1, 1, 4, 8, 8, 9, 8, 2, 2, 9, 7, 10, 8, 8, 4, 4, 5, 8, 7, 4, 7, 10, 4, 1, 2, 1, 8, 1, 8, 6, 8, 9, 6, 4, 9, 3, 10, 8, 9, 7, 10, 5, 7, 10, 3, 5, 4, 10, 1, 9, 5, 10, 1, 8, 4, 5, 8, 8, 4, 6, 10, 3, 1, 5, 2, 2, 6, 1, 9, 8, 3, 3, 2, 3, 2, 6, 6, 4, 2, 2, 8, 9, 7, 2, 2, 10, 3, 7, 10, 2, 9, 10, 7, 8, 6, 9, 6, 5, 2, 9, 1, 2, 4, 1, 7, 8, 4, 10, 7, 4, 1, 5, 3, 2, 6, 9, 1, 10, 10, 2, 8, 4, 9, 6, 5, 10, 10, 5, 7, 9, 8, 2, 7, 1, 6, 3, 5, 2, 10, 8, 3, 7, 4, 3, 6, 4, 10, 6, 6, 5, 8, 3, 9, 4, 1, 4, 6, 6, 8, 4, 2, 1, 5, 10, 8, 6, 10, 6, 4, 3, 1, 8, 1, 2, 5, 4, 5, 6, 8, 10, 5, 3, 4, 8, 1, 2, 1, 8, 9, 2, 4, 6, 3, 1, 5, 9, 3, 6, 1, 5, 6, 6, 3, 3, 10, 4, 1, 7, 2, 1, 10, 7, 6, 10, 2, 5, 2, 3, 4, 5, 2, 3, 1, 2, 10, 7, 10, 4, 10, 3, 6, 9, 9, 2, 9, 2, 5, 9, 4, 10, 9, 6, 7, 9, 8, 3, 10, 8, 7, 2, 1, 9, 8, 4, 9, 5, 4, 4, 9, 8, 2, 6, 6, 10, 5, 9, 7, 2, 3, 3, 2, 5, 5, 10, 5, 2, 4, 1, 2, 1, 3, 2, 1, 9, 4, 8, 1, 7, 8, 10, 5, 1, 7, 6, 10, 9, 7, 6, 8, 7, 8, 6, 7, 4, 8, 4, 6, 5, 8, 5, 4, 5, 7, 4, 6, 3, 3, 10, 10, 7, 3, 1, 7, 3, 10, 4, 6, 2, 1, 9, 1, 7, 9, 2, 10, 1, 8, 9, 7, 4, 5, 4, 3, 1, 10, 1, 1, 9, 2, 10, 10, 9, 3, 9, 8, 7, 9, 9, 4, 7, 3, 3, 1, 3, 4, 2, 10, 1, 7, 8, 8, 9, 6, 8, 10, 2, 3, 9, 3, 6, 9, 9, 7, 7, 6, 9, 6, 8, 7, 1, 9, 6, 6, 1, 7, 5, 5, 10, 4, 10, 6, 6, 9, 1, 6, 10, 7, 3, 2, 3, 3, 8, 2, 5, 6, 10, 2, 5, 1, 6, 5, 5]",7.467757607667913e-05,1981,11408.90062287503,646.244,596.7428571428571,567.7,369,247975.0,0.06219642612280449,0.02516891891891892,0.058623552322387695,15,1015
ruleta,"[6, 8, 2, 5, 3, 2, 4, 10, 2, 10, 3, 4, 2, 2, 10, 8, 2, 4, 8, 1, 5, 9, 10, 4, 7, 8, 7, 9, 10, 8, 6, 10, 10, 8, 5, 5, 7, 5, 8, 10, 5, 10, 7, 3, 2, 8, 7, 2, 10, 1, 9, 3, 9, 1, 4, 6, 3, 6, 7, 5, 6, 9, 3, 4, 2, 10, 6, 2, 6, 4, 3, 3, 2, 10, 8, 8, 1, 5, 9, 9, 1, 7, 4, 2, 3, 10, 6, 4, 4, 10, 10, 8, 8, 7, 10, 3, 8, 2, 4, 6, 4, 5, 1, 8, 10, 8, 3, 3, 9, 9, 10, 10, 8, 4, 9, 1, 2, 2, 7, 7, 9, 3, 1, 4, 8, 6, 5, 8, 3, 5, 8, 5, 6, 9, 9, 6, 4, 10, 3, 10, 2, 4, 1, 7, 2, 7, 7, 4, 9, 9, 2, 6, 2, 10, 3, 2, 6, 8, 3, 8, 1, 4, 1, 2, 6, 1, 8, 6, 5, 3, 9, 4, 3, 4, 10, 3, 5, 10, 5, 4, 10, 9, 8, 3, 4, 3, 4, 9, 3, 3, 5, 7, 10, 4, 3, 9, 4, 9, 3, 8, 5, 6, 8, 10, 6, 3, 4, 1, 3, 1, 6, 2, 7, 10, 5, 9, 8, 10, 3, 6, 5, 7, 10, 5, 7, 3, 5, 10, 2, 9, 10, 4, 4, 8, 9, 9, 10, 1, 9, 1, 1, 3, 6, 6, 8, 10, 2, 4, 2, 2, 1, 2, 8, 2, 5, 2, 7, 3, 9, 1, 7, 2, 3, 5, 1, 2, 6, 9, 9, 1, 2, 10, 4, 6, 7, 1, 10, 10, 4, 6, 8, 1, 8, 3, 3, 1, 3, 10, 5, 4, 1, 5, 6, 10, 2, 6, 7, 2, 4, 1, 3, 8, 9, 10, 6, 2, 9, 6, 6, 6, 3, 6, 4, 6, 5, 10, 5, 3, 5, 3, 4, 3, 10, 4, 10, 9, 4, 1, 4, 5, 7, 2, 6, 9, 7, 5, 2, 8, 7, 10, 1, 9, 7, 6, 7, 6, 8, 6, 8, 3, 3, 5, 3, 7, 4, 1, 4, 10, 5, 3, 7, 6, 6, 2, 10, 2, 7, 10, 3, 4, 1, 9, 10, 10, 5, 9, 8, 1, 4, 1, 8, 3, 4, 7, 8, 5, 1, 5, 4, 1, 7, 9, 10, 7, 8, 6, 7, 9, 10, 1, 7, 4, 2, 5, 3, 2, 9, 2, 4, 1, 9, 1, 2, 6, 8, 4, 2, 6, 8, 7, 8, 3, 6, 3, 6, 7, 3, 8, 9, 2, 7, 9, 7, 9, 3, 6, 8, 5, 1, 4, 10, 7, 4, 5, 8, 5, 7, 7, 10, 2, 5, 4, 10, 6, 1, 8, 4, 7, 8, 5, 4, 2, 6, 7, 3, 4, 7, 9, 4, 9, 5, 2, 4, 10, 6, 9, 6, 5, 9, 3, 10, 3, 9, 7, 8, 1, 8, 1, 3, 5, 7, 2, 4, 2, 9, 10, 10, 7, 9, 5]","[6, 8, 2, 5, 3, 2, 4, 10, 2, 10, 3, 4, 2, 2, 10, 8, 2, 4, 8, 1, 5, 9, 10, 4, 7, 8, 7, 9, 10, 8, 6, 10, 10, 8, 5, 5, 7, 5, 8, 10, 5, 10, 7, 3, 2, 8, 7, 2, 10, 1, 9, 3, 9, 1, 4, 6, 3, 6, 7, 5, 6, 9, 3, 4, 2, 10, 6, 2, 6, 4, 3, 3, 2, 10, 8, 8, 1, 5, 9, 9, 1, 7, 4, 2, 3, 10, 6, 4, 4, 10, 10, 8, 8, 7, 10, 3, 8, 2, 4, 6, 4, 5, 1, 8, 10, 8, 3, 3, 9, 9, 10, 10, 8, 4, 9, 1, 2, 2, 7, 7, 9, 3, 1, 4, 8, 6, 5, 8, 3, 5, 8, 5, 6, 9, 9, 6, 4, 10, 3, 10, 2, 4, 1, 7, 2, 7, 7, 4, 9, 9, 2, 6, 2, 10, 3, 2, 6, 8, 3, 8, 1, 4, 1, 2, 6, 1, 8, 6, 5, 3, 9, 4, 3, 4, 10, 3, 5, 10, 5, 4, 10, 9, 8, 3, 4, 3, 4, 9, 3, 3, 5, 7, 10, 4, 3, 9, 4, 9, 3, 8, 5, 6, 8, 10, 6, 3, 4, 1, 3, 1, 6, 2, 7, 10, 5, 9, 8, 10, 3, 6, 5, 7, 10, 5, 7, 3, 5, 10, 2, 9, 10, 4, 4, 8, 9, 9, 10, 1, 9, 1, 1, 3, 6, 6, 8, 10, 2, 4, 2, 2, 1, 2, 8, 2, 5, 2, 7, 3, 9, 1, 7, 2, 3, 5, 1, 2, 6, 9, 9, 1, 2, 10, 4, 6, 7, 1, 10, 10, 4, 6, 8, 1, 8, 3, 3, 1, 3, 10, 5, 4, 1, 5, 6, 10, 2, 6, 7, 2, 4, 1, 3, 8, 9, 10, 6, 2, 9, 6, 6, 6, 3, 6, 4, 6, 5, 10, 5, 3, 5, 3, 4, 3, 10, 4, 10, 9, 4, 1, 4, 5, 7, 2, 6, 9, 7, 5, 2, 8, 7, 10, 1, 9, 7, 6, 7, 6, 8, 6, 8, 3, 3, 5, 3, 7, 4, 1, 4, 10, 5, 3, 7, 6, 6, 2, 10, 2, 7, 10, 3, 4, 1, 9, 10, 10, 5, 9, 8, 1, 4, 1, 8, 3, 4, 7, 8, 5, 1, 5, 4, 1, 7, 9, 10, 7, 8, 6, 7, 9, 10, 1, 7, 4, 2, 5, 3, 2, 9, 2, 4, 1, 9, 1, 2, 6, 8, 4, 2, 6, 8, 7, 8, 3, 6, 3, 6, 7, 3, 8, 9, 2, 7, 9, 7, 9, 3, 6, 8, 5, 1, 4, 10, 7, 4, 5, 8, 5, 7, 7, 10, 2, 5, 4, 10, 6, 1, 8, 4, 7, 8, 5, 4, 2, 6, 7, 3, 4, 7, 9, 4, 9, 5, 2, 4, 10, 6, 9, 6, 5, 9, 3, 10, 3, 9, 7, 8, 1, 8, 1, 3, 5, 7, 2, 4, 2, 9, 10, 10, 7, 9, 5]",7.538583733860734e-05,2018,11246.091100710904,646.512,580.2428571428571,551.2428571428571,367,247933.0,0.09403389164648876,0.0393018018018018,0.05667567253112793,16,1016
ruleta,"[7, 5, 3, 2, 10, 10, 6, 4, 8, 7, 1, 10, 5, 9, 4, 6, 3, 2, 7, 3, 4, 6, 5, 6, 5, 4, 5, 1, 1, 3, 3, 8, 4, 10, 9, 4, 3, 7, 7, 9, 5, 6, 3, 1, 7, 8, 1, 3, 10, 5, 10, 3, 1, 1, 10, 5, 1, 9, 2, 7, 7, 5, 3, 10, 10, 2, 8, 3, 5, 5, 5, 6, 8, 5, 5, 4, 8, 8, 8, 2, 9, 5, 6, 2, 1, 8, 2, 7, 4, 7, 6, 5, 1, 6, 5, 10, 2, 8, 1, 9, 7, 8, 9, 4, 9, 7, 5, 6, 8, 3, 4, 2, 2, 6, 1, 7, 9, 10, 8, 8, 10, 8, 1, 6, 5, 2, 10, 4, 3, 9, 4, 6, 5, 5, 5, 7, 1, 3, 8, 7, 8, 4, 1, 4, 3, 3, 2, 5, 7, 10, 5, 4, 1, 2, 10, 8, 7, 3, 2, 6, 8, 10, 4, 4, 6, 10, 6, 8, 9, 3, 2, 5, 10, 6, 6, 1, 7, 1, 2, 1, 6, 2, 8, 1, 9, 3, 5, 10, 6, 1, 10, 3, 5, 9, 10, 2, 5, 4, 6, 5, 7, 7, 10, 7, 3, 5, 9, 7, 6, 7, 8, 10, 9, 6, 7, 7, 9, 3, 9, 4, 7, 5, 10, 9, 6, 7, 1, 5, 2, 4, 5, 4, 7, 2, 6, 2, 7, 1, 10, 3, 2, 2, 7, 4, 5, 9, 3, 2, 9, 9, 1, 2, 7, 3, 6, 8, 3, 7, 6, 6, 2, 3, 10, 7, 5, 2, 9, 1, 3, 8, 2, 6, 7, 6, 5, 8, 5, 4, 4, 1, 10, 1, 4, 10, 3, 3, 3, 9, 5, 1, 2, 7, 7, 2, 9, 8, 2, 3, 3, 4, 10, 4, 7, 6, 10, 5, 8, 6, 4, 4, 8, 7, 3, 9, 9, 8, 10, 10, 1, 1, 3, 7, 2, 1, 1, 5, 9, 9, 8, 1, 5, 8, 7, 8, 5, 4, 3, 1, 10, 2, 9, 5, 3, 6, 1, 3, 10, 2, 10, 7, 2, 8, 9, 6, 3, 6, 7, 8, 10, 2, 3, 6, 7, 4, 8, 2, 7, 4, 6, 7, 3, 2, 10, 4, 6, 6, 10, 10, 2, 2, 8, 3, 10, 4, 6, 10, 7, 7, 9, 3, 6, 10, 7, 2, 8, 7, 3, 2, 3, 7, 7, 6, 9, 6, 1, 4, 10, 7, 4, 5, 9, 2, 8, 10, 8, 3, 2, 3, 9, 3, 1, 10, 5, 3, 4, 5, 5, 10, 4, 4, 9, 2, 1, 1, 9, 8, 1, 4, 3, 8, 3, 9, 3, 1, 1, 3, 2, 5, 2, 3, 4, 8, 4, 10, 3, 6, 8, 4, 9, 9, 5, 9, 5, 10, 8, 1, 4, 8, 9, 1, 6, 7, 10, 5, 7, 4, 3, 3, 5, 1, 1, 7, 6, 5, 2, 8, 4, 2, 10, 6, 6, 1, 2, 5, 10, 6, 7, 10, 2, 3]","[7, 5, 3, 2, 10, 10, 6, 4, 8, 7, 1, 10, 5, 9, 4, 6, 3, 2, 7, 3, 4, 6, 5, 6, 5, 4, 5, 1, 1, 3, 3, 8, 4, 10, 9, 4, 3, 7, 7, 9, 5, 6, 3, 1, 7, 8, 1, 3, 10, 5, 10, 3, 1, 1, 10, 5, 1, 9, 2, 7, 7, 5, 3, 10, 10, 2, 8, 3, 5, 5, 5, 6, 8, 5, 5, 4, 8, 8, 8, 2, 9, 5, 6, 2, 1, 8, 2, 7, 4, 7, 6, 5, 1, 6, 5, 10, 2, 8, 1, 9, 7, 8, 9, 4, 9, 7, 5, 6, 8, 3, 4, 2, 2, 6, 1, 7, 9, 10, 8, 8, 10, 8, 1, 6, 5, 2, 10, 4, 3, 9, 4, 6, 5, 5, 5, 7, 1, 3, 8, 7, 8, 4, 1, 4, 3, 3, 2, 5, 7, 10, 5, 4, 1, 2, 10, 8, 7, 3, 2, 6, 8, 10, 4, 4, 6, 10, 6, 8, 9, 3, 2, 5, 10, 6, 6, 1, 7, 1, 2, 1, 6, 2, 8, 1, 9, 3, 5, 10, 6, 1, 10, 3, 5, 9, 10, 2, 5, 4, 6, 5, 7, 7, 10, 7, 3, 5, 9, 7, 6, 7, 8, 10, 9, 6, 7, 7, 9, 3, 9, 4, 7, 5, 10, 9, 6, 7, 1, 5, 2, 4, 5, 4, 7, 2, 6, 2, 7, 1, 10, 3, 2, 2, 7, 4, 5, 9, 3, 2, 9, 9, 1, 2, 7, 3, 6, 8, 3, 7, 6, 6, 2, 3, 10, 7, 5, 2, 9, 1, 3, 8, 2, 6, 7, 6, 5, 8, 5, 4, 4, 1, 10, 1, 4, 10, 3, 3, 3, 9, 5, 1, 2, 7, 7, 2, 9, 8, 2, 3, 3, 4, 10, 4, 7, 6, 10, 5, 8, 6, 4, 4, 8, 7, 3, 9, 9, 8, 10, 10, 1, 1, 3, 7, 2, 1, 1, 5, 9, 9, 8, 1, 5, 8, 7, 8, 5, 4, 3, 1, 10, 2, 9, 5, 3, 6, 1, 3, 10, 2, 10, 7, 2, 8, 9, 6, 3, 6, 7, 8, 10, 2, 3, 6, 7, 4, 8, 2, 7, 4, 6, 7, 3, 2, 10, 4, 6, 6, 10, 10, 2, 2, 8, 3, 10, 4, 6, 10, 7, 7, 9, 3, 6, 10, 7, 2, 8, 7, 3, 2, 3, 7, 7, 6, 9, 6, 1, 4, 10, 7, 4, 5, 9, 2, 8, 10, 8, 3, 2, 3, 9, 3, 1, 10, 5, 3, 4, 5, 5, 10, 4, 4, 9, 2, 1, 1, 9, 8, 1, 4, 3, 8, 3, 9, 3, 1, 1, 3, 2, 5, 2, 3, 4, 8, 4, 10, 3, 6, 8, 4, 9, 9, 5, 9, 5, 10, 8, 1, 4, 8, 9, 1, 6, 7, 10, 5, 7, 4, 3, 3, 5, 1, 1, 7, 6, 5, 2, 8, 4, 2, 10, 6, 6, 1, 2, 5, 10, 6, 7, 10, 2, 3]",7.476297856139683e-05,2070,11304.604065570773,645.986,586.3857142857142,556.8428571428572,369,247987.0,0.08424033135422672,0.03462837837837838,0.05688667297363281,17,1017
ruleta,"[4, 1, 9, 5, 2, 10, 7, 9, 5, 9, 1, 2, 5, 3, 5, 4, 3, 10, 4, 8, 8, 7, 7, 7, 3, 6, 7, 7, 6, 3, 1, 1, 9, 6, 4, 1, 8, 4, 9, 5, 9, 9, 10, 4, 4, 4, 7, 7, 5, 2, 10, 1, 9, 1, 8, 2, 8, 7, 6, 5, 6, 7, 1, 1, 8, 9, 8, 7, 10, 6, 5, 2, 2, 9, 8, 2, 5, 1, 8, 3, 10, 9, 5, 8, 8, 1, 6, 1, 2, 6, 2, 6, 4, 3, 8, 7, 8, 4, 9, 4, 4, 4, 1, 3, 4, 10, 6, 10, 1, 10, 3, 8, 7, 6, 7, 6, 9, 2, 8, 5, 2, 6, 9, 8, 6, 7, 10, 8, 6, 3, 8, 9, 1, 10, 3, 6, 4, 9, 6, 4, 4, 10, 2, 8, 2, 9, 8, 6, 7, 6, 6, 9, 3, 4, 9, 10, 1, 2, 2, 3, 8, 9, 6, 2, 2, 10, 1, 8, 2, 4, 2, 3, 5, 6, 1, 3, 5, 1, 1, 3, 6, 9, 5, 10, 1, 3, 8, 4, 8, 3, 4, 6, 9, 7, 1, 9, 5, 3, 9, 6, 1, 6, 10, 4, 9, 9, 9, 5, 8, 3, 8, 5, 2, 8, 9, 5, 10, 7, 4, 7, 6, 5, 3, 2, 2, 10, 2, 3, 10, 8, 5, 5, 8, 1, 2, 2, 10, 1, 6, 10, 3, 8, 9, 4, 2, 2, 6, 2, 4, 4, 9, 9, 4, 8, 1, 2, 10, 4, 1, 3, 4, 3, 9, 4, 2, 7, 7, 3, 1, 8, 5, 3, 3, 4, 1, 3, 9, 6, 8, 8, 6, 1, 9, 3, 3, 6, 3, 7, 8, 10, 10, 3, 7, 10, 2, 3, 10, 8, 4, 7, 10, 7, 2, 8, 10, 8, 6, 5, 7, 1, 3, 2, 5, 3, 8, 6, 6, 4, 2, 7, 8, 5, 8, 1, 2, 8, 10, 5, 5, 2, 2, 5, 1, 6, 10, 2, 2, 7, 8, 4, 1, 2, 9, 6, 2, 7, 10, 10, 1, 8, 9, 10, 6, 8, 4, 5, 7, 3, 6, 7, 3, 3, 10, 9, 5, 1, 6, 1, 2, 4, 5, 7, 7, 9, 6, 1, 2, 10, 6, 10, 8, 9, 9, 2, 1, 5, 4, 9, 7, 1, 7, 10, 7, 5, 10, 5, 2, 10, 10, 4, 1, 10, 3, 8, 4, 8, 8, 2, 8, 10, 1, 9, 9, 3, 4, 5, 5, 5, 7, 9, 1, 8, 5, 6, 4, 9, 1, 5, 7, 3, 2, 5, 2, 5, 1, 4, 9, 1, 7, 5, 5, 10, 5, 2, 9, 9, 9, 10, 10, 1, 9, 1, 8, 4, 4, 4, 7, 1, 7, 4, 4, 4, 5, 8, 8, 4, 7, 3, 7, 8, 9, 9, 1, 7, 5, 4, 5, 8, 9, 3, 1, 10, 6, 8, 7, 3, 5, 7, 6, 3, 9, 8, 3, 2, 10, 4, 5, 9, 3, 6]","[4, 1, 9, 5, 2, 10, 7, 9, 5, 9, 1, 2, 5, 3, 5, 4, 3, 10, 4, 8, 8, 7, 7, 7, 3, 6, 7, 7, 6, 3, 1, 1, 9, 6, 4, 1, 8, 4, 9, 5, 9, 9, 10, 4, 4, 4, 7, 7, 5, 2, 10, 1, 9, 1, 8, 2, 8, 7, 6, 5, 6, 7, 1, 1, 8, 9, 8, 7, 10, 6, 5, 2, 2, 9, 8, 2, 5, 1, 8, 3, 10, 9, 5, 8, 8, 1, 6, 1, 2, 6, 2, 6, 4, 3, 8, 7, 8, 4, 9, 4, 4, 4, 1, 3, 4, 10, 6, 10, 1, 10, 3, 8, 7, 6, 7, 6, 9, 2, 8, 5, 2, 6, 9, 8, 6, 7, 10, 8, 6, 3, 8, 9, 1, 10, 3, 6, 4, 9, 6, 4, 4, 10, 2, 8, 2, 9, 8, 6, 7, 6, 6, 9, 3, 4, 9, 10, 1, 2, 2, 3, 8, 9, 6, 2, 2, 10, 1, 8, 2, 4, 2, 3, 5, 6, 1, 3, 5, 1, 1, 3, 6, 9, 5, 10, 1, 3, 8, 4, 8, 3, 4, 6, 9, 7, 1, 9, 5, 3, 9, 6, 1, 6, 10, 4, 9, 9, 9, 5, 8, 3, 8, 5, 2, 8, 9, 5, 10, 7, 4, 7, 6, 5, 3, 2, 2, 10, 2, 3, 10, 8, 5, 5, 8, 1, 2, 2, 10, 1, 6, 10, 3, 8, 9, 4, 2, 2, 6, 2, 4, 4, 9, 9, 4, 8, 1, 2, 10, 4, 1, 3, 4, 3, 9, 4, 2, 7, 7, 3, 1, 8, 5, 3, 3, 4, 1, 3, 9, 6, 8, 8, 6, 1, 9, 3, 3, 6, 3, 7, 8, 10, 10, 3, 7, 10, 2, 3, 10, 8, 4, 7, 10, 7, 2, 8, 10, 8, 6, 5, 7, 1, 3, 2, 5, 3, 8, 6, 6, 4, 2, 7, 8, 5, 8, 1, 2, 8, 10, 5, 5, 2, 2, 5, 1, 6, 10, 2, 2, 7, 8, 4, 1, 2, 9, 6, 2, 7, 10, 10, 1, 8, 9, 10, 6, 8, 4, 5, 7, 3, 6, 7, 3, 3, 10, 9, 5, 1, 6, 1, 2, 4, 5, 7, 7, 9, 6, 1, 2, 10, 6, 10, 8, 9, 9, 2, 1, 5, 4, 9, 7, 1, 7, 10, 7, 5, 10, 5, 2, 10, 10, 4, 1, 10, 3, 8, 4, 8, 8, 2, 8, 10, 1, 9, 9, 3, 4, 5, 5, 5, 7, 9, 1, 8, 5, 6, 4, 9, 1, 5, 7, 3, 2, 5, 2, 5, 1, 4, 9, 1, 7, 5, 5, 10, 5, 2, 9, 9, 9, 10, 10, 1, 9, 1, 8, 4, 4, 4, 7, 1, 7, 4, 4, 4, 5, 8, 8, 4, 7, 3, 7, 8, 9, 9, 1, 7, 5, 4, 5, 8, 9, 3, 1, 10, 6, 8, 7, 3, 5, 7, 6, 3, 9, 8, 3, 2, 10, 4, 5, 9, 3, 6]",7.571102499013199e-05,2070,11137.115992754527,643.79,571.8428571428572,542.4142857142857,362,247186.0,0.08129000547832643,0.033558558558558556,0.05910992622375488,18,1018
ruleta,"[5, 3, 7, 4, 1, 6, 4, 3, 9, 8, 5, 2, 4, 3, 1, 6, 5, 1, 7, 5, 5, 7, 6, 3, 1, 7, 4, 10, 3, 9, 6, 9, 8, 1, 10, 7, 2, 4, 6, 3, 1, 10, 8, 9, 6, 9, 5, 1, 3, 3, 5, 3, 6, 6, 7, 7, 9, 7, 9, 7, 5, 8, 1, 6, 6, 1, 2, 9, 7, 7, 10, 4, 1, 2, 10, 1, 5, 7, 1, 6, 3, 5, 9, 2, 5, 4, 4, 2, 5, 10, 2, 10, 9, 8, 3, 2, 5, 9, 9, 9, 5, 6, 3, 8, 5, 4, 4, 3, 5, 4, 3, 8, 8, 6, 10, 5, 3, 2, 4, 6, 9, 7, 6, 10, 8, 7, 3, 6, 6, 8, 10, 4, 3, 2, 8, 10, 1, 5, 6, 9, 6, 8, 8, 9, 6, 8, 9, 9, 1, 7, 6, 1, 10, 6, 8, 3, 1, 2, 9, 9, 1, 10, 2, 5, 10, 6, 8, 8, 5, 9, 5, 3, 4, 3, 10, 1, 3, 4, 7, 8, 2, 9, 6, 1, 4, 7, 4, 1, 10, 2, 1, 6, 8, 4, 3, 4, 10, 4, 4, 6, 8, 7, 10, 7, 4, 8, 6, 9, 7, 10, 1, 1, 8, 4, 8, 9, 10, 9, 2, 9, 2, 4, 4, 5, 7, 5, 10, 5, 2, 3, 8, 10, 2, 5, 8, 4, 9, 1, 7, 9, 7, 9, 4, 7, 4, 5, 3, 10, 4, 6, 4, 8, 10, 2, 2, 5, 5, 2, 7, 8, 5, 6, 9, 5, 8, 1, 10, 10, 4, 6, 6, 7, 10, 7, 3, 3, 4, 6, 2, 10, 6, 1, 7, 9, 9, 4, 2, 10, 10, 1, 1, 4, 10, 5, 10, 9, 6, 4, 3, 1, 10, 1, 3, 3, 2, 9, 9, 3, 7, 9, 4, 7, 2, 7, 3, 2, 2, 9, 1, 7, 3, 2, 2, 9, 5, 5, 7, 8, 3, 1, 6, 8, 4, 2, 8, 10, 4, 2, 5, 3, 2, 3, 7, 9, 1, 5, 1, 1, 8, 2, 10, 8, 5, 8, 2, 7, 9, 10, 7, 5, 3, 7, 2, 6, 1, 9, 1, 8, 1, 8, 1, 1, 1, 7, 7, 3, 6, 7, 5, 2, 6, 1, 1, 8, 1, 2, 7, 2, 2, 3, 2, 5, 7, 5, 8, 2, 6, 2, 7, 4, 2, 5, 5, 8, 10, 5, 3, 10, 1, 1, 4, 8, 1, 5, 6, 7, 9, 9, 8, 1, 6, 2, 10, 2, 8, 10, 3, 9, 6, 9, 10, 5, 8, 7, 5, 1, 10, 10, 1, 5, 4, 8, 8, 7, 4, 9, 6, 10, 7, 4, 3, 5, 1, 5, 5, 8, 2, 1, 8, 2, 4, 10, 8, 7, 6, 1, 8, 4, 3, 6, 10, 8, 4, 8, 10, 9, 2, 6, 1, 7, 3, 2, 9, 4, 10, 3, 10, 6, 1, 9, 1, 8, 9, 5, 4, 1, 4, 8, 3, 4]","[5, 3, 7, 4, 1, 6, 4, 3, 9, 8, 5, 2, 4, 3, 1, 6, 5, 1, 7, 5, 5, 7, 6, 3, 1, 7, 4, 10, 3, 9, 6, 9, 8, 1, 10, 7, 2, 4, 6, 3, 1, 10, 8, 9, 6, 9, 5, 1, 3, 3, 5, 3, 6, 6, 7, 7, 9, 7, 9, 7, 5, 8, 1, 6, 6, 1, 2, 9, 7, 7, 10, 4, 1, 2, 10, 1, 5, 7, 1, 6, 3, 5, 9, 2, 5, 4, 4, 2, 5, 10, 2, 10, 9, 8, 3, 2, 5, 9, 9, 9, 5, 6, 3, 8, 5, 4, 4, 3, 5, 4, 3, 8, 8, 6, 10, 5, 3, 2, 4, 6, 9, 7, 6, 10, 8, 7, 3, 6, 6, 8, 10, 4, 3, 2, 8, 10, 1, 5, 6, 9, 6, 8, 8, 9, 6, 8, 9, 9, 1, 7, 6, 1, 10, 6, 8, 3, 1, 2, 9, 9, 1, 10, 2, 5, 10, 6, 8, 8, 5, 9, 5, 3, 4, 3, 10, 1, 3, 4, 7, 8, 2, 9, 6, 1, 4, 7, 4, 1, 10, 2, 1, 6, 8, 4, 3, 4, 10, 4, 4, 6, 8, 7, 10, 7, 4, 8, 6, 9, 7, 10, 1, 1, 8, 4, 8, 9, 10, 9, 2, 9, 2, 4, 4, 5, 7, 5, 10, 5, 2, 3, 8, 10, 2, 5, 8, 4, 9, 1, 7, 9, 7, 9, 4, 7, 4, 5, 3, 10, 4, 6, 4, 8, 10, 2, 2, 5, 5, 2, 7, 8, 5, 6, 9, 5, 8, 1, 10, 10, 4, 6, 6, 7, 10, 7, 3, 3, 4, 6, 2, 10, 6, 1, 7, 9, 9, 4, 2, 10, 10, 1, 1, 4, 10, 5, 10, 9, 6, 4, 3, 1, 10, 1, 3, 3, 2, 9, 9, 3, 7, 9, 4, 7, 2, 7, 3, 2, 2, 9, 1, 7, 3, 2, 2, 9, 5, 5, 7, 8, 3, 1, 6, 8, 4, 2, 8, 10, 4, 2, 5, 3, 2, 3, 7, 9, 1, 5, 1, 1, 8, 2, 10, 8, 5, 8, 2, 7, 9, 10, 7, 5, 3, 7, 2, 6, 1, 9, 1, 8, 1, 8, 1, 1, 1, 7, 7, 3, 6, 7, 5, 2, 6, 1, 1, 8, 1, 2, 7, 2, 2, 3, 2, 5, 7, 5, 8, 2, 6, 2, 7, 4, 2, 5, 5, 8, 10, 5, 3, 10, 1, 1, 4, 8, 1, 5, 6, 7, 9, 9, 8, 1, 6, 2, 10, 2, 8, 10, 3, 9, 6, 9, 10, 5, 8, 7, 5, 1, 10, 10, 1, 5, 4, 8, 8, 7, 4, 9, 6, 10, 7, 4, 3, 5, 1, 5, 5, 8, 2, 1, 8, 2, 4, 10, 8, 7, 6, 1, 8, 4, 3, 6, 10, 8, 4, 8, 10, 9, 2, 6, 1, 7, 3, 2, 9, 4, 10, 3, 10, 6, 1, 9, 1, 8, 9, 5, 4, 1, 4, 8, 3, 4]",7.613900245265376e-05,1891,11241.873150253572,638.984,585.1571428571428,555.4428571428572,364,246082.0,0.06416745325046995,0.026013513513513515,0.05791020393371582,19,1019
ruleta,"[10, 1, 4, 5, 1, 3, 3, 6, 1, 1, 10, 3, 4, 6, 10, 1, 10, 8, 3, 6, 3, 2, 5, 1, 1, 4, 9, 4, 9, 3, 2, 8, 10, 6, 1, 4, 7, 1, 8, 1, 2, 9, 1, 6, 9, 1, 4, 8, 10, 8, 5, 1, 2, 4, 7, 5, 3, 1, 8, 7, 9, 1, 10, 10, 3, 5, 3, 2, 3, 8, 1, 9, 2, 6, 6, 5, 9, 9, 2, 4, 1, 9, 2, 8, 3, 5, 1, 2, 10, 8, 7, 9, 10, 2, 1, 9, 9, 3, 9, 4, 6, 2, 7, 4, 4, 9, 4, 1, 6, 4, 1, 9, 10, 5, 6, 10, 4, 2, 5, 8, 7, 2, 1, 9, 3, 2, 3, 6, 9, 5, 5, 1, 7, 6, 8, 2, 8, 5, 1, 7, 7, 5, 8, 8, 4, 4, 8, 10, 2, 6, 8, 6, 10, 4, 3, 3, 9, 8, 5, 9, 3, 1, 9, 9, 2, 1, 4, 6, 3, 5, 2, 6, 3, 9, 9, 5, 4, 8, 5, 9, 4, 2, 3, 10, 5, 4, 1, 9, 9, 2, 7, 3, 7, 7, 4, 5, 3, 10, 3, 1, 5, 2, 6, 7, 1, 8, 8, 2, 3, 3, 3, 1, 10, 1, 1, 2, 4, 6, 1, 7, 4, 8, 2, 1, 10, 10, 5, 1, 7, 5, 2, 4, 3, 10, 8, 8, 3, 7, 10, 9, 5, 8, 1, 4, 7, 4, 6, 5, 4, 8, 8, 1, 7, 3, 6, 2, 10, 2, 2, 7, 6, 7, 9, 5, 10, 2, 1, 2, 9, 3, 9, 3, 8, 10, 2, 8, 5, 2, 3, 7, 9, 2, 5, 9, 2, 7, 5, 8, 6, 10, 6, 7, 4, 4, 10, 10, 10, 8, 7, 6, 8, 2, 8, 8, 7, 3, 8, 10, 7, 5, 6, 1, 3, 2, 5, 4, 2, 8, 2, 2, 4, 3, 3, 1, 3, 10, 7, 1, 4, 8, 1, 10, 3, 4, 7, 7, 3, 2, 8, 1, 10, 2, 4, 6, 6, 6, 4, 6, 5, 7, 5, 4, 10, 10, 5, 10, 4, 9, 5, 9, 10, 6, 3, 2, 10, 6, 4, 2, 8, 3, 3, 7, 8, 6, 6, 5, 3, 6, 6, 2, 9, 6, 2, 2, 1, 9, 6, 10, 6, 9, 9, 2, 10, 4, 3, 6, 6, 4, 9, 4, 6, 5, 7, 7, 8, 10, 6, 6, 3, 5, 10, 7, 3, 10, 3, 7, 4, 10, 4, 4, 9, 4, 3, 6, 9, 1, 10, 10, 8, 2, 3, 9, 5, 8, 8, 7, 8, 6, 4, 6, 3, 10, 10, 8, 3, 4, 7, 9, 1, 6, 7, 5, 6, 5, 10, 1, 8, 4, 8, 5, 6, 6, 4, 1, 1, 1, 10, 3, 10, 6, 10, 2, 5, 4, 5, 5, 5, 7, 7, 7, 3, 8, 10, 3, 1, 10, 7, 10, 8, 1, 2, 1, 6, 5, 2, 9, 5, 1, 4, 2]","[10, 1, 4, 5, 1, 3, 3, 6, 1, 1, 10, 3, 4, 6, 10, 1, 10, 8, 3, 6, 3, 2, 5, 1, 1, 4, 9, 4, 9, 3, 2, 8, 10, 6, 1, 4, 7, 1, 8, 1, 2, 9, 1, 6, 9, 1, 4, 8, 10, 8, 5, 1, 2, 4, 7, 5, 3, 1, 8, 7, 9, 1, 10, 10, 3, 5, 3, 2, 3, 8, 1, 9, 2, 6, 6, 5, 9, 9, 2, 4, 1, 9, 2, 8, 3, 5, 1, 2, 10, 8, 7, 9, 10, 2, 1, 9, 9, 3, 9, 4, 6, 2, 7, 4, 4, 9, 4, 1, 6, 4, 1, 9, 10, 5, 6, 10, 4, 2, 5, 8, 7, 2, 1, 9, 3, 2, 3, 6, 9, 5, 5, 1, 7, 6, 8, 2, 8, 5, 1, 7, 7, 5, 8, 8, 4, 4, 8, 10, 2, 6, 8, 6, 10, 4, 3, 3, 9, 8, 5, 9, 3, 1, 9, 9, 2, 1, 4, 6, 3, 5, 2, 6, 3, 9, 9, 5, 4, 8, 5, 9, 4, 2, 3, 10, 5, 4, 1, 9, 9, 2, 7, 3, 7, 7, 4, 5, 3, 10, 3, 1, 5, 2, 6, 7, 1, 8, 8, 2, 3, 3, 3, 1, 10, 1, 1, 2, 4, 6, 1, 7, 4, 8, 2, 1, 10, 10, 5, 1, 7, 5, 2, 4, 3, 10, 8, 8, 3, 7, 10, 9, 5, 8, 1, 4, 7, 4, 6, 5, 4, 8, 8, 1, 7, 3, 6, 2, 10, 2, 2, 7, 6, 7, 9, 5, 10, 2, 1, 2, 9, 3, 9, 3, 8, 10, 2, 8, 5, 2, 3, 7, 9, 2, 5, 9, 2, 7, 5, 8, 6, 10, 6, 7, 4, 4, 10, 10, 10, 8, 7, 6, 8, 2, 8, 8, 7, 3, 8, 10, 7, 5, 6, 1, 3, 2, 5, 4, 2, 8, 2, 2, 4, 3, 3, 1, 3, 10, 7, 1, 4, 8, 1, 10, 3, 4, 7, 7, 3, 2, 8, 1, 10, 2, 4, 6, 6, 6, 4, 6, 5, 7, 5, 4, 10, 10, 5, 10, 4, 9, 5, 9, 10, 6, 3, 2, 10, 6, 4, 2, 8, 3, 3, 7, 8, 6, 6, 5, 3, 6, 6, 2, 9, 6, 2, 2, 1, 9, 6, 10, 6, 9, 9, 2, 10, 4, 3, 6, 6, 4, 9, 4, 6, 5, 7, 7, 8, 10, 6, 6, 3, 5, 10, 7, 3, 10, 3, 7, 4, 10, 4, 4, 9, 4, 3, 6, 9, 1, 10, 10, 8, 2, 3, 9, 5, 8, 8, 7, 8, 6, 4, 6, 3, 10, 10, 8, 3, 4, 7, 9, 1, 6, 7, 5, 6, 5, 10, 1, 8, 4, 8, 5, 6, 6, 4, 1, 1, 1, 10, 3, 10, 6, 10, 2, 5, 4, 5, 5, 5, 7, 7, 7, 3, 8, 10, 3, 1, 10, 7, 10, 8, 1, 2, 1, 6, 5, 2, 9, 5, 1, 4, 2]",7.573883837587736e-05,1930,11272.265609081453,645.1,585.0714285714286,555.2428571428571,365,247413.0,0.07514139338120861,0.03474099099099099,0.05644941329956055,20,1020
ruleta,"[4, 7, 2, 3, 3, 9, 7, 9, 9, 2, 10, 7, 5, 3, 10, 1, 1, 1, 6, 8, 1, 1, 2, 8, 8, 5, 7, 3, 1, 10, 2, 6, 1, 5, 10, 2, 3, 4, 1, 2, 8, 10, 10, 7, 8, 9, 4, 8, 4, 6, 10, 9, 10, 9, 1, 8, 5, 4, 8, 7, 10, 6, 9, 10, 2, 5, 4, 1, 2, 3, 6, 9, 7, 6, 4, 5, 8, 1, 10, 5, 3, 7, 2, 2, 1, 3, 7, 3, 2, 6, 5, 5, 10, 1, 3, 3, 9, 1, 7, 6, 6, 1, 10, 4, 4, 6, 2, 2, 7, 6, 3, 5, 4, 2, 5, 8, 8, 5, 2, 3, 6, 10, 1, 3, 8, 10, 7, 3, 4, 9, 9, 9, 5, 4, 4, 4, 7, 6, 10, 8, 8, 7, 8, 5, 4, 4, 3, 8, 5, 9, 9, 1, 4, 3, 5, 5, 9, 5, 4, 4, 9, 10, 2, 10, 10, 2, 10, 5, 6, 2, 6, 8, 9, 6, 9, 5, 1, 9, 10, 2, 1, 4, 7, 10, 10, 2, 6, 9, 8, 10, 8, 7, 7, 3, 6, 5, 2, 2, 4, 2, 1, 6, 3, 3, 2, 8, 2, 8, 8, 2, 8, 2, 3, 5, 2, 7, 7, 9, 2, 2, 6, 2, 7, 1, 8, 2, 1, 5, 7, 2, 1, 3, 10, 5, 10, 9, 10, 6, 3, 6, 4, 8, 6, 2, 6, 9, 7, 4, 10, 2, 9, 10, 6, 7, 2, 8, 5, 8, 10, 4, 8, 4, 10, 8, 5, 2, 8, 10, 7, 3, 10, 3, 3, 8, 1, 7, 4, 1, 6, 6, 6, 6, 5, 1, 10, 9, 9, 2, 5, 3, 9, 5, 4, 4, 1, 2, 7, 1, 2, 6, 4, 3, 8, 2, 8, 1, 8, 1, 6, 4, 3, 10, 7, 10, 4, 4, 3, 5, 4, 8, 1, 5, 8, 3, 3, 9, 8, 7, 8, 4, 9, 4, 9, 10, 10, 2, 2, 7, 2, 7, 10, 8, 8, 5, 8, 10, 3, 2, 10, 2, 7, 7, 7, 2, 6, 4, 6, 5, 3, 4, 8, 3, 3, 4, 1, 3, 7, 1, 5, 6, 8, 10, 4, 7, 3, 2, 3, 1, 6, 3, 1, 5, 9, 6, 2, 4, 10, 6, 9, 3, 9, 2, 5, 6, 1, 7, 5, 1, 8, 3, 9, 2, 8, 2, 4, 9, 6, 2, 6, 5, 1, 8, 3, 6, 3, 4, 4, 10, 4, 10, 8, 1, 6, 3, 8, 8, 2, 7, 6, 1, 10, 9, 1, 9, 3, 1, 8, 9, 7, 10, 3, 8, 2, 5, 10, 6, 5, 1, 4, 9, 3, 1, 4, 9, 7, 1, 2, 10, 10, 2, 4, 7, 7, 3, 3, 6, 6, 6, 9, 9, 7, 8, 1, 6, 8, 10, 2, 6, 7, 3, 8, 7, 5, 5, 2, 6, 8, 8, 9, 6, 6, 2, 5, 7, 1, 5, 2, 5, 2, 1]","[4, 7, 2, 3, 3, 9, 7, 9, 9, 2, 10, 7, 5, 3, 10, 1, 1, 1, 6, 8, 1, 1, 2, 8, 8, 5, 7, 3, 1, 10, 2, 6, 1, 5, 10, 2, 3, 4, 1, 2, 8, 10, 10, 7, 8, 9, 4, 8, 4, 6, 10, 9, 10, 9, 1, 8, 5, 4, 8, 7, 10, 6, 9, 10, 2, 5, 4, 1, 2, 3, 6, 9, 7, 6, 4, 5, 8, 1, 10, 5, 3, 7, 2, 2, 1, 3, 7, 3, 2, 6, 5, 5, 10, 1, 3, 3, 9, 1, 7, 6, 6, 1, 10, 4, 4, 6, 2, 2, 7, 6, 3, 5, 4, 2, 5, 8, 8, 5, 2, 3, 6, 10, 1, 3, 8, 10, 7, 3, 4, 9, 9, 9, 5, 4, 4, 4, 7, 6, 10, 8, 8, 7, 8, 5, 4, 4, 3, 8, 5, 9, 9, 1, 4, 3, 5, 5, 9, 5, 4, 4, 9, 10, 2, 10, 10, 2, 10, 5, 6, 2, 6, 8, 9, 6, 9, 5, 1, 9, 10, 2, 1, 4, 7, 10, 10, 2, 6, 9, 8, 10, 8, 7, 7, 3, 6, 5, 2, 2, 4, 2, 1, 6, 3, 3, 2, 8, 2, 8, 8, 2, 8, 2, 3, 5, 2, 7, 7, 9, 2, 2, 6, 2, 7, 1, 8, 2, 1, 5, 7, 2, 1, 3, 10, 5, 10, 9, 10, 6, 3, 6, 4, 8, 6, 2, 6, 9, 7, 4, 10, 2, 9, 10, 6, 7, 2, 8, 5, 8, 10, 4, 8, 4, 10, 8, 5, 2, 8, 10, 7, 3, 10, 3, 3, 8, 1, 7, 4, 1, 6, 6, 6, 6, 5, 1, 10, 9, 9, 2, 5, 3, 9, 5, 4, 4, 1, 2, 7, 1, 2, 6, 4, 3, 8, 2, 8, 1, 8, 1, 6, 4, 3, 10, 7, 10, 4, 4, 3, 5, 4, 8, 1, 5, 8, 3, 3, 9, 8, 7, 8, 4, 9, 4, 9, 10, 10, 2, 2, 7, 2, 7, 10, 8, 8, 5, 8, 10, 3, 2, 10, 2, 7, 7, 7, 2, 6, 4, 6, 5, 3, 4, 8, 3, 3, 4, 1, 3, 7, 1, 5, 6, 8, 10, 4, 7, 3, 2, 3, 1, 6, 3, 1, 5, 9, 6, 2, 4, 10, 6, 9, 3, 9, 2, 5, 6, 1, 7, 5, 1, 8, 3, 9, 2, 8, 2, 4, 9, 6, 2, 6, 5, 1, 8, 3, 6, 3, 4, 4, 10, 4, 10, 8, 1, 6, 3, 8, 8, 2, 7, 6, 1, 10, 9, 1, 9, 3, 1, 8, 9, 7, 10, 3, 8, 2, 5, 10, 6, 5, 1, 4, 9, 3, 1, 4, 9, 7, 1, 2, 10, 10, 2, 4, 7, 7, 3, 3, 6, 6, 6, 9, 9, 7, 8, 1, 6, 8, 10, 2, 6, 7, 3, 8, 7, 5, 5, 2, 6, 8, 8, 9, 6, 6, 2, 5, 7, 1, 5, 2, 5, 2, 1]",7.490114245416564e-05,2022,11327.931203912294,646.106,587.7714285714286,558.3571428571429,367,248526.0,0.08699825417796496,0.04087837837837838,0.056864261627197266,21,1021
ruleta,"[8, 1, 9, 4, 5, 8, 9, 8, 9, 4, 8, 7, 2, 4, 10, 9, 9, 4, 4, 7, 4, 3, 2, 6, 1, 1, 3, 8, 1, 8, 3, 2, 10, 6, 2, 8, 2, 1, 3, 6, 8, 9, 4, 1, 5, 2, 6, 7, 9, 10, 5, 4, 3, 4, 9, 8, 9, 9, 10, 1, 9, 5, 8, 7, 1, 9, 7, 5, 9, 5, 10, 6, 7, 10, 10, 5, 1, 9, 3, 7, 7, 10, 6, 6, 5, 1, 10, 7, 1, 9, 5, 5, 9, 3, 6, 8, 5, 10, 10, 3, 3, 3, 3, 7, 3, 9, 10, 4, 5, 2, 10, 3, 1, 5, 8, 4, 8, 7, 8, 2, 7, 6, 5, 5, 1, 10, 1, 8, 7, 9, 1, 9, 8, 5, 9, 8, 6, 7, 6, 4, 9, 4, 3, 9, 5, 4, 6, 9, 4, 8, 10, 7, 1, 2, 3, 4, 2, 7, 7, 9, 3, 8, 6, 2, 3, 10, 3, 7, 6, 1, 6, 3, 9, 4, 10, 6, 4, 5, 7, 1, 6, 1, 6, 4, 7, 5, 5, 10, 5, 8, 10, 6, 10, 7, 4, 4, 4, 10, 3, 8, 2, 10, 5, 8, 3, 4, 3, 5, 6, 4, 8, 7, 5, 1, 5, 7, 6, 8, 8, 10, 7, 6, 4, 5, 1, 6, 6, 3, 6, 6, 10, 9, 1, 10, 7, 6, 6, 7, 8, 7, 5, 8, 8, 10, 5, 3, 5, 9, 2, 7, 8, 4, 2, 7, 8, 6, 8, 10, 8, 2, 8, 3, 3, 8, 6, 5, 6, 3, 8, 8, 2, 10, 4, 7, 9, 3, 6, 6, 10, 5, 8, 8, 7, 6, 4, 5, 9, 4, 2, 9, 8, 6, 6, 1, 2, 2, 9, 8, 7, 2, 9, 9, 9, 8, 7, 5, 5, 2, 10, 4, 7, 3, 5, 8, 7, 9, 1, 7, 8, 6, 8, 4, 8, 2, 8, 3, 4, 3, 8, 4, 2, 8, 2, 4, 1, 3, 1, 6, 4, 3, 3, 3, 5, 7, 8, 1, 10, 9, 7, 6, 1, 4, 4, 9, 10, 4, 7, 9, 3, 5, 5, 2, 6, 3, 6, 2, 1, 1, 6, 1, 1, 7, 10, 5, 2, 2, 1, 10, 10, 7, 9, 4, 4, 4, 4, 4, 7, 2, 8, 5, 2, 1, 3, 10, 6, 7, 5, 4, 1, 6, 9, 4, 10, 5, 1, 1, 1, 5, 2, 8, 3, 1, 6, 8, 7, 2, 9, 9, 4, 7, 6, 9, 9, 1, 3, 5, 3, 4, 1, 6, 6, 2, 5, 9, 3, 4, 4, 9, 10, 8, 6, 3, 8, 2, 10, 3, 3, 9, 3, 1, 5, 1, 3, 7, 10, 4, 10, 10, 2, 9, 4, 2, 5, 10, 4, 9, 3, 4, 10, 8, 1, 6, 2, 6, 2, 2, 8, 7, 6, 4, 10, 10, 1, 10, 4, 7, 7, 2, 7, 5, 4, 7, 1, 1, 3, 3, 2, 9, 9, 2]","[8, 1, 9, 4, 5, 8, 9, 8, 9, 4, 8, 7, 2, 4, 10, 9, 9, 4, 4, 7, 4, 3, 2, 6, 1, 1, 3, 8, 1, 8, 3, 2, 10, 6, 2, 8, 2, 1, 3, 6, 8, 9, 4, 1, 5, 2, 6, 7, 9, 10, 5, 4, 3, 4, 9, 8, 9, 9, 10, 1, 9, 5, 8, 7, 1, 9, 7, 5, 9, 5, 10, 6, 7, 10, 10, 5, 1, 9, 3, 7, 7, 10, 6, 6, 5, 1, 10, 7, 1, 9, 5, 5, 9, 3, 6, 8, 5, 10, 10, 3, 3, 3, 3, 7, 3, 9, 10, 4, 5, 2, 10, 3, 1, 5, 8, 4, 8, 7, 8, 2, 7, 6, 5, 5, 1, 10, 1, 8, 7, 9, 1, 9, 8, 5, 9, 8, 6, 7, 6, 4, 9, 4, 3, 9, 5, 4, 6, 9, 4, 8, 10, 7, 1, 2, 3, 4, 2, 7, 7, 9, 3, 8, 6, 2, 3, 10, 3, 7, 6, 1, 6, 3, 9, 4, 10, 6, 4, 5, 7, 1, 6, 1, 6, 4, 7, 5, 5, 10, 5, 8, 10, 6, 10, 7, 4, 4, 4, 10, 3, 8, 2, 10, 5, 8, 3, 4, 3, 5, 6, 4, 8, 7, 5, 1, 5, 7, 6, 8, 8, 10, 7, 6, 4, 5, 1, 6, 6, 3, 6, 6, 10, 9, 1, 10, 7, 6, 6, 7, 8, 7, 5, 8, 8, 10, 5, 3, 5, 9, 2, 7, 8, 4, 2, 7, 8, 6, 8, 10, 8, 2, 8, 3, 3, 8, 6, 5, 6, 3, 8, 8, 2, 10, 4, 7, 9, 3, 6, 6, 10, 5, 8, 8, 7, 6, 4, 5, 9, 4, 2, 9, 8, 6, 6, 1, 2, 2, 9, 8, 7, 2, 9, 9, 9, 8, 7, 5, 5, 2, 10, 4, 7, 3, 5, 8, 7, 9, 1, 7, 8, 6, 8, 4, 8, 2, 8, 3, 4, 3, 8, 4, 2, 8, 2, 4, 1, 3, 1, 6, 4, 3, 3, 3, 5, 7, 8, 1, 10, 9, 7, 6, 1, 4, 4, 9, 10, 4, 7, 9, 3, 5, 5, 2, 6, 3, 6, 2, 1, 1, 6, 1, 1, 7, 10, 5, 2, 2, 1, 10, 10, 7, 9, 4, 4, 4, 4, 4, 7, 2, 8, 5, 2, 1, 3, 10, 6, 7, 5, 4, 1, 6, 9, 4, 10, 5, 1, 1, 1, 5, 2, 8, 3, 1, 6, 8, 7, 2, 9, 9, 4, 7, 6, 9, 9, 1, 3, 5, 3, 4, 1, 6, 6, 2, 5, 9, 3, 4, 4, 9, 10, 8, 6, 3, 8, 2, 10, 3, 3, 9, 3, 1, 5, 1, 3, 7, 10, 4, 10, 10, 2, 9, 4, 2, 5, 10, 4, 9, 3, 4, 10, 8, 1, 6, 2, 6, 2, 2, 8, 7, 6, 4, 10, 10, 1, 10, 4, 7, 7, 2, 7, 5, 4, 7, 1, 1, 3, 3, 2, 9, 9, 2]",7.589935205599285e-05,1919,11255.343041957392,647.372,578.8,549.7714285714286,368,249146.0,0.046267204018410224,0.021509009009009008,0.05819249153137207,22,1022
ruleta,"[4, 2, 4, 1, 2, 4, 2, 5, 4, 3, 8, 4, 6, 6, 6, 8, 8, 4, 1, 5, 6, 7, 8, 7, 1, 8, 7, 4, 6, 9, 1, 4, 9, 7, 5, 5, 5, 9, 2, 1, 8, 9, 5, 10, 8, 7, 5, 10, 3, 1, 10, 3, 9, 2, 10, 2, 5, 8, 7, 10, 2, 8, 1, 10, 10, 3, 7, 9, 7, 3, 5, 3, 5, 10, 8, 5, 4, 10, 6, 6, 9, 4, 6, 10, 8, 10, 7, 4, 2, 2, 9, 2, 9, 1, 8, 3, 4, 10, 3, 3, 3, 3, 5, 8, 7, 2, 6, 7, 6, 3, 3, 8, 3, 4, 5, 2, 7, 4, 7, 1, 10, 3, 6, 6, 2, 4, 8, 3, 9, 10, 1, 3, 2, 3, 5, 4, 8, 3, 4, 2, 7, 3, 3, 1, 6, 5, 5, 7, 1, 4, 4, 10, 9, 4, 2, 7, 7, 7, 7, 8, 1, 9, 3, 6, 8, 2, 1, 1, 7, 1, 3, 5, 8, 6, 6, 9, 5, 9, 6, 7, 5, 6, 7, 7, 6, 3, 5, 3, 7, 10, 6, 5, 4, 2, 10, 9, 2, 10, 8, 3, 9, 7, 1, 3, 7, 4, 2, 10, 5, 9, 7, 2, 1, 2, 8, 6, 8, 7, 5, 10, 6, 2, 4, 1, 4, 5, 10, 10, 3, 9, 4, 1, 8, 5, 5, 3, 1, 1, 8, 3, 9, 8, 6, 7, 1, 9, 2, 10, 2, 9, 1, 9, 2, 5, 9, 1, 4, 7, 4, 3, 3, 2, 1, 2, 3, 1, 1, 4, 7, 8, 7, 8, 5, 2, 6, 1, 10, 3, 4, 6, 5, 2, 7, 1, 8, 6, 3, 7, 10, 5, 5, 6, 9, 2, 9, 1, 8, 8, 9, 1, 10, 9, 6, 7, 2, 6, 1, 10, 2, 4, 5, 1, 5, 5, 1, 5, 10, 3, 1, 8, 6, 9, 2, 8, 9, 2, 3, 3, 4, 2, 1, 10, 4, 5, 10, 1, 7, 6, 3, 8, 6, 4, 3, 2, 7, 6, 7, 8, 5, 5, 4, 5, 6, 6, 1, 7, 9, 8, 7, 2, 4, 4, 6, 4, 4, 4, 9, 1, 2, 6, 8, 5, 2, 4, 6, 1, 6, 4, 5, 7, 10, 7, 7, 5, 9, 6, 1, 1, 4, 10, 3, 3, 8, 5, 4, 5, 6, 9, 9, 8, 4, 9, 3, 5, 9, 6, 6, 3, 10, 9, 1, 9, 5, 4, 2, 1, 8, 2, 8, 1, 2, 9, 1, 10, 1, 8, 7, 10, 6, 4, 6, 6, 9, 10, 3, 6, 9, 2, 1, 5, 3, 7, 6, 1, 8, 9, 5, 6, 10, 9, 5, 2, 5, 2, 10, 1, 1, 2, 7, 9, 8, 8, 9, 6, 7, 9, 7, 5, 2, 4, 6, 10, 6, 8, 7, 7, 9, 7, 5, 6, 3, 7, 7, 8, 3, 7, 8, 9, 7, 4, 6, 10, 5, 7, 5, 4, 1, 7, 10, 7]","[4, 2, 4, 1, 2, 4, 2, 5, 4, 3, 8, 4, 6, 6, 6, 8, 8, 4, 1, 5, 6, 7, 8, 7, 1, 8, 7, 4, 6, 9, 1, 4, 9, 7, 5, 5, 5, 9, 2, 1, 8, 9, 5, 10, 8, 7, 5, 10, 3, 1, 10, 3, 9, 2, 10, 2, 5, 8, 7, 10, 2, 8, 1, 10, 10, 3, 7, 9, 7, 3, 5, 3, 5, 10, 8, 5, 4, 10, 6, 6, 9, 4, 6, 10, 8, 10, 7, 4, 2, 2, 9, 2, 9, 1, 8, 3, 4, 10, 3, 3, 3, 3, 5, 8, 7, 2, 6, 7, 6, 3, 3, 8, 3, 4, 5, 2, 7, 4, 7, 1, 10, 3, 6, 6, 2, 4, 8, 3, 9, 10, 1, 3, 2, 3, 5, 4, 8, 3, 4, 2, 7, 3, 3, 1, 6, 5, 5, 7, 1, 4, 4, 10, 9, 4, 2, 7, 7, 7, 7, 8, 1, 9, 3, 6, 8, 2, 1, 1, 7, 1, 3, 5, 8, 6, 6, 9, 5, 9, 6, 7, 5, 6, 7, 7, 6, 3, 5, 3, 7, 10, 6, 5, 4, 2, 10, 9, 2, 10, 8, 3, 9, 7, 1, 3, 7, 4, 2, 10, 5, 9, 7, 2, 1, 2, 8, 6, 8, 7, 5, 10, 6, 2, 4, 1, 4, 5, 10, 10, 3, 9, 4, 1, 8, 5, 5, 3, 1, 1, 8, 3, 9, 8, 6, 7, 1, 9, 2, 10, 2, 9, 1, 9, 2, 5, 9, 1, 4, 7, 4, 3, 3, 2, 1, 2, 3, 1, 1, 4, 7, 8, 7, 8, 5, 2, 6, 1, 10, 3, 4, 6, 5, 2, 7, 1, 8, 6, 3, 7, 10, 5, 5, 6, 9, 2, 9, 1, 8, 8, 9, 1, 10, 9, 6, 7, 2, 6, 1, 10, 2, 4, 5, 1, 5, 5, 1, 5, 10, 3, 1, 8, 6, 9, 2, 8, 9, 2, 3, 3, 4, 2, 1, 10, 4, 5, 10, 1, 7, 6, 3, 8, 6, 4, 3, 2, 7, 6, 7, 8, 5, 5, 4, 5, 6, 6, 1, 7, 9, 8, 7, 2, 4, 4, 6, 4, 4, 4, 9, 1, 2, 6, 8, 5, 2, 4, 6, 1, 6, 4, 5, 7, 10, 7, 7, 5, 9, 6, 1, 1, 4, 10, 3, 3, 8, 5, 4, 5, 6, 9, 9, 8, 4, 9, 3, 5, 9, 6, 6, 3, 10, 9, 1, 9, 5, 4, 2, 1, 8, 2, 8, 1, 2, 9, 1, 10, 1, 8, 7, 10, 6, 4, 6, 6, 9, 10, 3, 6, 9, 2, 1, 5, 3, 7, 6, 1, 8, 9, 5, 6, 10, 9, 5, 2, 5, 2, 10, 1, 1, 2, 7, 9, 8, 8, 9, 6, 7, 9, 7, 5, 2, 4, 6, 10, 6, 8, 7, 7, 9, 7, 5, 6, 3, 7, 7, 8, 3, 7, 8, 9, 7, 4, 6, 10, 5, 7, 5, 4, 1, 7, 10, 7]",7.372326190490588e-05,2002,11561.239755016257,652.81,604.7142857142857,574.7142857142857,366,251947.0,0.10215553081183819,0.04510135135135135,0.06367230415344238,23,1023
ruleta,"[5, 3, 5, 4, 1, 9, 7, 10, 9, 7, 1, 4, 7, 8, 9, 10, 9, 10, 9, 2, 8, 3, 6, 1, 4, 6, 4, 7, 3, 9, 6, 8, 10, 5, 10, 2, 9, 3, 4, 9, 5, 9, 10, 3, 3, 2, 1, 6, 9, 9, 10, 6, 6, 10, 2, 1, 7, 1, 8, 6, 1, 10, 3, 6, 10, 3, 3, 10, 4, 9, 1, 8, 5, 6, 1, 10, 9, 4, 7, 10, 10, 10, 7, 6, 1, 6, 5, 6, 3, 3, 5, 4, 1, 5, 9, 6, 10, 7, 4, 7, 1, 6, 6, 1, 9, 10, 9, 10, 2, 7, 3, 8, 1, 5, 2, 5, 1, 2, 6, 10, 10, 10, 8, 10, 5, 2, 6, 6, 5, 4, 1, 6, 10, 2, 5, 9, 10, 5, 6, 4, 3, 7, 2, 3, 4, 6, 8, 2, 5, 8, 8, 1, 1, 9, 9, 1, 1, 2, 8, 9, 2, 5, 6, 4, 10, 3, 1, 5, 10, 6, 7, 2, 2, 10, 5, 6, 5, 5, 3, 2, 6, 5, 8, 4, 10, 1, 4, 6, 8, 7, 1, 7, 7, 7, 7, 9, 3, 4, 7, 8, 4, 1, 4, 4, 3, 8, 2, 10, 1, 7, 5, 6, 3, 6, 4, 10, 5, 9, 4, 1, 10, 5, 2, 2, 8, 9, 3, 7, 9, 6, 9, 5, 10, 1, 2, 3, 4, 2, 3, 1, 5, 9, 1, 5, 6, 5, 10, 4, 2, 8, 4, 3, 5, 6, 3, 7, 2, 3, 10, 2, 3, 9, 2, 2, 6, 7, 5, 3, 8, 10, 1, 9, 7, 9, 8, 6, 10, 5, 5, 3, 3, 6, 9, 9, 4, 7, 1, 3, 2, 8, 9, 6, 1, 1, 3, 6, 6, 4, 6, 7, 7, 10, 7, 10, 4, 4, 8, 8, 2, 9, 7, 9, 1, 7, 7, 8, 8, 3, 2, 6, 7, 7, 4, 8, 8, 3, 7, 5, 10, 9, 9, 5, 8, 8, 1, 8, 3, 7, 5, 8, 3, 8, 7, 10, 1, 2, 9, 10, 8, 4, 3, 10, 1, 7, 3, 9, 10, 7, 9, 3, 6, 1, 3, 9, 4, 9, 6, 2, 8, 8, 8, 3, 5, 1, 1, 5, 10, 2, 8, 10, 4, 2, 3, 1, 7, 3, 10, 1, 1, 2, 8, 3, 1, 4, 8, 8, 5, 8, 4, 8, 2, 10, 8, 5, 3, 1, 5, 2, 2, 10, 4, 10, 7, 6, 1, 2, 1, 9, 1, 8, 2, 7, 9, 5, 4, 2, 9, 7, 5, 1, 5, 10, 4, 2, 3, 6, 2, 4, 9, 10, 6, 4, 1, 4, 1, 5, 6, 5, 8, 6, 3, 5, 7, 7, 4, 4, 6, 5, 1, 8, 5, 10, 6, 2, 7, 10, 6, 5, 7, 10, 10, 4, 3, 7, 9, 2, 6, 6, 8, 3, 2, 6, 10, 10, 4, 9, 10, 7, 1, 7, 7, 2, 1, 8, 8, 3, 1, 9, 5, 3]","[5, 3, 5, 4, 1, 9, 7, 10, 9, 7, 1, 4, 7, 8, 9, 10, 9, 10, 9, 2, 8, 3, 6, 1, 4, 6, 4, 7, 3, 9, 6, 8, 10, 5, 10, 2, 9, 3, 4, 9, 5, 9, 10, 3, 3, 2, 1, 6, 9, 9, 10, 6, 6, 10, 2, 1, 7, 1, 8, 6, 1, 10, 3, 6, 10, 3, 3, 10, 4, 9, 1, 8, 5, 6, 1, 10, 9, 4, 7, 10, 10, 10, 7, 6, 1, 6, 5, 6, 3, 3, 5, 4, 1, 5, 9, 6, 10, 7, 4, 7, 1, 6, 6, 1, 9, 10, 9, 10, 2, 7, 3, 8, 1, 5, 2, 5, 1, 2, 6, 10, 10, 10, 8, 10, 5, 2, 6, 6, 5, 4, 1, 6, 10, 2, 5, 9, 10, 5, 6, 4, 3, 7, 2, 3, 4, 6, 8, 2, 5, 8, 8, 1, 1, 9, 9, 1, 1, 2, 8, 9, 2, 5, 6, 4, 10, 3, 1, 5, 10, 6, 7, 2, 2, 10, 5, 6, 5, 5, 3, 2, 6, 5, 8, 4, 10, 1, 4, 6, 8, 7, 1, 7, 7, 7, 7, 9, 3, 4, 7, 8, 4, 1, 4, 4, 3, 8, 2, 10, 1, 7, 5, 6, 3, 6, 4, 10, 5, 9, 4, 1, 10, 5, 2, 2, 8, 9, 3, 7, 9, 6, 9, 5, 10, 1, 2, 3, 4, 2, 3, 1, 5, 9, 1, 5, 6, 5, 10, 4, 2, 8, 4, 3, 5, 6, 3, 7, 2, 3, 10, 2, 3, 9, 2, 2, 6, 7, 5, 3, 8, 10, 1, 9, 7, 9, 8, 6, 10, 5, 5, 3, 3, 6, 9, 9, 4, 7, 1, 3, 2, 8, 9, 6, 1, 1, 3, 6, 6, 4, 6, 7, 7, 10, 7, 10, 4, 4, 8, 8, 2, 9, 7, 9, 1, 7, 7, 8, 8, 3, 2, 6, 7, 7, 4, 8, 8, 3, 7, 5, 10, 9, 9, 5, 8, 8, 1, 8, 3, 7, 5, 8, 3, 8, 7, 10, 1, 2, 9, 10, 8, 4, 3, 10, 1, 7, 3, 9, 10, 7, 9, 3, 6, 1, 3, 9, 4, 9, 6, 2, 8, 8, 8, 3, 5, 1, 1, 5, 10, 2, 8, 10, 4, 2, 3, 1, 7, 3, 10, 1, 1, 2, 8, 3, 1, 4, 8, 8, 5, 8, 4, 8, 2, 10, 8, 5, 3, 1, 5, 2, 2, 10, 4, 10, 7, 6, 1, 2, 1, 9, 1, 8, 2, 7, 9, 5, 4, 2, 9, 7, 5, 1, 5, 10, 4, 2, 3, 6, 2, 4, 9, 10, 6, 4, 1, 4, 1, 5, 6, 5, 8, 6, 3, 5, 7, 7, 4, 4, 6, 5, 1, 8, 5, 10, 6, 2, 7, 10, 6, 5, 7, 10, 10, 4, 3, 7, 9, 2, 6, 6, 8, 3, 2, 6, 10, 10, 4, 9, 10, 7, 1, 7, 7, 2, 1, 8, 8, 3, 1, 9, 5, 3]",7.55987143154458e-05,2010,11216.73818384484,648.558,574.2285714285714,545.0857142857143,372,249112.0,0.09089588955730667,0.04121621621621622,0.05762743949890137,24,1024
ruleta,"[7, 3, 3, 7, 5, 7, 10, 6, 2, 2, 3, 9, 7, 7, 1, 2, 7, 8, 4, 1, 10, 9, 3, 4, 5, 7, 4, 1, 3, 5, 4, 8, 7, 10, 6, 2, 6, 7, 9, 2, 4, 7, 5, 3, 4, 2, 10, 6, 2, 10, 2, 1, 2, 8, 6, 3, 2, 6, 6, 4, 4, 7, 7, 5, 9, 8, 3, 7, 10, 2, 7, 6, 2, 3, 5, 5, 7, 6, 1, 7, 10, 5, 1, 2, 2, 4, 10, 8, 10, 3, 4, 10, 2, 9, 1, 6, 7, 3, 4, 2, 6, 8, 6, 7, 8, 3, 3, 2, 6, 4, 4, 1, 9, 8, 4, 10, 4, 3, 4, 4, 2, 4, 10, 4, 7, 6, 6, 10, 3, 8, 2, 9, 1, 8, 2, 2, 3, 5, 7, 10, 1, 1, 10, 9, 4, 8, 5, 9, 4, 1, 5, 3, 8, 4, 6, 6, 4, 1, 8, 5, 9, 5, 9, 2, 2, 3, 6, 1, 8, 4, 8, 10, 2, 5, 3, 5, 2, 3, 3, 6, 7, 7, 9, 8, 8, 6, 9, 9, 3, 9, 7, 4, 7, 10, 1, 2, 1, 10, 8, 10, 3, 4, 5, 6, 4, 3, 1, 5, 7, 3, 8, 7, 6, 9, 9, 10, 9, 4, 9, 10, 5, 4, 6, 6, 3, 3, 4, 10, 3, 7, 4, 1, 9, 3, 5, 7, 1, 10, 10, 9, 9, 6, 6, 9, 6, 8, 4, 3, 6, 3, 10, 5, 7, 1, 1, 8, 8, 2, 2, 8, 8, 5, 3, 6, 6, 6, 3, 5, 6, 3, 7, 9, 9, 1, 8, 1, 3, 2, 5, 1, 7, 7, 4, 1, 1, 10, 3, 10, 2, 3, 3, 5, 8, 6, 7, 1, 2, 5, 1, 7, 3, 2, 2, 2, 4, 5, 1, 10, 7, 3, 8, 6, 9, 9, 6, 3, 10, 5, 9, 5, 1, 9, 7, 1, 3, 7, 9, 3, 1, 7, 1, 7, 4, 1, 8, 10, 8, 5, 5, 5, 6, 10, 9, 8, 3, 2, 6, 6, 7, 3, 4, 1, 1, 1, 8, 10, 4, 4, 5, 3, 6, 8, 8, 9, 4, 10, 7, 2, 3, 8, 5, 7, 5, 1, 3, 9, 6, 3, 4, 4, 3, 5, 9, 2, 5, 8, 3, 2, 8, 7, 1, 5, 3, 1, 8, 7, 7, 2, 6, 4, 1, 2, 1, 10, 2, 10, 1, 2, 4, 5, 9, 1, 1, 6, 6, 9, 7, 9, 1, 8, 5, 5, 6, 4, 4, 9, 4, 6, 7, 10, 4, 7, 3, 9, 2, 1, 6, 5, 1, 5, 3, 6, 9, 5, 9, 6, 5, 6, 3, 1, 2, 4, 1, 9, 2, 4, 3, 7, 2, 3, 5, 6, 5, 5, 9, 9, 4, 1, 10, 8, 4, 9, 1, 10, 5, 9, 6, 3, 7, 6, 1, 2, 2, 9, 6, 5, 10, 9, 8, 8, 9, 7, 8, 7, 6, 10, 2, 10, 5, 6]","[7, 3, 3, 7, 5, 7, 10, 6, 2, 2, 3, 9, 7, 7, 1, 2, 7, 8, 4, 1, 10, 9, 3, 4, 5, 7, 4, 1, 3, 5, 4, 8, 7, 10, 6, 2, 6, 7, 9, 2, 4, 7, 5, 3, 4, 2, 10, 6, 2, 10, 2, 1, 2, 8, 6, 3, 2, 6, 6, 4, 4, 7, 7, 5, 9, 8, 3, 7, 10, 2, 7, 6, 2, 3, 5, 5, 7, 6, 1, 7, 10, 5, 1, 2, 2, 4, 10, 8, 10, 3, 4, 10, 2, 9, 1, 6, 7, 3, 4, 2, 6, 8, 6, 7, 8, 3, 3, 2, 6, 4, 4, 1, 9, 8, 4, 10, 4, 3, 4, 4, 2, 4, 10, 4, 7, 6, 6, 10, 3, 8, 2, 9, 1, 8, 2, 2, 3, 5, 7, 10, 1, 1, 10, 9, 4, 8, 5, 9, 4, 1, 5, 3, 8, 4, 6, 6, 4, 1, 8, 5, 9, 5, 9, 2, 2, 3, 6, 1, 8, 4, 8, 10, 2, 5, 3, 5, 2, 3, 3, 6, 7, 7, 9, 8, 8, 6, 9, 9, 3, 9, 7, 4, 7, 10, 1, 2, 1, 10, 8, 10, 3, 4, 5, 6, 4, 3, 1, 5, 7, 3, 8, 7, 6, 9, 9, 10, 9, 4, 9, 10, 5, 4, 6, 6, 3, 3, 4, 10, 3, 7, 4, 1, 9, 3, 5, 7, 1, 10, 10, 9, 9, 6, 6, 9, 6, 8, 4, 3, 6, 3, 10, 5, 7, 1, 1, 8, 8, 2, 2, 8, 8, 5, 3, 6, 6, 6, 3, 5, 6, 3, 7, 9, 9, 1, 8, 1, 3, 2, 5, 1, 7, 7, 4, 1, 1, 10, 3, 10, 2, 3, 3, 5, 8, 6, 7, 1, 2, 5, 1, 7, 3, 2, 2, 2, 4, 5, 1, 10, 7, 3, 8, 6, 9, 9, 6, 3, 10, 5, 9, 5, 1, 9, 7, 1, 3, 7, 9, 3, 1, 7, 1, 7, 4, 1, 8, 10, 8, 5, 5, 5, 6, 10, 9, 8, 3, 2, 6, 6, 7, 3, 4, 1, 1, 1, 8, 10, 4, 4, 5, 3, 6, 8, 8, 9, 4, 10, 7, 2, 3, 8, 5, 7, 5, 1, 3, 9, 6, 3, 4, 4, 3, 5, 9, 2, 5, 8, 3, 2, 8, 7, 1, 5, 3, 1, 8, 7, 7, 2, 6, 4, 1, 2, 1, 10, 2, 10, 1, 2, 4, 5, 9, 1, 1, 6, 6, 9, 7, 9, 1, 8, 5, 5, 6, 4, 4, 9, 4, 6, 7, 10, 4, 7, 3, 9, 2, 1, 6, 5, 1, 5, 3, 6, 9, 5, 9, 6, 5, 6, 3, 1, 2, 4, 1, 9, 2, 4, 3, 7, 2, 3, 5, 6, 5, 5, 9, 9, 4, 1, 10, 8, 4, 9, 1, 10, 5, 9, 6, 3, 7, 6, 1, 2, 2, 9, 6, 5, 10, 9, 8, 8, 9, 7, 8, 7, 6, 10, 2, 10, 5, 6]",7.567511156411162e-05,1920,11293.38421868469,644.932,584.9,555.3285714285714,370,248222.0,0.05010881653807239,0.021283783783783785,0.05823922157287598,25,1025
ruleta,"[9, 10, 7, 4, 10, 4, 10, 1, 5, 5, 3, 9, 6, 2, 2, 1, 1, 6, 4, 1, 10, 5, 1, 8, 1, 10, 8, 5, 3, 2, 1, 7, 5, 6, 5, 4, 9, 2, 1, 10, 6, 6, 10, 4, 1, 1, 7, 7, 6, 2, 6, 9, 9, 2, 10, 3, 2, 2, 10, 3, 6, 7, 6, 9, 9, 8, 1, 6, 9, 2, 6, 8, 4, 1, 3, 10, 4, 8, 3, 8, 8, 5, 3, 8, 4, 5, 4, 4, 2, 10, 4, 3, 7, 9, 5, 7, 2, 3, 10, 4, 5, 4, 10, 8, 8, 1, 2, 3, 9, 3, 9, 6, 10, 7, 8, 6, 6, 4, 3, 9, 7, 9, 4, 2, 6, 3, 10, 5, 5, 1, 3, 1, 2, 6, 4, 5, 3, 1, 9, 7, 2, 2, 8, 5, 1, 8, 10, 8, 9, 4, 9, 5, 10, 6, 3, 5, 3, 10, 5, 8, 2, 5, 2, 10, 4, 9, 6, 3, 9, 1, 1, 7, 5, 5, 2, 1, 3, 4, 4, 4, 1, 1, 5, 1, 1, 1, 10, 4, 4, 6, 2, 5, 9, 7, 3, 2, 10, 3, 7, 6, 4, 7, 2, 2, 6, 3, 3, 7, 8, 8, 2, 2, 3, 10, 6, 1, 2, 3, 6, 4, 8, 5, 9, 5, 4, 2, 2, 8, 9, 2, 3, 10, 5, 2, 3, 9, 7, 10, 9, 8, 3, 6, 2, 9, 7, 3, 3, 8, 7, 6, 6, 3, 4, 10, 2, 10, 8, 1, 6, 7, 5, 10, 2, 8, 7, 5, 2, 1, 6, 1, 9, 3, 4, 8, 1, 7, 6, 8, 1, 5, 5, 6, 4, 9, 4, 6, 5, 1, 3, 6, 4, 2, 3, 6, 1, 3, 9, 4, 8, 9, 8, 6, 7, 8, 5, 1, 5, 1, 10, 6, 8, 4, 5, 1, 1, 9, 4, 8, 6, 3, 4, 5, 1, 4, 1, 4, 10, 1, 8, 10, 8, 6, 6, 1, 3, 10, 5, 10, 3, 10, 1, 5, 5, 7, 6, 1, 9, 5, 9, 4, 8, 8, 3, 4, 5, 1, 2, 1, 9, 10, 6, 7, 5, 2, 3, 9, 4, 1, 7, 7, 3, 3, 5, 2, 5, 1, 5, 4, 3, 3, 1, 7, 5, 1, 9, 10, 7, 10, 1, 9, 7, 1, 8, 4, 10, 10, 1, 10, 7, 1, 2, 9, 6, 3, 5, 7, 9, 7, 1, 7, 5, 8, 1, 6, 8, 9, 10, 4, 5, 1, 2, 3, 4, 3, 6, 8, 8, 7, 10, 5, 8, 8, 7, 7, 8, 5, 9, 1, 10, 10, 7, 3, 5, 6, 8, 2, 2, 8, 10, 7, 9, 4, 9, 7, 2, 6, 4, 8, 8, 4, 2, 6, 8, 4, 10, 6, 5, 2, 8, 4, 3, 4, 8, 1, 9, 4, 6, 3, 8, 9, 4, 6, 2, 9, 9, 2, 5, 10, 3, 3, 6, 2, 4, 6, 4, 5, 5, 5, 9, 6]","[9, 10, 7, 4, 10, 4, 10, 1, 5, 5, 3, 9, 6, 2, 2, 1, 1, 6, 4, 1, 10, 5, 1, 8, 1, 10, 8, 5, 3, 2, 1, 7, 5, 6, 5, 4, 9, 2, 1, 10, 6, 6, 10, 4, 1, 1, 7, 7, 6, 2, 6, 9, 9, 2, 10, 3, 2, 2, 10, 3, 6, 7, 6, 9, 9, 8, 1, 6, 9, 2, 6, 8, 4, 1, 3, 10, 4, 8, 3, 8, 8, 5, 3, 8, 4, 5, 4, 4, 2, 10, 4, 3, 7, 9, 5, 7, 2, 3, 10, 4, 5, 4, 10, 8, 8, 1, 2, 3, 9, 3, 9, 6, 10, 7, 8, 6, 6, 4, 3, 9, 7, 9, 4, 2, 6, 3, 10, 5, 5, 1, 3, 1, 2, 6, 4, 5, 3, 1, 9, 7, 2, 2, 8, 5, 1, 8, 10, 8, 9, 4, 9, 5, 10, 6, 3, 5, 3, 10, 5, 8, 2, 5, 2, 10, 4, 9, 6, 3, 9, 1, 1, 7, 5, 5, 2, 1, 3, 4, 4, 4, 1, 1, 5, 1, 1, 1, 10, 4, 4, 6, 2, 5, 9, 7, 3, 2, 10, 3, 7, 6, 4, 7, 2, 2, 6, 3, 3, 7, 8, 8, 2, 2, 3, 10, 6, 1, 2, 3, 6, 4, 8, 5, 9, 5, 4, 2, 2, 8, 9, 2, 3, 10, 5, 2, 3, 9, 7, 10, 9, 8, 3, 6, 2, 9, 7, 3, 3, 8, 7, 6, 6, 3, 4, 10, 2, 10, 8, 1, 6, 7, 5, 10, 2, 8, 7, 5, 2, 1, 6, 1, 9, 3, 4, 8, 1, 7, 6, 8, 1, 5, 5, 6, 4, 9, 4, 6, 5, 1, 3, 6, 4, 2, 3, 6, 1, 3, 9, 4, 8, 9, 8, 6, 7, 8, 5, 1, 5, 1, 10, 6, 8, 4, 5, 1, 1, 9, 4, 8, 6, 3, 4, 5, 1, 4, 1, 4, 10, 1, 8, 10, 8, 6, 6, 1, 3, 10, 5, 10, 3, 10, 1, 5, 5, 7, 6, 1, 9, 5, 9, 4, 8, 8, 3, 4, 5, 1, 2, 1, 9, 10, 6, 7, 5, 2, 3, 9, 4, 1, 7, 7, 3, 3, 5, 2, 5, 1, 5, 4, 3, 3, 1, 7, 5, 1, 9, 10, 7, 10, 1, 9, 7, 1, 8, 4, 10, 10, 1, 10, 7, 1, 2, 9, 6, 3, 5, 7, 9, 7, 1, 7, 5, 8, 1, 6, 8, 9, 10, 4, 5, 1, 2, 3, 4, 3, 6, 8, 8, 7, 10, 5, 8, 8, 7, 7, 8, 5, 9, 1, 10, 10, 7, 3, 5, 6, 8, 2, 2, 8, 10, 7, 9, 4, 9, 7, 2, 6, 4, 8, 8, 4, 2, 6, 8, 4, 10, 6, 5, 2, 8, 4, 3, 4, 8, 1, 9, 4, 6, 3, 8, 9, 4, 6, 2, 9, 9, 2, 5, 10, 3, 3, 6, 2, 4, 6, 4, 5, 5, 5, 9, 6]",7.564758136953844e-05,2024,11194.193289406041,647.572,573.4857142857143,543.5857142857143,372,248686.0,0.09032205497083587,0.038288288288288286,0.057291507720947266,26,1026
ruleta,"[2, 3, 6, 5, 8, 7, 10, 1, 10, 6, 8, 1, 2, 10, 3, 3, 5, 1, 3, 8, 10, 6, 7, 6, 1, 5, 9, 5, 1, 9, 5, 10, 5, 4, 5, 8, 3, 7, 8, 5, 9, 8, 4, 7, 8, 2, 10, 6, 8, 3, 3, 7, 4, 8, 2, 1, 7, 6, 1, 9, 9, 3, 3, 3, 7, 6, 10, 1, 4, 4, 1, 8, 9, 4, 4, 9, 1, 10, 2, 5, 7, 2, 4, 4, 3, 2, 5, 5, 10, 5, 6, 3, 8, 7, 6, 10, 3, 4, 6, 7, 3, 10, 3, 6, 4, 7, 10, 5, 3, 4, 9, 1, 5, 7, 8, 3, 2, 5, 8, 4, 8, 5, 9, 2, 8, 8, 8, 1, 8, 5, 10, 8, 9, 1, 3, 9, 9, 1, 1, 6, 10, 2, 9, 8, 5, 2, 6, 9, 9, 6, 2, 6, 9, 1, 5, 4, 6, 4, 9, 7, 10, 9, 5, 4, 9, 2, 8, 4, 6, 8, 1, 3, 6, 4, 3, 6, 7, 7, 4, 5, 4, 10, 8, 4, 2, 10, 2, 4, 8, 9, 5, 2, 5, 9, 1, 2, 4, 9, 9, 9, 1, 4, 1, 2, 10, 5, 7, 8, 3, 10, 2, 5, 8, 1, 2, 1, 8, 4, 7, 1, 10, 5, 4, 1, 8, 1, 8, 5, 1, 9, 7, 6, 9, 9, 5, 4, 10, 8, 8, 1, 10, 10, 9, 6, 6, 9, 5, 7, 1, 5, 10, 6, 2, 7, 6, 10, 2, 7, 6, 3, 7, 4, 5, 7, 10, 10, 1, 9, 3, 2, 8, 8, 1, 5, 2, 6, 5, 2, 2, 3, 4, 2, 7, 6, 7, 10, 5, 4, 1, 9, 2, 8, 10, 8, 8, 6, 4, 1, 2, 10, 4, 7, 3, 10, 2, 4, 3, 8, 8, 2, 3, 3, 10, 4, 4, 10, 1, 3, 5, 5, 9, 2, 5, 3, 4, 8, 9, 2, 9, 5, 3, 5, 5, 6, 2, 6, 4, 9, 2, 10, 1, 2, 1, 4, 5, 3, 1, 10, 4, 7, 10, 1, 4, 4, 6, 9, 7, 1, 8, 8, 3, 1, 1, 6, 4, 6, 2, 8, 3, 6, 10, 2, 7, 9, 1, 2, 4, 4, 1, 3, 5, 5, 3, 3, 9, 6, 7, 7, 4, 7, 2, 10, 4, 5, 7, 10, 4, 3, 7, 2, 2, 3, 10, 6, 6, 2, 3, 6, 6, 7, 3, 9, 6, 2, 3, 2, 10, 10, 3, 5, 5, 2, 4, 2, 1, 10, 9, 4, 7, 1, 1, 9, 10, 6, 8, 2, 10, 7, 6, 3, 7, 2, 3, 7, 8, 2, 6, 9, 7, 7, 5, 10, 8, 7, 1, 6, 10, 1, 8, 8, 10, 6, 7, 10, 6, 6, 1, 3, 5, 10, 9, 6, 5, 9, 5, 8, 7, 1, 6, 8, 2, 4, 8, 4, 2, 7, 9, 3, 7, 10, 4, 1, 4, 1, 10, 6, 4, 3, 1, 5]","[2, 3, 6, 5, 8, 7, 10, 1, 10, 6, 8, 1, 2, 10, 3, 3, 5, 1, 3, 8, 10, 6, 7, 6, 1, 5, 9, 5, 1, 9, 5, 10, 5, 4, 5, 8, 3, 7, 8, 5, 9, 8, 4, 7, 8, 2, 10, 6, 8, 3, 3, 7, 4, 8, 2, 1, 7, 6, 1, 9, 9, 3, 3, 3, 7, 6, 10, 1, 4, 4, 1, 8, 9, 4, 4, 9, 1, 10, 2, 5, 7, 2, 4, 4, 3, 2, 5, 5, 10, 5, 6, 3, 8, 7, 6, 10, 3, 4, 6, 7, 3, 10, 3, 6, 4, 7, 10, 5, 3, 4, 9, 1, 5, 7, 8, 3, 2, 5, 8, 4, 8, 5, 9, 2, 8, 8, 8, 1, 8, 5, 10, 8, 9, 1, 3, 9, 9, 1, 1, 6, 10, 2, 9, 8, 5, 2, 6, 9, 9, 6, 2, 6, 9, 1, 5, 4, 6, 4, 9, 7, 10, 9, 5, 4, 9, 2, 8, 4, 6, 8, 1, 3, 6, 4, 3, 6, 7, 7, 4, 5, 4, 10, 8, 4, 2, 10, 2, 4, 8, 9, 5, 2, 5, 9, 1, 2, 4, 9, 9, 9, 1, 4, 1, 2, 10, 5, 7, 8, 3, 10, 2, 5, 8, 1, 2, 1, 8, 4, 7, 1, 10, 5, 4, 1, 8, 1, 8, 5, 1, 9, 7, 6, 9, 9, 5, 4, 10, 8, 8, 1, 10, 10, 9, 6, 6, 9, 5, 7, 1, 5, 10, 6, 2, 7, 6, 10, 2, 7, 6, 3, 7, 4, 5, 7, 10, 10, 1, 9, 3, 2, 8, 8, 1, 5, 2, 6, 5, 2, 2, 3, 4, 2, 7, 6, 7, 10, 5, 4, 1, 9, 2, 8, 10, 8, 8, 6, 4, 1, 2, 10, 4, 7, 3, 10, 2, 4, 3, 8, 8, 2, 3, 3, 10, 4, 4, 10, 1, 3, 5, 5, 9, 2, 5, 3, 4, 8, 9, 2, 9, 5, 3, 5, 5, 6, 2, 6, 4, 9, 2, 10, 1, 2, 1, 4, 5, 3, 1, 10, 4, 7, 10, 1, 4, 4, 6, 9, 7, 1, 8, 8, 3, 1, 1, 6, 4, 6, 2, 8, 3, 6, 10, 2, 7, 9, 1, 2, 4, 4, 1, 3, 5, 5, 3, 3, 9, 6, 7, 7, 4, 7, 2, 10, 4, 5, 7, 10, 4, 3, 7, 2, 2, 3, 10, 6, 6, 2, 3, 6, 6, 7, 3, 9, 6, 2, 3, 2, 10, 10, 3, 5, 5, 2, 4, 2, 1, 10, 9, 4, 7, 1, 1, 9, 10, 6, 8, 2, 10, 7, 6, 3, 7, 2, 3, 7, 8, 2, 6, 9, 7, 7, 5, 10, 8, 7, 1, 6, 10, 1, 8, 8, 10, 6, 7, 10, 6, 6, 1, 3, 5, 10, 9, 6, 5, 9, 5, 8, 7, 1, 6, 8, 2, 4, 8, 4, 2, 7, 9, 3, 7, 10, 4, 1, 4, 1, 10, 6, 4, 3, 1, 5]",7.602367634405261e-05,1905,11247.796923400572,641.302,582.5428571428571,553.4,365,247295.0,0.06569283565781639,0.028434684684684686,0.058356285095214844,27,1027
ruleta,"[6, 3, 6, 4, 7, 9, 8, 4, 10, 2, 7, 4, 8, 3, 5, 9, 7, 7, 10, 10, 3, 10, 5, 4, 8, 8, 8, 3, 7, 5, 3, 7, 3, 10, 4, 4, 5, 2, 8, 6, 5, 2, 9, 3, 9, 4, 9, 10, 3, 5, 2, 5, 6, 5, 2, 9, 5, 8, 5, 5, 10, 2, 8, 7, 6, 9, 5, 7, 4, 1, 9, 1, 10, 7, 1, 6, 2, 9, 1, 6, 5, 9, 10, 4, 2, 4, 6, 5, 8, 6, 6, 9, 9, 2, 3, 6, 2, 2, 2, 1, 8, 5, 6, 8, 3, 3, 3, 2, 5, 7, 3, 10, 9, 8, 1, 7, 8, 10, 6, 7, 10, 1, 5, 2, 9, 8, 2, 6, 3, 1, 9, 1, 10, 9, 1, 2, 2, 6, 8, 10, 5, 2, 1, 7, 6, 4, 2, 5, 1, 7, 1, 2, 3, 5, 2, 9, 1, 1, 7, 9, 4, 4, 4, 2, 10, 2, 2, 1, 7, 7, 1, 1, 7, 8, 2, 10, 6, 7, 4, 8, 9, 4, 4, 5, 8, 2, 3, 2, 5, 8, 8, 3, 7, 9, 3, 7, 4, 8, 9, 9, 2, 8, 2, 10, 10, 5, 4, 7, 8, 1, 6, 9, 2, 1, 5, 4, 8, 6, 5, 1, 10, 9, 3, 5, 3, 10, 6, 3, 2, 1, 1, 5, 8, 5, 7, 10, 7, 3, 6, 8, 6, 1, 3, 8, 7, 5, 4, 6, 9, 4, 7, 4, 1, 4, 3, 8, 6, 8, 8, 2, 5, 6, 1, 8, 2, 3, 9, 4, 9, 2, 9, 6, 1, 9, 8, 4, 7, 7, 8, 1, 1, 6, 4, 4, 5, 6, 10, 5, 7, 8, 8, 6, 4, 7, 8, 3, 5, 10, 4, 6, 6, 10, 1, 8, 8, 10, 6, 8, 5, 9, 3, 10, 3, 3, 4, 7, 6, 7, 3, 3, 1, 4, 2, 7, 3, 4, 10, 9, 6, 9, 6, 2, 1, 1, 2, 9, 6, 8, 10, 7, 1, 2, 7, 3, 7, 2, 10, 8, 1, 10, 1, 9, 3, 5, 7, 9, 4, 1, 6, 4, 6, 10, 6, 10, 1, 6, 10, 8, 5, 8, 10, 2, 2, 5, 1, 9, 3, 9, 9, 6, 4, 1, 2, 6, 8, 6, 8, 8, 3, 5, 3, 5, 7, 9, 10, 6, 6, 10, 7, 6, 3, 3, 1, 5, 10, 9, 3, 2, 7, 10, 7, 2, 3, 3, 9, 7, 4, 2, 10, 3, 3, 8, 6, 8, 8, 2, 7, 1, 5, 5, 6, 7, 1, 10, 3, 9, 5, 5, 1, 5, 5, 7, 8, 4, 8, 7, 10, 4, 3, 6, 1, 6, 1, 2, 9, 2, 7, 9, 6, 2, 1, 1, 4, 9, 9, 9, 5, 9, 6, 2, 7, 3, 7, 1, 2, 3, 10, 9, 5, 10, 4, 10, 5, 8, 7, 2, 7, 5, 9, 1, 3, 6, 2, 2, 8, 8, 10, 5, 7, 7]","[6, 3, 6, 4, 7, 9, 8, 4, 10, 2, 7, 4, 8, 3, 5, 9, 7, 7, 10, 10, 3, 10, 5, 4, 8, 8, 8, 3, 7, 5, 3, 7, 3, 10, 4, 4, 5, 2, 8, 6, 5, 2, 9, 3, 9, 4, 9, 10, 3, 5, 2, 5, 6, 5, 2, 9, 5, 8, 5, 5, 10, 2, 8, 7, 6, 9, 5, 7, 4, 1, 9, 1, 10, 7, 1, 6, 2, 9, 1, 6, 5, 9, 10, 4, 2, 4, 6, 5, 8, 6, 6, 9, 9, 2, 3, 6, 2, 2, 2, 1, 8, 5, 6, 8, 3, 3, 3, 2, 5, 7, 3, 10, 9, 8, 1, 7, 8, 10, 6, 7, 10, 1, 5, 2, 9, 8, 2, 6, 3, 1, 9, 1, 10, 9, 1, 2, 2, 6, 8, 10, 5, 2, 1, 7, 6, 4, 2, 5, 1, 7, 1, 2, 3, 5, 2, 9, 1, 1, 7, 9, 4, 4, 4, 2, 10, 2, 2, 1, 7, 7, 1, 1, 7, 8, 2, 10, 6, 7, 4, 8, 9, 4, 4, 5, 8, 2, 3, 2, 5, 8, 8, 3, 7, 9, 3, 7, 4, 8, 9, 9, 2, 8, 2, 10, 10, 5, 4, 7, 8, 1, 6, 9, 2, 1, 5, 4, 8, 6, 5, 1, 10, 9, 3, 5, 3, 10, 6, 3, 2, 1, 1, 5, 8, 5, 7, 10, 7, 3, 6, 8, 6, 1, 3, 8, 7, 5, 4, 6, 9, 4, 7, 4, 1, 4, 3, 8, 6, 8, 8, 2, 5, 6, 1, 8, 2, 3, 9, 4, 9, 2, 9, 6, 1, 9, 8, 4, 7, 7, 8, 1, 1, 6, 4, 4, 5, 6, 10, 5, 7, 8, 8, 6, 4, 7, 8, 3, 5, 10, 4, 6, 6, 10, 1, 8, 8, 10, 6, 8, 5, 9, 3, 10, 3, 3, 4, 7, 6, 7, 3, 3, 1, 4, 2, 7, 3, 4, 10, 9, 6, 9, 6, 2, 1, 1, 2, 9, 6, 8, 10, 7, 1, 2, 7, 3, 7, 2, 10, 8, 1, 10, 1, 9, 3, 5, 7, 9, 4, 1, 6, 4, 6, 10, 6, 10, 1, 6, 10, 8, 5, 8, 10, 2, 2, 5, 1, 9, 3, 9, 9, 6, 4, 1, 2, 6, 8, 6, 8, 8, 3, 5, 3, 5, 7, 9, 10, 6, 6, 10, 7, 6, 3, 3, 1, 5, 10, 9, 3, 2, 7, 10, 7, 2, 3, 3, 9, 7, 4, 2, 10, 3, 3, 8, 6, 8, 8, 2, 7, 1, 5, 5, 6, 7, 1, 10, 3, 9, 5, 5, 1, 5, 5, 7, 8, 4, 8, 7, 10, 4, 3, 6, 1, 6, 1, 2, 9, 2, 7, 9, 6, 2, 1, 1, 4, 9, 9, 9, 5, 9, 6, 2, 7, 3, 7, 1, 2, 3, 10, 9, 5, 10, 4, 10, 5, 8, 7, 2, 7, 5, 9, 1, 3, 6, 2, 2, 8, 8, 10, 5, 7, 7]",7.538308085932323e-05,1938,11326.576155824121,648.798,585.0428571428571,555.6,368,249689.0,0.08179079714742682,0.030743243243243245,0.05861926078796387,28,1028
ruleta,"[8, 6, 2, 2, 10, 1, 10, 8, 9, 8, 2, 10, 8, 9, 7, 8, 5, 7, 3, 7, 6, 6, 5, 6, 3, 7, 6, 6, 4, 6, 10, 2, 7, 6, 6, 10, 10, 7, 5, 1, 1, 5, 9, 3, 3, 1, 9, 3, 5, 6, 2, 5, 3, 7, 3, 10, 9, 7, 4, 4, 7, 6, 3, 1, 5, 5, 10, 10, 1, 6, 7, 3, 2, 7, 5, 8, 5, 4, 2, 8, 3, 7, 9, 4, 4, 10, 6, 7, 3, 10, 4, 4, 6, 9, 9, 6, 10, 1, 5, 2, 2, 10, 8, 7, 2, 6, 1, 6, 4, 2, 7, 4, 9, 4, 3, 2, 7, 9, 7, 1, 8, 4, 9, 2, 9, 2, 10, 3, 3, 7, 2, 5, 8, 10, 8, 8, 7, 6, 6, 1, 5, 8, 6, 4, 2, 4, 7, 8, 4, 8, 1, 8, 3, 6, 3, 9, 6, 2, 1, 1, 6, 7, 6, 8, 9, 1, 8, 2, 6, 7, 5, 5, 2, 9, 5, 1, 9, 8, 10, 9, 5, 10, 5, 8, 9, 7, 8, 10, 5, 2, 8, 10, 3, 2, 4, 5, 2, 8, 8, 9, 7, 10, 10, 7, 3, 1, 1, 6, 1, 1, 1, 1, 10, 2, 10, 7, 5, 8, 10, 8, 9, 10, 3, 6, 10, 6, 9, 7, 4, 3, 1, 10, 8, 6, 8, 3, 1, 2, 7, 1, 5, 8, 7, 7, 6, 6, 8, 4, 10, 8, 5, 9, 1, 2, 10, 4, 4, 6, 9, 9, 9, 5, 8, 6, 2, 7, 6, 5, 5, 6, 6, 1, 3, 3, 8, 2, 7, 1, 2, 7, 9, 3, 9, 4, 4, 6, 2, 10, 8, 6, 5, 5, 2, 8, 9, 8, 3, 5, 3, 7, 7, 5, 2, 3, 7, 7, 1, 9, 7, 4, 5, 5, 7, 10, 2, 3, 8, 6, 1, 10, 3, 6, 1, 4, 9, 2, 5, 10, 6, 5, 7, 7, 1, 4, 4, 4, 3, 6, 5, 3, 3, 10, 6, 2, 6, 1, 8, 4, 4, 7, 4, 8, 8, 10, 5, 3, 6, 9, 7, 7, 5, 1, 4, 6, 2, 9, 4, 9, 9, 1, 9, 3, 6, 10, 5, 8, 5, 9, 7, 6, 8, 3, 6, 8, 6, 3, 8, 1, 1, 9, 10, 4, 10, 8, 7, 6, 7, 8, 2, 9, 9, 8, 6, 7, 5, 8, 9, 7, 8, 2, 4, 10, 2, 4, 7, 7, 3, 5, 9, 6, 10, 5, 1, 7, 3, 3, 10, 4, 4, 6, 9, 2, 2, 3, 10, 1, 1, 5, 3, 9, 1, 4, 5, 9, 6, 6, 10, 3, 8, 10, 4, 2, 6, 3, 7, 9, 10, 2, 2, 10, 9, 2, 5, 8, 8, 4, 10, 3, 3, 4, 4, 10, 3, 3, 9, 1, 2, 5, 7, 10, 8, 8, 9, 2, 10, 4, 9, 3, 2, 1, 5, 6, 3, 3, 4, 6, 3, 6, 1, 10]","[8, 6, 2, 2, 10, 1, 10, 8, 9, 8, 2, 10, 8, 9, 7, 8, 5, 7, 3, 7, 6, 6, 5, 6, 3, 7, 6, 6, 4, 6, 10, 2, 7, 6, 6, 10, 10, 7, 5, 1, 1, 5, 9, 3, 3, 1, 9, 3, 5, 6, 2, 5, 3, 7, 3, 10, 9, 7, 4, 4, 7, 6, 3, 1, 5, 5, 10, 10, 1, 6, 7, 3, 2, 7, 5, 8, 5, 4, 2, 8, 3, 7, 9, 4, 4, 10, 6, 7, 3, 10, 4, 4, 6, 9, 9, 6, 10, 1, 5, 2, 2, 10, 8, 7, 2, 6, 1, 6, 4, 2, 7, 4, 9, 4, 3, 2, 7, 9, 7, 1, 8, 4, 9, 2, 9, 2, 10, 3, 3, 7, 2, 5, 8, 10, 8, 8, 7, 6, 6, 1, 5, 8, 6, 4, 2, 4, 7, 8, 4, 8, 1, 8, 3, 6, 3, 9, 6, 2, 1, 1, 6, 7, 6, 8, 9, 1, 8, 2, 6, 7, 5, 5, 2, 9, 5, 1, 9, 8, 10, 9, 5, 10, 5, 8, 9, 7, 8, 10, 5, 2, 8, 10, 3, 2, 4, 5, 2, 8, 8, 9, 7, 10, 10, 7, 3, 1, 1, 6, 1, 1, 1, 1, 10, 2, 10, 7, 5, 8, 10, 8, 9, 10, 3, 6, 10, 6, 9, 7, 4, 3, 1, 10, 8, 6, 8, 3, 1, 2, 7, 1, 5, 8, 7, 7, 6, 6, 8, 4, 10, 8, 5, 9, 1, 2, 10, 4, 4, 6, 9, 9, 9, 5, 8, 6, 2, 7, 6, 5, 5, 6, 6, 1, 3, 3, 8, 2, 7, 1, 2, 7, 9, 3, 9, 4, 4, 6, 2, 10, 8, 6, 5, 5, 2, 8, 9, 8, 3, 5, 3, 7, 7, 5, 2, 3, 7, 7, 1, 9, 7, 4, 5, 5, 7, 10, 2, 3, 8, 6, 1, 10, 3, 6, 1, 4, 9, 2, 5, 10, 6, 5, 7, 7, 1, 4, 4, 4, 3, 6, 5, 3, 3, 10, 6, 2, 6, 1, 8, 4, 4, 7, 4, 8, 8, 10, 5, 3, 6, 9, 7, 7, 5, 1, 4, 6, 2, 9, 4, 9, 9, 1, 9, 3, 6, 10, 5, 8, 5, 9, 7, 6, 8, 3, 6, 8, 6, 3, 8, 1, 1, 9, 10, 4, 10, 8, 7, 6, 7, 8, 2, 9, 9, 8, 6, 7, 5, 8, 9, 7, 8, 2, 4, 10, 2, 4, 7, 7, 3, 5, 9, 6, 10, 5, 1, 7, 3, 3, 10, 4, 4, 6, 9, 2, 2, 3, 10, 1, 1, 5, 3, 9, 1, 4, 5, 9, 6, 6, 10, 3, 8, 10, 4, 2, 6, 3, 7, 9, 10, 2, 2, 10, 9, 2, 5, 8, 8, 4, 10, 3, 3, 4, 4, 10, 3, 3, 9, 1, 2, 5, 7, 10, 8, 8, 9, 2, 10, 4, 9, 3, 2, 1, 5, 6, 3, 3, 4, 6, 3, 6, 1, 10]",7.42607392022065e-05,2068,11397.065793892436,649.736,590.1714285714286,560.1714285714286,366,250957.0,0.10265552298655384,0.04391891891891892,0.05845952033996582,29,1029
ruleta,"[8, 6, 3, 1, 6, 7, 7, 9, 3, 2, 8, 4, 5, 4, 10, 10, 5, 2, 6, 9, 2, 5, 7, 1, 7, 7, 8, 6, 10, 6, 5, 2, 1, 2, 3, 1, 9, 7, 10, 6, 7, 3, 6, 6, 4, 6, 9, 8, 4, 4, 1, 3, 7, 5, 1, 10, 10, 4, 7, 9, 3, 7, 2, 10, 4, 9, 1, 8, 8, 7, 9, 9, 2, 5, 10, 5, 4, 3, 4, 7, 1, 7, 10, 9, 8, 6, 5, 8, 9, 2, 2, 9, 6, 2, 3, 9, 6, 6, 1, 1, 6, 9, 5, 10, 10, 10, 9, 3, 4, 9, 1, 1, 9, 1, 2, 3, 8, 2, 2, 4, 6, 10, 10, 9, 3, 6, 10, 2, 6, 6, 10, 6, 3, 4, 6, 7, 2, 7, 4, 9, 7, 3, 4, 2, 5, 2, 1, 9, 9, 8, 1, 4, 10, 5, 1, 3, 9, 8, 5, 4, 1, 8, 2, 8, 2, 2, 4, 3, 4, 4, 7, 8, 1, 5, 6, 2, 10, 7, 5, 5, 6, 9, 4, 2, 6, 6, 6, 10, 2, 8, 9, 10, 6, 2, 7, 3, 8, 9, 8, 5, 2, 10, 1, 7, 5, 7, 5, 9, 10, 8, 10, 1, 4, 2, 7, 10, 5, 8, 10, 1, 8, 1, 10, 4, 4, 10, 10, 7, 5, 6, 2, 7, 10, 10, 5, 3, 4, 6, 10, 10, 8, 7, 9, 9, 8, 9, 3, 5, 1, 10, 3, 4, 1, 5, 1, 4, 1, 1, 1, 7, 10, 2, 5, 1, 2, 9, 1, 3, 10, 8, 5, 5, 4, 4, 8, 3, 4, 8, 3, 8, 9, 4, 4, 1, 8, 6, 2, 4, 8, 2, 5, 8, 1, 8, 10, 7, 9, 9, 1, 6, 4, 9, 1, 9, 1, 5, 7, 4, 7, 5, 8, 4, 7, 4, 9, 8, 1, 10, 9, 5, 1, 9, 4, 3, 5, 5, 6, 8, 2, 4, 5, 7, 2, 3, 7, 2, 3, 2, 2, 6, 5, 2, 5, 6, 8, 10, 5, 3, 4, 7, 6, 9, 3, 1, 6, 7, 10, 3, 1, 2, 7, 3, 7, 2, 9, 3, 7, 10, 10, 1, 1, 3, 4, 6, 10, 6, 7, 9, 8, 6, 1, 3, 4, 2, 8, 8, 3, 8, 9, 6, 9, 1, 7, 8, 10, 6, 10, 6, 8, 5, 9, 10, 3, 3, 9, 2, 3, 5, 8, 3, 10, 2, 8, 5, 6, 9, 7, 2, 8, 6, 1, 4, 4, 3, 5, 2, 7, 6, 9, 2, 6, 10, 1, 2, 6, 1, 1, 1, 7, 3, 5, 8, 1, 2, 5, 8, 10, 1, 3, 7, 3, 7, 2, 8, 9, 7, 2, 6, 4, 9, 3, 8, 9, 4, 6, 9, 7, 6, 3, 5, 1, 6, 7, 3, 1, 5, 5, 7, 6, 4, 5, 10, 6, 1, 3, 8, 5, 5, 9, 5, 9, 1, 3, 6, 4, 1, 1, 4, 6, 2]","[8, 6, 3, 1, 6, 7, 7, 9, 3, 2, 8, 4, 5, 4, 10, 10, 5, 2, 6, 9, 2, 5, 7, 1, 7, 7, 8, 6, 10, 6, 5, 2, 1, 2, 3, 1, 9, 7, 10, 6, 7, 3, 6, 6, 4, 6, 9, 8, 4, 4, 1, 3, 7, 5, 1, 10, 10, 4, 7, 9, 3, 7, 2, 10, 4, 9, 1, 8, 8, 7, 9, 9, 2, 5, 10, 5, 4, 3, 4, 7, 1, 7, 10, 9, 8, 6, 5, 8, 9, 2, 2, 9, 6, 2, 3, 9, 6, 6, 1, 1, 6, 9, 5, 10, 10, 10, 9, 3, 4, 9, 1, 1, 9, 1, 2, 3, 8, 2, 2, 4, 6, 10, 10, 9, 3, 6, 10, 2, 6, 6, 10, 6, 3, 4, 6, 7, 2, 7, 4, 9, 7, 3, 4, 2, 5, 2, 1, 9, 9, 8, 1, 4, 10, 5, 1, 3, 9, 8, 5, 4, 1, 8, 2, 8, 2, 2, 4, 3, 4, 4, 7, 8, 1, 5, 6, 2, 10, 7, 5, 5, 6, 9, 4, 2, 6, 6, 6, 10, 2, 8, 9, 10, 6, 2, 7, 3, 8, 9, 8, 5, 2, 10, 1, 7, 5, 7, 5, 9, 10, 8, 10, 1, 4, 2, 7, 10, 5, 8, 10, 1, 8, 1, 10, 4, 4, 10, 10, 7, 5, 6, 2, 7, 10, 10, 5, 3, 4, 6, 10, 10, 8, 7, 9, 9, 8, 9, 3, 5, 1, 10, 3, 4, 1, 5, 1, 4, 1, 1, 1, 7, 10, 2, 5, 1, 2, 9, 1, 3, 10, 8, 5, 5, 4, 4, 8, 3, 4, 8, 3, 8, 9, 4, 4, 1, 8, 6, 2, 4, 8, 2, 5, 8, 1, 8, 10, 7, 9, 9, 1, 6, 4, 9, 1, 9, 1, 5, 7, 4, 7, 5, 8, 4, 7, 4, 9, 8, 1, 10, 9, 5, 1, 9, 4, 3, 5, 5, 6, 8, 2, 4, 5, 7, 2, 3, 7, 2, 3, 2, 2, 6, 5, 2, 5, 6, 8, 10, 5, 3, 4, 7, 6, 9, 3, 1, 6, 7, 10, 3, 1, 2, 7, 3, 7, 2, 9, 3, 7, 10, 10, 1, 1, 3, 4, 6, 10, 6, 7, 9, 8, 6, 1, 3, 4, 2, 8, 8, 3, 8, 9, 6, 9, 1, 7, 8, 10, 6, 10, 6, 8, 5, 9, 10, 3, 3, 9, 2, 3, 5, 8, 3, 10, 2, 8, 5, 6, 9, 7, 2, 8, 6, 1, 4, 4, 3, 5, 2, 7, 6, 9, 2, 6, 10, 1, 2, 6, 1, 1, 1, 7, 3, 5, 8, 1, 2, 5, 8, 10, 1, 3, 7, 3, 7, 2, 8, 9, 7, 2, 6, 4, 9, 3, 8, 9, 4, 6, 9, 7, 6, 3, 5, 1, 6, 7, 3, 1, 5, 5, 7, 6, 4, 5, 10, 6, 1, 3, 8, 5, 5, 9, 5, 9, 1, 3, 6, 4, 1, 1, 4, 6, 2]",7.578109023365976e-05,2000,11194.904109015168,639.178,581.2714285714286,551.2714285714286,368,245498.0,0.06630913303683791,0.028997747747747746,0.059151649475097656,30,1030
torneo,"[10, 1, 7, 5, 2, 4, 3, 2, 6, 1, 7, 9, 7, 9, 3, 7, 6, 2, 9, 4, 6, 9, 1, 8, 7, 6, 2, 1, 6, 7, 8, 8, 5, 9, 4, 3, 5, 7, 8, 4, 3, 9, 3, 6, 6, 7, 10, 5, 1, 2, 8, 2, 4, 10, 6, 6, 2, 1, 4, 4, 3, 7, 2, 7, 3, 2, 9, 2, 6, 9, 1, 5, 10, 7, 4, 1, 10, 5, 7, 6, 1, 1, 3, 9, 7, 3, 4, 3, 10, 10, 6, 3, 5, 5, 8, 1, 3, 7, 5, 4, 2, 1, 8, 10, 1, 8, 2, 1, 10, 10, 7, 4, 10, 1, 1, 8, 6, 1, 7, 6, 6, 2, 4, 6, 7, 3, 6, 10, 7, 6, 6, 1, 7, 9, 5, 9, 6, 1, 4, 1, 3, 8, 7, 9, 8, 4, 4, 6, 4, 2, 2, 3, 2, 9, 7, 6, 7, 4, 9, 9, 9, 2, 4, 8, 6, 7, 3, 4, 4, 9, 4, 8, 3, 1, 6, 5, 8, 9, 5, 9, 5, 7, 1, 7, 9, 10, 1, 1, 9, 1, 7, 5, 7, 9, 2, 2, 5, 5, 9, 7, 3, 2, 4, 6, 9, 5, 3, 9, 9, 6, 2, 4, 8, 10, 1, 9, 10, 10, 6, 5, 4, 8, 3, 5, 2, 1, 10, 8, 5, 4, 4, 2, 8, 10, 8, 7, 5, 8, 6, 2, 2, 5, 10, 7, 9, 6, 9, 1, 10, 1, 9, 1, 1, 6, 8, 5, 5, 4, 5, 9, 2, 5, 1, 2, 4, 7, 9, 10, 1, 10, 6, 3, 8, 2, 9, 7, 2, 9, 4, 10, 3, 6, 3, 10, 3, 6, 1, 9, 3, 9, 3, 10, 7, 6, 3, 6, 4, 9, 3, 4, 4, 1, 4, 5, 6, 1, 1, 5, 1, 4, 2, 5, 6, 6, 8, 10, 10, 2, 6, 8, 9, 5, 1, 8, 7, 2, 9, 8, 1, 2, 6, 3, 9, 5, 2, 1, 9, 2, 6, 3, 5, 5, 1, 9, 2, 6, 3, 9, 7, 10, 4, 5, 4, 5, 10, 1, 4, 8, 4, 4, 5, 2, 8, 8, 5, 5, 10, 9, 1, 3, 7, 10, 1, 10, 2, 2, 8, 2, 10, 9, 10, 4, 9, 5, 10, 8, 5, 7, 1, 2, 2, 7, 7, 6, 1, 8, 10, 6, 10, 9, 5, 4, 2, 3, 4, 3, 1, 10, 4, 8, 6, 6, 3, 1, 6, 9, 7, 8, 10, 10, 1, 1, 1, 6, 1, 9, 8, 8, 2, 6, 3, 1, 8, 8, 8, 10, 9, 6, 4, 2, 9, 6, 9, 4, 3, 3, 1, 8, 3, 3, 2, 9, 3, 10, 8, 8, 3, 1, 1, 4, 6, 3, 1, 5, 2, 8, 10, 7, 10, 7, 6, 7, 10, 5, 8, 2, 7, 7, 8, 6, 3, 10, 4, 2, 5, 5, 10, 6, 8, 7, 7, 5, 3, 8, 1, 4, 9, 5, 3, 8]","[10, 1, 7, 5, 2, 4, 3, 2, 6, 1, 7, 9, 7, 9, 3, 7, 6, 2, 9, 4, 6, 9, 1, 8, 7, 6, 2, 1, 6, 7, 8, 8, 5, 9, 4, 3, 5, 7, 8, 4, 3, 9, 3, 6, 6, 7, 10, 5, 1, 2, 8, 2, 4, 10, 6, 6, 2, 1, 4, 4, 3, 7, 2, 7, 3, 2, 9, 2, 6, 9, 1, 5, 10, 7, 4, 1, 10, 5, 7, 6, 1, 1, 3, 9, 7, 3, 4, 3, 10, 10, 6, 3, 5, 5, 8, 1, 3, 7, 5, 4, 2, 1, 8, 10, 1, 8, 2, 1, 10, 10, 7, 4, 10, 1, 1, 8, 6, 1, 7, 6, 6, 2, 4, 6, 7, 3, 6, 10, 7, 6, 6, 1, 7, 9, 5, 9, 6, 1, 4, 1, 3, 8, 7, 9, 8, 4, 4, 6, 4, 2, 2, 3, 2, 9, 7, 6, 7, 4, 9, 9, 9, 2, 4, 8, 6, 7, 3, 4, 4, 9, 4, 8, 3, 1, 6, 5, 8, 9, 5, 9, 5, 7, 1, 7, 9, 10, 1, 1, 9, 1, 7, 5, 7, 9, 2, 2, 5, 5, 9, 7, 3, 2, 4, 6, 9, 5, 3, 9, 9, 6, 2, 4, 8, 10, 1, 9, 10, 10, 6, 5, 4, 8, 3, 5, 2, 1, 10, 8, 5, 4, 4, 2, 8, 10, 8, 7, 5, 8, 6, 2, 2, 5, 10, 7, 9, 6, 9, 1, 10, 1, 9, 1, 1, 6, 8, 5, 5, 4, 5, 9, 2, 5, 1, 2, 4, 7, 9, 10, 1, 10, 6, 3, 8, 2, 9, 7, 2, 9, 4, 10, 3, 6, 3, 10, 3, 6, 1, 9, 3, 9, 3, 10, 7, 6, 3, 6, 4, 9, 3, 4, 4, 1, 4, 5, 6, 1, 1, 5, 1, 4, 2, 5, 6, 6, 8, 10, 10, 2, 6, 8, 9, 5, 1, 8, 7, 2, 9, 8, 1, 2, 6, 3, 9, 5, 2, 1, 9, 2, 6, 3, 5, 5, 1, 9, 2, 6, 3, 9, 7, 10, 4, 5, 4, 5, 10, 1, 4, 8, 4, 4, 5, 2, 8, 8, 5, 5, 10, 9, 1, 3, 7, 10, 1, 10, 2, 2, 8, 2, 10, 9, 10, 4, 9, 5, 10, 8, 5, 7, 1, 2, 2, 7, 7, 6, 1, 8, 10, 6, 10, 9, 5, 4, 2, 3, 4, 3, 1, 10, 4, 8, 6, 6, 3, 1, 6, 9, 7, 8, 10, 10, 1, 1, 1, 6, 1, 9, 8, 8, 2, 6, 3, 1, 8, 8, 8, 10, 9, 6, 4, 2, 9, 6, 9, 4, 3, 3, 1, 8, 3, 3, 2, 9, 3, 10, 8, 8, 3, 1, 1, 4, 6, 3, 1, 5, 2, 8, 10, 7, 10, 7, 6, 7, 10, 5, 8, 2, 7, 7, 8, 6, 3, 10, 4, 2, 5, 5, 10, 6, 8, 7, 7, 5, 3, 8, 1, 4, 9, 5, 3, 8]",7.512507088391462e-05,1945,11365.135526849994,646.936,590.6714285714286,561.4428571428572,370,248728.0,0.07403711912630068,0.028040540540540542,0.05695700645446777,1,1001
torneo,"[1, 9, 7, 3, 4, 7, 9, 7, 10, 7, 1, 6, 5, 10, 7, 2, 8, 10, 2, 2, 2, 7, 5, 1, 5, 4, 1, 8, 7, 5, 4, 4, 10, 10, 8, 7, 4, 2, 4, 9, 3, 6, 7, 2, 8, 3, 10, 2, 4, 8, 9, 2, 2, 3, 6, 6, 8, 1, 1, 6, 8, 2, 9, 10, 9, 9, 8, 8, 3, 2, 1, 5, 4, 8, 4, 4, 8, 9, 3, 2, 10, 7, 1, 10, 7, 3, 1, 2, 5, 10, 6, 7, 1, 9, 7, 6, 1, 2, 6, 9, 7, 2, 7, 3, 10, 2, 10, 5, 2, 1, 4, 10, 7, 7, 5, 5, 5, 8, 4, 4, 5, 3, 1, 7, 5, 2, 6, 9, 5, 7, 8, 10, 1, 6, 6, 4, 8, 2, 6, 9, 2, 4, 3, 10, 2, 3, 6, 7, 5, 5, 3, 1, 10, 7, 2, 5, 4, 2, 9, 1, 2, 3, 4, 6, 7, 10, 5, 7, 6, 10, 8, 8, 1, 6, 10, 6, 4, 9, 2, 8, 6, 10, 3, 9, 10, 4, 7, 2, 8, 7, 3, 4, 8, 8, 3, 1, 9, 6, 10, 5, 3, 10, 7, 4, 1, 1, 3, 10, 8, 8, 6, 8, 1, 8, 4, 2, 7, 6, 5, 2, 9, 5, 1, 9, 9, 9, 7, 5, 2, 2, 5, 5, 1, 7, 8, 2, 4, 9, 4, 9, 8, 3, 4, 9, 10, 5, 7, 10, 4, 5, 2, 7, 1, 10, 3, 2, 2, 6, 5, 1, 9, 9, 3, 3, 9, 3, 10, 5, 7, 10, 1, 10, 2, 1, 1, 6, 8, 6, 1, 4, 1, 3, 4, 2, 1, 1, 8, 8, 1, 3, 6, 3, 7, 10, 2, 9, 3, 1, 1, 3, 5, 4, 8, 10, 10, 2, 7, 7, 9, 10, 10, 5, 5, 5, 9, 7, 4, 10, 1, 4, 1, 2, 2, 3, 5, 3, 9, 8, 9, 6, 9, 6, 7, 3, 9, 8, 2, 6, 2, 2, 3, 7, 6, 9, 10, 9, 3, 2, 4, 5, 5, 1, 2, 10, 9, 6, 4, 1, 6, 4, 5, 2, 6, 4, 8, 8, 6, 7, 3, 3, 10, 8, 6, 6, 3, 1, 1, 8, 5, 9, 4, 5, 9, 10, 4, 9, 10, 7, 1, 1, 4, 9, 8, 4, 5, 9, 5, 1, 3, 1, 2, 8, 8, 3, 10, 5, 8, 1, 7, 7, 5, 8, 8, 3, 1, 10, 9, 3, 5, 8, 3, 3, 7, 1, 2, 2, 10, 9, 6, 9, 3, 1, 8, 5, 3, 1, 7, 1, 10, 10, 10, 9, 9, 6, 8, 6, 6, 6, 5, 9, 4, 5, 3, 5, 1, 10, 9, 9, 8, 8, 6, 10, 5, 3, 8, 1, 4, 6, 8, 5, 2, 9, 9, 5, 7, 2, 7, 8, 7, 10, 4, 2, 7, 1, 4, 2, 4, 2, 10, 9, 4, 10, 10, 5, 7, 8, 4, 4, 4, 7]","[1, 9, 7, 3, 4, 7, 9, 7, 10, 7, 1, 6, 5, 10, 7, 2, 8, 10, 2, 2, 2, 7, 5, 1, 5, 4, 1, 8, 7, 5, 4, 4, 10, 10, 8, 7, 4, 2, 4, 9, 3, 6, 7, 2, 8, 3, 10, 2, 4, 8, 9, 2, 2, 3, 6, 6, 8, 1, 1, 6, 8, 2, 9, 10, 9, 9, 8, 8, 3, 2, 1, 5, 4, 8, 4, 4, 8, 9, 3, 2, 10, 7, 1, 10, 7, 3, 1, 2, 5, 10, 6, 7, 1, 9, 7, 6, 1, 2, 6, 9, 7, 2, 7, 3, 10, 2, 10, 5, 2, 1, 4, 10, 7, 7, 5, 5, 5, 8, 4, 4, 5, 3, 1, 7, 5, 2, 6, 9, 5, 7, 8, 10, 1, 6, 6, 4, 8, 2, 6, 9, 2, 4, 3, 10, 2, 3, 6, 7, 5, 5, 3, 1, 10, 7, 2, 5, 4, 2, 9, 1, 2, 3, 4, 6, 7, 10, 5, 7, 6, 10, 8, 8, 1, 6, 10, 6, 4, 9, 2, 8, 6, 10, 3, 9, 10, 4, 7, 2, 8, 7, 3, 4, 8, 8, 3, 1, 9, 6, 10, 5, 3, 10, 7, 4, 1, 1, 3, 10, 8, 8, 6, 8, 1, 8, 4, 2, 7, 6, 5, 2, 9, 5, 1, 9, 9, 9, 7, 5, 2, 2, 5, 5, 1, 7, 8, 2, 4, 9, 4, 9, 8, 3, 4, 9, 10, 5, 7, 10, 4, 5, 2, 7, 1, 10, 3, 2, 2, 6, 5, 1, 9, 9, 3, 3, 9, 3, 10, 5, 7, 10, 1, 10, 2, 1, 1, 6, 8, 6, 1, 4, 1, 3, 4, 2, 1, 1, 8, 8, 1, 3, 6, 3, 7, 10, 2, 9, 3, 1, 1, 3, 5, 4, 8, 10, 10, 2, 7, 7, 9, 10, 10, 5, 5, 5, 9, 7, 4, 10, 1, 4, 1, 2, 2, 3, 5, 3, 9, 8, 9, 6, 9, 6, 7, 3, 9, 8, 2, 6, 2, 2, 3, 7, 6, 9, 10, 9, 3, 2, 4, 5, 5, 1, 2, 10, 9, 6, 4, 1, 6, 4, 5, 2, 6, 4, 8, 8, 6, 7, 3, 3, 10, 8, 6, 6, 3, 1, 1, 8, 5, 9, 4, 5, 9, 10, 4, 9, 10, 7, 1, 1, 4, 9, 8, 4, 5, 9, 5, 1, 3, 1, 2, 8, 8, 3, 10, 5, 8, 1, 7, 7, 5, 8, 8, 3, 1, 10, 9, 3, 5, 8, 3, 3, 7, 1, 2, 2, 10, 9, 6, 9, 3, 1, 8, 5, 3, 1, 7, 1, 10, 10, 10, 9, 9, 6, 8, 6, 6, 6, 5, 9, 4, 5, 3, 5, 1, 10, 9, 9, 8, 8, 6, 10, 5, 3, 8, 1, 4, 6, 8, 5, 2, 9, 9, 5, 7, 2, 7, 8, 7, 10, 4, 2, 7, 1, 4, 2, 4, 2, 10, 9, 4, 10, 10, 5, 7, 8, 4, 4, 4, 7]",7.51357669627578e-05,2019,11289.240597699169,645.928,583.7142857142857,554.1,370,248505.0,0.08436368443543579,0.02894144144144144,0.05727100372314453,2,1002
torneo,"[9, 5, 9, 8, 9, 3, 2, 7, 10, 3, 9, 4, 1, 3, 2, 2, 8, 5, 5, 9, 10, 7, 8, 10, 2, 1, 10, 4, 4, 6, 2, 9, 5, 8, 3, 2, 9, 8, 1, 4, 7, 8, 10, 4, 3, 1, 9, 5, 10, 10, 1, 10, 10, 6, 5, 7, 6, 2, 2, 3, 9, 6, 3, 4, 9, 2, 1, 5, 6, 7, 3, 7, 1, 6, 9, 10, 1, 3, 6, 6, 6, 7, 8, 6, 6, 10, 5, 10, 7, 6, 5, 6, 2, 7, 5, 8, 2, 6, 3, 8, 3, 8, 5, 2, 8, 10, 10, 9, 3, 1, 8, 6, 5, 10, 8, 7, 7, 7, 2, 1, 10, 8, 10, 2, 10, 10, 10, 6, 5, 2, 6, 6, 7, 7, 2, 1, 10, 3, 3, 3, 7, 2, 2, 6, 3, 7, 5, 1, 10, 7, 1, 1, 9, 7, 5, 4, 9, 8, 1, 2, 5, 3, 8, 5, 9, 10, 3, 4, 6, 3, 4, 2, 2, 9, 5, 7, 7, 5, 6, 9, 7, 2, 8, 1, 2, 6, 8, 9, 7, 2, 10, 6, 2, 10, 8, 8, 10, 3, 3, 7, 4, 9, 7, 9, 2, 3, 5, 4, 7, 9, 3, 5, 1, 5, 7, 8, 3, 10, 4, 5, 1, 3, 2, 2, 1, 2, 8, 10, 5, 10, 9, 1, 3, 8, 1, 7, 5, 1, 6, 7, 4, 1, 3, 8, 4, 9, 8, 8, 9, 2, 4, 8, 9, 1, 10, 7, 8, 8, 7, 8, 1, 1, 4, 5, 10, 8, 3, 4, 1, 2, 3, 7, 10, 2, 4, 7, 1, 6, 6, 6, 7, 3, 7, 7, 8, 4, 2, 3, 7, 8, 1, 10, 10, 5, 6, 10, 9, 7, 9, 6, 8, 6, 5, 10, 1, 1, 1, 9, 6, 7, 4, 4, 3, 8, 3, 3, 2, 1, 10, 1, 9, 8, 6, 3, 4, 1, 3, 3, 10, 9, 7, 2, 6, 2, 1, 3, 9, 9, 9, 5, 2, 8, 4, 6, 7, 7, 4, 7, 2, 6, 2, 9, 9, 3, 1, 9, 5, 8, 2, 9, 6, 10, 1, 3, 2, 7, 7, 6, 2, 10, 10, 1, 5, 1, 4, 9, 7, 1, 2, 9, 1, 3, 5, 4, 8, 10, 3, 8, 7, 5, 7, 2, 4, 1, 4, 10, 8, 4, 3, 4, 10, 10, 6, 4, 2, 6, 5, 1, 5, 1, 2, 1, 6, 2, 3, 6, 4, 10, 5, 3, 6, 2, 2, 5, 9, 7, 6, 2, 6, 1, 3, 6, 3, 4, 1, 9, 8, 5, 6, 7, 2, 8, 6, 4, 4, 6, 8, 9, 4, 6, 2, 1, 5, 2, 6, 6, 8, 9, 3, 4, 8, 7, 1, 7, 1, 1, 8, 5, 6, 10, 7, 9, 5, 10, 5, 4, 6, 9, 6, 9, 2, 7, 10, 2, 3, 7, 9, 8, 1, 9, 5, 2, 3, 7, 9, 10, 9, 10, 4, 7]","[9, 5, 9, 8, 9, 3, 2, 7, 10, 3, 9, 4, 1, 3, 2, 2, 8, 5, 5, 9, 10, 7, 8, 10, 2, 1, 10, 4, 4, 6, 2, 9, 5, 8, 3, 2, 9, 8, 1, 4, 7, 8, 10, 4, 3, 1, 9, 5, 10, 10, 1, 10, 10, 6, 5, 7, 6, 2, 2, 3, 9, 6, 3, 4, 9, 2, 1, 5, 6, 7, 3, 7, 1, 6, 9, 10, 1, 3, 6, 6, 6, 7, 8, 6, 6, 10, 5, 10, 7, 6, 5, 6, 2, 7, 5, 8, 2, 6, 3, 8, 3, 8, 5, 2, 8, 10, 10, 9, 3, 1, 8, 6, 5, 10, 8, 7, 7, 7, 2, 1, 10, 8, 10, 2, 10, 10, 10, 6, 5, 2, 6, 6, 7, 7, 2, 1, 10, 3, 3, 3, 7, 2, 2, 6, 3, 7, 5, 1, 10, 7, 1, 1, 9, 7, 5, 4, 9, 8, 1, 2, 5, 3, 8, 5, 9, 10, 3, 4, 6, 3, 4, 2, 2, 9, 5, 7, 7, 5, 6, 9, 7, 2, 8, 1, 2, 6, 8, 9, 7, 2, 10, 6, 2, 10, 8, 8, 10, 3, 3, 7, 4, 9, 7, 9, 2, 3, 5, 4, 7, 9, 3, 5, 1, 5, 7, 8, 3, 10, 4, 5, 1, 3, 2, 2, 1, 2, 8, 10, 5, 10, 9, 1, 3, 8, 1, 7, 5, 1, 6, 7, 4, 1, 3, 8, 4, 9, 8, 8, 9, 2, 4, 8, 9, 1, 10, 7, 8, 8, 7, 8, 1, 1, 4, 5, 10, 8, 3, 4, 1, 2, 3, 7, 10, 2, 4, 7, 1, 6, 6, 6, 7, 3, 7, 7, 8, 4, 2, 3, 7, 8, 1, 10, 10, 5, 6, 10, 9, 7, 9, 6, 8, 6, 5, 10, 1, 1, 1, 9, 6, 7, 4, 4, 3, 8, 3, 3, 2, 1, 10, 1, 9, 8, 6, 3, 4, 1, 3, 3, 10, 9, 7, 2, 6, 2, 1, 3, 9, 9, 9, 5, 2, 8, 4, 6, 7, 7, 4, 7, 2, 6, 2, 9, 9, 3, 1, 9, 5, 8, 2, 9, 6, 10, 1, 3, 2, 7, 7, 6, 2, 10, 10, 1, 5, 1, 4, 9, 7, 1, 2, 9, 1, 3, 5, 4, 8, 10, 3, 8, 7, 5, 7, 2, 4, 1, 4, 10, 8, 4, 3, 4, 10, 10, 6, 4, 2, 6, 5, 1, 5, 1, 2, 1, 6, 2, 3, 6, 4, 10, 5, 3, 6, 2, 2, 5, 9, 7, 6, 2, 6, 1, 3, 6, 3, 4, 1, 9, 8, 5, 6, 7, 2, 8, 6, 4, 4, 6, 8, 9, 4, 6, 2, 1, 5, 2, 6, 6, 8, 9, 3, 4, 8, 7, 1, 7, 1, 1, 8, 5, 6, 10, 7, 9, 5, 10, 5, 4, 6, 9, 6, 9, 2, 7, 10, 2, 3, 7, 9, 8, 1, 9, 5, 2, 3, 7, 9, 10, 9, 10, 4, 7]",7.567767347563656e-05,1999,11213.936872966065,650.06,570.7142857142857,541.6714285714286,371,250652.0,0.0973272054258062,0.04442567567567567,0.057379961013793945,3,1003
torneo,"[7, 2, 10, 9, 9, 4, 4, 6, 1, 3, 10, 6, 2, 9, 4, 1, 3, 1, 3, 3, 2, 9, 6, 7, 5, 1, 2, 7, 2, 8, 1, 5, 9, 1, 4, 1, 7, 5, 8, 1, 3, 8, 7, 8, 7, 8, 3, 4, 8, 3, 3, 8, 3, 3, 1, 8, 3, 9, 6, 9, 1, 10, 6, 3, 5, 8, 7, 8, 7, 4, 8, 7, 10, 2, 8, 8, 7, 4, 5, 4, 3, 7, 6, 8, 9, 1, 2, 4, 5, 2, 2, 2, 7, 9, 8, 6, 8, 3, 6, 1, 2, 6, 10, 4, 5, 9, 1, 4, 6, 9, 8, 10, 1, 1, 7, 4, 6, 7, 10, 10, 1, 1, 1, 4, 3, 9, 2, 5, 9, 6, 10, 7, 4, 5, 7, 5, 4, 6, 9, 3, 5, 9, 4, 1, 1, 6, 4, 2, 6, 8, 2, 3, 9, 3, 4, 1, 9, 9, 5, 8, 9, 2, 8, 4, 5, 9, 10, 4, 10, 7, 2, 10, 9, 10, 6, 5, 9, 1, 10, 6, 8, 4, 10, 4, 4, 8, 7, 8, 1, 10, 7, 9, 2, 2, 6, 6, 1, 9, 3, 2, 7, 5, 2, 3, 7, 8, 9, 10, 3, 8, 7, 3, 5, 3, 6, 5, 4, 6, 1, 8, 4, 4, 4, 10, 4, 5, 7, 10, 9, 3, 7, 5, 7, 5, 1, 6, 4, 1, 10, 1, 8, 5, 9, 10, 2, 3, 10, 2, 10, 9, 8, 7, 9, 3, 10, 3, 4, 6, 6, 3, 5, 6, 5, 7, 3, 7, 4, 4, 10, 3, 6, 3, 1, 7, 5, 5, 7, 5, 10, 4, 3, 4, 4, 3, 1, 5, 1, 2, 2, 10, 6, 4, 7, 9, 4, 6, 4, 8, 9, 2, 7, 10, 4, 1, 7, 3, 6, 6, 6, 4, 1, 6, 7, 9, 5, 3, 8, 4, 2, 6, 2, 8, 3, 1, 2, 6, 6, 3, 1, 1, 6, 3, 6, 2, 9, 10, 10, 2, 6, 9, 4, 3, 1, 8, 1, 7, 9, 6, 3, 5, 2, 8, 3, 7, 5, 3, 1, 7, 2, 9, 9, 3, 3, 10, 6, 9, 4, 8, 10, 3, 1, 8, 3, 8, 2, 4, 10, 1, 4, 1, 1, 7, 1, 4, 2, 7, 6, 1, 10, 10, 6, 10, 3, 5, 2, 9, 7, 10, 4, 3, 6, 7, 2, 4, 6, 3, 7, 9, 9, 3, 3, 6, 1, 8, 7, 7, 3, 8, 5, 3, 9, 4, 5, 10, 6, 9, 10, 3, 10, 4, 10, 5, 6, 1, 1, 7, 8, 6, 8, 9, 3, 9, 4, 2, 7, 1, 3, 7, 3, 7, 2, 10, 4, 5, 10, 6, 7, 4, 3, 4, 4, 1, 9, 1, 1, 3, 1, 10, 5, 4, 1, 5, 5, 2, 5, 9, 5, 9, 7, 9, 1, 1, 4, 2, 2, 2, 1, 8, 5, 8, 2, 7, 3, 8, 4, 8, 10, 4, 9, 9]","[7, 2, 10, 9, 9, 4, 4, 6, 1, 3, 10, 6, 2, 9, 4, 1, 3, 1, 3, 3, 2, 9, 6, 7, 5, 1, 2, 7, 2, 8, 1, 5, 9, 1, 4, 1, 7, 5, 8, 1, 3, 8, 7, 8, 7, 8, 3, 4, 8, 3, 3, 8, 3, 3, 1, 8, 3, 9, 6, 9, 1, 10, 6, 3, 5, 8, 7, 8, 7, 4, 8, 7, 10, 2, 8, 8, 7, 4, 5, 4, 3, 7, 6, 8, 9, 1, 2, 4, 5, 2, 2, 2, 7, 9, 8, 6, 8, 3, 6, 1, 2, 6, 10, 4, 5, 9, 1, 4, 6, 9, 8, 10, 1, 1, 7, 4, 6, 7, 10, 10, 1, 1, 1, 4, 3, 9, 2, 5, 9, 6, 10, 7, 4, 5, 7, 5, 4, 6, 9, 3, 5, 9, 4, 1, 1, 6, 4, 2, 6, 8, 2, 3, 9, 3, 4, 1, 9, 9, 5, 8, 9, 2, 8, 4, 5, 9, 10, 4, 10, 7, 2, 10, 9, 10, 6, 5, 9, 1, 10, 6, 8, 4, 10, 4, 4, 8, 7, 8, 1, 10, 7, 9, 2, 2, 6, 6, 1, 9, 3, 2, 7, 5, 2, 3, 7, 8, 9, 10, 3, 8, 7, 3, 5, 3, 6, 5, 4, 6, 1, 8, 4, 4, 4, 10, 4, 5, 7, 10, 9, 3, 7, 5, 7, 5, 1, 6, 4, 1, 10, 1, 8, 5, 9, 10, 2, 3, 10, 2, 10, 9, 8, 7, 9, 3, 10, 3, 4, 6, 6, 3, 5, 6, 5, 7, 3, 7, 4, 4, 10, 3, 6, 3, 1, 7, 5, 5, 7, 5, 10, 4, 3, 4, 4, 3, 1, 5, 1, 2, 2, 10, 6, 4, 7, 9, 4, 6, 4, 8, 9, 2, 7, 10, 4, 1, 7, 3, 6, 6, 6, 4, 1, 6, 7, 9, 5, 3, 8, 4, 2, 6, 2, 8, 3, 1, 2, 6, 6, 3, 1, 1, 6, 3, 6, 2, 9, 10, 10, 2, 6, 9, 4, 3, 1, 8, 1, 7, 9, 6, 3, 5, 2, 8, 3, 7, 5, 3, 1, 7, 2, 9, 9, 3, 3, 10, 6, 9, 4, 8, 10, 3, 1, 8, 3, 8, 2, 4, 10, 1, 4, 1, 1, 7, 1, 4, 2, 7, 6, 1, 10, 10, 6, 10, 3, 5, 2, 9, 7, 10, 4, 3, 6, 7, 2, 4, 6, 3, 7, 9, 9, 3, 3, 6, 1, 8, 7, 7, 3, 8, 5, 3, 9, 4, 5, 10, 6, 9, 10, 3, 10, 4, 10, 5, 6, 1, 1, 7, 8, 6, 8, 9, 3, 9, 4, 2, 7, 1, 3, 7, 3, 7, 2, 10, 4, 5, 10, 6, 7, 4, 3, 4, 4, 1, 9, 1, 1, 3, 1, 10, 5, 4, 1, 5, 5, 2, 5, 9, 5, 9, 7, 9, 1, 1, 4, 2, 2, 2, 1, 8, 5, 8, 2, 7, 3, 8, 4, 8, 10, 4, 9, 9]",7.346014200661407e-05,2137,11474.82421574905,657.826,588.8571428571429,559.5,370,254695.0,0.1234305642538746,0.05394144144144144,0.05656170845031738,4,1004
torneo,"[1, 7, 3, 7, 10, 2, 2, 9, 2, 5, 3, 6, 2, 6, 6, 1, 10, 8, 3, 5, 1, 3, 1, 4, 9, 7, 5, 4, 5, 6, 1, 1, 7, 3, 2, 9, 8, 6, 10, 10, 9, 3, 4, 7, 5, 5, 10, 1, 5, 4, 1, 2, 7, 1, 7, 7, 1, 10, 5, 3, 10, 9, 7, 9, 6, 10, 9, 1, 8, 2, 5, 7, 2, 3, 8, 6, 5, 2, 10, 6, 4, 7, 2, 5, 7, 5, 10, 9, 8, 4, 8, 10, 3, 8, 10, 5, 4, 8, 1, 10, 8, 9, 4, 4, 4, 9, 5, 4, 7, 2, 10, 6, 5, 9, 6, 2, 1, 8, 1, 5, 7, 5, 6, 2, 5, 3, 3, 9, 1, 5, 2, 3, 9, 7, 4, 3, 1, 8, 7, 3, 8, 3, 10, 8, 3, 7, 5, 4, 10, 7, 8, 3, 4, 6, 3, 8, 10, 2, 7, 4, 4, 8, 6, 6, 5, 10, 4, 1, 9, 9, 8, 9, 2, 6, 7, 1, 5, 2, 8, 1, 1, 4, 5, 1, 7, 3, 8, 8, 9, 7, 10, 10, 5, 6, 7, 8, 10, 8, 10, 3, 7, 1, 1, 4, 6, 6, 2, 10, 3, 5, 4, 7, 9, 10, 3, 2, 6, 6, 3, 7, 6, 9, 10, 7, 1, 8, 10, 9, 1, 5, 1, 6, 10, 6, 9, 6, 1, 9, 4, 3, 4, 7, 9, 10, 9, 6, 3, 7, 9, 5, 7, 1, 1, 2, 1, 9, 7, 10, 9, 7, 6, 2, 3, 9, 9, 7, 1, 5, 8, 10, 4, 4, 8, 8, 7, 10, 4, 1, 8, 8, 3, 2, 9, 1, 1, 7, 8, 6, 8, 4, 2, 6, 8, 10, 3, 4, 9, 9, 5, 10, 2, 4, 1, 10, 5, 9, 2, 5, 2, 3, 1, 1, 10, 8, 10, 5, 3, 3, 8, 2, 2, 4, 5, 4, 3, 7, 8, 3, 7, 7, 4, 9, 6, 1, 1, 6, 8, 4, 4, 3, 7, 1, 10, 2, 5, 9, 1, 1, 5, 4, 8, 5, 6, 8, 8, 8, 5, 1, 9, 8, 2, 5, 3, 9, 9, 3, 6, 7, 8, 10, 6, 1, 9, 1, 9, 8, 6, 10, 1, 7, 5, 2, 5, 2, 6, 7, 8, 7, 7, 5, 5, 3, 9, 5, 6, 9, 7, 3, 9, 1, 8, 3, 4, 9, 9, 10, 10, 10, 7, 8, 6, 4, 2, 4, 2, 1, 5, 4, 1, 8, 6, 9, 3, 7, 5, 2, 7, 2, 10, 8, 2, 4, 2, 2, 3, 9, 10, 3, 7, 1, 8, 3, 6, 4, 2, 7, 1, 7, 2, 4, 2, 6, 9, 4, 1, 2, 6, 4, 1, 10, 9, 10, 2, 3, 4, 3, 4, 7, 8, 8, 1, 3, 1, 1, 3, 3, 7, 8, 7, 5, 6, 1, 4, 2, 6, 4, 2, 9, 9, 9, 8, 9, 9, 3, 7, 8, 5, 2, 10, 5]","[1, 7, 3, 7, 10, 2, 2, 9, 2, 5, 3, 6, 2, 6, 6, 1, 10, 8, 3, 5, 1, 3, 1, 4, 9, 7, 5, 4, 5, 6, 1, 1, 7, 3, 2, 9, 8, 6, 10, 10, 9, 3, 4, 7, 5, 5, 10, 1, 5, 4, 1, 2, 7, 1, 7, 7, 1, 10, 5, 3, 10, 9, 7, 9, 6, 10, 9, 1, 8, 2, 5, 7, 2, 3, 8, 6, 5, 2, 10, 6, 4, 7, 2, 5, 7, 5, 10, 9, 8, 4, 8, 10, 3, 8, 10, 5, 4, 8, 1, 10, 8, 9, 4, 4, 4, 9, 5, 4, 7, 2, 10, 6, 5, 9, 6, 2, 1, 8, 1, 5, 7, 5, 6, 2, 5, 3, 3, 9, 1, 5, 2, 3, 9, 7, 4, 3, 1, 8, 7, 3, 8, 3, 10, 8, 3, 7, 5, 4, 10, 7, 8, 3, 4, 6, 3, 8, 10, 2, 7, 4, 4, 8, 6, 6, 5, 10, 4, 1, 9, 9, 8, 9, 2, 6, 7, 1, 5, 2, 8, 1, 1, 4, 5, 1, 7, 3, 8, 8, 9, 7, 10, 10, 5, 6, 7, 8, 10, 8, 10, 3, 7, 1, 1, 4, 6, 6, 2, 10, 3, 5, 4, 7, 9, 10, 3, 2, 6, 6, 3, 7, 6, 9, 10, 7, 1, 8, 10, 9, 1, 5, 1, 6, 10, 6, 9, 6, 1, 9, 4, 3, 4, 7, 9, 10, 9, 6, 3, 7, 9, 5, 7, 1, 1, 2, 1, 9, 7, 10, 9, 7, 6, 2, 3, 9, 9, 7, 1, 5, 8, 10, 4, 4, 8, 8, 7, 10, 4, 1, 8, 8, 3, 2, 9, 1, 1, 7, 8, 6, 8, 4, 2, 6, 8, 10, 3, 4, 9, 9, 5, 10, 2, 4, 1, 10, 5, 9, 2, 5, 2, 3, 1, 1, 10, 8, 10, 5, 3, 3, 8, 2, 2, 4, 5, 4, 3, 7, 8, 3, 7, 7, 4, 9, 6, 1, 1, 6, 8, 4, 4, 3, 7, 1, 10, 2, 5, 9, 1, 1, 5, 4, 8, 5, 6, 8, 8, 8, 5, 1, 9, 8, 2, 5, 3, 9, 9, 3, 6, 7, 8, 10, 6, 1, 9, 1, 9, 8, 6, 10, 1, 7, 5, 2, 5, 2, 6, 7, 8, 7, 7, 5, 5, 3, 9, 5, 6, 9, 7, 3, 9, 1, 8, 3, 4, 9, 9, 10, 10, 10, 7, 8, 6, 4, 2, 4, 2, 1, 5, 4, 1, 8, 6, 9, 3, 7, 5, 2, 7, 2, 10, 8, 2, 4, 2, 2, 3, 9, 10, 3, 7, 1, 8, 3, 6, 4, 2, 7, 1, 7, 2, 4, 2, 6, 9, 4, 1, 2, 6, 4, 1, 10, 9, 10, 2, 3, 4, 3, 4, 7, 8, 8, 1, 3, 1, 1, 3, 3, 7, 8, 7, 5, 6, 1, 4, 2, 6, 4, 2, 9, 9, 9, 8, 9, 9, 3, 7, 8, 5, 2, 10, 5]",7.406474067749097e-05,2050,11450.701225883186,644.936,600.4142857142857,570.8428571428572,367,248547.0,0.09676988614009148,0.04161036036036036,0.05676078796386719,5,1005
torneo,"[3, 9, 5, 7, 1, 9, 4, 8, 8, 7, 6, 7, 3, 10, 8, 2, 8, 3, 3, 1, 10, 6, 2, 6, 8, 3, 10, 9, 5, 4, 3, 9, 6, 6, 4, 4, 10, 10, 2, 9, 10, 7, 7, 2, 3, 7, 10, 9, 9, 5, 10, 10, 3, 4, 3, 6, 2, 1, 3, 6, 3, 5, 4, 8, 4, 5, 2, 6, 10, 6, 4, 2, 4, 5, 10, 7, 10, 1, 2, 5, 5, 9, 6, 1, 10, 1, 4, 7, 10, 8, 7, 1, 5, 7, 2, 9, 4, 4, 5, 8, 6, 5, 7, 8, 8, 6, 1, 8, 5, 9, 4, 1, 10, 2, 3, 3, 1, 2, 4, 10, 2, 5, 5, 4, 8, 5, 8, 4, 2, 3, 9, 6, 9, 3, 7, 10, 10, 7, 4, 5, 7, 6, 7, 5, 4, 3, 3, 2, 5, 2, 1, 8, 1, 5, 7, 2, 6, 2, 5, 7, 9, 5, 3, 9, 6, 1, 4, 9, 5, 2, 10, 8, 2, 8, 9, 2, 2, 4, 2, 7, 1, 6, 7, 10, 3, 9, 6, 4, 10, 4, 5, 10, 10, 10, 2, 7, 3, 8, 5, 5, 4, 3, 1, 1, 6, 3, 6, 7, 8, 1, 1, 4, 1, 6, 10, 2, 5, 7, 1, 3, 6, 1, 10, 3, 5, 3, 7, 3, 4, 3, 8, 3, 4, 3, 1, 7, 9, 7, 5, 1, 7, 8, 3, 1, 10, 7, 8, 3, 8, 3, 9, 10, 9, 5, 10, 2, 4, 3, 8, 8, 9, 9, 8, 4, 4, 2, 6, 2, 3, 10, 5, 9, 6, 4, 6, 5, 8, 10, 4, 10, 10, 2, 7, 2, 10, 10, 4, 5, 8, 8, 2, 6, 7, 9, 1, 9, 2, 4, 5, 9, 6, 7, 6, 10, 1, 3, 5, 6, 7, 2, 9, 8, 5, 4, 2, 9, 1, 9, 6, 8, 8, 5, 9, 7, 10, 1, 2, 10, 7, 7, 10, 6, 3, 7, 9, 5, 5, 2, 6, 1, 4, 4, 3, 10, 4, 1, 8, 6, 6, 8, 1, 5, 7, 2, 3, 6, 4, 10, 2, 2, 6, 3, 2, 6, 6, 1, 3, 7, 2, 8, 8, 2, 1, 8, 6, 6, 3, 4, 5, 2, 6, 5, 8, 3, 8, 7, 10, 3, 5, 8, 7, 1, 3, 3, 5, 2, 2, 3, 9, 5, 3, 1, 10, 1, 4, 9, 1, 6, 4, 6, 2, 3, 4, 8, 1, 7, 6, 6, 5, 9, 1, 9, 8, 3, 6, 1, 1, 1, 9, 7, 1, 7, 2, 2, 1, 9, 2, 5, 2, 6, 6, 5, 5, 7, 6, 8, 6, 2, 10, 7, 3, 5, 6, 2, 5, 5, 9, 2, 7, 2, 10, 7, 2, 9, 4, 4, 8, 5, 10, 7, 10, 2, 2, 7, 6, 3, 7, 9, 2, 10, 2, 3, 5, 8, 10, 7, 1, 5, 4, 9, 7, 2, 7, 3, 5, 7, 5, 8, 1, 2]","[3, 9, 5, 7, 1, 9, 4, 8, 8, 7, 6, 7, 3, 10, 8, 2, 8, 3, 3, 1, 10, 6, 2, 6, 8, 3, 10, 9, 5, 4, 3, 9, 6, 6, 4, 4, 10, 10, 2, 9, 10, 7, 7, 2, 3, 7, 10, 9, 9, 5, 10, 10, 3, 4, 3, 6, 2, 1, 3, 6, 3, 5, 4, 8, 4, 5, 2, 6, 10, 6, 4, 2, 4, 5, 10, 7, 10, 1, 2, 5, 5, 9, 6, 1, 10, 1, 4, 7, 10, 8, 7, 1, 5, 7, 2, 9, 4, 4, 5, 8, 6, 5, 7, 8, 8, 6, 1, 8, 5, 9, 4, 1, 10, 2, 3, 3, 1, 2, 4, 10, 2, 5, 5, 4, 8, 5, 8, 4, 2, 3, 9, 6, 9, 3, 7, 10, 10, 7, 4, 5, 7, 6, 7, 5, 4, 3, 3, 2, 5, 2, 1, 8, 1, 5, 7, 2, 6, 2, 5, 7, 9, 5, 3, 9, 6, 1, 4, 9, 5, 2, 10, 8, 2, 8, 9, 2, 2, 4, 2, 7, 1, 6, 7, 10, 3, 9, 6, 4, 10, 4, 5, 10, 10, 10, 2, 7, 3, 8, 5, 5, 4, 3, 1, 1, 6, 3, 6, 7, 8, 1, 1, 4, 1, 6, 10, 2, 5, 7, 1, 3, 6, 1, 10, 3, 5, 3, 7, 3, 4, 3, 8, 3, 4, 3, 1, 7, 9, 7, 5, 1, 7, 8, 3, 1, 10, 7, 8, 3, 8, 3, 9, 10, 9, 5, 10, 2, 4, 3, 8, 8, 9, 9, 8, 4, 4, 2, 6, 2, 3, 10, 5, 9, 6, 4, 6, 5, 8, 10, 4, 10, 10, 2, 7, 2, 10, 10, 4, 5, 8, 8, 2, 6, 7, 9, 1, 9, 2, 4, 5, 9, 6, 7, 6, 10, 1, 3, 5, 6, 7, 2, 9, 8, 5, 4, 2, 9, 1, 9, 6, 8, 8, 5, 9, 7, 10, 1, 2, 10, 7, 7, 10, 6, 3, 7, 9, 5, 5, 2, 6, 1, 4, 4, 3, 10, 4, 1, 8, 6, 6, 8, 1, 5, 7, 2, 3, 6, 4, 10, 2, 2, 6, 3, 2, 6, 6, 1, 3, 7, 2, 8, 8, 2, 1, 8, 6, 6, 3, 4, 5, 2, 6, 5, 8, 3, 8, 7, 10, 3, 5, 8, 7, 1, 3, 3, 5, 2, 2, 3, 9, 5, 3, 1, 10, 1, 4, 9, 1, 6, 4, 6, 2, 3, 4, 8, 1, 7, 6, 6, 5, 9, 1, 9, 8, 3, 6, 1, 1, 1, 9, 7, 1, 7, 2, 2, 1, 9, 2, 5, 2, 6, 6, 5, 5, 7, 6, 8, 6, 2, 10, 7, 3, 5, 6, 2, 5, 5, 9, 2, 7, 2, 10, 7, 2, 9, 4, 4, 8, 5, 10, 7, 10, 2, 2, 7, 6, 3, 7, 9, 2, 10, 2, 3, 5, 8, 10, 7, 1, 5, 4, 9, 7, 2, 7, 3, 5, 7, 5, 8, 1, 2]",7.468878506337112e-05,1980,11407.890971402614,642.742,597.8857142857142,568.3142857142857,366,247814.0,0.08073743178352348,0.03310810810810811,0.057303667068481445,6,1006
torneo,"[2, 4, 10, 3, 10, 10, 5, 7, 5, 6, 10, 9, 7, 5, 2, 6, 4, 5, 2, 7, 1, 2, 1, 10, 8, 3, 4, 3, 4, 10, 5, 5, 5, 10, 10, 1, 6, 10, 10, 8, 3, 2, 5, 10, 2, 3, 2, 3, 5, 7, 5, 6, 9, 5, 1, 7, 8, 10, 10, 3, 8, 5, 10, 5, 1, 10, 2, 9, 10, 7, 2, 6, 6, 9, 1, 6, 1, 3, 7, 8, 1, 10, 6, 3, 8, 10, 8, 1, 6, 6, 8, 4, 6, 8, 10, 3, 7, 7, 4, 3, 4, 4, 4, 1, 9, 6, 10, 8, 4, 2, 1, 6, 8, 1, 3, 7, 7, 10, 2, 6, 6, 10, 9, 3, 10, 10, 2, 4, 8, 1, 4, 5, 5, 6, 6, 2, 8, 9, 10, 1, 8, 7, 8, 6, 3, 5, 9, 5, 1, 2, 3, 2, 3, 1, 10, 3, 6, 8, 6, 8, 9, 2, 1, 2, 8, 10, 2, 7, 2, 3, 7, 6, 9, 8, 2, 6, 10, 5, 8, 7, 10, 9, 9, 2, 5, 10, 8, 5, 6, 7, 7, 9, 3, 8, 9, 10, 10, 6, 2, 3, 1, 4, 8, 9, 6, 5, 10, 4, 1, 7, 2, 3, 9, 6, 6, 1, 9, 6, 9, 6, 3, 1, 5, 5, 5, 9, 9, 9, 1, 9, 4, 4, 2, 4, 8, 10, 5, 4, 4, 2, 3, 2, 2, 1, 4, 9, 9, 5, 6, 10, 5, 2, 3, 8, 4, 3, 10, 5, 2, 10, 5, 1, 7, 3, 10, 10, 10, 2, 2, 4, 4, 1, 4, 7, 2, 8, 6, 5, 4, 1, 7, 6, 1, 6, 7, 5, 4, 9, 3, 8, 7, 5, 2, 6, 3, 9, 9, 5, 1, 3, 5, 3, 4, 7, 4, 6, 1, 3, 10, 2, 4, 10, 1, 4, 9, 2, 5, 3, 1, 10, 3, 7, 2, 5, 7, 9, 6, 5, 6, 3, 8, 1, 8, 6, 3, 9, 10, 3, 10, 2, 7, 10, 9, 10, 9, 9, 2, 9, 4, 1, 3, 4, 4, 1, 4, 1, 4, 2, 8, 8, 1, 8, 7, 5, 6, 8, 4, 1, 5, 8, 6, 8, 5, 9, 2, 2, 8, 5, 3, 7, 4, 8, 2, 1, 5, 2, 2, 9, 7, 5, 8, 4, 1, 2, 3, 8, 6, 7, 3, 8, 6, 1, 8, 7, 1, 10, 2, 8, 9, 6, 5, 1, 1, 3, 8, 2, 8, 9, 3, 1, 4, 3, 5, 6, 5, 1, 4, 5, 5, 7, 1, 3, 3, 2, 8, 5, 3, 8, 9, 4, 3, 6, 9, 2, 4, 9, 5, 1, 6, 1, 4, 10, 2, 4, 6, 10, 2, 8, 5, 9, 8, 3, 7, 5, 10, 8, 4, 2, 8, 10, 2, 8, 9, 3, 6, 4, 2, 7, 6, 7, 2, 3, 5, 2, 6, 10, 10, 10, 6, 1, 3, 8, 6, 4, 9, 7, 3, 6, 7, 4]","[2, 4, 10, 3, 10, 10, 5, 7, 5, 6, 10, 9, 7, 5, 2, 6, 4, 5, 2, 7, 1, 2, 1, 10, 8, 3, 4, 3, 4, 10, 5, 5, 5, 10, 10, 1, 6, 10, 10, 8, 3, 2, 5, 10, 2, 3, 2, 3, 5, 7, 5, 6, 9, 5, 1, 7, 8, 10, 10, 3, 8, 5, 10, 5, 1, 10, 2, 9, 10, 7, 2, 6, 6, 9, 1, 6, 1, 3, 7, 8, 1, 10, 6, 3, 8, 10, 8, 1, 6, 6, 8, 4, 6, 8, 10, 3, 7, 7, 4, 3, 4, 4, 4, 1, 9, 6, 10, 8, 4, 2, 1, 6, 8, 1, 3, 7, 7, 10, 2, 6, 6, 10, 9, 3, 10, 10, 2, 4, 8, 1, 4, 5, 5, 6, 6, 2, 8, 9, 10, 1, 8, 7, 8, 6, 3, 5, 9, 5, 1, 2, 3, 2, 3, 1, 10, 3, 6, 8, 6, 8, 9, 2, 1, 2, 8, 10, 2, 7, 2, 3, 7, 6, 9, 8, 2, 6, 10, 5, 8, 7, 10, 9, 9, 2, 5, 10, 8, 5, 6, 7, 7, 9, 3, 8, 9, 10, 10, 6, 2, 3, 1, 4, 8, 9, 6, 5, 10, 4, 1, 7, 2, 3, 9, 6, 6, 1, 9, 6, 9, 6, 3, 1, 5, 5, 5, 9, 9, 9, 1, 9, 4, 4, 2, 4, 8, 10, 5, 4, 4, 2, 3, 2, 2, 1, 4, 9, 9, 5, 6, 10, 5, 2, 3, 8, 4, 3, 10, 5, 2, 10, 5, 1, 7, 3, 10, 10, 10, 2, 2, 4, 4, 1, 4, 7, 2, 8, 6, 5, 4, 1, 7, 6, 1, 6, 7, 5, 4, 9, 3, 8, 7, 5, 2, 6, 3, 9, 9, 5, 1, 3, 5, 3, 4, 7, 4, 6, 1, 3, 10, 2, 4, 10, 1, 4, 9, 2, 5, 3, 1, 10, 3, 7, 2, 5, 7, 9, 6, 5, 6, 3, 8, 1, 8, 6, 3, 9, 10, 3, 10, 2, 7, 10, 9, 10, 9, 9, 2, 9, 4, 1, 3, 4, 4, 1, 4, 1, 4, 2, 8, 8, 1, 8, 7, 5, 6, 8, 4, 1, 5, 8, 6, 8, 5, 9, 2, 2, 8, 5, 3, 7, 4, 8, 2, 1, 5, 2, 2, 9, 7, 5, 8, 4, 1, 2, 3, 8, 6, 7, 3, 8, 6, 1, 8, 7, 1, 10, 2, 8, 9, 6, 5, 1, 1, 3, 8, 2, 8, 9, 3, 1, 4, 3, 5, 6, 5, 1, 4, 5, 5, 7, 1, 3, 3, 2, 8, 5, 3, 8, 9, 4, 3, 6, 9, 2, 4, 9, 5, 1, 6, 1, 4, 10, 2, 4, 6, 10, 2, 8, 5, 9, 8, 3, 7, 5, 10, 8, 4, 2, 8, 10, 2, 8, 9, 3, 6, 4, 2, 7, 6, 7, 2, 3, 5, 2, 6, 10, 10, 10, 6, 1, 3, 8, 6, 4, 9, 7, 3, 6, 7, 4]",7.403746860102144e-05,1995,11510.674645899546,655.1,597.7285714285714,568.5857142857143,374,251945.0,0.10569940038439196,0.04358108108108108,0.056821584701538086,7,1007
torneo,"[5, 2, 1, 9, 7, 4, 3, 7, 5, 5, 9, 8, 10, 3, 2, 3, 10, 8, 4, 2, 3, 4, 10, 6, 10, 3, 5, 4, 7, 10, 10, 6, 4, 5, 8, 1, 6, 5, 9, 10, 10, 5, 7, 4, 8, 5, 1, 5, 5, 7, 7, 5, 6, 4, 1, 5, 6, 8, 5, 9, 9, 4, 1, 2, 9, 7, 2, 1, 2, 8, 3, 6, 4, 5, 10, 8, 3, 9, 1, 9, 8, 1, 5, 3, 6, 4, 3, 5, 8, 9, 2, 5, 3, 8, 7, 5, 6, 10, 1, 7, 9, 3, 6, 4, 9, 8, 10, 7, 9, 1, 9, 3, 4, 5, 4, 2, 3, 1, 2, 6, 2, 4, 7, 4, 3, 1, 7, 10, 6, 3, 3, 6, 2, 9, 10, 8, 8, 8, 5, 1, 4, 5, 2, 1, 4, 1, 7, 3, 9, 5, 6, 2, 5, 8, 5, 4, 1, 6, 10, 2, 2, 3, 3, 7, 5, 2, 2, 10, 3, 3, 2, 10, 8, 8, 8, 2, 4, 7, 8, 8, 10, 2, 4, 6, 3, 2, 7, 4, 9, 7, 3, 9, 8, 7, 6, 8, 4, 8, 8, 1, 1, 7, 10, 7, 5, 1, 6, 6, 6, 6, 5, 5, 8, 6, 2, 3, 3, 1, 7, 5, 7, 2, 8, 5, 9, 3, 2, 2, 1, 9, 4, 7, 9, 7, 8, 7, 5, 1, 4, 9, 8, 10, 4, 5, 10, 6, 7, 4, 7, 2, 5, 8, 8, 5, 9, 10, 3, 1, 8, 9, 3, 4, 6, 10, 6, 8, 7, 5, 9, 9, 5, 1, 2, 9, 2, 2, 9, 7, 1, 9, 1, 5, 4, 10, 3, 9, 7, 8, 8, 8, 8, 4, 5, 5, 1, 1, 3, 1, 3, 4, 2, 7, 4, 1, 8, 9, 9, 6, 6, 7, 9, 4, 4, 2, 6, 9, 5, 4, 7, 8, 3, 9, 4, 1, 1, 6, 10, 10, 7, 4, 4, 6, 7, 6, 1, 9, 3, 10, 4, 10, 6, 10, 3, 2, 1, 3, 8, 5, 7, 7, 1, 2, 3, 6, 10, 5, 9, 10, 10, 4, 5, 7, 5, 6, 4, 1, 2, 7, 10, 10, 5, 2, 3, 8, 4, 9, 8, 9, 5, 9, 6, 6, 5, 7, 7, 4, 8, 5, 10, 2, 2, 7, 6, 7, 10, 3, 6, 5, 3, 6, 10, 8, 2, 2, 5, 8, 9, 1, 7, 3, 8, 8, 4, 2, 2, 6, 1, 4, 7, 7, 4, 3, 10, 5, 5, 6, 4, 3, 9, 3, 8, 1, 8, 1, 2, 6, 5, 7, 7, 6, 2, 1, 6, 1, 3, 4, 5, 1, 9, 10, 8, 3, 5, 7, 5, 3, 5, 3, 3, 7, 8, 7, 8, 4, 4, 4, 4, 10, 7, 8, 10, 9, 2, 7, 8, 7, 3, 5, 8, 4, 10, 4, 1, 1, 6, 5, 7, 9, 1, 9, 7, 8, 1, 6, 7, 1, 4, 4, 9, 5]","[5, 2, 1, 9, 7, 4, 3, 7, 5, 5, 9, 8, 10, 3, 2, 3, 10, 8, 4, 2, 3, 4, 10, 6, 10, 3, 5, 4, 7, 10, 10, 6, 4, 5, 8, 1, 6, 5, 9, 10, 10, 5, 7, 4, 8, 5, 1, 5, 5, 7, 7, 5, 6, 4, 1, 5, 6, 8, 5, 9, 9, 4, 1, 2, 9, 7, 2, 1, 2, 8, 3, 6, 4, 5, 10, 8, 3, 9, 1, 9, 8, 1, 5, 3, 6, 4, 3, 5, 8, 9, 2, 5, 3, 8, 7, 5, 6, 10, 1, 7, 9, 3, 6, 4, 9, 8, 10, 7, 9, 1, 9, 3, 4, 5, 4, 2, 3, 1, 2, 6, 2, 4, 7, 4, 3, 1, 7, 10, 6, 3, 3, 6, 2, 9, 10, 8, 8, 8, 5, 1, 4, 5, 2, 1, 4, 1, 7, 3, 9, 5, 6, 2, 5, 8, 5, 4, 1, 6, 10, 2, 2, 3, 3, 7, 5, 2, 2, 10, 3, 3, 2, 10, 8, 8, 8, 2, 4, 7, 8, 8, 10, 2, 4, 6, 3, 2, 7, 4, 9, 7, 3, 9, 8, 7, 6, 8, 4, 8, 8, 1, 1, 7, 10, 7, 5, 1, 6, 6, 6, 6, 5, 5, 8, 6, 2, 3, 3, 1, 7, 5, 7, 2, 8, 5, 9, 3, 2, 2, 1, 9, 4, 7, 9, 7, 8, 7, 5, 1, 4, 9, 8, 10, 4, 5, 10, 6, 7, 4, 7, 2, 5, 8, 8, 5, 9, 10, 3, 1, 8, 9, 3, 4, 6, 10, 6, 8, 7, 5, 9, 9, 5, 1, 2, 9, 2, 2, 9, 7, 1, 9, 1, 5, 4, 10, 3, 9, 7, 8, 8, 8, 8, 4, 5, 5, 1, 1, 3, 1, 3, 4, 2, 7, 4, 1, 8, 9, 9, 6, 6, 7, 9, 4, 4, 2, 6, 9, 5, 4, 7, 8, 3, 9, 4, 1, 1, 6, 10, 10, 7, 4, 4, 6, 7, 6, 1, 9, 3, 10, 4, 10, 6, 10, 3, 2, 1, 3, 8, 5, 7, 7, 1, 2, 3, 6, 10, 5, 9, 10, 10, 4, 5, 7, 5, 6, 4, 1, 2, 7, 10, 10, 5, 2, 3, 8, 4, 9, 8, 9, 5, 9, 6, 6, 5, 7, 7, 4, 8, 5, 10, 2, 2, 7, 6, 7, 10, 3, 6, 5, 3, 6, 10, 8, 2, 2, 5, 8, 9, 1, 7, 3, 8, 8, 4, 2, 2, 6, 1, 4, 7, 7, 4, 3, 10, 5, 5, 6, 4, 3, 9, 3, 8, 1, 8, 1, 2, 6, 5, 7, 7, 6, 2, 1, 6, 1, 3, 4, 5, 1, 9, 10, 8, 3, 5, 7, 5, 3, 5, 3, 3, 7, 8, 7, 8, 4, 4, 4, 4, 10, 7, 8, 10, 9, 2, 7, 8, 7, 3, 5, 8, 4, 10, 4, 1, 1, 6, 5, 7, 9, 1, 9, 7, 8, 1, 6, 7, 1, 4, 4, 9, 5]",7.557159104656301e-05,2019,11212.48572845126,649.578,572.2428571428571,542.7714285714286,370,250089.0,0.09444163953114847,0.038907657657657656,0.057301998138427734,8,1008
torneo,"[1, 5, 7, 2, 2, 8, 4, 9, 1, 7, 7, 8, 8, 9, 8, 8, 9, 10, 5, 3, 7, 1, 10, 6, 2, 8, 10, 3, 3, 3, 3, 5, 6, 1, 2, 8, 9, 7, 10, 2, 6, 3, 7, 9, 4, 7, 5, 9, 6, 6, 7, 7, 7, 10, 2, 2, 10, 10, 8, 5, 10, 10, 10, 5, 4, 2, 10, 8, 4, 4, 1, 9, 8, 5, 9, 2, 5, 7, 9, 6, 10, 6, 5, 4, 9, 9, 6, 10, 8, 7, 6, 8, 8, 2, 9, 1, 3, 1, 2, 3, 8, 4, 2, 4, 2, 8, 4, 8, 1, 8, 7, 7, 2, 1, 4, 7, 7, 6, 9, 10, 6, 9, 4, 7, 3, 5, 3, 5, 5, 6, 4, 3, 4, 7, 6, 2, 8, 7, 6, 2, 6, 6, 4, 1, 7, 3, 9, 1, 3, 1, 7, 6, 5, 7, 7, 1, 7, 6, 4, 8, 9, 10, 7, 5, 8, 1, 2, 10, 1, 6, 9, 8, 3, 2, 6, 8, 10, 7, 4, 9, 7, 8, 7, 3, 10, 6, 10, 9, 9, 7, 8, 10, 7, 6, 6, 7, 1, 8, 7, 7, 10, 6, 1, 7, 4, 6, 4, 8, 6, 4, 4, 3, 7, 9, 2, 3, 4, 1, 5, 3, 3, 4, 5, 3, 5, 5, 1, 2, 3, 1, 9, 6, 9, 1, 2, 4, 8, 6, 4, 9, 5, 6, 5, 2, 5, 5, 1, 7, 7, 4, 5, 7, 5, 8, 4, 2, 2, 3, 1, 6, 7, 9, 4, 5, 4, 9, 2, 8, 1, 5, 1, 2, 9, 10, 3, 8, 4, 1, 9, 3, 4, 2, 6, 9, 8, 1, 2, 5, 2, 1, 5, 7, 2, 1, 1, 3, 2, 3, 10, 9, 10, 7, 8, 10, 3, 9, 7, 3, 7, 1, 3, 1, 3, 7, 4, 2, 7, 7, 2, 2, 2, 6, 7, 2, 4, 8, 9, 5, 4, 4, 9, 9, 7, 6, 9, 4, 1, 7, 4, 3, 10, 8, 4, 1, 7, 2, 9, 5, 4, 6, 8, 8, 5, 1, 9, 4, 10, 9, 1, 4, 7, 4, 9, 5, 4, 1, 2, 7, 6, 2, 5, 4, 8, 5, 5, 10, 2, 3, 9, 10, 4, 1, 9, 3, 8, 2, 6, 4, 1, 4, 3, 2, 10, 3, 9, 6, 1, 6, 2, 8, 8, 1, 7, 1, 4, 1, 9, 6, 4, 9, 2, 10, 6, 4, 3, 10, 4, 2, 1, 7, 10, 2, 7, 6, 4, 5, 8, 6, 3, 2, 5, 3, 6, 8, 2, 1, 8, 4, 5, 6, 9, 10, 3, 5, 3, 1, 3, 7, 4, 5, 8, 5, 7, 2, 10, 5, 2, 9, 1, 7, 5, 3, 9, 1, 10, 10, 7, 2, 9, 2, 3, 3, 5, 6, 4, 5, 9, 3, 1, 3, 6, 8, 9, 1, 4, 3, 8, 7, 2, 2, 5, 3, 10, 6, 3, 5, 1, 7, 10, 4]","[1, 5, 7, 2, 2, 8, 4, 9, 1, 7, 7, 8, 8, 9, 8, 8, 9, 10, 5, 3, 7, 1, 10, 6, 2, 8, 10, 3, 3, 3, 3, 5, 6, 1, 2, 8, 9, 7, 10, 2, 6, 3, 7, 9, 4, 7, 5, 9, 6, 6, 7, 7, 7, 10, 2, 2, 10, 10, 8, 5, 10, 10, 10, 5, 4, 2, 10, 8, 4, 4, 1, 9, 8, 5, 9, 2, 5, 7, 9, 6, 10, 6, 5, 4, 9, 9, 6, 10, 8, 7, 6, 8, 8, 2, 9, 1, 3, 1, 2, 3, 8, 4, 2, 4, 2, 8, 4, 8, 1, 8, 7, 7, 2, 1, 4, 7, 7, 6, 9, 10, 6, 9, 4, 7, 3, 5, 3, 5, 5, 6, 4, 3, 4, 7, 6, 2, 8, 7, 6, 2, 6, 6, 4, 1, 7, 3, 9, 1, 3, 1, 7, 6, 5, 7, 7, 1, 7, 6, 4, 8, 9, 10, 7, 5, 8, 1, 2, 10, 1, 6, 9, 8, 3, 2, 6, 8, 10, 7, 4, 9, 7, 8, 7, 3, 10, 6, 10, 9, 9, 7, 8, 10, 7, 6, 6, 7, 1, 8, 7, 7, 10, 6, 1, 7, 4, 6, 4, 8, 6, 4, 4, 3, 7, 9, 2, 3, 4, 1, 5, 3, 3, 4, 5, 3, 5, 5, 1, 2, 3, 1, 9, 6, 9, 1, 2, 4, 8, 6, 4, 9, 5, 6, 5, 2, 5, 5, 1, 7, 7, 4, 5, 7, 5, 8, 4, 2, 2, 3, 1, 6, 7, 9, 4, 5, 4, 9, 2, 8, 1, 5, 1, 2, 9, 10, 3, 8, 4, 1, 9, 3, 4, 2, 6, 9, 8, 1, 2, 5, 2, 1, 5, 7, 2, 1, 1, 3, 2, 3, 10, 9, 10, 7, 8, 10, 3, 9, 7, 3, 7, 1, 3, 1, 3, 7, 4, 2, 7, 7, 2, 2, 2, 6, 7, 2, 4, 8, 9, 5, 4, 4, 9, 9, 7, 6, 9, 4, 1, 7, 4, 3, 10, 8, 4, 1, 7, 2, 9, 5, 4, 6, 8, 8, 5, 1, 9, 4, 10, 9, 1, 4, 7, 4, 9, 5, 4, 1, 2, 7, 6, 2, 5, 4, 8, 5, 5, 10, 2, 3, 9, 10, 4, 1, 9, 3, 8, 2, 6, 4, 1, 4, 3, 2, 10, 3, 9, 6, 1, 6, 2, 8, 8, 1, 7, 1, 4, 1, 9, 6, 4, 9, 2, 10, 6, 4, 3, 10, 4, 2, 1, 7, 10, 2, 7, 6, 4, 5, 8, 6, 3, 2, 5, 3, 6, 8, 2, 1, 8, 4, 5, 6, 9, 10, 3, 5, 3, 1, 3, 7, 4, 5, 8, 5, 7, 2, 10, 5, 2, 9, 1, 7, 5, 3, 9, 1, 10, 10, 7, 2, 9, 2, 3, 3, 5, 6, 4, 5, 9, 3, 1, 3, 6, 8, 9, 1, 4, 3, 8, 7, 2, 2, 5, 3, 10, 6, 3, 5, 1, 7, 10, 4]",7.505317177072568e-05,2142,11180.887270944726,652.244,566.3571428571429,536.7857142857143,366,251497.0,0.13172162078671815,0.05613738738738739,0.05610394477844238,9,1009
torneo,"[3, 2, 1, 6, 9, 10, 6, 1, 1, 1, 2, 1, 8, 7, 9, 7, 1, 6, 8, 2, 10, 3, 5, 5, 7, 4, 2, 5, 2, 8, 5, 5, 7, 4, 5, 9, 4, 8, 8, 4, 5, 10, 7, 4, 10, 7, 5, 3, 3, 9, 10, 4, 3, 2, 10, 1, 3, 6, 7, 2, 3, 2, 1, 4, 5, 8, 5, 3, 9, 7, 5, 4, 2, 4, 9, 5, 3, 7, 3, 10, 6, 6, 8, 9, 3, 8, 9, 5, 5, 8, 10, 1, 8, 10, 1, 3, 8, 8, 6, 5, 1, 8, 2, 2, 6, 4, 1, 6, 10, 4, 2, 6, 9, 4, 3, 9, 2, 8, 6, 2, 10, 5, 2, 10, 8, 5, 1, 3, 10, 3, 6, 3, 5, 5, 8, 3, 2, 10, 10, 3, 7, 7, 10, 4, 7, 8, 8, 8, 2, 1, 3, 1, 1, 9, 8, 8, 1, 1, 5, 4, 1, 9, 8, 1, 3, 3, 2, 1, 4, 10, 10, 1, 3, 2, 6, 4, 1, 6, 3, 4, 4, 2, 7, 7, 1, 6, 2, 8, 5, 4, 9, 3, 5, 2, 5, 1, 4, 7, 1, 10, 1, 5, 10, 3, 5, 4, 1, 9, 9, 6, 10, 1, 9, 3, 4, 9, 9, 9, 4, 9, 7, 10, 7, 4, 3, 4, 9, 3, 7, 7, 1, 8, 2, 6, 9, 7, 6, 1, 4, 6, 5, 4, 7, 9, 4, 7, 3, 5, 10, 1, 6, 9, 4, 4, 6, 6, 3, 7, 2, 7, 9, 3, 2, 2, 10, 5, 10, 7, 3, 10, 8, 4, 7, 8, 6, 8, 4, 8, 9, 5, 4, 9, 6, 6, 2, 9, 2, 6, 5, 9, 9, 9, 5, 9, 3, 4, 9, 1, 7, 1, 5, 9, 7, 2, 2, 1, 6, 10, 4, 8, 4, 4, 5, 5, 10, 1, 4, 4, 1, 1, 7, 9, 2, 9, 10, 3, 7, 5, 7, 7, 1, 2, 6, 2, 6, 4, 6, 3, 2, 10, 8, 9, 5, 5, 10, 8, 8, 8, 3, 8, 1, 10, 1, 1, 8, 2, 6, 8, 1, 7, 4, 10, 8, 6, 1, 3, 2, 9, 1, 5, 3, 4, 2, 7, 10, 5, 3, 3, 4, 2, 9, 8, 4, 2, 2, 8, 3, 4, 4, 4, 8, 3, 10, 3, 1, 3, 10, 1, 5, 7, 6, 7, 2, 8, 1, 8, 8, 1, 9, 3, 1, 7, 7, 10, 9, 10, 10, 3, 8, 5, 8, 3, 3, 1, 1, 6, 9, 1, 9, 7, 3, 8, 10, 2, 2, 10, 1, 2, 5, 8, 10, 6, 4, 10, 1, 2, 4, 2, 10, 3, 5, 7, 9, 3, 9, 9, 1, 3, 2, 6, 10, 3, 5, 10, 5, 9, 1, 4, 3, 5, 7, 9, 3, 4, 1, 2, 8, 7, 2, 5, 6, 8, 10, 7, 5, 9, 4, 7, 4, 2, 9, 1, 10, 9, 9, 6, 5, 7, 5, 4]","[3, 2, 1, 6, 9, 10, 6, 1, 1, 1, 2, 1, 8, 7, 9, 7, 1, 6, 8, 2, 10, 3, 5, 5, 7, 4, 2, 5, 2, 8, 5, 5, 7, 4, 5, 9, 4, 8, 8, 4, 5, 10, 7, 4, 10, 7, 5, 3, 3, 9, 10, 4, 3, 2, 10, 1, 3, 6, 7, 2, 3, 2, 1, 4, 5, 8, 5, 3, 9, 7, 5, 4, 2, 4, 9, 5, 3, 7, 3, 10, 6, 6, 8, 9, 3, 8, 9, 5, 5, 8, 10, 1, 8, 10, 1, 3, 8, 8, 6, 5, 1, 8, 2, 2, 6, 4, 1, 6, 10, 4, 2, 6, 9, 4, 3, 9, 2, 8, 6, 2, 10, 5, 2, 10, 8, 5, 1, 3, 10, 3, 6, 3, 5, 5, 8, 3, 2, 10, 10, 3, 7, 7, 10, 4, 7, 8, 8, 8, 2, 1, 3, 1, 1, 9, 8, 8, 1, 1, 5, 4, 1, 9, 8, 1, 3, 3, 2, 1, 4, 10, 10, 1, 3, 2, 6, 4, 1, 6, 3, 4, 4, 2, 7, 7, 1, 6, 2, 8, 5, 4, 9, 3, 5, 2, 5, 1, 4, 7, 1, 10, 1, 5, 10, 3, 5, 4, 1, 9, 9, 6, 10, 1, 9, 3, 4, 9, 9, 9, 4, 9, 7, 10, 7, 4, 3, 4, 9, 3, 7, 7, 1, 8, 2, 6, 9, 7, 6, 1, 4, 6, 5, 4, 7, 9, 4, 7, 3, 5, 10, 1, 6, 9, 4, 4, 6, 6, 3, 7, 2, 7, 9, 3, 2, 2, 10, 5, 10, 7, 3, 10, 8, 4, 7, 8, 6, 8, 4, 8, 9, 5, 4, 9, 6, 6, 2, 9, 2, 6, 5, 9, 9, 9, 5, 9, 3, 4, 9, 1, 7, 1, 5, 9, 7, 2, 2, 1, 6, 10, 4, 8, 4, 4, 5, 5, 10, 1, 4, 4, 1, 1, 7, 9, 2, 9, 10, 3, 7, 5, 7, 7, 1, 2, 6, 2, 6, 4, 6, 3, 2, 10, 8, 9, 5, 5, 10, 8, 8, 8, 3, 8, 1, 10, 1, 1, 8, 2, 6, 8, 1, 7, 4, 10, 8, 6, 1, 3, 2, 9, 1, 5, 3, 4, 2, 7, 10, 5, 3, 3, 4, 2, 9, 8, 4, 2, 2, 8, 3, 4, 4, 4, 8, 3, 10, 3, 1, 3, 10, 1, 5, 7, 6, 7, 2, 8, 1, 8, 8, 1, 9, 3, 1, 7, 7, 10, 9, 10, 10, 3, 8, 5, 8, 3, 3, 1, 1, 6, 9, 1, 9, 7, 3, 8, 10, 2, 2, 10, 1, 2, 5, 8, 10, 6, 4, 10, 1, 2, 4, 2, 10, 3, 5, 7, 9, 3, 9, 9, 1, 3, 2, 6, 10, 3, 5, 10, 5, 9, 1, 4, 3, 5, 7, 9, 3, 4, 1, 2, 8, 7, 2, 5, 6, 8, 10, 7, 5, 9, 4, 7, 4, 2, 9, 1, 10, 9, 9, 6, 5, 7, 5, 4]",7.481750244579333e-05,2008,11356.856481570185,649.082,586.1857142857143,556.7714285714286,369,250541.0,0.08835534202164043,0.037894144144144146,0.05694270133972168,10,1010
torneo,"[1, 3, 10, 7, 8, 9, 8, 4, 7, 1, 6, 6, 1, 5, 9, 5, 8, 7, 1, 6, 2, 4, 5, 4, 5, 8, 7, 4, 10, 10, 8, 8, 4, 5, 4, 1, 10, 6, 2, 8, 4, 1, 2, 5, 3, 5, 9, 6, 10, 6, 1, 10, 3, 2, 6, 2, 3, 5, 5, 5, 1, 9, 9, 5, 3, 5, 7, 3, 9, 9, 2, 4, 5, 10, 6, 2, 3, 8, 1, 1, 4, 4, 5, 8, 1, 9, 7, 7, 3, 4, 8, 5, 10, 8, 9, 8, 8, 7, 6, 6, 1, 4, 8, 8, 3, 2, 4, 6, 10, 6, 1, 5, 8, 5, 6, 9, 1, 10, 7, 1, 4, 5, 5, 7, 4, 9, 8, 7, 6, 4, 7, 10, 6, 1, 4, 6, 8, 2, 3, 5, 4, 2, 1, 10, 3, 1, 6, 7, 1, 8, 2, 1, 2, 8, 8, 5, 7, 6, 6, 2, 4, 6, 5, 3, 5, 2, 6, 4, 1, 3, 6, 5, 8, 10, 10, 6, 10, 5, 10, 2, 4, 3, 4, 3, 3, 7, 6, 1, 4, 4, 8, 10, 5, 6, 8, 3, 3, 5, 5, 5, 2, 6, 1, 7, 2, 10, 7, 4, 10, 2, 10, 1, 3, 7, 7, 4, 7, 2, 10, 9, 9, 1, 7, 7, 7, 6, 1, 7, 10, 3, 5, 6, 1, 8, 7, 7, 10, 8, 3, 3, 8, 9, 1, 7, 4, 4, 8, 7, 7, 4, 9, 10, 10, 5, 4, 7, 9, 1, 4, 2, 2, 8, 6, 10, 5, 2, 6, 3, 4, 6, 6, 5, 3, 7, 8, 4, 10, 10, 8, 7, 6, 7, 2, 5, 3, 10, 8, 5, 6, 7, 1, 7, 2, 10, 7, 1, 9, 3, 9, 5, 10, 7, 7, 6, 2, 6, 3, 3, 5, 5, 5, 2, 2, 7, 6, 10, 8, 6, 1, 5, 2, 7, 10, 10, 8, 7, 8, 4, 8, 10, 7, 4, 2, 10, 9, 9, 2, 4, 9, 3, 8, 8, 4, 9, 1, 10, 10, 1, 1, 7, 6, 8, 4, 9, 9, 5, 3, 1, 10, 2, 1, 4, 4, 1, 10, 9, 8, 9, 8, 9, 2, 6, 2, 10, 1, 6, 3, 3, 4, 1, 8, 6, 5, 4, 9, 3, 3, 5, 10, 2, 3, 5, 9, 5, 1, 5, 10, 2, 7, 3, 10, 3, 4, 3, 2, 8, 1, 8, 4, 1, 3, 9, 7, 4, 6, 3, 4, 1, 6, 3, 8, 10, 10, 9, 3, 3, 6, 10, 8, 9, 4, 6, 5, 9, 5, 3, 9, 8, 1, 9, 3, 4, 4, 8, 5, 7, 8, 3, 4, 1, 1, 4, 7, 10, 7, 6, 9, 10, 5, 6, 1, 8, 3, 3, 9, 7, 7, 2, 7, 5, 10, 5, 4, 2, 5, 9, 7, 8, 4, 4, 8, 3, 3, 1, 8, 4, 5, 10, 6, 7, 5, 1, 2, 9, 3, 7, 1, 5, 7, 8]","[1, 3, 10, 7, 8, 9, 8, 4, 7, 1, 6, 6, 1, 5, 9, 5, 8, 7, 1, 6, 2, 4, 5, 4, 5, 8, 7, 4, 10, 10, 8, 8, 4, 5, 4, 1, 10, 6, 2, 8, 4, 1, 2, 5, 3, 5, 9, 6, 10, 6, 1, 10, 3, 2, 6, 2, 3, 5, 5, 5, 1, 9, 9, 5, 3, 5, 7, 3, 9, 9, 2, 4, 5, 10, 6, 2, 3, 8, 1, 1, 4, 4, 5, 8, 1, 9, 7, 7, 3, 4, 8, 5, 10, 8, 9, 8, 8, 7, 6, 6, 1, 4, 8, 8, 3, 2, 4, 6, 10, 6, 1, 5, 8, 5, 6, 9, 1, 10, 7, 1, 4, 5, 5, 7, 4, 9, 8, 7, 6, 4, 7, 10, 6, 1, 4, 6, 8, 2, 3, 5, 4, 2, 1, 10, 3, 1, 6, 7, 1, 8, 2, 1, 2, 8, 8, 5, 7, 6, 6, 2, 4, 6, 5, 3, 5, 2, 6, 4, 1, 3, 6, 5, 8, 10, 10, 6, 10, 5, 10, 2, 4, 3, 4, 3, 3, 7, 6, 1, 4, 4, 8, 10, 5, 6, 8, 3, 3, 5, 5, 5, 2, 6, 1, 7, 2, 10, 7, 4, 10, 2, 10, 1, 3, 7, 7, 4, 7, 2, 10, 9, 9, 1, 7, 7, 7, 6, 1, 7, 10, 3, 5, 6, 1, 8, 7, 7, 10, 8, 3, 3, 8, 9, 1, 7, 4, 4, 8, 7, 7, 4, 9, 10, 10, 5, 4, 7, 9, 1, 4, 2, 2, 8, 6, 10, 5, 2, 6, 3, 4, 6, 6, 5, 3, 7, 8, 4, 10, 10, 8, 7, 6, 7, 2, 5, 3, 10, 8, 5, 6, 7, 1, 7, 2, 10, 7, 1, 9, 3, 9, 5, 10, 7, 7, 6, 2, 6, 3, 3, 5, 5, 5, 2, 2, 7, 6, 10, 8, 6, 1, 5, 2, 7, 10, 10, 8, 7, 8, 4, 8, 10, 7, 4, 2, 10, 9, 9, 2, 4, 9, 3, 8, 8, 4, 9, 1, 10, 10, 1, 1, 7, 6, 8, 4, 9, 9, 5, 3, 1, 10, 2, 1, 4, 4, 1, 10, 9, 8, 9, 8, 9, 2, 6, 2, 10, 1, 6, 3, 3, 4, 1, 8, 6, 5, 4, 9, 3, 3, 5, 10, 2, 3, 5, 9, 5, 1, 5, 10, 2, 7, 3, 10, 3, 4, 3, 2, 8, 1, 8, 4, 1, 3, 9, 7, 4, 6, 3, 4, 1, 6, 3, 8, 10, 10, 9, 3, 3, 6, 10, 8, 9, 4, 6, 5, 9, 5, 3, 9, 8, 1, 9, 3, 4, 4, 8, 5, 7, 8, 3, 4, 1, 1, 4, 7, 10, 7, 6, 9, 10, 5, 6, 1, 8, 3, 3, 9, 7, 7, 2, 7, 5, 10, 5, 4, 2, 5, 9, 7, 8, 4, 4, 8, 3, 3, 1, 8, 4, 5, 10, 6, 7, 5, 1, 2, 9, 3, 7, 1, 5, 7, 8]",7.473621562118623e-05,2006,11373.39385173953,651.344,586.1857142857143,556.2714285714286,370,251386.0,0.10934185976881455,0.04752252252252252,0.05660295486450195,11,1011
torneo,"[3, 1, 3, 8, 6, 10, 5, 5, 7, 3, 10, 6, 7, 5, 6, 2, 4, 10, 7, 2, 10, 1, 5, 1, 2, 4, 9, 7, 4, 2, 2, 9, 3, 9, 9, 4, 5, 1, 9, 1, 1, 9, 4, 3, 10, 7, 4, 5, 7, 7, 5, 2, 8, 5, 8, 5, 10, 9, 7, 7, 10, 3, 10, 8, 9, 6, 8, 10, 9, 5, 9, 6, 4, 5, 5, 5, 6, 2, 10, 1, 10, 7, 2, 6, 1, 10, 3, 7, 10, 8, 7, 9, 4, 6, 3, 8, 2, 10, 9, 3, 2, 10, 3, 2, 8, 7, 5, 1, 1, 3, 3, 7, 3, 9, 8, 4, 10, 6, 9, 5, 5, 7, 3, 3, 3, 7, 6, 10, 8, 9, 5, 1, 8, 4, 8, 1, 5, 1, 8, 4, 9, 1, 3, 5, 4, 6, 1, 3, 2, 1, 2, 5, 9, 10, 5, 2, 2, 8, 10, 5, 7, 1, 3, 6, 6, 3, 10, 4, 6, 5, 7, 5, 1, 7, 1, 3, 2, 4, 8, 5, 9, 5, 4, 2, 10, 9, 10, 3, 9, 6, 2, 6, 6, 6, 5, 3, 4, 4, 4, 5, 6, 2, 10, 10, 3, 4, 9, 10, 2, 7, 9, 1, 4, 5, 3, 8, 4, 6, 8, 5, 4, 9, 6, 6, 2, 10, 2, 5, 5, 9, 4, 9, 4, 2, 1, 1, 10, 3, 4, 1, 9, 7, 2, 5, 1, 9, 7, 8, 9, 6, 7, 7, 7, 7, 2, 2, 6, 2, 7, 5, 8, 9, 2, 10, 2, 10, 4, 8, 10, 10, 7, 8, 9, 6, 6, 10, 10, 8, 8, 8, 4, 1, 10, 10, 4, 3, 8, 10, 4, 9, 1, 6, 6, 6, 7, 1, 4, 7, 3, 1, 8, 6, 10, 9, 5, 3, 3, 10, 4, 8, 2, 6, 8, 10, 6, 4, 2, 4, 8, 6, 8, 7, 7, 7, 1, 8, 8, 2, 5, 4, 5, 2, 3, 9, 3, 10, 3, 7, 7, 10, 2, 8, 4, 2, 5, 4, 10, 6, 1, 1, 9, 7, 8, 9, 5, 4, 1, 7, 3, 5, 5, 10, 1, 2, 2, 3, 9, 3, 5, 1, 10, 3, 6, 6, 8, 3, 1, 3, 2, 9, 1, 1, 8, 10, 9, 6, 10, 3, 5, 9, 9, 10, 5, 10, 4, 1, 6, 5, 8, 2, 4, 9, 2, 9, 1, 6, 4, 10, 9, 7, 10, 3, 6, 2, 1, 7, 9, 4, 8, 3, 5, 8, 5, 1, 1, 5, 3, 8, 9, 6, 10, 8, 7, 5, 3, 3, 8, 2, 8, 10, 7, 10, 3, 6, 7, 1, 3, 1, 5, 8, 5, 5, 4, 3, 8, 1, 8, 8, 3, 6, 6, 1, 3, 10, 8, 4, 9, 1, 10, 9, 10, 4, 10, 6, 6, 7, 8, 3, 5, 1, 8, 7, 1, 7, 2, 3, 7, 10, 5, 1, 7, 2, 6, 3, 7, 1, 7, 8, 6, 8]","[3, 1, 3, 8, 6, 10, 5, 5, 7, 3, 10, 6, 7, 5, 6, 2, 4, 10, 7, 2, 10, 1, 5, 1, 2, 4, 9, 7, 4, 2, 2, 9, 3, 9, 9, 4, 5, 1, 9, 1, 1, 9, 4, 3, 10, 7, 4, 5, 7, 7, 5, 2, 8, 5, 8, 5, 10, 9, 7, 7, 10, 3, 10, 8, 9, 6, 8, 10, 9, 5, 9, 6, 4, 5, 5, 5, 6, 2, 10, 1, 10, 7, 2, 6, 1, 10, 3, 7, 10, 8, 7, 9, 4, 6, 3, 8, 2, 10, 9, 3, 2, 10, 3, 2, 8, 7, 5, 1, 1, 3, 3, 7, 3, 9, 8, 4, 10, 6, 9, 5, 5, 7, 3, 3, 3, 7, 6, 10, 8, 9, 5, 1, 8, 4, 8, 1, 5, 1, 8, 4, 9, 1, 3, 5, 4, 6, 1, 3, 2, 1, 2, 5, 9, 10, 5, 2, 2, 8, 10, 5, 7, 1, 3, 6, 6, 3, 10, 4, 6, 5, 7, 5, 1, 7, 1, 3, 2, 4, 8, 5, 9, 5, 4, 2, 10, 9, 10, 3, 9, 6, 2, 6, 6, 6, 5, 3, 4, 4, 4, 5, 6, 2, 10, 10, 3, 4, 9, 10, 2, 7, 9, 1, 4, 5, 3, 8, 4, 6, 8, 5, 4, 9, 6, 6, 2, 10, 2, 5, 5, 9, 4, 9, 4, 2, 1, 1, 10, 3, 4, 1, 9, 7, 2, 5, 1, 9, 7, 8, 9, 6, 7, 7, 7, 7, 2, 2, 6, 2, 7, 5, 8, 9, 2, 10, 2, 10, 4, 8, 10, 10, 7, 8, 9, 6, 6, 10, 10, 8, 8, 8, 4, 1, 10, 10, 4, 3, 8, 10, 4, 9, 1, 6, 6, 6, 7, 1, 4, 7, 3, 1, 8, 6, 10, 9, 5, 3, 3, 10, 4, 8, 2, 6, 8, 10, 6, 4, 2, 4, 8, 6, 8, 7, 7, 7, 1, 8, 8, 2, 5, 4, 5, 2, 3, 9, 3, 10, 3, 7, 7, 10, 2, 8, 4, 2, 5, 4, 10, 6, 1, 1, 9, 7, 8, 9, 5, 4, 1, 7, 3, 5, 5, 10, 1, 2, 2, 3, 9, 3, 5, 1, 10, 3, 6, 6, 8, 3, 1, 3, 2, 9, 1, 1, 8, 10, 9, 6, 10, 3, 5, 9, 9, 10, 5, 10, 4, 1, 6, 5, 8, 2, 4, 9, 2, 9, 1, 6, 4, 10, 9, 7, 10, 3, 6, 2, 1, 7, 9, 4, 8, 3, 5, 8, 5, 1, 1, 5, 3, 8, 9, 6, 10, 8, 7, 5, 3, 3, 8, 2, 8, 10, 7, 10, 3, 6, 7, 1, 3, 1, 5, 8, 5, 5, 4, 3, 8, 1, 8, 8, 3, 6, 6, 1, 3, 10, 8, 4, 9, 1, 10, 9, 10, 4, 10, 6, 6, 7, 8, 3, 5, 1, 8, 7, 1, 7, 2, 3, 7, 10, 5, 1, 7, 2, 6, 3, 7, 1, 7, 8, 6, 8]",7.511059466311544e-05,1999,11313.701009626942,647.286,586.5714285714286,557.0,372,248178.0,0.07071408558992855,0.02849099099099099,0.05936241149902344,12,1012
torneo,"[8, 3, 8, 4, 6, 8, 10, 8, 6, 6, 8, 9, 7, 9, 1, 5, 4, 5, 3, 7, 3, 10, 3, 6, 1, 1, 1, 6, 6, 6, 3, 10, 1, 10, 4, 5, 9, 4, 1, 8, 2, 5, 7, 9, 6, 8, 5, 8, 4, 10, 5, 7, 7, 7, 9, 3, 6, 2, 3, 3, 9, 1, 10, 10, 4, 10, 9, 1, 10, 2, 2, 6, 5, 1, 6, 7, 1, 8, 5, 8, 7, 4, 2, 7, 2, 10, 1, 6, 5, 8, 5, 10, 1, 1, 4, 3, 6, 1, 7, 9, 1, 2, 1, 8, 5, 5, 8, 1, 5, 8, 1, 6, 3, 2, 2, 9, 3, 3, 3, 10, 10, 8, 7, 7, 9, 1, 8, 7, 6, 8, 9, 5, 10, 2, 6, 9, 10, 4, 8, 3, 2, 8, 10, 5, 2, 2, 6, 6, 10, 10, 7, 6, 1, 9, 5, 4, 1, 10, 8, 6, 1, 9, 4, 9, 5, 3, 2, 4, 5, 6, 6, 8, 6, 6, 3, 10, 8, 7, 5, 4, 10, 4, 7, 8, 7, 4, 10, 1, 3, 9, 10, 8, 5, 4, 7, 4, 8, 8, 5, 4, 3, 2, 9, 2, 1, 3, 1, 3, 8, 1, 5, 6, 8, 1, 8, 10, 6, 1, 7, 5, 5, 5, 6, 8, 8, 3, 6, 4, 9, 4, 4, 10, 2, 1, 2, 5, 6, 3, 3, 5, 6, 7, 10, 5, 3, 8, 5, 7, 5, 2, 5, 10, 7, 5, 9, 7, 9, 2, 2, 5, 3, 9, 1, 5, 9, 2, 8, 9, 7, 5, 6, 9, 8, 2, 1, 2, 2, 5, 5, 8, 9, 5, 8, 3, 4, 5, 2, 2, 7, 8, 8, 9, 4, 7, 8, 4, 8, 10, 4, 9, 7, 1, 7, 1, 4, 10, 6, 2, 1, 2, 9, 4, 1, 3, 1, 5, 8, 3, 2, 10, 5, 1, 3, 7, 10, 10, 10, 8, 1, 3, 3, 5, 1, 2, 6, 5, 1, 9, 8, 9, 2, 2, 3, 4, 2, 5, 4, 4, 7, 8, 6, 6, 1, 10, 4, 10, 3, 2, 2, 7, 9, 9, 7, 9, 7, 5, 2, 10, 7, 4, 5, 3, 4, 5, 8, 1, 6, 10, 4, 6, 5, 7, 9, 3, 8, 9, 9, 1, 9, 7, 3, 7, 10, 8, 1, 6, 5, 5, 7, 1, 9, 1, 4, 9, 9, 2, 3, 10, 6, 3, 4, 1, 10, 6, 1, 10, 10, 5, 10, 5, 6, 4, 3, 7, 6, 7, 7, 9, 3, 9, 6, 5, 10, 1, 6, 1, 7, 6, 7, 6, 4, 10, 6, 10, 4, 7, 4, 4, 5, 5, 8, 5, 2, 6, 7, 9, 9, 4, 7, 4, 2, 6, 1, 10, 1, 7, 2, 4, 1, 8, 4, 5, 2, 2, 8, 4, 10, 2, 7, 6, 5, 3, 1, 1, 8, 3, 7, 5, 5, 2, 2, 2, 10, 3, 3, 4, 8, 3, 9, 7]","[8, 3, 8, 4, 6, 8, 10, 8, 6, 6, 8, 9, 7, 9, 1, 5, 4, 5, 3, 7, 3, 10, 3, 6, 1, 1, 1, 6, 6, 6, 3, 10, 1, 10, 4, 5, 9, 4, 1, 8, 2, 5, 7, 9, 6, 8, 5, 8, 4, 10, 5, 7, 7, 7, 9, 3, 6, 2, 3, 3, 9, 1, 10, 10, 4, 10, 9, 1, 10, 2, 2, 6, 5, 1, 6, 7, 1, 8, 5, 8, 7, 4, 2, 7, 2, 10, 1, 6, 5, 8, 5, 10, 1, 1, 4, 3, 6, 1, 7, 9, 1, 2, 1, 8, 5, 5, 8, 1, 5, 8, 1, 6, 3, 2, 2, 9, 3, 3, 3, 10, 10, 8, 7, 7, 9, 1, 8, 7, 6, 8, 9, 5, 10, 2, 6, 9, 10, 4, 8, 3, 2, 8, 10, 5, 2, 2, 6, 6, 10, 10, 7, 6, 1, 9, 5, 4, 1, 10, 8, 6, 1, 9, 4, 9, 5, 3, 2, 4, 5, 6, 6, 8, 6, 6, 3, 10, 8, 7, 5, 4, 10, 4, 7, 8, 7, 4, 10, 1, 3, 9, 10, 8, 5, 4, 7, 4, 8, 8, 5, 4, 3, 2, 9, 2, 1, 3, 1, 3, 8, 1, 5, 6, 8, 1, 8, 10, 6, 1, 7, 5, 5, 5, 6, 8, 8, 3, 6, 4, 9, 4, 4, 10, 2, 1, 2, 5, 6, 3, 3, 5, 6, 7, 10, 5, 3, 8, 5, 7, 5, 2, 5, 10, 7, 5, 9, 7, 9, 2, 2, 5, 3, 9, 1, 5, 9, 2, 8, 9, 7, 5, 6, 9, 8, 2, 1, 2, 2, 5, 5, 8, 9, 5, 8, 3, 4, 5, 2, 2, 7, 8, 8, 9, 4, 7, 8, 4, 8, 10, 4, 9, 7, 1, 7, 1, 4, 10, 6, 2, 1, 2, 9, 4, 1, 3, 1, 5, 8, 3, 2, 10, 5, 1, 3, 7, 10, 10, 10, 8, 1, 3, 3, 5, 1, 2, 6, 5, 1, 9, 8, 9, 2, 2, 3, 4, 2, 5, 4, 4, 7, 8, 6, 6, 1, 10, 4, 10, 3, 2, 2, 7, 9, 9, 7, 9, 7, 5, 2, 10, 7, 4, 5, 3, 4, 5, 8, 1, 6, 10, 4, 6, 5, 7, 9, 3, 8, 9, 9, 1, 9, 7, 3, 7, 10, 8, 1, 6, 5, 5, 7, 1, 9, 1, 4, 9, 9, 2, 3, 10, 6, 3, 4, 1, 10, 6, 1, 10, 10, 5, 10, 5, 6, 4, 3, 7, 6, 7, 7, 9, 3, 9, 6, 5, 10, 1, 6, 1, 7, 6, 7, 6, 4, 10, 6, 10, 4, 7, 4, 4, 5, 5, 8, 5, 2, 6, 7, 9, 9, 4, 7, 4, 2, 6, 1, 10, 1, 7, 2, 4, 1, 8, 4, 5, 2, 2, 8, 4, 10, 2, 7, 6, 5, 3, 1, 1, 8, 3, 7, 5, 5, 2, 2, 2, 10, 3, 3, 4, 8, 3, 9, 7]",7.465703197501128e-05,2071,11322.585527250985,647.114,585.2571428571429,555.7857142857143,371,249206.0,0.10591124916389295,0.04048423423423424,0.057196855545043945,13,1013
torneo,"[6, 2, 1, 2, 4, 9, 3, 8, 7, 9, 8, 2, 5, 2, 4, 2, 5, 10, 9, 9, 4, 7, 5, 9, 7, 8, 4, 8, 10, 7, 10, 4, 7, 6, 8, 1, 1, 1, 10, 10, 2, 6, 5, 7, 3, 6, 7, 3, 10, 6, 1, 5, 2, 9, 4, 10, 9, 2, 1, 7, 5, 7, 10, 5, 5, 4, 10, 6, 8, 3, 7, 1, 9, 8, 5, 6, 6, 7, 5, 10, 7, 2, 5, 9, 9, 10, 2, 10, 4, 9, 3, 5, 7, 2, 8, 10, 5, 3, 3, 9, 3, 6, 7, 1, 5, 3, 4, 1, 8, 5, 6, 10, 6, 2, 6, 3, 5, 7, 5, 3, 5, 10, 4, 4, 7, 7, 3, 8, 9, 5, 6, 8, 10, 9, 6, 7, 9, 10, 8, 3, 4, 6, 2, 8, 5, 6, 1, 4, 2, 10, 6, 1, 8, 4, 3, 8, 8, 3, 10, 9, 10, 8, 6, 6, 4, 10, 2, 9, 4, 6, 9, 2, 3, 10, 2, 2, 9, 4, 2, 5, 8, 3, 3, 10, 10, 5, 8, 7, 7, 4, 6, 3, 1, 7, 6, 4, 4, 7, 8, 9, 2, 3, 8, 10, 6, 5, 2, 7, 7, 3, 8, 10, 5, 6, 1, 8, 2, 7, 6, 3, 1, 8, 1, 9, 3, 1, 8, 4, 1, 1, 7, 6, 10, 1, 5, 6, 4, 8, 1, 7, 9, 7, 3, 5, 4, 2, 3, 4, 9, 2, 3, 1, 2, 5, 4, 1, 3, 5, 5, 1, 8, 1, 5, 7, 5, 7, 5, 2, 3, 6, 9, 5, 7, 6, 9, 1, 7, 7, 1, 1, 1, 1, 10, 7, 3, 3, 7, 8, 7, 5, 6, 10, 6, 5, 9, 10, 5, 1, 4, 9, 5, 3, 3, 10, 4, 10, 9, 7, 8, 2, 7, 9, 7, 7, 2, 8, 4, 2, 9, 10, 3, 5, 7, 2, 2, 1, 2, 10, 1, 2, 1, 1, 5, 9, 2, 8, 5, 8, 6, 9, 10, 6, 10, 2, 3, 10, 5, 6, 1, 10, 4, 2, 3, 6, 10, 3, 5, 7, 9, 5, 7, 3, 9, 4, 3, 3, 9, 4, 6, 6, 2, 3, 1, 10, 5, 8, 7, 8, 1, 4, 10, 4, 5, 1, 3, 2, 1, 9, 1, 7, 9, 7, 5, 7, 6, 3, 3, 3, 10, 9, 7, 10, 2, 10, 9, 7, 2, 5, 7, 7, 9, 8, 3, 10, 8, 9, 8, 1, 3, 5, 8, 5, 9, 8, 10, 2, 10, 5, 6, 2, 10, 10, 6, 6, 10, 10, 4, 4, 3, 9, 6, 8, 1, 6, 4, 5, 6, 6, 6, 9, 4, 8, 6, 9, 2, 4, 10, 4, 4, 10, 1, 3, 7, 3, 8, 7, 10, 3, 2, 7, 6, 6, 4, 1, 6, 7, 7, 3, 4, 5, 1, 10, 5, 3, 3, 8, 6, 2, 5, 8, 6, 6, 4, 6, 9, 7, 8, 1, 7, 10]","[6, 2, 1, 2, 4, 9, 3, 8, 7, 9, 8, 2, 5, 2, 4, 2, 5, 10, 9, 9, 4, 7, 5, 9, 7, 8, 4, 8, 10, 7, 10, 4, 7, 6, 8, 1, 1, 1, 10, 10, 2, 6, 5, 7, 3, 6, 7, 3, 10, 6, 1, 5, 2, 9, 4, 10, 9, 2, 1, 7, 5, 7, 10, 5, 5, 4, 10, 6, 8, 3, 7, 1, 9, 8, 5, 6, 6, 7, 5, 10, 7, 2, 5, 9, 9, 10, 2, 10, 4, 9, 3, 5, 7, 2, 8, 10, 5, 3, 3, 9, 3, 6, 7, 1, 5, 3, 4, 1, 8, 5, 6, 10, 6, 2, 6, 3, 5, 7, 5, 3, 5, 10, 4, 4, 7, 7, 3, 8, 9, 5, 6, 8, 10, 9, 6, 7, 9, 10, 8, 3, 4, 6, 2, 8, 5, 6, 1, 4, 2, 10, 6, 1, 8, 4, 3, 8, 8, 3, 10, 9, 10, 8, 6, 6, 4, 10, 2, 9, 4, 6, 9, 2, 3, 10, 2, 2, 9, 4, 2, 5, 8, 3, 3, 10, 10, 5, 8, 7, 7, 4, 6, 3, 1, 7, 6, 4, 4, 7, 8, 9, 2, 3, 8, 10, 6, 5, 2, 7, 7, 3, 8, 10, 5, 6, 1, 8, 2, 7, 6, 3, 1, 8, 1, 9, 3, 1, 8, 4, 1, 1, 7, 6, 10, 1, 5, 6, 4, 8, 1, 7, 9, 7, 3, 5, 4, 2, 3, 4, 9, 2, 3, 1, 2, 5, 4, 1, 3, 5, 5, 1, 8, 1, 5, 7, 5, 7, 5, 2, 3, 6, 9, 5, 7, 6, 9, 1, 7, 7, 1, 1, 1, 1, 10, 7, 3, 3, 7, 8, 7, 5, 6, 10, 6, 5, 9, 10, 5, 1, 4, 9, 5, 3, 3, 10, 4, 10, 9, 7, 8, 2, 7, 9, 7, 7, 2, 8, 4, 2, 9, 10, 3, 5, 7, 2, 2, 1, 2, 10, 1, 2, 1, 1, 5, 9, 2, 8, 5, 8, 6, 9, 10, 6, 10, 2, 3, 10, 5, 6, 1, 10, 4, 2, 3, 6, 10, 3, 5, 7, 9, 5, 7, 3, 9, 4, 3, 3, 9, 4, 6, 6, 2, 3, 1, 10, 5, 8, 7, 8, 1, 4, 10, 4, 5, 1, 3, 2, 1, 9, 1, 7, 9, 7, 5, 7, 6, 3, 3, 3, 10, 9, 7, 10, 2, 10, 9, 7, 2, 5, 7, 7, 9, 8, 3, 10, 8, 9, 8, 1, 3, 5, 8, 5, 9, 8, 10, 2, 10, 5, 6, 2, 10, 10, 6, 6, 10, 10, 4, 4, 3, 9, 6, 8, 1, 6, 4, 5, 6, 6, 6, 9, 4, 8, 6, 9, 2, 4, 10, 4, 4, 10, 1, 3, 7, 3, 8, 7, 10, 3, 2, 7, 6, 6, 4, 1, 6, 7, 7, 3, 4, 5, 1, 10, 5, 3, 3, 8, 6, 2, 5, 8, 6, 6, 4, 6, 9, 7, 8, 1, 7, 10]",7.576104630797541e-05,1952,11246.395318999566,649.89,575.3714285714286,546.2285714285714,365,250455.0,0.07475051842542454,0.03496621621621621,0.05668902397155762,14,1014
torneo,"[2, 8, 8, 8, 3, 7, 1, 9, 5, 4, 7, 10, 3, 9, 10, 8, 10, 3, 5, 3, 2, 8, 10, 6, 9, 5, 5, 9, 1, 2, 4, 7, 7, 2, 5, 2, 7, 8, 9, 7, 3, 5, 4, 2, 7, 10, 8, 3, 2, 10, 5, 7, 10, 9, 2, 5, 3, 4, 4, 1, 1, 8, 5, 5, 6, 1, 8, 8, 10, 1, 3, 7, 1, 7, 9, 9, 4, 4, 1, 1, 4, 8, 8, 9, 8, 2, 2, 9, 7, 10, 8, 8, 4, 4, 5, 8, 7, 4, 7, 10, 4, 1, 2, 1, 8, 1, 8, 6, 8, 9, 6, 4, 9, 3, 10, 8, 9, 7, 10, 5, 7, 10, 3, 5, 4, 10, 1, 9, 5, 10, 1, 8, 4, 5, 8, 8, 4, 6, 10, 3, 2, 5, 2, 2, 6, 1, 9, 8, 3, 3, 2, 3, 2, 6, 6, 4, 2, 2, 8, 9, 7, 2, 2, 10, 9, 8, 2, 6, 5, 4, 9, 1, 4, 6, 10, 3, 8, 9, 7, 10, 1, 5, 10, 9, 3, 6, 3, 8, 5, 5, 6, 1, 7, 3, 3, 5, 10, 4, 8, 10, 3, 10, 4, 2, 1, 9, 2, 9, 9, 1, 3, 9, 5, 5, 4, 8, 4, 5, 7, 6, 5, 7, 5, 3, 5, 7, 7, 5, 10, 7, 6, 2, 9, 8, 4, 4, 5, 9, 2, 3, 3, 7, 1, 9, 2, 8, 3, 3, 8, 9, 9, 9, 1, 4, 4, 6, 3, 2, 2, 7, 5, 2, 8, 10, 9, 3, 10, 10, 4, 5, 5, 2, 7, 4, 4, 4, 7, 1, 7, 6, 7, 8, 9, 2, 4, 2, 1, 9, 3, 5, 7, 2, 10, 5, 7, 9, 2, 1, 7, 5, 7, 5, 8, 9, 1, 10, 9, 10, 7, 6, 8, 10, 8, 3, 2, 5, 3, 7, 7, 6, 4, 4, 10, 8, 9, 2, 8, 9, 4, 4, 7, 3, 8, 2, 8, 1, 4, 7, 6, 1, 5, 5, 10, 5, 8, 10, 1, 8, 5, 6, 4, 6, 4, 5, 5, 10, 4, 1, 8, 5, 2, 5, 8, 4, 4, 10, 6, 3, 1, 8, 2, 8, 2, 5, 2, 10, 9, 2, 9, 7, 3, 4, 9, 2, 6, 9, 4, 10, 1, 1, 3, 2, 5, 4, 9, 3, 7, 5, 4, 8, 1, 3, 2, 7, 6, 10, 6, 3, 1, 5, 2, 1, 8, 10, 6, 6, 1, 1, 3, 7, 9, 1, 3, 10, 1, 6, 3, 7, 7, 7, 1, 10, 4, 1, 2, 10, 4, 10, 6, 3, 1, 3, 4, 2, 10, 1, 7, 8, 8, 9, 6, 8, 7, 2, 3, 9, 3, 6, 9, 9, 7, 1, 6, 9, 6, 8, 7, 1, 9, 6, 6, 1, 7, 5, 5, 10, 4, 10, 6, 6, 9, 1, 6, 10, 7, 3, 2, 3, 3, 8, 2, 5, 6, 10, 2, 5, 1, 6, 5, 5]","[2, 8, 8, 8, 3, 7, 1, 9, 5, 4, 7, 10, 3, 9, 10, 8, 10, 3, 5, 3, 2, 8, 10, 6, 9, 5, 5, 9, 1, 2, 4, 7, 7, 2, 5, 2, 7, 8, 9, 7, 3, 5, 4, 2, 7, 10, 8, 3, 2, 10, 5, 7, 10, 9, 2, 5, 3, 4, 4, 1, 1, 8, 5, 5, 6, 1, 8, 8, 10, 1, 3, 7, 1, 7, 9, 9, 4, 4, 1, 1, 4, 8, 8, 9, 8, 2, 2, 9, 7, 10, 8, 8, 4, 4, 5, 8, 7, 4, 7, 10, 4, 1, 2, 1, 8, 1, 8, 6, 8, 9, 6, 4, 9, 3, 10, 8, 9, 7, 10, 5, 7, 10, 3, 5, 4, 10, 1, 9, 5, 10, 1, 8, 4, 5, 8, 8, 4, 6, 10, 3, 2, 5, 2, 2, 6, 1, 9, 8, 3, 3, 2, 3, 2, 6, 6, 4, 2, 2, 8, 9, 7, 2, 2, 10, 9, 8, 2, 6, 5, 4, 9, 1, 4, 6, 10, 3, 8, 9, 7, 10, 1, 5, 10, 9, 3, 6, 3, 8, 5, 5, 6, 1, 7, 3, 3, 5, 10, 4, 8, 10, 3, 10, 4, 2, 1, 9, 2, 9, 9, 1, 3, 9, 5, 5, 4, 8, 4, 5, 7, 6, 5, 7, 5, 3, 5, 7, 7, 5, 10, 7, 6, 2, 9, 8, 4, 4, 5, 9, 2, 3, 3, 7, 1, 9, 2, 8, 3, 3, 8, 9, 9, 9, 1, 4, 4, 6, 3, 2, 2, 7, 5, 2, 8, 10, 9, 3, 10, 10, 4, 5, 5, 2, 7, 4, 4, 4, 7, 1, 7, 6, 7, 8, 9, 2, 4, 2, 1, 9, 3, 5, 7, 2, 10, 5, 7, 9, 2, 1, 7, 5, 7, 5, 8, 9, 1, 10, 9, 10, 7, 6, 8, 10, 8, 3, 2, 5, 3, 7, 7, 6, 4, 4, 10, 8, 9, 2, 8, 9, 4, 4, 7, 3, 8, 2, 8, 1, 4, 7, 6, 1, 5, 5, 10, 5, 8, 10, 1, 8, 5, 6, 4, 6, 4, 5, 5, 10, 4, 1, 8, 5, 2, 5, 8, 4, 4, 10, 6, 3, 1, 8, 2, 8, 2, 5, 2, 10, 9, 2, 9, 7, 3, 4, 9, 2, 6, 9, 4, 10, 1, 1, 3, 2, 5, 4, 9, 3, 7, 5, 4, 8, 1, 3, 2, 7, 6, 10, 6, 3, 1, 5, 2, 1, 8, 10, 6, 6, 1, 1, 3, 7, 9, 1, 3, 10, 1, 6, 3, 7, 7, 7, 1, 10, 4, 1, 2, 10, 4, 10, 6, 3, 1, 3, 4, 2, 10, 1, 7, 8, 8, 9, 6, 8, 7, 2, 3, 9, 3, 6, 9, 9, 7, 1, 6, 9, 6, 8, 7, 1, 9, 6, 6, 1, 7, 5, 5, 10, 4, 10, 6, 6, 9, 1, 6, 10, 7, 3, 2, 3, 3, 8, 2, 5, 6, 10, 2, 5, 1, 6, 5, 5]",7.417680593195376e-05,1955,11525.303049329896,644.612,609.8142857142857,580.6142857142858,366,247626.0,0.08559077153562734,0.03248873873873874,0.05717301368713379,15,1015
torneo,"[6, 7, 9, 6, 9, 3, 2, 6, 8, 1, 8, 9, 8, 10, 9, 7, 10, 3, 10, 8, 3, 2, 10, 5, 6, 6, 6, 6, 6, 6, 5, 4, 10, 6, 5, 1, 8, 3, 4, 4, 5, 10, 6, 6, 6, 9, 3, 5, 6, 6, 7, 2, 4, 9, 8, 10, 4, 3, 4, 5, 10, 5, 2, 2, 5, 7, 6, 9, 8, 7, 4, 3, 3, 8, 3, 7, 1, 7, 4, 4, 8, 1, 2, 8, 10, 7, 8, 6, 1, 7, 5, 8, 7, 3, 1, 4, 8, 9, 4, 6, 4, 5, 1, 8, 10, 8, 3, 3, 9, 9, 10, 10, 8, 4, 9, 1, 2, 2, 7, 7, 9, 3, 1, 4, 8, 6, 5, 8, 3, 5, 8, 5, 6, 9, 9, 6, 4, 10, 3, 10, 2, 4, 1, 7, 2, 7, 7, 4, 9, 9, 2, 6, 2, 10, 3, 2, 6, 8, 3, 8, 1, 4, 9, 2, 6, 1, 8, 6, 8, 7, 6, 4, 7, 1, 1, 5, 9, 3, 1, 9, 10, 7, 10, 10, 10, 4, 1, 4, 4, 1, 8, 8, 5, 1, 10, 2, 1, 5, 8, 8, 7, 9, 9, 7, 9, 1, 2, 8, 1, 10, 2, 10, 6, 8, 4, 10, 8, 2, 4, 1, 10, 9, 5, 3, 9, 1, 8, 8, 4, 3, 5, 7, 4, 2, 3, 2, 4, 8, 9, 1, 1, 3, 6, 6, 8, 10, 2, 4, 2, 2, 1, 6, 8, 2, 5, 2, 7, 3, 9, 1, 7, 2, 3, 5, 1, 2, 6, 9, 9, 1, 2, 10, 4, 6, 7, 1, 10, 10, 4, 6, 8, 1, 8, 3, 3, 1, 3, 10, 5, 4, 1, 5, 6, 10, 2, 6, 7, 2, 4, 1, 6, 8, 9, 10, 6, 2, 9, 6, 6, 6, 3, 6, 4, 6, 5, 10, 5, 3, 5, 3, 4, 3, 10, 4, 10, 9, 4, 1, 4, 5, 7, 7, 4, 1, 3, 6, 7, 10, 2, 6, 2, 8, 4, 9, 9, 10, 10, 9, 2, 8, 1, 4, 2, 5, 8, 4, 6, 2, 5, 8, 4, 6, 9, 1, 2, 7, 10, 3, 10, 4, 10, 7, 4, 2, 8, 6, 5, 8, 9, 1, 3, 9, 3, 2, 10, 3, 10, 10, 1, 7, 4, 3, 1, 7, 2, 7, 10, 6, 4, 7, 5, 8, 8, 9, 5, 10, 4, 1, 10, 2, 10, 4, 2, 9, 1, 5, 9, 9, 3, 5, 9, 3, 9, 5, 7, 4, 2, 10, 3, 2, 3, 3, 1, 5, 5, 6, 10, 2, 4, 10, 9, 5, 7, 2, 4, 8, 6, 1, 8, 2, 8, 5, 5, 2, 3, 3, 5, 4, 4, 10, 3, 5, 3, 5, 8, 2, 8, 3, 6, 3, 2, 7, 9, 10, 4, 7, 1, 7, 5, 1, 4, 5, 9, 6, 8, 5, 5, 8, 3, 7, 8, 7, 10, 10, 8, 8, 3, 8, 8, 4]","[6, 7, 9, 6, 9, 3, 2, 6, 8, 1, 8, 9, 8, 10, 9, 7, 10, 3, 10, 8, 3, 2, 10, 5, 6, 6, 6, 6, 6, 6, 5, 4, 10, 6, 5, 1, 8, 3, 4, 4, 5, 10, 6, 6, 6, 9, 3, 5, 6, 6, 7, 2, 4, 9, 8, 10, 4, 3, 4, 5, 10, 5, 2, 2, 5, 7, 6, 9, 8, 7, 4, 3, 3, 8, 3, 7, 1, 7, 4, 4, 8, 1, 2, 8, 10, 7, 8, 6, 1, 7, 5, 8, 7, 3, 1, 4, 8, 9, 4, 6, 4, 5, 1, 8, 10, 8, 3, 3, 9, 9, 10, 10, 8, 4, 9, 1, 2, 2, 7, 7, 9, 3, 1, 4, 8, 6, 5, 8, 3, 5, 8, 5, 6, 9, 9, 6, 4, 10, 3, 10, 2, 4, 1, 7, 2, 7, 7, 4, 9, 9, 2, 6, 2, 10, 3, 2, 6, 8, 3, 8, 1, 4, 9, 2, 6, 1, 8, 6, 8, 7, 6, 4, 7, 1, 1, 5, 9, 3, 1, 9, 10, 7, 10, 10, 10, 4, 1, 4, 4, 1, 8, 8, 5, 1, 10, 2, 1, 5, 8, 8, 7, 9, 9, 7, 9, 1, 2, 8, 1, 10, 2, 10, 6, 8, 4, 10, 8, 2, 4, 1, 10, 9, 5, 3, 9, 1, 8, 8, 4, 3, 5, 7, 4, 2, 3, 2, 4, 8, 9, 1, 1, 3, 6, 6, 8, 10, 2, 4, 2, 2, 1, 6, 8, 2, 5, 2, 7, 3, 9, 1, 7, 2, 3, 5, 1, 2, 6, 9, 9, 1, 2, 10, 4, 6, 7, 1, 10, 10, 4, 6, 8, 1, 8, 3, 3, 1, 3, 10, 5, 4, 1, 5, 6, 10, 2, 6, 7, 2, 4, 1, 6, 8, 9, 10, 6, 2, 9, 6, 6, 6, 3, 6, 4, 6, 5, 10, 5, 3, 5, 3, 4, 3, 10, 4, 10, 9, 4, 1, 4, 5, 7, 7, 4, 1, 3, 6, 7, 10, 2, 6, 2, 8, 4, 9, 9, 10, 10, 9, 2, 8, 1, 4, 2, 5, 8, 4, 6, 2, 5, 8, 4, 6, 9, 1, 2, 7, 10, 3, 10, 4, 10, 7, 4, 2, 8, 6, 5, 8, 9, 1, 3, 9, 3, 2, 10, 3, 10, 10, 1, 7, 4, 3, 1, 7, 2, 7, 10, 6, 4, 7, 5, 8, 8, 9, 5, 10, 4, 1, 10, 2, 10, 4, 2, 9, 1, 5, 9, 9, 3, 5, 9, 3, 9, 5, 7, 4, 2, 10, 3, 2, 3, 3, 1, 5, 5, 6, 10, 2, 4, 10, 9, 5, 7, 2, 4, 8, 6, 1, 8, 2, 8, 5, 5, 2, 3, 3, 5, 4, 4, 10, 3, 5, 3, 5, 8, 2, 8, 3, 6, 3, 2, 7, 9, 10, 4, 7, 1, 7, 5, 1, 4, 5, 9, 6, 8, 5, 5, 8, 3, 7, 8, 7, 10, 10, 8, 8, 3, 8, 8, 4]",7.374866520062973e-05,1942,11616.567448163945,651.136,612.0714285714286,583.0428571428571,368,250661.0,0.09902997179486658,0.04132882882882883,0.05712485313415527,16,1016
torneo,"[10, 3, 6, 3, 5, 6, 1, 1, 8, 4, 5, 5, 1, 7, 1, 1, 1, 8, 8, 4, 3, 8, 9, 2, 10, 2, 1, 3, 9, 6, 8, 6, 9, 5, 10, 5, 4, 6, 10, 7, 9, 10, 5, 6, 9, 5, 9, 7, 2, 1, 2, 8, 10, 9, 2, 2, 10, 9, 10, 3, 5, 1, 6, 6, 6, 7, 2, 10, 4, 6, 8, 4, 4, 10, 9, 2, 1, 2, 2, 8, 10, 10, 10, 8, 10, 5, 3, 3, 6, 10, 1, 10, 9, 8, 10, 5, 9, 8, 2, 7, 7, 5, 8, 6, 10, 7, 3, 8, 10, 4, 2, 4, 6, 8, 5, 9, 6, 8, 6, 9, 7, 7, 4, 1, 3, 2, 5, 7, 6, 5, 6, 9, 5, 8, 6, 9, 4, 9, 5, 7, 5, 1, 8, 3, 4, 6, 4, 8, 3, 3, 6, 9, 8, 5, 2, 5, 2, 10, 2, 6, 8, 3, 8, 9, 4, 8, 6, 8, 9, 3, 2, 5, 10, 6, 6, 1, 7, 1, 2, 1, 5, 7, 4, 4, 10, 7, 3, 3, 2, 8, 6, 1, 7, 7, 8, 5, 5, 5, 1, 5, 6, 2, 9, 9, 10, 9, 1, 1, 5, 4, 10, 1, 10, 4, 2, 3, 8, 5, 6, 1, 7, 10, 2, 9, 8, 5, 5, 7, 2, 4, 9, 8, 1, 10, 5, 3, 9, 2, 10, 4, 2, 2, 6, 7, 9, 6, 6, 4, 2, 1, 7, 6, 2, 1, 6, 5, 2, 6, 10, 4, 2, 1, 7, 10, 4, 3, 8, 5, 1, 1, 6, 3, 10, 10, 2, 6, 1, 8, 2, 8, 6, 1, 4, 10, 3, 3, 3, 9, 5, 1, 2, 7, 7, 2, 9, 8, 2, 3, 3, 4, 10, 4, 7, 6, 10, 10, 8, 6, 4, 4, 8, 7, 3, 9, 9, 8, 10, 10, 1, 1, 3, 7, 2, 1, 1, 5, 9, 9, 8, 1, 5, 8, 7, 8, 5, 4, 3, 1, 10, 2, 9, 5, 3, 6, 1, 3, 10, 2, 10, 7, 2, 8, 9, 6, 3, 6, 7, 8, 10, 2, 3, 6, 7, 4, 8, 2, 7, 4, 6, 7, 3, 2, 10, 4, 6, 6, 10, 10, 2, 2, 8, 3, 10, 4, 6, 10, 7, 7, 9, 3, 6, 10, 7, 2, 8, 7, 3, 2, 3, 7, 7, 6, 9, 6, 1, 4, 10, 7, 4, 5, 9, 2, 8, 10, 8, 3, 2, 3, 9, 3, 1, 10, 5, 3, 4, 5, 5, 10, 4, 3, 9, 2, 1, 1, 9, 8, 1, 4, 3, 8, 3, 9, 3, 1, 1, 3, 2, 5, 2, 3, 4, 8, 4, 10, 3, 6, 8, 4, 9, 9, 5, 9, 5, 10, 8, 1, 4, 8, 9, 1, 6, 7, 10, 5, 7, 4, 3, 3, 5, 1, 1, 7, 6, 5, 2, 8, 4, 2, 10, 6, 6, 1, 2, 5, 10, 6, 7, 10, 2, 3]","[10, 3, 6, 3, 5, 6, 1, 1, 8, 4, 5, 5, 1, 7, 1, 1, 1, 8, 8, 4, 3, 8, 9, 2, 10, 2, 1, 3, 9, 6, 8, 6, 9, 5, 10, 5, 4, 6, 10, 7, 9, 10, 5, 6, 9, 5, 9, 7, 2, 1, 2, 8, 10, 9, 2, 2, 10, 9, 10, 3, 5, 1, 6, 6, 6, 7, 2, 10, 4, 6, 8, 4, 4, 10, 9, 2, 1, 2, 2, 8, 10, 10, 10, 8, 10, 5, 3, 3, 6, 10, 1, 10, 9, 8, 10, 5, 9, 8, 2, 7, 7, 5, 8, 6, 10, 7, 3, 8, 10, 4, 2, 4, 6, 8, 5, 9, 6, 8, 6, 9, 7, 7, 4, 1, 3, 2, 5, 7, 6, 5, 6, 9, 5, 8, 6, 9, 4, 9, 5, 7, 5, 1, 8, 3, 4, 6, 4, 8, 3, 3, 6, 9, 8, 5, 2, 5, 2, 10, 2, 6, 8, 3, 8, 9, 4, 8, 6, 8, 9, 3, 2, 5, 10, 6, 6, 1, 7, 1, 2, 1, 5, 7, 4, 4, 10, 7, 3, 3, 2, 8, 6, 1, 7, 7, 8, 5, 5, 5, 1, 5, 6, 2, 9, 9, 10, 9, 1, 1, 5, 4, 10, 1, 10, 4, 2, 3, 8, 5, 6, 1, 7, 10, 2, 9, 8, 5, 5, 7, 2, 4, 9, 8, 1, 10, 5, 3, 9, 2, 10, 4, 2, 2, 6, 7, 9, 6, 6, 4, 2, 1, 7, 6, 2, 1, 6, 5, 2, 6, 10, 4, 2, 1, 7, 10, 4, 3, 8, 5, 1, 1, 6, 3, 10, 10, 2, 6, 1, 8, 2, 8, 6, 1, 4, 10, 3, 3, 3, 9, 5, 1, 2, 7, 7, 2, 9, 8, 2, 3, 3, 4, 10, 4, 7, 6, 10, 10, 8, 6, 4, 4, 8, 7, 3, 9, 9, 8, 10, 10, 1, 1, 3, 7, 2, 1, 1, 5, 9, 9, 8, 1, 5, 8, 7, 8, 5, 4, 3, 1, 10, 2, 9, 5, 3, 6, 1, 3, 10, 2, 10, 7, 2, 8, 9, 6, 3, 6, 7, 8, 10, 2, 3, 6, 7, 4, 8, 2, 7, 4, 6, 7, 3, 2, 10, 4, 6, 6, 10, 10, 2, 2, 8, 3, 10, 4, 6, 10, 7, 7, 9, 3, 6, 10, 7, 2, 8, 7, 3, 2, 3, 7, 7, 6, 9, 6, 1, 4, 10, 7, 4, 5, 9, 2, 8, 10, 8, 3, 2, 3, 9, 3, 1, 10, 5, 3, 4, 5, 5, 10, 4, 3, 9, 2, 1, 1, 9, 8, 1, 4, 3, 8, 3, 9, 3, 1, 1, 3, 2, 5, 2, 3, 4, 8, 4, 10, 3, 6, 8, 4, 9, 9, 5, 9, 5, 10, 8, 1, 4, 8, 9, 1, 6, 7, 10, 5, 7, 4, 3, 3, 5, 1, 1, 7, 6, 5, 2, 8, 4, 2, 10, 6, 6, 1, 2, 5, 10, 6, 7, 10, 2, 3]",7.577652586271805e-05,1916,11279.698959406882,642.068,588.3714285714286,559.2285714285714,362,246217.0,0.055780199779529305,0.02359234234234234,0.05641055107116699,17,1017
torneo,"[5, 8, 4, 3, 1, 7, 3, 8, 10, 7, 9, 10, 6, 2, 9, 3, 6, 3, 8, 8, 1, 5, 8, 1, 4, 7, 8, 8, 7, 7, 8, 9, 2, 8, 6, 2, 2, 8, 4, 3, 2, 7, 8, 1, 4, 2, 5, 1, 10, 5, 7, 6, 8, 4, 2, 4, 4, 1, 2, 1, 7, 2, 5, 3, 2, 8, 3, 10, 1, 9, 2, 1, 10, 9, 3, 2, 2, 4, 2, 6, 9, 7, 3, 1, 6, 10, 2, 9, 9, 3, 3, 2, 4, 8, 10, 10, 1, 5, 1, 8, 10, 2, 8, 4, 2, 8, 5, 10, 6, 5, 5, 4, 8, 8, 6, 3, 9, 5, 5, 3, 2, 8, 7, 10, 6, 10, 2, 5, 4, 2, 7, 7, 5, 1, 3, 6, 6, 6, 9, 3, 9, 6, 7, 7, 7, 1, 3, 3, 9, 5, 2, 5, 7, 1, 5, 10, 9, 10, 3, 6, 4, 2, 2, 1, 6, 7, 4, 1, 4, 3, 9, 5, 1, 3, 4, 2, 7, 7, 8, 9, 8, 7, 7, 3, 3, 7, 6, 9, 10, 10, 9, 2, 4, 2, 10, 1, 5, 10, 3, 4, 7, 9, 7, 9, 3, 10, 1, 5, 2, 9, 10, 7, 3, 1, 3, 10, 7, 6, 2, 3, 9, 6, 3, 2, 1, 4, 2, 6, 9, 6, 8, 10, 3, 8, 2, 5, 5, 4, 9, 5, 5, 2, 5, 7, 9, 8, 10, 5, 1, 1, 9, 1, 5, 1, 8, 6, 5, 4, 7, 8, 4, 9, 6, 1, 5, 9, 7, 4, 1, 9, 4, 6, 10, 4, 10, 1, 5, 8, 2, 9, 8, 4, 7, 4, 7, 3, 4, 5, 2, 9, 4, 5, 4, 9, 9, 4, 9, 8, 7, 9, 10, 1, 6, 6, 7, 4, 10, 4, 3, 10, 3, 9, 10, 2, 10, 5, 3, 1, 1, 6, 9, 1, 8, 9, 2, 4, 9, 9, 3, 2, 9, 7, 7, 6, 6, 3, 9, 8, 3, 3, 10, 3, 3, 3, 9, 1, 4, 8, 3, 6, 6, 9, 8, 2, 4, 7, 5, 8, 5, 2, 4, 3, 5, 3, 8, 7, 10, 6, 9, 2, 10, 2, 10, 5, 10, 1, 8, 1, 8, 8, 5, 2, 6, 6, 5, 10, 7, 1, 5, 6, 10, 1, 8, 4, 6, 8, 2, 8, 7, 7, 3, 6, 6, 8, 6, 4, 6, 3, 7, 7, 1, 3, 4, 9, 6, 2, 5, 1, 5, 1, 9, 9, 5, 9, 8, 8, 6, 2, 7, 3, 5, 8, 8, 10, 6, 8, 7, 5, 5, 10, 5, 6, 4, 4, 7, 2, 2, 6, 7, 4, 8, 3, 9, 9, 4, 1, 9, 2, 6, 6, 10, 9, 7, 9, 3, 10, 10, 2, 2, 2, 8, 10, 7, 6, 5, 8, 4, 8, 9, 7, 10, 10, 7, 5, 7, 6, 3, 1, 9, 6, 1, 10, 4, 3, 8, 10, 10, 7, 3, 6]","[5, 8, 4, 3, 1, 7, 3, 8, 10, 7, 9, 10, 6, 2, 9, 3, 6, 3, 8, 8, 1, 5, 8, 1, 4, 7, 8, 8, 7, 7, 8, 9, 2, 8, 6, 2, 2, 8, 4, 3, 2, 7, 8, 1, 4, 2, 5, 1, 10, 5, 7, 6, 8, 4, 2, 4, 4, 1, 2, 1, 7, 2, 5, 3, 2, 8, 3, 10, 1, 9, 2, 1, 10, 9, 3, 2, 2, 4, 2, 6, 9, 7, 3, 1, 6, 10, 2, 9, 9, 3, 3, 2, 4, 8, 10, 10, 1, 5, 1, 8, 10, 2, 8, 4, 2, 8, 5, 10, 6, 5, 5, 4, 8, 8, 6, 3, 9, 5, 5, 3, 2, 8, 7, 10, 6, 10, 2, 5, 4, 2, 7, 7, 5, 1, 3, 6, 6, 6, 9, 3, 9, 6, 7, 7, 7, 1, 3, 3, 9, 5, 2, 5, 7, 1, 5, 10, 9, 10, 3, 6, 4, 2, 2, 1, 6, 7, 4, 1, 4, 3, 9, 5, 1, 3, 4, 2, 7, 7, 8, 9, 8, 7, 7, 3, 3, 7, 6, 9, 10, 10, 9, 2, 4, 2, 10, 1, 5, 10, 3, 4, 7, 9, 7, 9, 3, 10, 1, 5, 2, 9, 10, 7, 3, 1, 3, 10, 7, 6, 2, 3, 9, 6, 3, 2, 1, 4, 2, 6, 9, 6, 8, 10, 3, 8, 2, 5, 5, 4, 9, 5, 5, 2, 5, 7, 9, 8, 10, 5, 1, 1, 9, 1, 5, 1, 8, 6, 5, 4, 7, 8, 4, 9, 6, 1, 5, 9, 7, 4, 1, 9, 4, 6, 10, 4, 10, 1, 5, 8, 2, 9, 8, 4, 7, 4, 7, 3, 4, 5, 2, 9, 4, 5, 4, 9, 9, 4, 9, 8, 7, 9, 10, 1, 6, 6, 7, 4, 10, 4, 3, 10, 3, 9, 10, 2, 10, 5, 3, 1, 1, 6, 9, 1, 8, 9, 2, 4, 9, 9, 3, 2, 9, 7, 7, 6, 6, 3, 9, 8, 3, 3, 10, 3, 3, 3, 9, 1, 4, 8, 3, 6, 6, 9, 8, 2, 4, 7, 5, 8, 5, 2, 4, 3, 5, 3, 8, 7, 10, 6, 9, 2, 10, 2, 10, 5, 10, 1, 8, 1, 8, 8, 5, 2, 6, 6, 5, 10, 7, 1, 5, 6, 10, 1, 8, 4, 6, 8, 2, 8, 7, 7, 3, 6, 6, 8, 6, 4, 6, 3, 7, 7, 1, 3, 4, 9, 6, 2, 5, 1, 5, 1, 9, 9, 5, 9, 8, 8, 6, 2, 7, 3, 5, 8, 8, 10, 6, 8, 7, 5, 5, 10, 5, 6, 4, 4, 7, 2, 2, 6, 7, 4, 8, 3, 9, 9, 4, 1, 9, 2, 6, 6, 10, 9, 7, 9, 3, 10, 10, 2, 2, 2, 8, 10, 7, 6, 5, 8, 4, 8, 9, 7, 10, 10, 7, 5, 7, 6, 3, 1, 9, 6, 1, 10, 4, 3, 8, 10, 10, 7, 3, 6]",7.575487527859554e-05,1940,11259.470548230827,640.242,585.5285714285715,556.2428571428571,363,246629.0,0.06617943453515776,0.024155405405405405,0.05719923973083496,18,1018
torneo,"[9, 10, 1, 3, 9, 7, 8, 4, 6, 1, 9, 10, 4, 10, 5, 5, 9, 5, 8, 4, 1, 1, 8, 8, 7, 9, 5, 4, 5, 2, 9, 3, 8, 3, 4, 8, 5, 1, 7, 9, 8, 2, 6, 4, 9, 5, 8, 6, 2, 3, 1, 9, 7, 7, 3, 5, 1, 10, 4, 5, 6, 7, 5, 1, 3, 3, 1, 7, 5, 6, 6, 1, 1, 1, 5, 2, 3, 9, 7, 9, 6, 4, 8, 7, 2, 5, 4, 8, 7, 3, 7, 3, 8, 8, 9, 6, 4, 1, 8, 1, 8, 3, 3, 8, 7, 2, 7, 6, 2, 5, 8, 6, 2, 2, 4, 7, 2, 8, 6, 8, 4, 5, 3, 8, 3, 10, 4, 8, 7, 6, 5, 1, 3, 4, 8, 8, 5, 10, 10, 9, 4, 3, 5, 7, 2, 10, 3, 9, 8, 8, 7, 8, 2, 4, 3, 5, 5, 9, 1, 2, 6, 9, 4, 8, 9, 2, 6, 3, 10, 3, 6, 2, 9, 2, 4, 6, 9, 4, 7, 5, 6, 2, 2, 3, 2, 3, 3, 1, 1, 6, 8, 6, 9, 2, 10, 3, 10, 2, 5, 7, 9, 5, 4, 4, 5, 6, 3, 7, 5, 6, 4, 6, 7, 8, 4, 10, 10, 2, 9, 10, 9, 1, 9, 10, 1, 10, 7, 7, 7, 5, 3, 9, 10, 4, 1, 3, 9, 5, 2, 7, 4, 9, 5, 10, 1, 3, 4, 2, 2, 4, 2, 5, 8, 1, 4, 1, 7, 5, 7, 7, 9, 1, 5, 9, 6, 10, 2, 7, 10, 9, 4, 1, 1, 9, 6, 4, 9, 3, 3, 1, 7, 4, 3, 1, 10, 2, 6, 5, 10, 4, 3, 10, 7, 4, 1, 5, 3, 2, 9, 6, 9, 5, 8, 5, 10, 1, 3, 8, 3, 9, 1, 4, 10, 10, 6, 6, 8, 9, 7, 9, 2, 3, 3, 6, 1, 5, 8, 1, 6, 1, 5, 9, 3, 1, 2, 1, 10, 5, 6, 8, 9, 5, 10, 3, 1, 3, 8, 10, 2, 6, 4, 9, 6, 4, 2, 3, 6, 9, 2, 5, 10, 2, 9, 10, 4, 10, 5, 10, 10, 4, 5, 10, 1, 4, 3, 1, 4, 7, 6, 9, 9, 2, 9, 7, 4, 4, 2, 10, 7, 4, 1, 6, 10, 3, 1, 9, 3, 3, 6, 2, 5, 4, 5, 7, 3, 7, 2, 5, 4, 7, 2, 5, 7, 4, 5, 9, 10, 1, 5, 2, 7, 1, 6, 1, 4, 2, 6, 2, 1, 7, 8, 8, 6, 7, 10, 2, 10, 4, 7, 10, 4, 5, 1, 3, 4, 1, 7, 10, 2, 10, 8, 7, 9, 7, 6, 6, 1, 9, 10, 1, 2, 6, 9, 4, 8, 6, 9, 8, 4, 5, 4, 5, 2, 1, 2, 3, 10, 5, 10, 8, 6, 3, 1, 5, 2, 8, 3, 10, 9, 5, 5, 8, 10, 2, 2, 9, 6, 7, 1, 8]","[9, 10, 1, 3, 9, 7, 8, 4, 6, 1, 9, 10, 4, 10, 5, 5, 9, 5, 8, 4, 1, 1, 8, 8, 7, 9, 5, 4, 5, 2, 9, 3, 8, 3, 4, 8, 5, 1, 7, 9, 8, 2, 6, 4, 9, 5, 8, 6, 2, 3, 1, 9, 7, 7, 3, 5, 1, 10, 4, 5, 6, 7, 5, 1, 3, 3, 1, 7, 5, 6, 6, 1, 1, 1, 5, 2, 3, 9, 7, 9, 6, 4, 8, 7, 2, 5, 4, 8, 7, 3, 7, 3, 8, 8, 9, 6, 4, 1, 8, 1, 8, 3, 3, 8, 7, 2, 7, 6, 2, 5, 8, 6, 2, 2, 4, 7, 2, 8, 6, 8, 4, 5, 3, 8, 3, 10, 4, 8, 7, 6, 5, 1, 3, 4, 8, 8, 5, 10, 10, 9, 4, 3, 5, 7, 2, 10, 3, 9, 8, 8, 7, 8, 2, 4, 3, 5, 5, 9, 1, 2, 6, 9, 4, 8, 9, 2, 6, 3, 10, 3, 6, 2, 9, 2, 4, 6, 9, 4, 7, 5, 6, 2, 2, 3, 2, 3, 3, 1, 1, 6, 8, 6, 9, 2, 10, 3, 10, 2, 5, 7, 9, 5, 4, 4, 5, 6, 3, 7, 5, 6, 4, 6, 7, 8, 4, 10, 10, 2, 9, 10, 9, 1, 9, 10, 1, 10, 7, 7, 7, 5, 3, 9, 10, 4, 1, 3, 9, 5, 2, 7, 4, 9, 5, 10, 1, 3, 4, 2, 2, 4, 2, 5, 8, 1, 4, 1, 7, 5, 7, 7, 9, 1, 5, 9, 6, 10, 2, 7, 10, 9, 4, 1, 1, 9, 6, 4, 9, 3, 3, 1, 7, 4, 3, 1, 10, 2, 6, 5, 10, 4, 3, 10, 7, 4, 1, 5, 3, 2, 9, 6, 9, 5, 8, 5, 10, 1, 3, 8, 3, 9, 1, 4, 10, 10, 6, 6, 8, 9, 7, 9, 2, 3, 3, 6, 1, 5, 8, 1, 6, 1, 5, 9, 3, 1, 2, 1, 10, 5, 6, 8, 9, 5, 10, 3, 1, 3, 8, 10, 2, 6, 4, 9, 6, 4, 2, 3, 6, 9, 2, 5, 10, 2, 9, 10, 4, 10, 5, 10, 10, 4, 5, 10, 1, 4, 3, 1, 4, 7, 6, 9, 9, 2, 9, 7, 4, 4, 2, 10, 7, 4, 1, 6, 10, 3, 1, 9, 3, 3, 6, 2, 5, 4, 5, 7, 3, 7, 2, 5, 4, 7, 2, 5, 7, 4, 5, 9, 10, 1, 5, 2, 7, 1, 6, 1, 4, 2, 6, 2, 1, 7, 8, 8, 6, 7, 10, 2, 10, 4, 7, 10, 4, 5, 1, 3, 4, 1, 7, 10, 2, 10, 8, 7, 9, 7, 6, 6, 1, 9, 10, 1, 2, 6, 9, 4, 8, 6, 9, 8, 4, 5, 4, 5, 2, 1, 2, 3, 10, 5, 10, 8, 6, 3, 1, 5, 2, 8, 3, 10, 9, 5, 5, 8, 10, 2, 2, 9, 6, 7, 1, 8]",7.518962452033291e-05,1905,11393.707325038951,641.792,597.5285714285715,568.1857142857143,367,247212.0,0.056912279770448056,0.02713963963963964,0.056574344635009766,19,1019
torneo,"[4, 1, 5, 2, 7, 3, 1, 5, 10, 7, 4, 8, 9, 10, 10, 7, 5, 9, 8, 6, 8, 9, 2, 6, 8, 4, 2, 3, 9, 2, 6, 1, 1, 7, 4, 10, 8, 7, 9, 4, 5, 6, 4, 10, 1, 4, 3, 3, 5, 10, 1, 9, 1, 9, 3, 4, 10, 1, 1, 8, 1, 7, 7, 9, 6, 10, 1, 5, 1, 1, 4, 3, 8, 6, 2, 7, 9, 8, 3, 10, 10, 8, 8, 5, 9, 1, 1, 2, 5, 2, 6, 1, 1, 3, 2, 1, 10, 3, 9, 4, 6, 2, 7, 4, 4, 9, 4, 1, 6, 4, 1, 9, 10, 5, 6, 10, 4, 2, 5, 8, 7, 2, 1, 9, 3, 2, 3, 6, 9, 5, 8, 1, 7, 6, 8, 2, 8, 5, 1, 7, 7, 5, 8, 8, 4, 4, 8, 10, 2, 6, 8, 6, 10, 4, 3, 3, 9, 8, 5, 9, 3, 7, 10, 4, 6, 10, 5, 3, 9, 3, 9, 9, 10, 4, 3, 8, 5, 10, 5, 1, 2, 8, 2, 2, 10, 2, 6, 5, 9, 1, 1, 10, 5, 5, 10, 6, 6, 5, 8, 7, 3, 10, 7, 3, 7, 5, 2, 2, 8, 7, 1, 3, 9, 9, 5, 4, 10, 3, 8, 2, 2, 8, 10, 4, 6, 9, 5, 2, 6, 2, 10, 9, 8, 4, 9, 8, 7, 2, 9, 1, 3, 2, 5, 2, 7, 3, 6, 6, 7, 9, 2, 1, 7, 2, 5, 6, 8, 1, 10, 10, 10, 6, 5, 6, 6, 5, 6, 7, 2, 6, 5, 5, 5, 10, 1, 7, 1, 4, 9, 7, 9, 4, 8, 9, 2, 2, 7, 7, 4, 5, 8, 3, 7, 10, 3, 6, 10, 3, 9, 3, 9, 8, 10, 9, 3, 7, 8, 9, 5, 10, 8, 2, 4, 4, 9, 6, 3, 10, 5, 4, 3, 3, 4, 4, 7, 4, 4, 2, 7, 4, 8, 4, 7, 8, 5, 4, 2, 9, 9, 6, 8, 3, 2, 2, 1, 7, 5, 6, 9, 1, 5, 7, 3, 10, 4, 6, 4, 8, 5, 6, 10, 4, 7, 5, 1, 3, 3, 3, 7, 9, 9, 6, 8, 7, 7, 10, 2, 3, 1, 10, 3, 8, 1, 1, 5, 4, 6, 9, 5, 1, 4, 6, 3, 2, 6, 2, 1, 7, 9, 8, 5, 9, 4, 1, 2, 5, 9, 3, 6, 8, 1, 7, 1, 8, 3, 4, 5, 6, 2, 10, 4, 8, 8, 5, 6, 5, 1, 8, 2, 2, 10, 2, 5, 9, 1, 2, 5, 10, 2, 3, 5, 10, 9, 10, 10, 2, 1, 10, 8, 2, 8, 1, 9, 2, 1, 8, 3, 5, 3, 7, 2, 10, 4, 5, 3, 7, 5, 5, 4, 2, 8, 1, 2, 2, 9, 8, 10, 2, 3, 1, 7, 1, 9, 10, 4, 4, 6, 10, 6, 7, 3, 7, 9, 7, 9, 1, 8, 3, 10, 3]","[4, 1, 5, 2, 7, 3, 1, 5, 10, 7, 4, 8, 9, 10, 10, 7, 5, 9, 8, 6, 8, 9, 2, 6, 8, 4, 2, 3, 9, 2, 6, 1, 1, 7, 4, 10, 8, 7, 9, 4, 5, 6, 4, 10, 1, 4, 3, 3, 5, 10, 1, 9, 1, 9, 3, 4, 10, 1, 1, 8, 1, 7, 7, 9, 6, 10, 1, 5, 1, 1, 4, 3, 8, 6, 2, 7, 9, 8, 3, 10, 10, 8, 8, 5, 9, 1, 1, 2, 5, 2, 6, 1, 1, 3, 2, 1, 10, 3, 9, 4, 6, 2, 7, 4, 4, 9, 4, 1, 6, 4, 1, 9, 10, 5, 6, 10, 4, 2, 5, 8, 7, 2, 1, 9, 3, 2, 3, 6, 9, 5, 8, 1, 7, 6, 8, 2, 8, 5, 1, 7, 7, 5, 8, 8, 4, 4, 8, 10, 2, 6, 8, 6, 10, 4, 3, 3, 9, 8, 5, 9, 3, 7, 10, 4, 6, 10, 5, 3, 9, 3, 9, 9, 10, 4, 3, 8, 5, 10, 5, 1, 2, 8, 2, 2, 10, 2, 6, 5, 9, 1, 1, 10, 5, 5, 10, 6, 6, 5, 8, 7, 3, 10, 7, 3, 7, 5, 2, 2, 8, 7, 1, 3, 9, 9, 5, 4, 10, 3, 8, 2, 2, 8, 10, 4, 6, 9, 5, 2, 6, 2, 10, 9, 8, 4, 9, 8, 7, 2, 9, 1, 3, 2, 5, 2, 7, 3, 6, 6, 7, 9, 2, 1, 7, 2, 5, 6, 8, 1, 10, 10, 10, 6, 5, 6, 6, 5, 6, 7, 2, 6, 5, 5, 5, 10, 1, 7, 1, 4, 9, 7, 9, 4, 8, 9, 2, 2, 7, 7, 4, 5, 8, 3, 7, 10, 3, 6, 10, 3, 9, 3, 9, 8, 10, 9, 3, 7, 8, 9, 5, 10, 8, 2, 4, 4, 9, 6, 3, 10, 5, 4, 3, 3, 4, 4, 7, 4, 4, 2, 7, 4, 8, 4, 7, 8, 5, 4, 2, 9, 9, 6, 8, 3, 2, 2, 1, 7, 5, 6, 9, 1, 5, 7, 3, 10, 4, 6, 4, 8, 5, 6, 10, 4, 7, 5, 1, 3, 3, 3, 7, 9, 9, 6, 8, 7, 7, 10, 2, 3, 1, 10, 3, 8, 1, 1, 5, 4, 6, 9, 5, 1, 4, 6, 3, 2, 6, 2, 1, 7, 9, 8, 5, 9, 4, 1, 2, 5, 9, 3, 6, 8, 1, 7, 1, 8, 3, 4, 5, 6, 2, 10, 4, 8, 8, 5, 6, 5, 1, 8, 2, 2, 10, 2, 5, 9, 1, 2, 5, 10, 2, 3, 5, 10, 9, 10, 10, 2, 1, 10, 8, 2, 8, 1, 9, 2, 1, 8, 3, 5, 3, 7, 2, 10, 4, 5, 3, 7, 5, 5, 4, 2, 8, 1, 2, 2, 9, 8, 10, 2, 3, 1, 7, 1, 9, 10, 4, 4, 6, 10, 6, 7, 3, 7, 9, 7, 9, 1, 8, 3, 10, 3]",7.525287641914993e-05,1921,11366.528592981804,640.534,595.4571428571429,565.7285714285714,367,247049.0,0.06361815305222367,0.02528153153153153,0.057351112365722656,20,1020
torneo,"[4, 7, 2, 3, 3, 9, 7, 9, 9, 2, 10, 7, 5, 3, 10, 1, 1, 1, 6, 8, 1, 1, 2, 8, 8, 5, 7, 3, 1, 10, 2, 6, 1, 5, 10, 2, 3, 4, 1, 2, 8, 10, 10, 7, 8, 9, 4, 8, 4, 6, 10, 9, 10, 9, 1, 8, 5, 4, 8, 7, 10, 6, 9, 10, 2, 5, 4, 1, 2, 3, 6, 9, 7, 7, 10, 8, 3, 1, 6, 7, 1, 1, 6, 7, 10, 9, 8, 8, 3, 10, 2, 2, 10, 6, 3, 10, 4, 3, 10, 6, 6, 2, 8, 2, 4, 7, 6, 8, 1, 3, 9, 6, 3, 6, 5, 7, 2, 3, 2, 7, 2, 8, 4, 7, 9, 3, 8, 1, 5, 8, 5, 2, 10, 2, 1, 7, 7, 10, 1, 8, 5, 9, 7, 1, 4, 1, 1, 5, 10, 6, 7, 7, 7, 4, 4, 7, 6, 2, 7, 1, 7, 5, 2, 9, 5, 8, 7, 5, 3, 2, 8, 4, 5, 8, 9, 5, 5, 4, 6, 5, 1, 8, 8, 4, 1, 10, 7, 5, 6, 4, 1, 7, 5, 1, 10, 6, 8, 1, 4, 10, 3, 3, 2, 4, 8, 10, 5, 5, 9, 4, 1, 4, 1, 6, 4, 4, 4, 2, 8, 7, 10, 1, 6, 6, 9, 1, 5, 5, 9, 2, 8, 2, 3, 10, 1, 2, 8, 1, 3, 10, 9, 1, 3, 6, 5, 7, 1, 3, 10, 5, 9, 9, 9, 2, 3, 9, 7, 2, 2, 6, 4, 5, 4, 3, 5, 10, 7, 2, 7, 4, 7, 8, 8, 1, 4, 8, 1, 3, 6, 3, 2, 5, 4, 7, 6, 10, 4, 2, 3, 3, 4, 6, 1, 6, 7, 8, 2, 9, 4, 6, 9, 6, 2, 8, 1, 3, 3, 1, 5, 4, 9, 2, 5, 10, 9, 8, 3, 5, 10, 8, 5, 3, 7, 4, 6, 9, 7, 1, 5, 4, 9, 4, 9, 10, 10, 2, 2, 7, 2, 7, 10, 8, 8, 5, 8, 10, 3, 2, 10, 2, 7, 7, 7, 2, 6, 4, 6, 5, 3, 4, 8, 3, 3, 4, 1, 3, 7, 1, 5, 6, 8, 10, 4, 7, 3, 2, 3, 1, 6, 3, 1, 5, 9, 6, 2, 4, 10, 6, 9, 3, 9, 2, 5, 6, 1, 7, 5, 1, 8, 3, 9, 2, 8, 2, 4, 9, 6, 2, 6, 5, 1, 8, 3, 6, 3, 4, 4, 10, 4, 10, 8, 1, 6, 3, 8, 8, 2, 7, 6, 1, 10, 9, 1, 9, 3, 1, 8, 9, 7, 10, 3, 8, 2, 5, 10, 6, 5, 1, 4, 9, 3, 1, 4, 9, 7, 1, 2, 10, 10, 2, 4, 7, 7, 3, 3, 6, 6, 6, 9, 9, 7, 8, 1, 6, 8, 10, 2, 6, 7, 3, 8, 7, 5, 5, 2, 6, 8, 8, 9, 6, 6, 2, 5, 7, 1, 5, 2, 5, 2, 1]","[4, 7, 2, 3, 3, 9, 7, 9, 9, 2, 10, 7, 5, 3, 10, 1, 1, 1, 6, 8, 1, 1, 2, 8, 8, 5, 7, 3, 1, 10, 2, 6, 1, 5, 10, 2, 3, 4, 1, 2, 8, 10, 10, 7, 8, 9, 4, 8, 4, 6, 10, 9, 10, 9, 1, 8, 5, 4, 8, 7, 10, 6, 9, 10, 2, 5, 4, 1, 2, 3, 6, 9, 7, 7, 10, 8, 3, 1, 6, 7, 1, 1, 6, 7, 10, 9, 8, 8, 3, 10, 2, 2, 10, 6, 3, 10, 4, 3, 10, 6, 6, 2, 8, 2, 4, 7, 6, 8, 1, 3, 9, 6, 3, 6, 5, 7, 2, 3, 2, 7, 2, 8, 4, 7, 9, 3, 8, 1, 5, 8, 5, 2, 10, 2, 1, 7, 7, 10, 1, 8, 5, 9, 7, 1, 4, 1, 1, 5, 10, 6, 7, 7, 7, 4, 4, 7, 6, 2, 7, 1, 7, 5, 2, 9, 5, 8, 7, 5, 3, 2, 8, 4, 5, 8, 9, 5, 5, 4, 6, 5, 1, 8, 8, 4, 1, 10, 7, 5, 6, 4, 1, 7, 5, 1, 10, 6, 8, 1, 4, 10, 3, 3, 2, 4, 8, 10, 5, 5, 9, 4, 1, 4, 1, 6, 4, 4, 4, 2, 8, 7, 10, 1, 6, 6, 9, 1, 5, 5, 9, 2, 8, 2, 3, 10, 1, 2, 8, 1, 3, 10, 9, 1, 3, 6, 5, 7, 1, 3, 10, 5, 9, 9, 9, 2, 3, 9, 7, 2, 2, 6, 4, 5, 4, 3, 5, 10, 7, 2, 7, 4, 7, 8, 8, 1, 4, 8, 1, 3, 6, 3, 2, 5, 4, 7, 6, 10, 4, 2, 3, 3, 4, 6, 1, 6, 7, 8, 2, 9, 4, 6, 9, 6, 2, 8, 1, 3, 3, 1, 5, 4, 9, 2, 5, 10, 9, 8, 3, 5, 10, 8, 5, 3, 7, 4, 6, 9, 7, 1, 5, 4, 9, 4, 9, 10, 10, 2, 2, 7, 2, 7, 10, 8, 8, 5, 8, 10, 3, 2, 10, 2, 7, 7, 7, 2, 6, 4, 6, 5, 3, 4, 8, 3, 3, 4, 1, 3, 7, 1, 5, 6, 8, 10, 4, 7, 3, 2, 3, 1, 6, 3, 1, 5, 9, 6, 2, 4, 10, 6, 9, 3, 9, 2, 5, 6, 1, 7, 5, 1, 8, 3, 9, 2, 8, 2, 4, 9, 6, 2, 6, 5, 1, 8, 3, 6, 3, 4, 4, 10, 4, 10, 8, 1, 6, 3, 8, 8, 2, 7, 6, 1, 10, 9, 1, 9, 3, 1, 8, 9, 7, 10, 3, 8, 2, 5, 10, 6, 5, 1, 4, 9, 3, 1, 4, 9, 7, 1, 2, 10, 10, 2, 4, 7, 7, 3, 3, 6, 6, 6, 9, 9, 7, 8, 1, 6, 8, 10, 2, 6, 7, 3, 8, 7, 5, 5, 2, 6, 8, 8, 9, 6, 6, 2, 5, 7, 1, 5, 2, 5, 2, 1]",7.580734051202293e-05,1990,11200.334681387503,645.04,576.4714285714285,547.0571428571428,364,247979.0,0.056477218085252176,0.022635135135135136,0.056668758392333984,21,1021
torneo,"[3, 7, 10, 6, 2, 7, 9, 2, 6, 4, 7, 1, 5, 8, 5, 7, 6, 2, 3, 7, 8, 1, 3, 10, 3, 1, 6, 6, 10, 3, 8, 8, 6, 8, 9, 8, 10, 2, 2, 2, 4, 9, 9, 3, 4, 7, 2, 2, 10, 6, 10, 7, 6, 6, 6, 4, 3, 5, 3, 9, 2, 6, 10, 4, 2, 4, 10, 3, 8, 1, 2, 8, 1, 1, 1, 8, 5, 5, 4, 1, 7, 3, 8, 1, 4, 5, 5, 5, 9, 5, 4, 8, 3, 6, 1, 9, 7, 1, 7, 3, 8, 9, 8, 1, 4, 2, 3, 5, 2, 7, 5, 3, 8, 10, 9, 2, 6, 8, 5, 9, 10, 9, 2, 4, 1, 10, 1, 5, 9, 7, 3, 4, 3, 8, 1, 9, 10, 1, 3, 5, 1, 6, 3, 6, 2, 4, 10, 5, 2, 3, 3, 10, 1, 4, 3, 1, 2, 1, 10, 9, 4, 4, 7, 9, 1, 8, 6, 5, 9, 1, 1, 9, 8, 8, 3, 7, 6, 2, 8, 2, 1, 7, 3, 10, 4, 7, 10, 9, 8, 9, 7, 10, 3, 6, 9, 5, 4, 2, 9, 8, 6, 5, 2, 4, 10, 5, 2, 5, 9, 7, 1, 1, 2, 9, 2, 3, 8, 5, 7, 5, 4, 7, 2, 7, 9, 10, 8, 2, 2, 6, 9, 1, 2, 4, 6, 1, 6, 6, 2, 3, 2, 8, 7, 9, 9, 1, 7, 2, 8, 10, 8, 10, 3, 5, 5, 7, 6, 5, 7, 4, 10, 7, 7, 8, 6, 10, 5, 10, 9, 8, 9, 10, 10, 1, 2, 8, 3, 7, 6, 6, 9, 9, 4, 5, 4, 5, 4, 4, 1, 8, 2, 4, 10, 5, 3, 7, 2, 9, 10, 4, 9, 3, 6, 4, 5, 8, 1, 7, 5, 7, 7, 7, 5, 3, 5, 6, 4, 1, 3, 6, 7, 2, 1, 10, 4, 4, 7, 6, 4, 3, 10, 9, 6, 5, 5, 9, 7, 6, 6, 6, 9, 1, 7, 7, 4, 8, 1, 6, 7, 2, 1, 5, 4, 9, 5, 7, 1, 2, 2, 8, 6, 2, 6, 3, 6, 2, 1, 1, 6, 1, 1, 7, 10, 5, 2, 2, 1, 10, 10, 7, 9, 4, 4, 4, 4, 4, 7, 2, 8, 4, 8, 2, 3, 5, 6, 10, 8, 7, 1, 4, 7, 10, 5, 3, 4, 8, 8, 6, 10, 7, 4, 5, 6, 3, 7, 2, 3, 6, 9, 1, 7, 9, 1, 8, 10, 7, 1, 2, 3, 10, 10, 2, 4, 9, 3, 8, 2, 1, 3, 4, 4, 1, 5, 7, 3, 10, 5, 9, 4, 8, 9, 5, 2, 1, 3, 8, 4, 2, 2, 1, 2, 2, 10, 1, 10, 4, 8, 3, 9, 2, 5, 1, 5, 6, 3, 3, 7, 1, 9, 3, 8, 10, 4, 8, 8, 10, 5, 3, 3, 2, 7, 2, 7, 9, 8, 1, 10, 2, 5, 8]","[3, 7, 10, 6, 2, 7, 9, 2, 6, 4, 7, 1, 5, 8, 5, 7, 6, 2, 3, 7, 8, 1, 3, 10, 3, 1, 6, 6, 10, 3, 8, 8, 6, 8, 9, 8, 10, 2, 2, 2, 4, 9, 9, 3, 4, 7, 2, 2, 10, 6, 10, 7, 6, 6, 6, 4, 3, 5, 3, 9, 2, 6, 10, 4, 2, 4, 10, 3, 8, 1, 2, 8, 1, 1, 1, 8, 5, 5, 4, 1, 7, 3, 8, 1, 4, 5, 5, 5, 9, 5, 4, 8, 3, 6, 1, 9, 7, 1, 7, 3, 8, 9, 8, 1, 4, 2, 3, 5, 2, 7, 5, 3, 8, 10, 9, 2, 6, 8, 5, 9, 10, 9, 2, 4, 1, 10, 1, 5, 9, 7, 3, 4, 3, 8, 1, 9, 10, 1, 3, 5, 1, 6, 3, 6, 2, 4, 10, 5, 2, 3, 3, 10, 1, 4, 3, 1, 2, 1, 10, 9, 4, 4, 7, 9, 1, 8, 6, 5, 9, 1, 1, 9, 8, 8, 3, 7, 6, 2, 8, 2, 1, 7, 3, 10, 4, 7, 10, 9, 8, 9, 7, 10, 3, 6, 9, 5, 4, 2, 9, 8, 6, 5, 2, 4, 10, 5, 2, 5, 9, 7, 1, 1, 2, 9, 2, 3, 8, 5, 7, 5, 4, 7, 2, 7, 9, 10, 8, 2, 2, 6, 9, 1, 2, 4, 6, 1, 6, 6, 2, 3, 2, 8, 7, 9, 9, 1, 7, 2, 8, 10, 8, 10, 3, 5, 5, 7, 6, 5, 7, 4, 10, 7, 7, 8, 6, 10, 5, 10, 9, 8, 9, 10, 10, 1, 2, 8, 3, 7, 6, 6, 9, 9, 4, 5, 4, 5, 4, 4, 1, 8, 2, 4, 10, 5, 3, 7, 2, 9, 10, 4, 9, 3, 6, 4, 5, 8, 1, 7, 5, 7, 7, 7, 5, 3, 5, 6, 4, 1, 3, 6, 7, 2, 1, 10, 4, 4, 7, 6, 4, 3, 10, 9, 6, 5, 5, 9, 7, 6, 6, 6, 9, 1, 7, 7, 4, 8, 1, 6, 7, 2, 1, 5, 4, 9, 5, 7, 1, 2, 2, 8, 6, 2, 6, 3, 6, 2, 1, 1, 6, 1, 1, 7, 10, 5, 2, 2, 1, 10, 10, 7, 9, 4, 4, 4, 4, 4, 7, 2, 8, 4, 8, 2, 3, 5, 6, 10, 8, 7, 1, 4, 7, 10, 5, 3, 4, 8, 8, 6, 10, 7, 4, 5, 6, 3, 7, 2, 3, 6, 9, 1, 7, 9, 1, 8, 10, 7, 1, 2, 3, 10, 10, 2, 4, 9, 3, 8, 2, 1, 3, 4, 4, 1, 5, 7, 3, 10, 5, 9, 4, 8, 9, 5, 2, 1, 3, 8, 4, 2, 2, 1, 2, 2, 10, 1, 10, 4, 8, 3, 9, 2, 5, 1, 5, 6, 3, 3, 7, 1, 9, 3, 8, 10, 4, 8, 8, 10, 5, 3, 3, 2, 7, 2, 7, 9, 8, 1, 10, 2, 5, 8]",7.521338482979731e-05,2056,11238.505876552836,644.508,580.5,550.9285714285714,365,247870.0,0.08196465513364687,0.03175675675675676,0.056632041931152344,22,1022
torneo,"[8, 8, 8, 3, 7, 5, 1, 7, 6, 6, 6, 7, 7, 5, 2, 9, 5, 8, 2, 9, 3, 4, 9, 4, 2, 6, 5, 6, 8, 7, 6, 8, 10, 9, 4, 8, 2, 8, 9, 5, 10, 9, 8, 6, 8, 10, 7, 4, 6, 4, 1, 4, 8, 7, 10, 9, 8, 4, 3, 4, 3, 9, 7, 6, 6, 5, 8, 3, 9, 3, 2, 7, 6, 10, 6, 6, 4, 1, 4, 5, 8, 9, 8, 5, 6, 6, 7, 7, 1, 10, 7, 3, 1, 5, 2, 2, 9, 10, 6, 2, 1, 1, 10, 9, 7, 1, 4, 9, 4, 9, 9, 7, 9, 3, 3, 6, 1, 9, 4, 1, 3, 8, 8, 1, 9, 2, 5, 1, 5, 5, 9, 6, 10, 10, 1, 9, 6, 8, 2, 8, 8, 10, 6, 8, 3, 8, 7, 8, 3, 6, 8, 5, 5, 3, 8, 4, 8, 7, 6, 6, 2, 9, 9, 2, 2, 8, 4, 7, 3, 7, 7, 8, 5, 5, 10, 6, 3, 3, 5, 9, 2, 10, 2, 9, 7, 8, 6, 3, 5, 2, 9, 4, 4, 9, 6, 7, 6, 3, 9, 10, 2, 8, 1, 3, 3, 4, 3, 10, 5, 9, 7, 2, 6, 10, 5, 5, 10, 4, 7, 1, 6, 8, 8, 5, 7, 3, 3, 4, 6, 3, 2, 4, 7, 5, 1, 3, 7, 10, 2, 10, 10, 4, 6, 9, 2, 10, 1, 2, 6, 1, 2, 2, 7, 10, 2, 1, 10, 3, 4, 9, 3, 2, 1, 2, 3, 1, 1, 4, 7, 8, 7, 8, 5, 2, 6, 1, 10, 3, 4, 6, 5, 2, 7, 1, 8, 6, 3, 7, 10, 3, 8, 10, 3, 9, 4, 7, 6, 2, 8, 10, 7, 3, 8, 7, 3, 6, 5, 1, 6, 8, 9, 4, 7, 4, 9, 1, 4, 2, 6, 8, 9, 3, 5, 1, 9, 3, 6, 2, 1, 2, 4, 9, 10, 5, 5, 4, 3, 9, 9, 2, 5, 4, 7, 6, 2, 2, 9, 4, 6, 10, 1, 2, 9, 10, 8, 3, 4, 9, 3, 6, 9, 5, 5, 6, 3, 3, 6, 4, 3, 6, 4, 10, 5, 7, 9, 1, 8, 4, 10, 3, 3, 9, 10, 7, 8, 10, 10, 10, 2, 2, 1, 6, 7, 3, 10, 2, 6, 5, 3, 3, 2, 9, 7, 5, 10, 5, 9, 9, 8, 2, 7, 7, 8, 10, 9, 1, 4, 4, 7, 9, 2, 1, 6, 2, 2, 1, 7, 7, 1, 7, 6, 8, 6, 4, 4, 1, 7, 1, 9, 6, 2, 9, 2, 1, 4, 8, 2, 7, 1, 1, 4, 6, 6, 2, 10, 3, 7, 1, 5, 9, 9, 7, 8, 4, 1, 5, 8, 4, 7, 10, 6, 1, 10, 2, 4, 7, 2, 5, 6, 10, 8, 3, 6, 9, 8, 4, 8, 7, 3, 4, 10, 4, 1, 1, 6, 10, 9, 3, 7, 1]","[8, 8, 8, 3, 7, 5, 1, 7, 6, 6, 6, 7, 7, 5, 2, 9, 5, 8, 2, 9, 3, 4, 9, 4, 2, 6, 5, 6, 8, 7, 6, 8, 10, 9, 4, 8, 2, 8, 9, 5, 10, 9, 8, 6, 8, 10, 7, 4, 6, 4, 1, 4, 8, 7, 10, 9, 8, 4, 3, 4, 3, 9, 7, 6, 6, 5, 8, 3, 9, 3, 2, 7, 6, 10, 6, 6, 4, 1, 4, 5, 8, 9, 8, 5, 6, 6, 7, 7, 1, 10, 7, 3, 1, 5, 2, 2, 9, 10, 6, 2, 1, 1, 10, 9, 7, 1, 4, 9, 4, 9, 9, 7, 9, 3, 3, 6, 1, 9, 4, 1, 3, 8, 8, 1, 9, 2, 5, 1, 5, 5, 9, 6, 10, 10, 1, 9, 6, 8, 2, 8, 8, 10, 6, 8, 3, 8, 7, 8, 3, 6, 8, 5, 5, 3, 8, 4, 8, 7, 6, 6, 2, 9, 9, 2, 2, 8, 4, 7, 3, 7, 7, 8, 5, 5, 10, 6, 3, 3, 5, 9, 2, 10, 2, 9, 7, 8, 6, 3, 5, 2, 9, 4, 4, 9, 6, 7, 6, 3, 9, 10, 2, 8, 1, 3, 3, 4, 3, 10, 5, 9, 7, 2, 6, 10, 5, 5, 10, 4, 7, 1, 6, 8, 8, 5, 7, 3, 3, 4, 6, 3, 2, 4, 7, 5, 1, 3, 7, 10, 2, 10, 10, 4, 6, 9, 2, 10, 1, 2, 6, 1, 2, 2, 7, 10, 2, 1, 10, 3, 4, 9, 3, 2, 1, 2, 3, 1, 1, 4, 7, 8, 7, 8, 5, 2, 6, 1, 10, 3, 4, 6, 5, 2, 7, 1, 8, 6, 3, 7, 10, 3, 8, 10, 3, 9, 4, 7, 6, 2, 8, 10, 7, 3, 8, 7, 3, 6, 5, 1, 6, 8, 9, 4, 7, 4, 9, 1, 4, 2, 6, 8, 9, 3, 5, 1, 9, 3, 6, 2, 1, 2, 4, 9, 10, 5, 5, 4, 3, 9, 9, 2, 5, 4, 7, 6, 2, 2, 9, 4, 6, 10, 1, 2, 9, 10, 8, 3, 4, 9, 3, 6, 9, 5, 5, 6, 3, 3, 6, 4, 3, 6, 4, 10, 5, 7, 9, 1, 8, 4, 10, 3, 3, 9, 10, 7, 8, 10, 10, 10, 2, 2, 1, 6, 7, 3, 10, 2, 6, 5, 3, 3, 2, 9, 7, 5, 10, 5, 9, 9, 8, 2, 7, 7, 8, 10, 9, 1, 4, 4, 7, 9, 2, 1, 6, 2, 2, 1, 7, 7, 1, 7, 6, 8, 6, 4, 4, 1, 7, 1, 9, 6, 2, 9, 2, 1, 4, 8, 2, 7, 1, 1, 4, 6, 6, 2, 10, 3, 7, 1, 5, 9, 9, 7, 8, 4, 1, 5, 8, 4, 7, 10, 6, 1, 10, 2, 4, 7, 2, 5, 6, 10, 8, 3, 6, 9, 8, 4, 8, 7, 3, 4, 10, 4, 1, 1, 6, 10, 9, 3, 7, 1]",7.321475804233635e-05,2046,11611.4484704812,649.726,613.4714285714285,584.0571428571428,368,249901.0,0.10377941164386129,0.04543918918918919,0.058376312255859375,23,1023
torneo,"[7, 6, 2, 9, 2, 2, 7, 2, 4, 4, 9, 8, 1, 6, 4, 7, 4, 5, 8, 7, 8, 8, 8, 8, 9, 3, 6, 9, 7, 9, 4, 5, 2, 6, 8, 10, 4, 7, 10, 6, 8, 5, 6, 9, 3, 3, 6, 1, 9, 9, 5, 10, 9, 6, 4, 1, 7, 8, 7, 9, 6, 1, 3, 4, 3, 3, 1, 1, 6, 7, 2, 1, 10, 7, 1, 6, 8, 3, 5, 3, 4, 2, 7, 7, 10, 9, 9, 6, 7, 8, 8, 6, 6, 4, 5, 9, 7, 10, 1, 6, 4, 6, 7, 7, 5, 10, 5, 1, 4, 1, 8, 4, 1, 5, 3, 10, 9, 7, 4, 3, 10, 8, 4, 6, 10, 5, 10, 2, 5, 4, 7, 1, 1, 3, 4, 2, 9, 7, 3, 4, 5, 1, 1, 9, 5, 7, 2, 9, 1, 4, 2, 7, 8, 9, 7, 4, 6, 7, 4, 4, 8, 2, 4, 10, 2, 4, 4, 6, 1, 7, 3, 10, 9, 1, 7, 5, 4, 1, 5, 10, 6, 2, 1, 1, 1, 9, 4, 4, 6, 6, 7, 10, 3, 8, 5, 6, 4, 10, 10, 2, 6, 3, 2, 9, 5, 7, 3, 6, 6, 8, 1, 9, 5, 4, 7, 2, 6, 7, 10, 9, 3, 6, 9, 2, 3, 5, 2, 4, 2, 8, 9, 7, 9, 8, 2, 10, 4, 5, 7, 7, 3, 8, 7, 6, 6, 10, 6, 2, 4, 2, 3, 3, 6, 2, 8, 4, 10, 3, 1, 5, 5, 9, 9, 1, 4, 5, 7, 4, 5, 9, 1, 2, 2, 6, 8, 6, 1, 10, 4, 2, 2, 10, 6, 7, 6, 5, 3, 5, 1, 2, 8, 5, 1, 4, 4, 2, 6, 7, 4, 1, 9, 2, 3, 7, 8, 8, 6, 10, 2, 10, 10, 2, 2, 1, 5, 5, 10, 1, 10, 2, 2, 10, 4, 8, 10, 6, 6, 3, 4, 8, 4, 8, 9, 9, 3, 8, 7, 6, 1, 4, 8, 1, 4, 3, 8, 2, 7, 2, 10, 10, 5, 9, 6, 3, 8, 8, 6, 10, 10, 3, 5, 10, 8, 4, 10, 9, 7, 5, 4, 7, 1, 10, 9, 7, 8, 10, 8, 8, 3, 8, 1, 2, 10, 5, 3, 4, 2, 8, 3, 10, 8, 6, 5, 7, 7, 2, 5, 3, 3, 4, 10, 8, 5, 1, 10, 10, 7, 6, 7, 3, 9, 2, 3, 7, 2, 3, 5, 2, 6, 7, 7, 4, 6, 3, 9, 7, 7, 2, 7, 8, 8, 7, 10, 2, 7, 1, 8, 10, 6, 1, 2, 2, 3, 3, 1, 9, 4, 9, 5, 6, 6, 1, 2, 7, 5, 2, 1, 5, 10, 7, 7, 5, 7, 4, 5, 5, 2, 8, 1, 4, 4, 3, 7, 5, 1, 3, 4, 4, 8, 9, 5, 10, 4, 9, 10, 6, 8, 10, 2, 3, 10, 6, 10, 6, 8, 4, 9, 1, 7, 8]","[7, 6, 2, 9, 2, 2, 7, 2, 4, 4, 9, 8, 1, 6, 4, 7, 4, 5, 8, 7, 8, 8, 8, 8, 9, 3, 6, 9, 7, 9, 4, 5, 2, 6, 8, 10, 4, 7, 10, 6, 8, 5, 6, 9, 3, 3, 6, 1, 9, 9, 5, 10, 9, 6, 4, 1, 7, 8, 7, 9, 6, 1, 3, 4, 3, 3, 1, 1, 6, 7, 2, 1, 10, 7, 1, 6, 8, 3, 5, 3, 4, 2, 7, 7, 10, 9, 9, 6, 7, 8, 8, 6, 6, 4, 5, 9, 7, 10, 1, 6, 4, 6, 7, 7, 5, 10, 5, 1, 4, 1, 8, 4, 1, 5, 3, 10, 9, 7, 4, 3, 10, 8, 4, 6, 10, 5, 10, 2, 5, 4, 7, 1, 1, 3, 4, 2, 9, 7, 3, 4, 5, 1, 1, 9, 5, 7, 2, 9, 1, 4, 2, 7, 8, 9, 7, 4, 6, 7, 4, 4, 8, 2, 4, 10, 2, 4, 4, 6, 1, 7, 3, 10, 9, 1, 7, 5, 4, 1, 5, 10, 6, 2, 1, 1, 1, 9, 4, 4, 6, 6, 7, 10, 3, 8, 5, 6, 4, 10, 10, 2, 6, 3, 2, 9, 5, 7, 3, 6, 6, 8, 1, 9, 5, 4, 7, 2, 6, 7, 10, 9, 3, 6, 9, 2, 3, 5, 2, 4, 2, 8, 9, 7, 9, 8, 2, 10, 4, 5, 7, 7, 3, 8, 7, 6, 6, 10, 6, 2, 4, 2, 3, 3, 6, 2, 8, 4, 10, 3, 1, 5, 5, 9, 9, 1, 4, 5, 7, 4, 5, 9, 1, 2, 2, 6, 8, 6, 1, 10, 4, 2, 2, 10, 6, 7, 6, 5, 3, 5, 1, 2, 8, 5, 1, 4, 4, 2, 6, 7, 4, 1, 9, 2, 3, 7, 8, 8, 6, 10, 2, 10, 10, 2, 2, 1, 5, 5, 10, 1, 10, 2, 2, 10, 4, 8, 10, 6, 6, 3, 4, 8, 4, 8, 9, 9, 3, 8, 7, 6, 1, 4, 8, 1, 4, 3, 8, 2, 7, 2, 10, 10, 5, 9, 6, 3, 8, 8, 6, 10, 10, 3, 5, 10, 8, 4, 10, 9, 7, 5, 4, 7, 1, 10, 9, 7, 8, 10, 8, 8, 3, 8, 1, 2, 10, 5, 3, 4, 2, 8, 3, 10, 8, 6, 5, 7, 7, 2, 5, 3, 3, 4, 10, 8, 5, 1, 10, 10, 7, 6, 7, 3, 9, 2, 3, 7, 2, 3, 5, 2, 6, 7, 7, 4, 6, 3, 9, 7, 7, 2, 7, 8, 8, 7, 10, 2, 7, 1, 8, 10, 6, 1, 2, 2, 3, 3, 1, 9, 4, 9, 5, 6, 6, 1, 2, 7, 5, 2, 1, 5, 10, 7, 7, 5, 7, 4, 5, 5, 2, 8, 1, 4, 4, 3, 7, 5, 1, 3, 4, 4, 8, 9, 5, 10, 4, 9, 10, 6, 8, 10, 2, 3, 10, 6, 10, 6, 8, 4, 9, 1, 7, 8]",7.483543765718789e-05,1963,11398.653193542868,655.35,584.6,555.2857142857143,370,253108.0,0.09319739809548615,0.03958333333333333,0.05626988410949707,24,1024
torneo,"[7, 3, 3, 7, 5, 7, 10, 6, 2, 2, 3, 9, 7, 7, 1, 2, 7, 8, 4, 1, 10, 9, 3, 4, 5, 7, 4, 1, 3, 6, 4, 8, 7, 10, 6, 2, 6, 7, 9, 2, 4, 7, 5, 3, 4, 2, 10, 6, 2, 10, 2, 1, 2, 8, 6, 3, 2, 6, 6, 4, 4, 7, 7, 5, 9, 8, 3, 7, 10, 2, 7, 6, 2, 3, 5, 5, 7, 6, 1, 7, 10, 5, 1, 2, 2, 4, 10, 8, 10, 3, 4, 10, 2, 9, 1, 6, 7, 3, 4, 2, 6, 8, 6, 7, 8, 3, 3, 2, 6, 4, 4, 1, 9, 8, 4, 10, 4, 3, 4, 4, 2, 4, 10, 4, 7, 6, 6, 10, 3, 8, 2, 9, 1, 8, 2, 2, 3, 5, 7, 10, 1, 1, 10, 9, 4, 8, 5, 9, 4, 1, 5, 3, 8, 4, 6, 6, 4, 1, 8, 5, 9, 5, 9, 2, 2, 3, 6, 1, 8, 4, 8, 10, 2, 5, 3, 5, 2, 3, 3, 6, 7, 7, 9, 8, 6, 6, 9, 9, 3, 9, 7, 4, 7, 10, 1, 2, 1, 10, 8, 10, 3, 4, 5, 6, 4, 3, 1, 5, 7, 3, 8, 7, 6, 9, 9, 10, 6, 4, 9, 10, 5, 4, 6, 6, 3, 3, 4, 10, 3, 7, 4, 1, 9, 3, 5, 7, 1, 10, 10, 9, 9, 6, 6, 9, 6, 8, 4, 3, 6, 3, 10, 5, 7, 1, 1, 8, 8, 2, 2, 8, 8, 5, 3, 6, 6, 6, 3, 5, 6, 3, 2, 9, 9, 1, 8, 1, 3, 2, 5, 1, 7, 7, 4, 1, 1, 10, 3, 10, 2, 3, 3, 5, 8, 6, 7, 1, 2, 5, 1, 7, 3, 2, 2, 2, 4, 5, 1, 10, 7, 3, 8, 6, 9, 9, 6, 3, 10, 5, 9, 5, 1, 9, 7, 1, 3, 7, 9, 3, 1, 7, 1, 7, 4, 1, 8, 10, 8, 5, 5, 5, 6, 10, 9, 8, 3, 2, 6, 6, 7, 3, 4, 1, 1, 1, 8, 10, 4, 4, 5, 3, 3, 8, 8, 9, 4, 10, 7, 2, 3, 8, 5, 7, 5, 1, 3, 9, 6, 3, 4, 4, 3, 5, 9, 2, 5, 8, 3, 2, 8, 7, 1, 5, 3, 1, 8, 7, 7, 2, 6, 4, 1, 2, 1, 10, 2, 10, 1, 2, 4, 5, 9, 1, 1, 6, 6, 9, 7, 9, 1, 8, 5, 5, 6, 4, 4, 9, 4, 6, 7, 10, 4, 7, 3, 9, 2, 1, 6, 5, 1, 5, 3, 6, 9, 5, 9, 6, 5, 6, 3, 1, 2, 4, 1, 9, 2, 4, 3, 7, 2, 3, 5, 6, 5, 5, 9, 9, 4, 1, 10, 8, 4, 9, 1, 10, 5, 9, 6, 3, 7, 6, 1, 2, 2, 9, 6, 5, 10, 9, 8, 8, 9, 7, 8, 7, 6, 10, 2, 10, 5, 6]","[7, 3, 3, 7, 5, 7, 10, 6, 2, 2, 3, 9, 7, 7, 1, 2, 7, 8, 4, 1, 10, 9, 3, 4, 5, 7, 4, 1, 3, 6, 4, 8, 7, 10, 6, 2, 6, 7, 9, 2, 4, 7, 5, 3, 4, 2, 10, 6, 2, 10, 2, 1, 2, 8, 6, 3, 2, 6, 6, 4, 4, 7, 7, 5, 9, 8, 3, 7, 10, 2, 7, 6, 2, 3, 5, 5, 7, 6, 1, 7, 10, 5, 1, 2, 2, 4, 10, 8, 10, 3, 4, 10, 2, 9, 1, 6, 7, 3, 4, 2, 6, 8, 6, 7, 8, 3, 3, 2, 6, 4, 4, 1, 9, 8, 4, 10, 4, 3, 4, 4, 2, 4, 10, 4, 7, 6, 6, 10, 3, 8, 2, 9, 1, 8, 2, 2, 3, 5, 7, 10, 1, 1, 10, 9, 4, 8, 5, 9, 4, 1, 5, 3, 8, 4, 6, 6, 4, 1, 8, 5, 9, 5, 9, 2, 2, 3, 6, 1, 8, 4, 8, 10, 2, 5, 3, 5, 2, 3, 3, 6, 7, 7, 9, 8, 6, 6, 9, 9, 3, 9, 7, 4, 7, 10, 1, 2, 1, 10, 8, 10, 3, 4, 5, 6, 4, 3, 1, 5, 7, 3, 8, 7, 6, 9, 9, 10, 6, 4, 9, 10, 5, 4, 6, 6, 3, 3, 4, 10, 3, 7, 4, 1, 9, 3, 5, 7, 1, 10, 10, 9, 9, 6, 6, 9, 6, 8, 4, 3, 6, 3, 10, 5, 7, 1, 1, 8, 8, 2, 2, 8, 8, 5, 3, 6, 6, 6, 3, 5, 6, 3, 2, 9, 9, 1, 8, 1, 3, 2, 5, 1, 7, 7, 4, 1, 1, 10, 3, 10, 2, 3, 3, 5, 8, 6, 7, 1, 2, 5, 1, 7, 3, 2, 2, 2, 4, 5, 1, 10, 7, 3, 8, 6, 9, 9, 6, 3, 10, 5, 9, 5, 1, 9, 7, 1, 3, 7, 9, 3, 1, 7, 1, 7, 4, 1, 8, 10, 8, 5, 5, 5, 6, 10, 9, 8, 3, 2, 6, 6, 7, 3, 4, 1, 1, 1, 8, 10, 4, 4, 5, 3, 3, 8, 8, 9, 4, 10, 7, 2, 3, 8, 5, 7, 5, 1, 3, 9, 6, 3, 4, 4, 3, 5, 9, 2, 5, 8, 3, 2, 8, 7, 1, 5, 3, 1, 8, 7, 7, 2, 6, 4, 1, 2, 1, 10, 2, 10, 1, 2, 4, 5, 9, 1, 1, 6, 6, 9, 7, 9, 1, 8, 5, 5, 6, 4, 4, 9, 4, 6, 7, 10, 4, 7, 3, 9, 2, 1, 6, 5, 1, 5, 3, 6, 9, 5, 9, 6, 5, 6, 3, 1, 2, 4, 1, 9, 2, 4, 3, 7, 2, 3, 5, 6, 5, 5, 9, 9, 4, 1, 10, 8, 4, 9, 1, 10, 5, 9, 6, 3, 7, 6, 1, 2, 2, 9, 6, 5, 10, 9, 8, 8, 9, 7, 8, 7, 6, 10, 2, 10, 5, 6]",7.617810088745993e-05,1908,11218.132185630728,644.998,577.1428571428571,547.5714285714286,368,248365.0,0.05424901496380798,0.025394144144144145,0.05902433395385742,25,1025
torneo,"[7, 8, 2, 2, 2, 1, 8, 10, 5, 4, 10, 7, 7, 8, 8, 8, 10, 8, 2, 1, 5, 6, 9, 4, 10, 5, 4, 6, 7, 2, 10, 4, 8, 5, 6, 7, 10, 3, 4, 10, 9, 10, 6, 7, 7, 7, 3, 7, 6, 6, 10, 6, 4, 6, 4, 10, 2, 8, 8, 7, 5, 6, 3, 3, 3, 4, 5, 3, 3, 7, 7, 5, 9, 6, 8, 9, 8, 10, 2, 7, 8, 4, 8, 4, 9, 8, 2, 4, 4, 3, 1, 10, 4, 5, 8, 5, 8, 10, 6, 2, 2, 9, 8, 2, 9, 6, 8, 10, 2, 5, 2, 3, 4, 3, 3, 7, 2, 8, 9, 3, 9, 9, 2, 3, 5, 4, 4, 3, 3, 7, 7, 3, 1, 8, 6, 7, 9, 5, 7, 4, 8, 1, 6, 4, 5, 10, 4, 3, 1, 7, 1, 1, 4, 9, 4, 4, 1, 9, 3, 3, 2, 5, 2, 10, 4, 9, 6, 3, 9, 1, 1, 7, 5, 5, 2, 1, 3, 4, 4, 4, 1, 1, 5, 1, 1, 1, 10, 4, 4, 6, 2, 5, 9, 7, 3, 2, 10, 3, 7, 6, 4, 7, 2, 2, 6, 3, 3, 7, 8, 8, 2, 2, 3, 10, 6, 1, 2, 3, 6, 4, 8, 5, 9, 5, 4, 2, 2, 8, 9, 2, 3, 10, 5, 2, 3, 4, 6, 7, 3, 8, 8, 5, 9, 9, 3, 8, 2, 9, 3, 9, 8, 4, 10, 1, 10, 5, 8, 1, 6, 7, 5, 10, 2, 8, 7, 5, 2, 1, 6, 1, 9, 3, 4, 8, 1, 7, 6, 8, 1, 5, 5, 6, 4, 9, 4, 6, 5, 1, 3, 6, 4, 2, 3, 6, 1, 3, 9, 4, 8, 9, 8, 6, 7, 8, 5, 1, 5, 1, 10, 6, 8, 4, 5, 1, 1, 9, 4, 8, 6, 3, 4, 5, 1, 4, 1, 4, 10, 1, 8, 10, 8, 6, 6, 1, 3, 10, 5, 1, 2, 9, 4, 6, 1, 4, 1, 5, 5, 1, 8, 6, 4, 10, 9, 4, 9, 8, 3, 2, 8, 6, 9, 6, 5, 4, 5, 6, 2, 6, 3, 4, 10, 8, 4, 6, 6, 10, 9, 8, 4, 9, 10, 6, 6, 3, 9, 8, 5, 5, 6, 3, 7, 4, 9, 2, 6, 3, 1, 4, 5, 10, 8, 5, 4, 9, 6, 10, 3, 3, 2, 5, 1, 8, 10, 9, 6, 1, 4, 7, 6, 7, 2, 1, 4, 8, 10, 7, 6, 3, 7, 9, 7, 1, 4, 7, 9, 7, 4, 9, 4, 9, 7, 10, 1, 10, 3, 7, 3, 3, 2, 6, 1, 10, 2, 7, 6, 1, 2, 1, 10, 10, 9, 6, 5, 10, 4, 3, 6, 2, 5, 3, 6, 6, 10, 6, 6, 10, 2, 5, 9, 5, 6, 10, 10, 4, 8, 2, 8, 4, 7, 9, 8, 3, 1, 1, 6, 8, 5, 8, 1, 9]","[7, 8, 2, 2, 2, 1, 8, 10, 5, 4, 10, 7, 7, 8, 8, 8, 10, 8, 2, 1, 5, 6, 9, 4, 10, 5, 4, 6, 7, 2, 10, 4, 8, 5, 6, 7, 10, 3, 4, 10, 9, 10, 6, 7, 7, 7, 3, 7, 6, 6, 10, 6, 4, 6, 4, 10, 2, 8, 8, 7, 5, 6, 3, 3, 3, 4, 5, 3, 3, 7, 7, 5, 9, 6, 8, 9, 8, 10, 2, 7, 8, 4, 8, 4, 9, 8, 2, 4, 4, 3, 1, 10, 4, 5, 8, 5, 8, 10, 6, 2, 2, 9, 8, 2, 9, 6, 8, 10, 2, 5, 2, 3, 4, 3, 3, 7, 2, 8, 9, 3, 9, 9, 2, 3, 5, 4, 4, 3, 3, 7, 7, 3, 1, 8, 6, 7, 9, 5, 7, 4, 8, 1, 6, 4, 5, 10, 4, 3, 1, 7, 1, 1, 4, 9, 4, 4, 1, 9, 3, 3, 2, 5, 2, 10, 4, 9, 6, 3, 9, 1, 1, 7, 5, 5, 2, 1, 3, 4, 4, 4, 1, 1, 5, 1, 1, 1, 10, 4, 4, 6, 2, 5, 9, 7, 3, 2, 10, 3, 7, 6, 4, 7, 2, 2, 6, 3, 3, 7, 8, 8, 2, 2, 3, 10, 6, 1, 2, 3, 6, 4, 8, 5, 9, 5, 4, 2, 2, 8, 9, 2, 3, 10, 5, 2, 3, 4, 6, 7, 3, 8, 8, 5, 9, 9, 3, 8, 2, 9, 3, 9, 8, 4, 10, 1, 10, 5, 8, 1, 6, 7, 5, 10, 2, 8, 7, 5, 2, 1, 6, 1, 9, 3, 4, 8, 1, 7, 6, 8, 1, 5, 5, 6, 4, 9, 4, 6, 5, 1, 3, 6, 4, 2, 3, 6, 1, 3, 9, 4, 8, 9, 8, 6, 7, 8, 5, 1, 5, 1, 10, 6, 8, 4, 5, 1, 1, 9, 4, 8, 6, 3, 4, 5, 1, 4, 1, 4, 10, 1, 8, 10, 8, 6, 6, 1, 3, 10, 5, 1, 2, 9, 4, 6, 1, 4, 1, 5, 5, 1, 8, 6, 4, 10, 9, 4, 9, 8, 3, 2, 8, 6, 9, 6, 5, 4, 5, 6, 2, 6, 3, 4, 10, 8, 4, 6, 6, 10, 9, 8, 4, 9, 10, 6, 6, 3, 9, 8, 5, 5, 6, 3, 7, 4, 9, 2, 6, 3, 1, 4, 5, 10, 8, 5, 4, 9, 6, 10, 3, 3, 2, 5, 1, 8, 10, 9, 6, 1, 4, 7, 6, 7, 2, 1, 4, 8, 10, 7, 6, 3, 7, 9, 7, 1, 4, 7, 9, 7, 4, 9, 4, 9, 7, 10, 1, 10, 3, 7, 3, 3, 2, 6, 1, 10, 2, 7, 6, 1, 2, 1, 10, 10, 9, 6, 5, 10, 4, 3, 6, 2, 5, 3, 6, 6, 10, 6, 6, 10, 2, 5, 9, 5, 6, 10, 10, 4, 8, 2, 8, 4, 7, 9, 8, 3, 1, 1, 6, 8, 5, 8, 1, 9]",7.465398549283212e-05,2041,11353.132133916879,658.068,579.2571428571429,550.0571428571428,370,253316.0,0.09598070152554421,0.04048423423423424,0.05696845054626465,26,1026
torneo,"[8, 1, 1, 6, 2, 7, 9, 1, 9, 7, 5, 1, 8, 6, 10, 3, 10, 6, 10, 9, 4, 6, 3, 3, 3, 5, 9, 5, 1, 9, 5, 10, 5, 4, 5, 8, 3, 7, 8, 5, 9, 8, 4, 7, 5, 5, 10, 3, 9, 8, 3, 10, 10, 2, 4, 7, 10, 3, 9, 6, 3, 2, 2, 9, 3, 8, 10, 5, 6, 6, 4, 2, 6, 9, 4, 3, 1, 9, 5, 10, 8, 1, 4, 8, 2, 10, 5, 3, 9, 3, 8, 9, 8, 1, 2, 8, 8, 10, 10, 6, 1, 7, 2, 4, 8, 7, 2, 7, 9, 4, 7, 5, 2, 10, 8, 1, 10, 4, 3, 7, 7, 4, 4, 6, 3, 5, 1, 1, 1, 7, 10, 5, 2, 3, 8, 5, 10, 5, 9, 2, 5, 4, 9, 2, 5, 1, 10, 2, 6, 7, 2, 1, 6, 6, 9, 1, 2, 1, 8, 4, 10, 10, 2, 8, 3, 1, 4, 10, 9, 3, 7, 5, 2, 3, 6, 6, 3, 1, 4, 1, 3, 9, 7, 6, 9, 1, 3, 5, 8, 5, 10, 5, 10, 5, 3, 7, 4, 3, 6, 5, 10, 8, 8, 10, 10, 9, 2, 4, 8, 1, 3, 5, 4, 2, 6, 8, 2, 1, 9, 1, 8, 2, 4, 7, 4, 3, 4, 9, 5, 3, 6, 5, 5, 9, 6, 9, 6, 2, 10, 4, 7, 8, 8, 3, 1, 5, 3, 7, 10, 7, 4, 9, 5, 6, 5, 9, 1, 7, 4, 9, 7, 10, 10, 10, 8, 7, 8, 6, 2, 4, 4, 7, 8, 1, 6, 4, 3, 9, 8, 4, 8, 1, 8, 1, 1, 5, 5, 4, 2, 8, 10, 6, 9, 5, 10, 4, 7, 8, 6, 3, 5, 4, 6, 7, 4, 5, 5, 9, 4, 1, 4, 5, 2, 8, 6, 10, 4, 5, 8, 4, 9, 4, 4, 9, 7, 4, 1, 7, 3, 1, 10, 10, 2, 8, 10, 4, 7, 1, 3, 3, 2, 4, 2, 6, 8, 2, 7, 3, 6, 3, 6, 6, 5, 9, 6, 10, 4, 3, 4, 9, 7, 9, 8, 1, 9, 6, 4, 2, 7, 7, 6, 1, 1, 3, 9, 5, 9, 5, 7, 4, 3, 10, 10, 2, 1, 4, 7, 10, 9, 8, 3, 1, 2, 1, 7, 8, 2, 2, 7, 1, 2, 5, 2, 7, 4, 5, 7, 6, 4, 3, 2, 4, 9, 10, 8, 5, 6, 10, 6, 2, 7, 10, 6, 2, 5, 8, 9, 10, 8, 1, 3, 7, 8, 2, 2, 8, 1, 9, 6, 6, 2, 1, 10, 5, 5, 5, 8, 5, 7, 9, 2, 1, 2, 7, 10, 4, 2, 7, 8, 2, 9, 5, 8, 7, 5, 9, 2, 1, 9, 10, 2, 4, 9, 3, 6, 1, 5, 4, 4, 7, 6, 7, 10, 5, 9, 9, 10, 3, 6, 8, 6, 1, 5, 4, 10, 2, 9, 8, 10, 8]","[8, 1, 1, 6, 2, 7, 9, 1, 9, 7, 5, 1, 8, 6, 10, 3, 10, 6, 10, 9, 4, 6, 3, 3, 3, 5, 9, 5, 1, 9, 5, 10, 5, 4, 5, 8, 3, 7, 8, 5, 9, 8, 4, 7, 5, 5, 10, 3, 9, 8, 3, 10, 10, 2, 4, 7, 10, 3, 9, 6, 3, 2, 2, 9, 3, 8, 10, 5, 6, 6, 4, 2, 6, 9, 4, 3, 1, 9, 5, 10, 8, 1, 4, 8, 2, 10, 5, 3, 9, 3, 8, 9, 8, 1, 2, 8, 8, 10, 10, 6, 1, 7, 2, 4, 8, 7, 2, 7, 9, 4, 7, 5, 2, 10, 8, 1, 10, 4, 3, 7, 7, 4, 4, 6, 3, 5, 1, 1, 1, 7, 10, 5, 2, 3, 8, 5, 10, 5, 9, 2, 5, 4, 9, 2, 5, 1, 10, 2, 6, 7, 2, 1, 6, 6, 9, 1, 2, 1, 8, 4, 10, 10, 2, 8, 3, 1, 4, 10, 9, 3, 7, 5, 2, 3, 6, 6, 3, 1, 4, 1, 3, 9, 7, 6, 9, 1, 3, 5, 8, 5, 10, 5, 10, 5, 3, 7, 4, 3, 6, 5, 10, 8, 8, 10, 10, 9, 2, 4, 8, 1, 3, 5, 4, 2, 6, 8, 2, 1, 9, 1, 8, 2, 4, 7, 4, 3, 4, 9, 5, 3, 6, 5, 5, 9, 6, 9, 6, 2, 10, 4, 7, 8, 8, 3, 1, 5, 3, 7, 10, 7, 4, 9, 5, 6, 5, 9, 1, 7, 4, 9, 7, 10, 10, 10, 8, 7, 8, 6, 2, 4, 4, 7, 8, 1, 6, 4, 3, 9, 8, 4, 8, 1, 8, 1, 1, 5, 5, 4, 2, 8, 10, 6, 9, 5, 10, 4, 7, 8, 6, 3, 5, 4, 6, 7, 4, 5, 5, 9, 4, 1, 4, 5, 2, 8, 6, 10, 4, 5, 8, 4, 9, 4, 4, 9, 7, 4, 1, 7, 3, 1, 10, 10, 2, 8, 10, 4, 7, 1, 3, 3, 2, 4, 2, 6, 8, 2, 7, 3, 6, 3, 6, 6, 5, 9, 6, 10, 4, 3, 4, 9, 7, 9, 8, 1, 9, 6, 4, 2, 7, 7, 6, 1, 1, 3, 9, 5, 9, 5, 7, 4, 3, 10, 10, 2, 1, 4, 7, 10, 9, 8, 3, 1, 2, 1, 7, 8, 2, 2, 7, 1, 2, 5, 2, 7, 4, 5, 7, 6, 4, 3, 2, 4, 9, 10, 8, 5, 6, 10, 6, 2, 7, 10, 6, 2, 5, 8, 9, 10, 8, 1, 3, 7, 8, 2, 2, 8, 1, 9, 6, 6, 2, 1, 10, 5, 5, 5, 8, 5, 7, 9, 2, 1, 2, 7, 10, 4, 2, 7, 8, 2, 9, 5, 8, 7, 5, 9, 2, 1, 9, 10, 2, 4, 9, 3, 6, 1, 5, 4, 4, 7, 6, 7, 10, 5, 9, 9, 10, 3, 6, 8, 6, 1, 5, 4, 10, 2, 9, 8, 10, 8]",7.474342473198676e-05,1996,11382.10329351079,641.354,598.2428571428571,569.0,368,246155.0,0.07332715598082792,0.032826576576576574,0.0569605827331543,27,1027
torneo,"[3, 9, 4, 8, 4, 2, 8, 1, 5, 7, 5, 6, 1, 7, 9, 5, 1, 9, 7, 3, 5, 5, 7, 8, 9, 10, 10, 6, 4, 7, 4, 8, 8, 4, 8, 8, 6, 8, 10, 8, 7, 10, 4, 5, 2, 6, 1, 7, 3, 9, 8, 8, 10, 4, 8, 5, 4, 4, 3, 2, 9, 8, 3, 10, 7, 1, 9, 8, 6, 7, 6, 1, 7, 10, 5, 9, 4, 8, 2, 7, 9, 10, 4, 8, 7, 4, 6, 3, 4, 4, 2, 7, 7, 3, 10, 1, 2, 5, 7, 9, 8, 8, 7, 9, 8, 7, 6, 5, 10, 5, 3, 6, 3, 6, 4, 7, 3, 3, 5, 3, 7, 10, 1, 8, 10, 5, 7, 9, 1, 10, 10, 3, 9, 6, 7, 5, 6, 4, 2, 2, 8, 9, 3, 9, 5, 7, 3, 1, 6, 4, 8, 3, 7, 8, 9, 2, 6, 8, 3, 5, 5, 2, 4, 10, 6, 5, 6, 8, 2, 8, 3, 3, 1, 8, 1, 10, 6, 3, 6, 8, 7, 10, 2, 10, 10, 1, 3, 7, 5, 5, 5, 3, 9, 10, 6, 7, 3, 4, 1, 9, 1, 4, 6, 9, 1, 2, 4, 8, 7, 7, 4, 7, 9, 10, 2, 5, 4, 5, 10, 3, 7, 7, 6, 9, 10, 9, 6, 4, 9, 6, 1, 2, 3, 8, 6, 3, 10, 9, 1, 10, 6, 2, 7, 5, 8, 5, 8, 5, 10, 3, 10, 8, 9, 9, 7, 1, 4, 8, 7, 2, 1, 6, 1, 9, 1, 3, 7, 5, 9, 7, 10, 8, 4, 8, 4, 7, 6, 6, 2, 7, 6, 2, 7, 7, 10, 8, 6, 6, 7, 1, 3, 2, 6, 4, 9, 1, 9, 4, 8, 2, 3, 6, 5, 6, 8, 5, 8, 6, 8, 3, 9, 7, 9, 3, 4, 6, 2, 4, 10, 9, 1, 8, 4, 3, 3, 7, 9, 3, 5, 1, 9, 10, 3, 4, 9, 2, 1, 5, 1, 2, 8, 4, 6, 9, 5, 5, 1, 10, 6, 6, 4, 5, 5, 4, 10, 8, 6, 8, 3, 1, 4, 9, 5, 9, 9, 9, 7, 4, 1, 2, 5, 9, 1, 9, 5, 2, 10, 8, 9, 4, 10, 7, 2, 4, 7, 10, 8, 2, 10, 3, 3, 8, 3, 4, 1, 7, 8, 5, 6, 8, 9, 3, 7, 4, 5, 6, 6, 3, 1, 1, 3, 6, 7, 4, 8, 1, 7, 8, 5, 9, 3, 8, 7, 7, 1, 4, 4, 3, 2, 2, 6, 3, 1, 9, 2, 8, 3, 9, 10, 4, 3, 6, 1, 10, 5, 10, 1, 2, 5, 9, 8, 10, 7, 7, 3, 6, 4, 1, 7, 2, 10, 4, 9, 10, 9, 10, 1, 4, 8, 8, 3, 7, 6, 7, 10, 3, 10, 9, 5, 10, 3, 10, 5, 8, 7, 2, 7, 5, 9, 1, 3, 6, 2, 2, 8, 8, 10, 5, 7, 7]","[3, 9, 4, 8, 4, 2, 8, 1, 5, 7, 5, 6, 1, 7, 9, 5, 1, 9, 7, 3, 5, 5, 7, 8, 9, 10, 10, 6, 4, 7, 4, 8, 8, 4, 8, 8, 6, 8, 10, 8, 7, 10, 4, 5, 2, 6, 1, 7, 3, 9, 8, 8, 10, 4, 8, 5, 4, 4, 3, 2, 9, 8, 3, 10, 7, 1, 9, 8, 6, 7, 6, 1, 7, 10, 5, 9, 4, 8, 2, 7, 9, 10, 4, 8, 7, 4, 6, 3, 4, 4, 2, 7, 7, 3, 10, 1, 2, 5, 7, 9, 8, 8, 7, 9, 8, 7, 6, 5, 10, 5, 3, 6, 3, 6, 4, 7, 3, 3, 5, 3, 7, 10, 1, 8, 10, 5, 7, 9, 1, 10, 10, 3, 9, 6, 7, 5, 6, 4, 2, 2, 8, 9, 3, 9, 5, 7, 3, 1, 6, 4, 8, 3, 7, 8, 9, 2, 6, 8, 3, 5, 5, 2, 4, 10, 6, 5, 6, 8, 2, 8, 3, 3, 1, 8, 1, 10, 6, 3, 6, 8, 7, 10, 2, 10, 10, 1, 3, 7, 5, 5, 5, 3, 9, 10, 6, 7, 3, 4, 1, 9, 1, 4, 6, 9, 1, 2, 4, 8, 7, 7, 4, 7, 9, 10, 2, 5, 4, 5, 10, 3, 7, 7, 6, 9, 10, 9, 6, 4, 9, 6, 1, 2, 3, 8, 6, 3, 10, 9, 1, 10, 6, 2, 7, 5, 8, 5, 8, 5, 10, 3, 10, 8, 9, 9, 7, 1, 4, 8, 7, 2, 1, 6, 1, 9, 1, 3, 7, 5, 9, 7, 10, 8, 4, 8, 4, 7, 6, 6, 2, 7, 6, 2, 7, 7, 10, 8, 6, 6, 7, 1, 3, 2, 6, 4, 9, 1, 9, 4, 8, 2, 3, 6, 5, 6, 8, 5, 8, 6, 8, 3, 9, 7, 9, 3, 4, 6, 2, 4, 10, 9, 1, 8, 4, 3, 3, 7, 9, 3, 5, 1, 9, 10, 3, 4, 9, 2, 1, 5, 1, 2, 8, 4, 6, 9, 5, 5, 1, 10, 6, 6, 4, 5, 5, 4, 10, 8, 6, 8, 3, 1, 4, 9, 5, 9, 9, 9, 7, 4, 1, 2, 5, 9, 1, 9, 5, 2, 10, 8, 9, 4, 10, 7, 2, 4, 7, 10, 8, 2, 10, 3, 3, 8, 3, 4, 1, 7, 8, 5, 6, 8, 9, 3, 7, 4, 5, 6, 6, 3, 1, 1, 3, 6, 7, 4, 8, 1, 7, 8, 5, 9, 3, 8, 7, 7, 1, 4, 4, 3, 2, 2, 6, 3, 1, 9, 2, 8, 3, 9, 10, 4, 3, 6, 1, 10, 5, 10, 1, 2, 5, 9, 8, 10, 7, 7, 3, 6, 4, 1, 7, 2, 10, 4, 9, 10, 9, 10, 1, 4, 8, 8, 3, 7, 6, 7, 10, 3, 10, 9, 5, 10, 3, 10, 5, 8, 7, 2, 7, 5, 9, 1, 3, 6, 2, 2, 8, 8, 10, 5, 7, 7]",7.461684743810037e-05,2072,11328.799115535756,654.702,576.9285714285714,547.2142857142857,367,253650.0,0.12746409656637062,0.051745495495495494,0.05713248252868652,28,1028
torneo,"[7, 4, 6, 5, 8, 6, 9, 8, 5, 4, 10, 3, 4, 8, 1, 9, 7, 6, 2, 8, 4, 10, 7, 3, 2, 5, 9, 5, 7, 3, 2, 9, 6, 10, 9, 2, 9, 2, 4, 6, 5, 7, 5, 7, 9, 7, 7, 5, 10, 3, 2, 10, 5, 4, 7, 6, 2, 7, 7, 9, 9, 6, 1, 8, 1, 1, 4, 7, 7, 8, 7, 8, 7, 9, 1, 3, 1, 8, 4, 7, 8, 6, 6, 7, 8, 6, 6, 10, 1, 7, 3, 10, 8, 1, 2, 4, 6, 1, 10, 9, 8, 5, 8, 3, 10, 1, 5, 2, 6, 5, 5, 2, 10, 9, 6, 8, 5, 2, 9, 10, 9, 4, 5, 1, 2, 5, 1, 6, 4, 2, 3, 4, 10, 1, 2, 4, 10, 10, 4, 9, 4, 6, 8, 9, 1, 3, 4, 8, 2, 4, 2, 7, 2, 1, 1, 5, 4, 5, 6, 5, 1, 7, 5, 4, 4, 7, 7, 4, 7, 9, 3, 2, 3, 3, 5, 1, 9, 8, 10, 9, 5, 10, 5, 8, 9, 7, 8, 10, 5, 2, 8, 10, 3, 2, 4, 5, 2, 8, 8, 9, 7, 10, 10, 7, 3, 1, 1, 6, 1, 1, 1, 1, 10, 2, 10, 7, 5, 8, 10, 8, 9, 10, 3, 6, 10, 6, 9, 7, 4, 3, 1, 10, 8, 6, 8, 3, 1, 2, 7, 1, 5, 8, 7, 7, 6, 6, 8, 4, 10, 8, 5, 9, 1, 2, 10, 4, 4, 6, 9, 9, 9, 5, 8, 6, 2, 7, 6, 5, 5, 6, 6, 1, 3, 3, 8, 2, 7, 1, 2, 7, 9, 3, 9, 4, 4, 6, 2, 10, 8, 6, 5, 5, 2, 8, 9, 8, 3, 5, 3, 7, 7, 5, 2, 3, 7, 7, 1, 9, 7, 4, 5, 5, 7, 10, 2, 3, 8, 6, 1, 10, 3, 6, 1, 4, 9, 2, 5, 10, 6, 5, 7, 7, 1, 4, 4, 4, 3, 6, 5, 3, 3, 10, 6, 2, 6, 1, 8, 4, 4, 7, 4, 8, 8, 10, 5, 3, 6, 9, 7, 7, 5, 1, 4, 6, 2, 9, 4, 9, 9, 1, 9, 3, 6, 10, 5, 8, 5, 9, 7, 2, 8, 3, 6, 3, 6, 3, 8, 1, 1, 9, 10, 4, 10, 8, 7, 6, 7, 8, 2, 9, 9, 8, 6, 7, 5, 8, 7, 6, 6, 4, 2, 5, 1, 3, 7, 8, 4, 3, 6, 2, 9, 8, 4, 7, 3, 9, 3, 1, 6, 10, 6, 8, 2, 2, 6, 10, 3, 7, 10, 8, 4, 1, 10, 4, 5, 2, 6, 5, 4, 7, 4, 10, 2, 10, 6, 5, 7, 2, 6, 9, 5, 4, 3, 3, 7, 7, 7, 4, 1, 6, 10, 2, 9, 2, 10, 2, 10, 1, 5, 3, 1, 2, 10, 6, 1, 8, 9, 1, 5, 10, 9, 3, 7, 4, 4, 5, 4, 8, 3, 9]","[7, 4, 6, 5, 8, 6, 9, 8, 5, 4, 10, 3, 4, 8, 1, 9, 7, 6, 2, 8, 4, 10, 7, 3, 2, 5, 9, 5, 7, 3, 2, 9, 6, 10, 9, 2, 9, 2, 4, 6, 5, 7, 5, 7, 9, 7, 7, 5, 10, 3, 2, 10, 5, 4, 7, 6, 2, 7, 7, 9, 9, 6, 1, 8, 1, 1, 4, 7, 7, 8, 7, 8, 7, 9, 1, 3, 1, 8, 4, 7, 8, 6, 6, 7, 8, 6, 6, 10, 1, 7, 3, 10, 8, 1, 2, 4, 6, 1, 10, 9, 8, 5, 8, 3, 10, 1, 5, 2, 6, 5, 5, 2, 10, 9, 6, 8, 5, 2, 9, 10, 9, 4, 5, 1, 2, 5, 1, 6, 4, 2, 3, 4, 10, 1, 2, 4, 10, 10, 4, 9, 4, 6, 8, 9, 1, 3, 4, 8, 2, 4, 2, 7, 2, 1, 1, 5, 4, 5, 6, 5, 1, 7, 5, 4, 4, 7, 7, 4, 7, 9, 3, 2, 3, 3, 5, 1, 9, 8, 10, 9, 5, 10, 5, 8, 9, 7, 8, 10, 5, 2, 8, 10, 3, 2, 4, 5, 2, 8, 8, 9, 7, 10, 10, 7, 3, 1, 1, 6, 1, 1, 1, 1, 10, 2, 10, 7, 5, 8, 10, 8, 9, 10, 3, 6, 10, 6, 9, 7, 4, 3, 1, 10, 8, 6, 8, 3, 1, 2, 7, 1, 5, 8, 7, 7, 6, 6, 8, 4, 10, 8, 5, 9, 1, 2, 10, 4, 4, 6, 9, 9, 9, 5, 8, 6, 2, 7, 6, 5, 5, 6, 6, 1, 3, 3, 8, 2, 7, 1, 2, 7, 9, 3, 9, 4, 4, 6, 2, 10, 8, 6, 5, 5, 2, 8, 9, 8, 3, 5, 3, 7, 7, 5, 2, 3, 7, 7, 1, 9, 7, 4, 5, 5, 7, 10, 2, 3, 8, 6, 1, 10, 3, 6, 1, 4, 9, 2, 5, 10, 6, 5, 7, 7, 1, 4, 4, 4, 3, 6, 5, 3, 3, 10, 6, 2, 6, 1, 8, 4, 4, 7, 4, 8, 8, 10, 5, 3, 6, 9, 7, 7, 5, 1, 4, 6, 2, 9, 4, 9, 9, 1, 9, 3, 6, 10, 5, 8, 5, 9, 7, 2, 8, 3, 6, 3, 6, 3, 8, 1, 1, 9, 10, 4, 10, 8, 7, 6, 7, 8, 2, 9, 9, 8, 6, 7, 5, 8, 7, 6, 6, 4, 2, 5, 1, 3, 7, 8, 4, 3, 6, 2, 9, 8, 4, 7, 3, 9, 3, 1, 6, 10, 6, 8, 2, 2, 6, 10, 3, 7, 10, 8, 4, 1, 10, 4, 5, 2, 6, 5, 4, 7, 4, 10, 2, 10, 6, 5, 7, 2, 6, 9, 5, 4, 3, 3, 7, 7, 7, 4, 1, 6, 10, 2, 9, 2, 10, 2, 10, 1, 5, 3, 1, 2, 10, 6, 1, 8, 9, 1, 5, 10, 9, 3, 7, 4, 4, 5, 4, 8, 3, 9]",7.48361979639248e-05,1952,11409.517434170768,644.454,597.8,568.2285714285714,365,247910.0,0.09812074648284026,0.034065315315315314,0.057617902755737305,29,1029
torneo,"[8, 1, 3, 2, 10, 4, 1, 4, 5, 2, 2, 8, 8, 4, 4, 10, 7, 6, 6, 8, 10, 6, 6, 8, 6, 5, 10, 7, 1, 9, 1, 3, 8, 8, 9, 9, 10, 3, 1, 3, 5, 1, 10, 7, 9, 3, 9, 4, 5, 8, 6, 7, 8, 7, 6, 1, 8, 5, 1, 1, 5, 1, 7, 6, 8, 1, 2, 7, 7, 8, 7, 10, 4, 9, 9, 6, 5, 5, 10, 7, 8, 5, 4, 9, 3, 6, 9, 1, 9, 5, 7, 8, 4, 3, 8, 3, 10, 4, 3, 10, 8, 8, 6, 9, 5, 10, 6, 2, 1, 5, 5, 7, 9, 2, 2, 4, 3, 2, 6, 1, 3, 5, 1, 7, 5, 6, 8, 7, 2, 5, 6, 4, 8, 10, 2, 6, 7, 8, 5, 3, 7, 3, 10, 9, 8, 5, 2, 9, 4, 4, 7, 1, 6, 6, 3, 10, 1, 1, 7, 4, 1, 1, 2, 2, 4, 5, 3, 10, 7, 3, 2, 10, 7, 3, 1, 5, 8, 8, 5, 6, 2, 5, 5, 3, 4, 8, 2, 5, 8, 5, 3, 6, 7, 4, 7, 5, 3, 4, 9, 8, 7, 3, 3, 4, 1, 6, 4, 5, 9, 6, 10, 1, 6, 5, 7, 10, 4, 3, 5, 3, 6, 8, 1, 3, 1, 2, 10, 7, 3, 1, 1, 2, 5, 4, 1, 9, 8, 10, 1, 5, 5, 5, 3, 8, 2, 2, 5, 9, 9, 4, 8, 8, 3, 2, 9, 8, 7, 3, 9, 3, 9, 2, 2, 7, 10, 4, 2, 6, 10, 1, 4, 1, 2, 10, 9, 4, 8, 9, 8, 10, 6, 7, 8, 1, 2, 6, 8, 2, 5, 9, 10, 4, 5, 2, 7, 2, 10, 1, 7, 9, 2, 9, 5, 6, 8, 5, 3, 6, 9, 4, 1, 10, 8, 10, 7, 4, 1, 10, 5, 10, 6, 6, 8, 4, 5, 6, 5, 7, 6, 9, 8, 1, 7, 7, 10, 4, 10, 4, 5, 3, 3, 4, 10, 2, 2, 1, 1, 2, 2, 7, 4, 9, 9, 10, 6, 4, 7, 1, 7, 10, 1, 10, 8, 10, 3, 6, 3, 7, 3, 3, 10, 1, 1, 7, 7, 2, 2, 3, 8, 5, 5, 5, 4, 6, 2, 2, 7, 10, 3, 9, 7, 7, 8, 6, 7, 1, 6, 8, 4, 3, 4, 4, 2, 2, 1, 3, 4, 9, 5, 9, 2, 3, 4, 10, 6, 7, 5, 4, 10, 5, 5, 10, 5, 3, 10, 3, 8, 8, 2, 6, 7, 2, 9, 7, 9, 3, 2, 1, 4, 6, 7, 2, 10, 1, 9, 6, 9, 3, 3, 8, 2, 10, 3, 2, 4, 3, 6, 5, 7, 4, 7, 6, 5, 1, 6, 5, 8, 3, 8, 1, 1, 1, 9, 8, 9, 9, 3, 3, 3, 2, 6, 2, 5, 8, 3, 8, 10, 3, 8, 3, 9, 8, 3, 8, 6, 3, 6, 4, 6, 1]","[8, 1, 3, 2, 10, 4, 1, 4, 5, 2, 2, 8, 8, 4, 4, 10, 7, 6, 6, 8, 10, 6, 6, 8, 6, 5, 10, 7, 1, 9, 1, 3, 8, 8, 9, 9, 10, 3, 1, 3, 5, 1, 10, 7, 9, 3, 9, 4, 5, 8, 6, 7, 8, 7, 6, 1, 8, 5, 1, 1, 5, 1, 7, 6, 8, 1, 2, 7, 7, 8, 7, 10, 4, 9, 9, 6, 5, 5, 10, 7, 8, 5, 4, 9, 3, 6, 9, 1, 9, 5, 7, 8, 4, 3, 8, 3, 10, 4, 3, 10, 8, 8, 6, 9, 5, 10, 6, 2, 1, 5, 5, 7, 9, 2, 2, 4, 3, 2, 6, 1, 3, 5, 1, 7, 5, 6, 8, 7, 2, 5, 6, 4, 8, 10, 2, 6, 7, 8, 5, 3, 7, 3, 10, 9, 8, 5, 2, 9, 4, 4, 7, 1, 6, 6, 3, 10, 1, 1, 7, 4, 1, 1, 2, 2, 4, 5, 3, 10, 7, 3, 2, 10, 7, 3, 1, 5, 8, 8, 5, 6, 2, 5, 5, 3, 4, 8, 2, 5, 8, 5, 3, 6, 7, 4, 7, 5, 3, 4, 9, 8, 7, 3, 3, 4, 1, 6, 4, 5, 9, 6, 10, 1, 6, 5, 7, 10, 4, 3, 5, 3, 6, 8, 1, 3, 1, 2, 10, 7, 3, 1, 1, 2, 5, 4, 1, 9, 8, 10, 1, 5, 5, 5, 3, 8, 2, 2, 5, 9, 9, 4, 8, 8, 3, 2, 9, 8, 7, 3, 9, 3, 9, 2, 2, 7, 10, 4, 2, 6, 10, 1, 4, 1, 2, 10, 9, 4, 8, 9, 8, 10, 6, 7, 8, 1, 2, 6, 8, 2, 5, 9, 10, 4, 5, 2, 7, 2, 10, 1, 7, 9, 2, 9, 5, 6, 8, 5, 3, 6, 9, 4, 1, 10, 8, 10, 7, 4, 1, 10, 5, 10, 6, 6, 8, 4, 5, 6, 5, 7, 6, 9, 8, 1, 7, 7, 10, 4, 10, 4, 5, 3, 3, 4, 10, 2, 2, 1, 1, 2, 2, 7, 4, 9, 9, 10, 6, 4, 7, 1, 7, 10, 1, 10, 8, 10, 3, 6, 3, 7, 3, 3, 10, 1, 1, 7, 7, 2, 2, 3, 8, 5, 5, 5, 4, 6, 2, 2, 7, 10, 3, 9, 7, 7, 8, 6, 7, 1, 6, 8, 4, 3, 4, 4, 2, 2, 1, 3, 4, 9, 5, 9, 2, 3, 4, 10, 6, 7, 5, 4, 10, 5, 5, 10, 5, 3, 10, 3, 8, 8, 2, 6, 7, 2, 9, 7, 9, 3, 2, 1, 4, 6, 7, 2, 10, 1, 9, 6, 9, 3, 3, 8, 2, 10, 3, 2, 4, 3, 6, 5, 7, 4, 7, 6, 5, 1, 6, 5, 8, 3, 8, 1, 1, 1, 9, 8, 9, 9, 3, 3, 3, 2, 6, 2, 5, 8, 3, 8, 10, 3, 8, 3, 9, 8, 3, 8, 6, 3, 6, 4, 6, 1]",7.540333543720005e-05,2056,11205.012803569594,649.362,572.5571428571428,542.8285714285714,367,249916.0,0.0698107375667967,0.02606981981981982,0.05711030960083008,30,1030
elitismo,"[10, 1, 7, 5, 2, 4, 3, 2, 6, 1, 7, 9, 7, 9, 3, 7, 6, 2, 9, 4, 6, 9, 1, 8, 7, 6, 2, 1, 6, 7, 8, 8, 5, 9, 4, 3, 5, 7, 8, 4, 3, 9, 3, 6, 6, 7, 10, 5, 1, 2, 8, 2, 4, 10, 6, 6, 2, 1, 4, 4, 3, 7, 2, 7, 3, 2, 9, 2, 6, 9, 1, 5, 10, 7, 4, 1, 10, 5, 7, 6, 1, 1, 3, 9, 7, 3, 4, 3, 10, 10, 6, 3, 5, 5, 8, 1, 3, 7, 5, 4, 2, 1, 8, 10, 1, 8, 2, 1, 10, 10, 7, 4, 10, 1, 1, 8, 6, 1, 7, 6, 6, 2, 4, 6, 7, 3, 6, 10, 7, 6, 6, 1, 7, 9, 5, 9, 6, 1, 4, 1, 3, 8, 7, 9, 8, 4, 4, 6, 4, 2, 2, 3, 2, 9, 7, 6, 7, 4, 9, 9, 9, 2, 4, 8, 6, 7, 3, 4, 4, 9, 4, 8, 3, 1, 6, 5, 8, 9, 5, 9, 5, 7, 1, 7, 9, 10, 1, 1, 9, 1, 7, 5, 7, 9, 2, 2, 5, 5, 9, 7, 3, 2, 4, 6, 9, 5, 3, 9, 9, 6, 2, 4, 8, 10, 1, 9, 10, 10, 6, 5, 4, 8, 3, 5, 2, 1, 10, 8, 5, 4, 4, 2, 8, 10, 8, 7, 5, 8, 6, 2, 2, 5, 10, 7, 9, 6, 9, 1, 10, 1, 9, 1, 1, 6, 8, 5, 5, 4, 5, 9, 2, 5, 1, 2, 4, 7, 9, 10, 1, 10, 6, 3, 8, 2, 9, 7, 2, 9, 4, 10, 3, 6, 3, 10, 3, 6, 1, 9, 3, 9, 3, 10, 7, 6, 3, 6, 4, 9, 3, 4, 4, 1, 4, 5, 6, 1, 1, 5, 1, 4, 2, 5, 6, 6, 8, 10, 10, 2, 6, 8, 9, 5, 1, 8, 7, 2, 9, 8, 1, 2, 6, 3, 9, 5, 2, 1, 9, 2, 6, 3, 5, 5, 1, 9, 2, 6, 3, 9, 7, 10, 4, 5, 4, 5, 10, 1, 4, 8, 1, 4, 5, 2, 8, 8, 5, 5, 10, 9, 1, 3, 7, 10, 1, 10, 2, 2, 8, 2, 10, 9, 10, 4, 9, 5, 10, 8, 5, 7, 1, 2, 2, 7, 7, 6, 1, 8, 10, 6, 10, 9, 5, 4, 2, 3, 4, 3, 1, 10, 4, 8, 6, 6, 3, 1, 6, 9, 7, 8, 10, 10, 1, 1, 1, 6, 1, 9, 8, 8, 2, 6, 3, 1, 8, 8, 8, 10, 9, 6, 4, 2, 9, 6, 9, 4, 3, 3, 1, 8, 3, 3, 2, 9, 3, 10, 8, 8, 3, 1, 10, 4, 6, 3, 1, 5, 2, 8, 10, 7, 10, 7, 6, 7, 10, 5, 8, 2, 7, 7, 8, 6, 3, 10, 4, 2, 5, 5, 10, 6, 8, 7, 7, 5, 3, 2, 1, 4, 3, 10, 5, 9]","[10, 1, 7, 5, 2, 4, 3, 2, 6, 1, 7, 9, 7, 9, 3, 7, 6, 2, 9, 4, 6, 9, 1, 8, 7, 6, 2, 1, 6, 7, 8, 8, 5, 9, 4, 3, 5, 7, 8, 4, 3, 9, 3, 6, 6, 7, 10, 5, 1, 2, 8, 2, 4, 10, 6, 6, 2, 1, 4, 4, 3, 7, 2, 7, 3, 2, 9, 2, 6, 9, 1, 5, 10, 7, 4, 1, 10, 5, 7, 6, 1, 1, 3, 9, 7, 3, 4, 3, 10, 10, 6, 3, 5, 5, 8, 1, 3, 7, 5, 4, 2, 1, 8, 10, 1, 8, 2, 1, 10, 10, 7, 4, 10, 1, 1, 8, 6, 1, 7, 6, 6, 2, 4, 6, 7, 3, 6, 10, 7, 6, 6, 1, 7, 9, 5, 9, 6, 1, 4, 1, 3, 8, 7, 9, 8, 4, 4, 6, 4, 2, 2, 3, 2, 9, 7, 6, 7, 4, 9, 9, 9, 2, 4, 8, 6, 7, 3, 4, 4, 9, 4, 8, 3, 1, 6, 5, 8, 9, 5, 9, 5, 7, 1, 7, 9, 10, 1, 1, 9, 1, 7, 5, 7, 9, 2, 2, 5, 5, 9, 7, 3, 2, 4, 6, 9, 5, 3, 9, 9, 6, 2, 4, 8, 10, 1, 9, 10, 10, 6, 5, 4, 8, 3, 5, 2, 1, 10, 8, 5, 4, 4, 2, 8, 10, 8, 7, 5, 8, 6, 2, 2, 5, 10, 7, 9, 6, 9, 1, 10, 1, 9, 1, 1, 6, 8, 5, 5, 4, 5, 9, 2, 5, 1, 2, 4, 7, 9, 10, 1, 10, 6, 3, 8, 2, 9, 7, 2, 9, 4, 10, 3, 6, 3, 10, 3, 6, 1, 9, 3, 9, 3, 10, 7, 6, 3, 6, 4, 9, 3, 4, 4, 1, 4, 5, 6, 1, 1, 5, 1, 4, 2, 5, 6, 6, 8, 10, 10, 2, 6, 8, 9, 5, 1, 8, 7, 2, 9, 8, 1, 2, 6, 3, 9, 5, 2, 1, 9, 2, 6, 3, 5, 5, 1, 9, 2, 6, 3, 9, 7, 10, 4, 5, 4, 5, 10, 1, 4, 8, 1, 4, 5, 2, 8, 8, 5, 5, 10, 9, 1, 3, 7, 10, 1, 10, 2, 2, 8, 2, 10, 9, 10, 4, 9, 5, 10, 8, 5, 7, 1, 2, 2, 7, 7, 6, 1, 8, 10, 6, 10, 9, 5, 4, 2, 3, 4, 3, 1, 10, 4, 8, 6, 6, 3, 1, 6, 9, 7, 8, 10, 10, 1, 1, 1, 6, 1, 9, 8, 8, 2, 6, 3, 1, 8, 8, 8, 10, 9, 6, 4, 2, 9, 6, 9, 4, 3, 3, 1, 8, 3, 3, 2, 9, 3, 10, 8, 8, 3, 1, 10, 4, 6, 3, 1, 5, 2, 8, 10, 7, 10, 7, 6, 7, 10, 5, 8, 2, 7, 7, 8, 6, 3, 10, 4, 2, 5, 5, 10, 6, 8, 7, 7, 5, 3, 2, 1, 4, 3, 10, 5, 9]",7.52648055673882e-05,1923,11362.422418306149,646.688,590.6714285714286,561.4428571428572,370,248604.0,0.07192940553014783,0.028040540540540542,0.0576472282409668,1,1001
elitismo,"[8, 4, 3, 10, 7, 7, 4, 5, 1, 2, 7, 8, 6, 8, 1, 5, 1, 4, 9, 3, 2, 10, 1, 1, 2, 6, 10, 1, 8, 9, 6, 9, 7, 3, 7, 10, 6, 2, 5, 8, 10, 2, 10, 6, 5, 7, 10, 2, 1, 9, 5, 10, 2, 6, 9, 4, 2, 7, 9, 5, 4, 9, 3, 8, 8, 7, 5, 6, 4, 1, 5, 1, 6, 1, 1, 2, 2, 10, 10, 3, 5, 1, 9, 5, 9, 3, 3, 6, 10, 8, 5, 10, 3, 1, 3, 8, 1, 3, 7, 6, 7, 4, 2, 3, 6, 9, 7, 7, 3, 2, 8, 4, 10, 8, 5, 6, 5, 8, 4, 4, 5, 3, 1, 7, 5, 2, 6, 9, 5, 7, 8, 10, 1, 6, 6, 4, 8, 2, 6, 9, 2, 4, 3, 10, 2, 3, 6, 7, 5, 5, 3, 1, 10, 7, 2, 5, 4, 2, 9, 1, 2, 3, 4, 6, 7, 10, 5, 7, 4, 10, 7, 8, 1, 6, 10, 6, 4, 9, 2, 8, 6, 10, 3, 9, 10, 4, 7, 2, 8, 7, 3, 4, 8, 8, 3, 1, 9, 6, 10, 5, 3, 10, 7, 4, 1, 1, 3, 10, 8, 8, 6, 8, 1, 8, 4, 2, 7, 6, 5, 2, 9, 5, 1, 9, 9, 9, 7, 5, 2, 2, 5, 5, 1, 7, 8, 2, 4, 9, 4, 9, 8, 3, 4, 9, 10, 5, 7, 10, 4, 5, 2, 7, 1, 10, 3, 2, 2, 6, 5, 1, 9, 9, 3, 3, 9, 3, 10, 5, 7, 10, 1, 10, 2, 1, 1, 6, 8, 6, 1, 4, 1, 3, 4, 2, 1, 1, 8, 8, 1, 3, 6, 3, 7, 10, 2, 9, 3, 1, 6, 3, 5, 4, 8, 10, 10, 2, 7, 7, 9, 10, 10, 5, 5, 5, 9, 7, 4, 10, 1, 4, 1, 2, 2, 3, 5, 3, 9, 8, 9, 6, 9, 6, 7, 3, 9, 8, 2, 6, 2, 2, 3, 7, 6, 9, 10, 9, 3, 2, 4, 5, 5, 1, 2, 10, 9, 6, 4, 1, 6, 4, 5, 2, 6, 4, 8, 8, 6, 7, 3, 3, 10, 8, 6, 6, 3, 1, 1, 8, 5, 9, 4, 5, 9, 10, 4, 9, 10, 7, 1, 1, 4, 9, 8, 4, 5, 9, 5, 1, 3, 1, 2, 8, 8, 3, 10, 5, 8, 3, 4, 3, 2, 7, 7, 10, 4, 4, 9, 7, 5, 3, 2, 5, 5, 8, 7, 7, 2, 9, 9, 4, 6, 10, 8, 10, 4, 4, 4, 9, 7, 6, 2, 7, 9, 8, 8, 2, 1, 2, 3, 10, 7, 8, 8, 1, 8, 10, 10, 7, 9, 7, 8, 4, 5, 9, 1, 8, 6, 4, 8, 1, 10, 2, 9, 7, 9, 6, 8, 7, 1, 4, 4, 3, 9, 3, 8, 10, 5, 5, 5, 2, 7, 2, 4, 3, 1, 5, 2, 6, 4, 1]","[8, 4, 3, 10, 7, 7, 4, 5, 1, 2, 7, 8, 6, 8, 1, 5, 1, 4, 9, 3, 2, 10, 1, 1, 2, 6, 10, 1, 8, 9, 6, 9, 7, 3, 7, 10, 6, 2, 5, 8, 10, 2, 10, 6, 5, 7, 10, 2, 1, 9, 5, 10, 2, 6, 9, 4, 2, 7, 9, 5, 4, 9, 3, 8, 8, 7, 5, 6, 4, 1, 5, 1, 6, 1, 1, 2, 2, 10, 10, 3, 5, 1, 9, 5, 9, 3, 3, 6, 10, 8, 5, 10, 3, 1, 3, 8, 1, 3, 7, 6, 7, 4, 2, 3, 6, 9, 7, 7, 3, 2, 8, 4, 10, 8, 5, 6, 5, 8, 4, 4, 5, 3, 1, 7, 5, 2, 6, 9, 5, 7, 8, 10, 1, 6, 6, 4, 8, 2, 6, 9, 2, 4, 3, 10, 2, 3, 6, 7, 5, 5, 3, 1, 10, 7, 2, 5, 4, 2, 9, 1, 2, 3, 4, 6, 7, 10, 5, 7, 4, 10, 7, 8, 1, 6, 10, 6, 4, 9, 2, 8, 6, 10, 3, 9, 10, 4, 7, 2, 8, 7, 3, 4, 8, 8, 3, 1, 9, 6, 10, 5, 3, 10, 7, 4, 1, 1, 3, 10, 8, 8, 6, 8, 1, 8, 4, 2, 7, 6, 5, 2, 9, 5, 1, 9, 9, 9, 7, 5, 2, 2, 5, 5, 1, 7, 8, 2, 4, 9, 4, 9, 8, 3, 4, 9, 10, 5, 7, 10, 4, 5, 2, 7, 1, 10, 3, 2, 2, 6, 5, 1, 9, 9, 3, 3, 9, 3, 10, 5, 7, 10, 1, 10, 2, 1, 1, 6, 8, 6, 1, 4, 1, 3, 4, 2, 1, 1, 8, 8, 1, 3, 6, 3, 7, 10, 2, 9, 3, 1, 6, 3, 5, 4, 8, 10, 10, 2, 7, 7, 9, 10, 10, 5, 5, 5, 9, 7, 4, 10, 1, 4, 1, 2, 2, 3, 5, 3, 9, 8, 9, 6, 9, 6, 7, 3, 9, 8, 2, 6, 2, 2, 3, 7, 6, 9, 10, 9, 3, 2, 4, 5, 5, 1, 2, 10, 9, 6, 4, 1, 6, 4, 5, 2, 6, 4, 8, 8, 6, 7, 3, 3, 10, 8, 6, 6, 3, 1, 1, 8, 5, 9, 4, 5, 9, 10, 4, 9, 10, 7, 1, 1, 4, 9, 8, 4, 5, 9, 5, 1, 3, 1, 2, 8, 8, 3, 10, 5, 8, 3, 4, 3, 2, 7, 7, 10, 4, 4, 9, 7, 5, 3, 2, 5, 5, 8, 7, 7, 2, 9, 9, 4, 6, 10, 8, 10, 4, 4, 4, 9, 7, 6, 2, 7, 9, 8, 8, 2, 1, 2, 3, 10, 7, 8, 8, 1, 8, 10, 10, 7, 9, 7, 8, 4, 5, 9, 1, 8, 6, 4, 8, 1, 10, 2, 9, 7, 9, 6, 8, 7, 1, 4, 4, 3, 9, 3, 8, 10, 5, 5, 5, 2, 7, 2, 4, 3, 1, 5, 2, 6, 4, 1]",7.54317280937137e-05,1972,11284.02095486445,640.286,589.3571428571429,560.0,362,246042.0,0.07424408718395745,0.03186936936936937,0.05645036697387695,2,1002
elitismo,"[3, 4, 6, 8, 4, 5, 6, 10, 3, 9, 10, 8, 9, 6, 2, 2, 4, 7, 3, 2, 3, 8, 1, 6, 9, 7, 2, 2, 7, 7, 5, 10, 10, 5, 8, 2, 3, 9, 2, 6, 4, 8, 1, 6, 1, 10, 9, 4, 5, 4, 5, 3, 1, 3, 1, 10, 5, 7, 4, 6, 8, 7, 10, 5, 4, 6, 9, 3, 3, 10, 7, 1, 8, 6, 1, 2, 7, 9, 2, 1, 8, 5, 5, 9, 7, 5, 9, 5, 1, 2, 7, 9, 10, 10, 1, 9, 8, 5, 9, 3, 2, 3, 1, 2, 10, 7, 3, 2, 7, 1, 1, 4, 3, 7, 8, 5, 8, 8, 10, 5, 4, 4, 7, 1, 1, 1, 6, 8, 2, 9, 3, 7, 1, 3, 5, 7, 10, 8, 10, 10, 2, 7, 5, 3, 6, 1, 7, 8, 2, 8, 6, 9, 4, 2, 10, 10, 3, 7, 6, 4, 9, 7, 6, 3, 10, 9, 1, 6, 4, 3, 5, 4, 3, 7, 5, 8, 9, 2, 2, 6, 9, 7, 3, 1, 6, 2, 7, 3, 5, 2, 5, 2, 9, 3, 7, 8, 1, 6, 4, 5, 2, 9, 4, 8, 7, 1, 8, 2, 6, 6, 6, 10, 5, 4, 9, 2, 4, 2, 3, 4, 10, 6, 3, 5, 7, 4, 7, 4, 3, 9, 5, 9, 7, 10, 1, 10, 1, 3, 2, 2, 5, 7, 7, 10, 4, 6, 3, 6, 3, 5, 8, 1, 6, 5, 9, 1, 5, 5, 10, 9, 9, 9, 4, 9, 10, 8, 3, 4, 1, 2, 3, 7, 10, 2, 4, 7, 1, 6, 6, 6, 7, 3, 7, 7, 8, 4, 2, 3, 7, 8, 1, 10, 10, 5, 6, 10, 9, 7, 9, 6, 8, 6, 5, 9, 5, 6, 7, 6, 2, 6, 8, 10, 7, 1, 5, 1, 10, 6, 3, 5, 10, 7, 5, 1, 3, 3, 3, 5, 4, 4, 1, 2, 6, 6, 5, 9, 8, 3, 4, 7, 6, 3, 1, 7, 10, 10, 9, 9, 2, 9, 8, 9, 8, 1, 3, 10, 4, 4, 4, 7, 10, 5, 8, 9, 2, 7, 7, 6, 2, 10, 10, 1, 5, 1, 4, 9, 7, 1, 2, 9, 1, 3, 5, 4, 8, 10, 3, 8, 7, 5, 7, 2, 4, 1, 4, 10, 8, 4, 3, 4, 10, 10, 6, 4, 2, 6, 5, 1, 5, 1, 2, 1, 6, 2, 3, 6, 4, 10, 5, 3, 6, 2, 2, 5, 9, 7, 6, 2, 6, 1, 3, 6, 3, 4, 1, 9, 8, 5, 6, 7, 2, 8, 6, 4, 4, 6, 8, 9, 4, 6, 2, 1, 5, 2, 6, 6, 8, 9, 3, 4, 8, 7, 1, 7, 1, 1, 8, 5, 6, 8, 4, 7, 8, 3, 7, 10, 5, 4, 3, 1, 2, 8, 2, 8, 10, 8, 10, 2, 2, 10, 7, 6, 4, 2, 6, 8, 5, 7, 9, 6]","[3, 4, 6, 8, 4, 5, 6, 10, 3, 9, 10, 8, 9, 6, 2, 2, 4, 7, 3, 2, 3, 8, 1, 6, 9, 7, 2, 2, 7, 7, 5, 10, 10, 5, 8, 2, 3, 9, 2, 6, 4, 8, 1, 6, 1, 10, 9, 4, 5, 4, 5, 3, 1, 3, 1, 10, 5, 7, 4, 6, 8, 7, 10, 5, 4, 6, 9, 3, 3, 10, 7, 1, 8, 6, 1, 2, 7, 9, 2, 1, 8, 5, 5, 9, 7, 5, 9, 5, 1, 2, 7, 9, 10, 10, 1, 9, 8, 5, 9, 3, 2, 3, 1, 2, 10, 7, 3, 2, 7, 1, 1, 4, 3, 7, 8, 5, 8, 8, 10, 5, 4, 4, 7, 1, 1, 1, 6, 8, 2, 9, 3, 7, 1, 3, 5, 7, 10, 8, 10, 10, 2, 7, 5, 3, 6, 1, 7, 8, 2, 8, 6, 9, 4, 2, 10, 10, 3, 7, 6, 4, 9, 7, 6, 3, 10, 9, 1, 6, 4, 3, 5, 4, 3, 7, 5, 8, 9, 2, 2, 6, 9, 7, 3, 1, 6, 2, 7, 3, 5, 2, 5, 2, 9, 3, 7, 8, 1, 6, 4, 5, 2, 9, 4, 8, 7, 1, 8, 2, 6, 6, 6, 10, 5, 4, 9, 2, 4, 2, 3, 4, 10, 6, 3, 5, 7, 4, 7, 4, 3, 9, 5, 9, 7, 10, 1, 10, 1, 3, 2, 2, 5, 7, 7, 10, 4, 6, 3, 6, 3, 5, 8, 1, 6, 5, 9, 1, 5, 5, 10, 9, 9, 9, 4, 9, 10, 8, 3, 4, 1, 2, 3, 7, 10, 2, 4, 7, 1, 6, 6, 6, 7, 3, 7, 7, 8, 4, 2, 3, 7, 8, 1, 10, 10, 5, 6, 10, 9, 7, 9, 6, 8, 6, 5, 9, 5, 6, 7, 6, 2, 6, 8, 10, 7, 1, 5, 1, 10, 6, 3, 5, 10, 7, 5, 1, 3, 3, 3, 5, 4, 4, 1, 2, 6, 6, 5, 9, 8, 3, 4, 7, 6, 3, 1, 7, 10, 10, 9, 9, 2, 9, 8, 9, 8, 1, 3, 10, 4, 4, 4, 7, 10, 5, 8, 9, 2, 7, 7, 6, 2, 10, 10, 1, 5, 1, 4, 9, 7, 1, 2, 9, 1, 3, 5, 4, 8, 10, 3, 8, 7, 5, 7, 2, 4, 1, 4, 10, 8, 4, 3, 4, 10, 10, 6, 4, 2, 6, 5, 1, 5, 1, 2, 1, 6, 2, 3, 6, 4, 10, 5, 3, 6, 2, 2, 5, 9, 7, 6, 2, 6, 1, 3, 6, 3, 4, 1, 9, 8, 5, 6, 7, 2, 8, 6, 4, 4, 6, 8, 9, 4, 6, 2, 1, 5, 2, 6, 6, 8, 9, 3, 4, 8, 7, 1, 7, 1, 1, 8, 5, 6, 8, 4, 7, 8, 3, 7, 10, 5, 4, 3, 1, 2, 8, 2, 8, 10, 8, 10, 2, 2, 10, 7, 6, 4, 2, 6, 8, 5, 7, 9, 6]",7.559087092352357e-05,1895,11333.110708510229,640.634,593.5285714285715,563.9285714285714,368,246263.0,0.04120760014309006,0.01768018018018018,0.05695319175720215,3,1003
elitismo,"[3, 8, 9, 8, 9, 7, 9, 3, 9, 3, 4, 5, 4, 7, 6, 1, 6, 8, 8, 1, 5, 6, 5, 7, 10, 6, 10, 5, 5, 5, 4, 8, 1, 1, 5, 9, 3, 1, 8, 6, 8, 10, 5, 4, 4, 5, 3, 3, 2, 1, 7, 2, 2, 9, 9, 7, 2, 7, 10, 1, 4, 10, 8, 6, 10, 6, 7, 3, 1, 8, 5, 5, 5, 10, 6, 8, 10, 9, 9, 5, 4, 8, 10, 9, 2, 7, 6, 9, 5, 9, 4, 8, 7, 9, 8, 6, 1, 10, 3, 2, 6, 7, 3, 8, 2, 2, 1, 6, 1, 4, 3, 2, 6, 3, 9, 3, 3, 1, 1, 6, 1, 7, 7, 8, 8, 4, 5, 4, 6, 8, 2, 2, 3, 10, 8, 5, 9, 6, 1, 4, 4, 4, 6, 10, 5, 9, 7, 8, 9, 2, 1, 3, 9, 6, 6, 5, 10, 9, 2, 10, 3, 8, 1, 1, 4, 9, 6, 4, 9, 6, 2, 10, 5, 7, 2, 10, 8, 6, 6, 10, 10, 3, 2, 1, 10, 4, 9, 5, 1, 8, 5, 5, 1, 10, 3, 2, 2, 2, 3, 2, 8, 6, 7, 7, 1, 7, 4, 7, 9, 7, 5, 10, 2, 5, 5, 5, 3, 1, 5, 7, 2, 5, 2, 2, 3, 4, 5, 5, 9, 10, 7, 4, 2, 1, 1, 3, 2, 3, 9, 4, 7, 1, 5, 10, 3, 4, 4, 4, 10, 3, 7, 5, 4, 1, 7, 9, 1, 4, 9, 7, 2, 10, 5, 7, 9, 8, 10, 3, 1, 10, 2, 8, 10, 9, 6, 7, 8, 4, 8, 9, 5, 7, 10, 2, 1, 8, 6, 7, 7, 3, 7, 1, 4, 8, 6, 9, 1, 9, 2, 7, 2, 2, 10, 4, 6, 4, 5, 8, 3, 7, 5, 10, 4, 10, 3, 5, 5, 8, 9, 2, 2, 4, 5, 6, 9, 1, 7, 1, 5, 8, 3, 10, 5, 3, 10, 3, 7, 6, 4, 9, 1, 9, 1, 8, 8, 9, 2, 3, 3, 10, 1, 7, 8, 8, 7, 4, 8, 10, 5, 10, 7, 8, 5, 6, 8, 8, 8, 2, 1, 3, 9, 5, 7, 9, 6, 1, 9, 8, 4, 7, 1, 6, 6, 1, 8, 3, 7, 1, 4, 1, 4, 8, 7, 1, 3, 9, 4, 5, 7, 8, 3, 6, 3, 9, 4, 3, 2, 10, 7, 2, 2, 7, 9, 7, 9, 2, 6, 7, 1, 5, 9, 5, 7, 3, 2, 6, 1, 5, 9, 8, 9, 3, 3, 10, 2, 8, 1, 10, 4, 10, 9, 6, 3, 4, 4, 3, 1, 5, 4, 9, 8, 8, 9, 8, 10, 7, 9, 6, 7, 9, 9, 1, 7, 9, 5, 4, 9, 1, 6, 9, 2, 4, 2, 2, 7, 3, 3, 1, 8, 8, 9, 4, 10, 7, 10, 4, 3, 7, 6, 6, 6, 8, 2, 6, 2, 1, 6, 5, 7, 10]","[3, 8, 9, 8, 9, 7, 9, 3, 9, 3, 4, 5, 4, 7, 6, 1, 6, 8, 8, 1, 5, 6, 5, 7, 10, 6, 10, 5, 5, 5, 4, 8, 1, 1, 5, 9, 3, 1, 8, 6, 8, 10, 5, 4, 4, 5, 3, 3, 2, 1, 7, 2, 2, 9, 9, 7, 2, 7, 10, 1, 4, 10, 8, 6, 10, 6, 7, 3, 1, 8, 5, 5, 5, 10, 6, 8, 10, 9, 9, 5, 4, 8, 10, 9, 2, 7, 6, 9, 5, 9, 4, 8, 7, 9, 8, 6, 1, 10, 3, 2, 6, 7, 3, 8, 2, 2, 1, 6, 1, 4, 3, 2, 6, 3, 9, 3, 3, 1, 1, 6, 1, 7, 7, 8, 8, 4, 5, 4, 6, 8, 2, 2, 3, 10, 8, 5, 9, 6, 1, 4, 4, 4, 6, 10, 5, 9, 7, 8, 9, 2, 1, 3, 9, 6, 6, 5, 10, 9, 2, 10, 3, 8, 1, 1, 4, 9, 6, 4, 9, 6, 2, 10, 5, 7, 2, 10, 8, 6, 6, 10, 10, 3, 2, 1, 10, 4, 9, 5, 1, 8, 5, 5, 1, 10, 3, 2, 2, 2, 3, 2, 8, 6, 7, 7, 1, 7, 4, 7, 9, 7, 5, 10, 2, 5, 5, 5, 3, 1, 5, 7, 2, 5, 2, 2, 3, 4, 5, 5, 9, 10, 7, 4, 2, 1, 1, 3, 2, 3, 9, 4, 7, 1, 5, 10, 3, 4, 4, 4, 10, 3, 7, 5, 4, 1, 7, 9, 1, 4, 9, 7, 2, 10, 5, 7, 9, 8, 10, 3, 1, 10, 2, 8, 10, 9, 6, 7, 8, 4, 8, 9, 5, 7, 10, 2, 1, 8, 6, 7, 7, 3, 7, 1, 4, 8, 6, 9, 1, 9, 2, 7, 2, 2, 10, 4, 6, 4, 5, 8, 3, 7, 5, 10, 4, 10, 3, 5, 5, 8, 9, 2, 2, 4, 5, 6, 9, 1, 7, 1, 5, 8, 3, 10, 5, 3, 10, 3, 7, 6, 4, 9, 1, 9, 1, 8, 8, 9, 2, 3, 3, 10, 1, 7, 8, 8, 7, 4, 8, 10, 5, 10, 7, 8, 5, 6, 8, 8, 8, 2, 1, 3, 9, 5, 7, 9, 6, 1, 9, 8, 4, 7, 1, 6, 6, 1, 8, 3, 7, 1, 4, 1, 4, 8, 7, 1, 3, 9, 4, 5, 7, 8, 3, 6, 3, 9, 4, 3, 2, 10, 7, 2, 2, 7, 9, 7, 9, 2, 6, 7, 1, 5, 9, 5, 7, 3, 2, 6, 1, 5, 9, 8, 9, 3, 3, 10, 2, 8, 1, 10, 4, 10, 9, 6, 3, 4, 4, 3, 1, 5, 4, 9, 8, 8, 9, 8, 10, 7, 9, 6, 7, 9, 9, 1, 7, 9, 5, 4, 9, 1, 6, 9, 2, 4, 2, 2, 7, 3, 3, 1, 8, 8, 9, 4, 10, 7, 10, 4, 3, 7, 6, 6, 6, 8, 2, 6, 2, 1, 6, 5, 7, 10]",7.578557779777605e-05,1955,11239.122727286844,646.186,579.6,550.0285714285715,370,248027.0,0.06731277033067448,0.026801801801801802,0.05752396583557129,4,1004
elitismo,"[1, 7, 3, 7, 10, 2, 2, 9, 2, 5, 3, 6, 2, 6, 6, 1, 10, 8, 3, 5, 1, 3, 1, 4, 9, 7, 5, 4, 5, 6, 1, 1, 7, 3, 2, 9, 8, 6, 10, 10, 9, 3, 4, 7, 5, 5, 10, 8, 5, 4, 1, 2, 7, 1, 7, 7, 1, 10, 5, 3, 10, 9, 7, 9, 6, 10, 9, 1, 8, 2, 5, 7, 2, 3, 8, 6, 5, 2, 10, 6, 4, 7, 2, 5, 7, 5, 10, 9, 8, 4, 3, 4, 5, 10, 4, 8, 8, 5, 5, 1, 7, 6, 8, 9, 5, 6, 9, 3, 3, 3, 4, 8, 4, 9, 8, 5, 4, 9, 7, 2, 2, 7, 6, 7, 3, 10, 7, 6, 9, 2, 9, 9, 6, 3, 7, 8, 3, 1, 8, 1, 8, 7, 10, 5, 3, 10, 5, 8, 3, 10, 8, 10, 4, 6, 7, 8, 7, 9, 7, 5, 5, 10, 3, 9, 5, 2, 4, 7, 3, 9, 6, 5, 9, 8, 9, 10, 8, 7, 8, 1, 1, 4, 5, 1, 7, 3, 8, 8, 9, 7, 10, 10, 5, 6, 7, 8, 10, 8, 10, 3, 7, 1, 1, 4, 6, 6, 2, 10, 3, 5, 4, 7, 9, 10, 3, 2, 6, 6, 3, 7, 6, 9, 10, 7, 1, 8, 10, 9, 1, 5, 1, 6, 10, 6, 9, 6, 1, 9, 4, 3, 4, 7, 9, 10, 9, 6, 3, 7, 9, 5, 7, 1, 1, 2, 1, 9, 7, 10, 9, 7, 6, 2, 3, 9, 9, 7, 1, 5, 8, 10, 4, 4, 8, 8, 7, 10, 4, 1, 8, 8, 3, 2, 9, 1, 1, 7, 8, 6, 8, 4, 2, 6, 8, 10, 3, 4, 9, 9, 5, 10, 2, 4, 1, 10, 5, 9, 2, 5, 2, 3, 1, 1, 10, 8, 10, 5, 3, 3, 8, 2, 2, 4, 5, 4, 2, 2, 10, 10, 4, 2, 1, 9, 2, 6, 3, 10, 7, 10, 10, 5, 9, 7, 6, 5, 9, 9, 4, 9, 9, 8, 4, 8, 6, 7, 6, 7, 4, 10, 4, 5, 8, 3, 10, 4, 3, 8, 6, 4, 8, 2, 3, 9, 3, 2, 7, 10, 1, 6, 7, 3, 4, 6, 8, 6, 4, 6, 7, 1, 10, 9, 7, 1, 5, 5, 2, 9, 2, 10, 6, 9, 10, 10, 8, 4, 5, 3, 1, 10, 1, 8, 4, 5, 3, 3, 2, 5, 3, 7, 1, 2, 6, 1, 8, 7, 2, 7, 9, 6, 2, 9, 8, 8, 1, 10, 4, 2, 1, 7, 9, 7, 7, 6, 5, 4, 6, 7, 3, 10, 8, 9, 5, 2, 3, 4, 7, 8, 10, 2, 4, 3, 5, 5, 3, 4, 5, 6, 4, 2, 8, 9, 9, 9, 5, 7, 6, 2, 4, 5, 5, 9, 2, 2, 9, 3, 10, 1, 2, 2, 3, 8, 2, 3, 1, 6, 9, 6, 3, 6, 3, 7]","[1, 7, 3, 7, 10, 2, 2, 9, 2, 5, 3, 6, 2, 6, 6, 1, 10, 8, 3, 5, 1, 3, 1, 4, 9, 7, 5, 4, 5, 6, 1, 1, 7, 3, 2, 9, 8, 6, 10, 10, 9, 3, 4, 7, 5, 5, 10, 8, 5, 4, 1, 2, 7, 1, 7, 7, 1, 10, 5, 3, 10, 9, 7, 9, 6, 10, 9, 1, 8, 2, 5, 7, 2, 3, 8, 6, 5, 2, 10, 6, 4, 7, 2, 5, 7, 5, 10, 9, 8, 4, 3, 4, 5, 10, 4, 8, 8, 5, 5, 1, 7, 6, 8, 9, 5, 6, 9, 3, 3, 3, 4, 8, 4, 9, 8, 5, 4, 9, 7, 2, 2, 7, 6, 7, 3, 10, 7, 6, 9, 2, 9, 9, 6, 3, 7, 8, 3, 1, 8, 1, 8, 7, 10, 5, 3, 10, 5, 8, 3, 10, 8, 10, 4, 6, 7, 8, 7, 9, 7, 5, 5, 10, 3, 9, 5, 2, 4, 7, 3, 9, 6, 5, 9, 8, 9, 10, 8, 7, 8, 1, 1, 4, 5, 1, 7, 3, 8, 8, 9, 7, 10, 10, 5, 6, 7, 8, 10, 8, 10, 3, 7, 1, 1, 4, 6, 6, 2, 10, 3, 5, 4, 7, 9, 10, 3, 2, 6, 6, 3, 7, 6, 9, 10, 7, 1, 8, 10, 9, 1, 5, 1, 6, 10, 6, 9, 6, 1, 9, 4, 3, 4, 7, 9, 10, 9, 6, 3, 7, 9, 5, 7, 1, 1, 2, 1, 9, 7, 10, 9, 7, 6, 2, 3, 9, 9, 7, 1, 5, 8, 10, 4, 4, 8, 8, 7, 10, 4, 1, 8, 8, 3, 2, 9, 1, 1, 7, 8, 6, 8, 4, 2, 6, 8, 10, 3, 4, 9, 9, 5, 10, 2, 4, 1, 10, 5, 9, 2, 5, 2, 3, 1, 1, 10, 8, 10, 5, 3, 3, 8, 2, 2, 4, 5, 4, 2, 2, 10, 10, 4, 2, 1, 9, 2, 6, 3, 10, 7, 10, 10, 5, 9, 7, 6, 5, 9, 9, 4, 9, 9, 8, 4, 8, 6, 7, 6, 7, 4, 10, 4, 5, 8, 3, 10, 4, 3, 8, 6, 4, 8, 2, 3, 9, 3, 2, 7, 10, 1, 6, 7, 3, 4, 6, 8, 6, 4, 6, 7, 1, 10, 9, 7, 1, 5, 5, 2, 9, 2, 10, 6, 9, 10, 10, 8, 4, 5, 3, 1, 10, 1, 8, 4, 5, 3, 3, 2, 5, 3, 7, 1, 2, 6, 1, 8, 7, 2, 7, 9, 6, 2, 9, 8, 8, 1, 10, 4, 2, 1, 7, 9, 7, 7, 6, 5, 4, 6, 7, 3, 10, 8, 9, 5, 2, 3, 4, 7, 8, 10, 2, 4, 3, 5, 5, 3, 4, 5, 6, 4, 2, 8, 9, 9, 9, 5, 7, 6, 2, 4, 5, 5, 9, 2, 2, 9, 3, 10, 1, 2, 2, 3, 8, 2, 3, 1, 6, 9, 6, 3, 6, 3, 7]",7.569174689970504e-05,1937,11273.479995633406,642.194,585.3,555.7285714285714,367,247285.0,0.053474985751547,0.02224099099099099,0.056836605072021484,5,1005
elitismo,"[3, 9, 10, 4, 5, 9, 10, 1, 10, 6, 8, 6, 9, 4, 4, 2, 8, 3, 3, 1, 10, 6, 2, 6, 8, 3, 10, 9, 5, 4, 3, 9, 6, 6, 4, 4, 10, 10, 2, 9, 10, 7, 7, 2, 3, 7, 10, 9, 9, 5, 10, 10, 3, 4, 3, 6, 2, 1, 3, 6, 3, 5, 4, 8, 4, 5, 2, 6, 10, 6, 4, 2, 4, 5, 10, 7, 10, 1, 2, 5, 5, 9, 6, 1, 10, 1, 4, 7, 10, 8, 7, 1, 5, 7, 2, 9, 4, 4, 5, 8, 6, 5, 7, 8, 8, 6, 1, 8, 5, 9, 4, 1, 10, 2, 3, 3, 1, 2, 4, 10, 2, 5, 5, 4, 8, 5, 8, 4, 2, 3, 9, 6, 9, 3, 7, 10, 10, 7, 4, 5, 7, 6, 7, 5, 4, 3, 3, 2, 5, 2, 1, 8, 1, 5, 7, 2, 6, 2, 5, 7, 9, 5, 3, 9, 6, 1, 4, 9, 5, 2, 10, 8, 2, 8, 9, 2, 2, 4, 2, 7, 1, 6, 7, 10, 3, 9, 6, 4, 1, 4, 5, 10, 10, 10, 2, 7, 3, 8, 5, 5, 4, 3, 1, 1, 6, 3, 6, 7, 8, 1, 1, 4, 1, 6, 10, 2, 5, 7, 1, 3, 6, 1, 10, 3, 5, 3, 7, 3, 4, 3, 8, 3, 4, 3, 1, 7, 9, 7, 5, 1, 7, 8, 3, 1, 10, 7, 8, 3, 8, 3, 9, 10, 9, 5, 10, 2, 4, 3, 8, 8, 9, 9, 8, 4, 4, 2, 6, 2, 3, 10, 5, 9, 6, 4, 6, 5, 8, 10, 4, 10, 10, 2, 7, 2, 10, 10, 4, 5, 8, 8, 2, 6, 7, 9, 1, 9, 2, 4, 5, 9, 6, 7, 6, 10, 1, 3, 5, 6, 7, 2, 9, 8, 5, 4, 2, 9, 1, 9, 6, 8, 8, 5, 9, 7, 10, 1, 2, 10, 7, 7, 10, 6, 3, 7, 9, 5, 5, 2, 6, 1, 4, 4, 3, 10, 4, 1, 8, 6, 9, 8, 1, 5, 7, 2, 3, 6, 4, 10, 2, 2, 6, 3, 2, 6, 6, 1, 3, 7, 2, 8, 8, 2, 1, 8, 6, 6, 3, 4, 5, 2, 6, 5, 8, 3, 8, 7, 10, 3, 5, 8, 7, 1, 3, 3, 5, 2, 2, 3, 9, 5, 3, 1, 10, 1, 4, 9, 1, 6, 4, 6, 2, 3, 4, 8, 1, 7, 6, 6, 5, 9, 1, 9, 8, 3, 6, 1, 1, 1, 9, 7, 1, 7, 2, 8, 1, 9, 2, 5, 2, 6, 6, 5, 5, 7, 6, 5, 6, 2, 7, 5, 8, 1, 3, 2, 7, 6, 9, 7, 9, 10, 3, 4, 6, 10, 8, 5, 5, 6, 8, 7, 10, 2, 2, 7, 6, 3, 9, 9, 2, 10, 2, 3, 5, 8, 10, 7, 1, 5, 4, 9, 7, 2, 7, 3, 5, 7, 5, 8, 1, 2]","[3, 9, 10, 4, 5, 9, 10, 1, 10, 6, 8, 6, 9, 4, 4, 2, 8, 3, 3, 1, 10, 6, 2, 6, 8, 3, 10, 9, 5, 4, 3, 9, 6, 6, 4, 4, 10, 10, 2, 9, 10, 7, 7, 2, 3, 7, 10, 9, 9, 5, 10, 10, 3, 4, 3, 6, 2, 1, 3, 6, 3, 5, 4, 8, 4, 5, 2, 6, 10, 6, 4, 2, 4, 5, 10, 7, 10, 1, 2, 5, 5, 9, 6, 1, 10, 1, 4, 7, 10, 8, 7, 1, 5, 7, 2, 9, 4, 4, 5, 8, 6, 5, 7, 8, 8, 6, 1, 8, 5, 9, 4, 1, 10, 2, 3, 3, 1, 2, 4, 10, 2, 5, 5, 4, 8, 5, 8, 4, 2, 3, 9, 6, 9, 3, 7, 10, 10, 7, 4, 5, 7, 6, 7, 5, 4, 3, 3, 2, 5, 2, 1, 8, 1, 5, 7, 2, 6, 2, 5, 7, 9, 5, 3, 9, 6, 1, 4, 9, 5, 2, 10, 8, 2, 8, 9, 2, 2, 4, 2, 7, 1, 6, 7, 10, 3, 9, 6, 4, 1, 4, 5, 10, 10, 10, 2, 7, 3, 8, 5, 5, 4, 3, 1, 1, 6, 3, 6, 7, 8, 1, 1, 4, 1, 6, 10, 2, 5, 7, 1, 3, 6, 1, 10, 3, 5, 3, 7, 3, 4, 3, 8, 3, 4, 3, 1, 7, 9, 7, 5, 1, 7, 8, 3, 1, 10, 7, 8, 3, 8, 3, 9, 10, 9, 5, 10, 2, 4, 3, 8, 8, 9, 9, 8, 4, 4, 2, 6, 2, 3, 10, 5, 9, 6, 4, 6, 5, 8, 10, 4, 10, 10, 2, 7, 2, 10, 10, 4, 5, 8, 8, 2, 6, 7, 9, 1, 9, 2, 4, 5, 9, 6, 7, 6, 10, 1, 3, 5, 6, 7, 2, 9, 8, 5, 4, 2, 9, 1, 9, 6, 8, 8, 5, 9, 7, 10, 1, 2, 10, 7, 7, 10, 6, 3, 7, 9, 5, 5, 2, 6, 1, 4, 4, 3, 10, 4, 1, 8, 6, 9, 8, 1, 5, 7, 2, 3, 6, 4, 10, 2, 2, 6, 3, 2, 6, 6, 1, 3, 7, 2, 8, 8, 2, 1, 8, 6, 6, 3, 4, 5, 2, 6, 5, 8, 3, 8, 7, 10, 3, 5, 8, 7, 1, 3, 3, 5, 2, 2, 3, 9, 5, 3, 1, 10, 1, 4, 9, 1, 6, 4, 6, 2, 3, 4, 8, 1, 7, 6, 6, 5, 9, 1, 9, 8, 3, 6, 1, 1, 1, 9, 7, 1, 7, 2, 8, 1, 9, 2, 5, 2, 6, 6, 5, 5, 7, 6, 5, 6, 2, 7, 5, 8, 1, 3, 2, 7, 6, 9, 7, 9, 10, 3, 4, 6, 10, 8, 5, 5, 6, 8, 7, 10, 2, 2, 7, 6, 3, 9, 9, 2, 10, 2, 3, 5, 8, 10, 7, 1, 5, 4, 9, 7, 2, 7, 3, 5, 7, 5, 8, 1, 2]",7.483978303101925e-05,1962,11398.877326468524,645.58,595.0,565.3,366,248794.0,0.060326630181585836,0.02545045045045045,0.05778026580810547,6,1006
elitismo,"[1, 9, 9, 6, 3, 6, 8, 10, 8, 7, 3, 6, 5, 2, 5, 7, 2, 10, 10, 3, 9, 10, 4, 10, 1, 2, 9, 7, 5, 4, 8, 2, 6, 7, 2, 4, 6, 9, 2, 10, 9, 6, 3, 7, 2, 9, 8, 4, 9, 8, 9, 8, 2, 6, 9, 6, 9, 6, 2, 5, 9, 1, 6, 9, 6, 1, 2, 4, 4, 3, 3, 5, 6, 8, 5, 5, 7, 2, 8, 7, 9, 1, 2, 6, 5, 4, 1, 2, 7, 6, 8, 4, 10, 10, 2, 5, 10, 4, 1, 9, 8, 5, 8, 5, 6, 9, 8, 3, 3, 5, 1, 4, 5, 2, 8, 8, 8, 5, 1, 7, 7, 5, 7, 3, 3, 7, 3, 7, 2, 8, 3, 2, 9, 2, 1, 10, 10, 10, 9, 9, 8, 9, 4, 10, 8, 5, 7, 8, 3, 5, 4, 6, 1, 3, 2, 5, 9, 1, 4, 2, 10, 4, 6, 4, 5, 1, 1, 1, 4, 10, 1, 6, 10, 3, 8, 1, 5, 7, 9, 6, 2, 4, 2, 5, 2, 3, 8, 6, 1, 5, 8, 3, 5, 6, 1, 5, 5, 7, 9, 1, 3, 2, 7, 1, 2, 4, 8, 9, 2, 6, 1, 6, 2, 10, 9, 4, 6, 1, 10, 8, 7, 6, 4, 7, 6, 10, 1, 10, 7, 5, 3, 10, 5, 1, 4, 7, 10, 8, 4, 4, 8, 8, 5, 3, 1, 10, 5, 7, 8, 10, 10, 8, 1, 5, 8, 3, 2, 7, 1, 2, 6, 3, 9, 6, 7, 5, 7, 1, 2, 9, 4, 5, 6, 1, 8, 4, 8, 10, 2, 2, 8, 5, 8, 8, 8, 3, 6, 4, 10, 7, 1, 3, 6, 6, 8, 7, 9, 5, 6, 10, 10, 3, 1, 1, 8, 5, 4, 8, 6, 2, 10, 7, 3, 5, 6, 9, 6, 9, 6, 7, 3, 9, 10, 4, 9, 7, 9, 3, 6, 4, 10, 8, 6, 8, 4, 7, 6, 7, 7, 10, 7, 2, 3, 6, 8, 7, 2, 6, 9, 3, 4, 8, 10, 7, 1, 5, 9, 8, 10, 7, 10, 7, 3, 3, 10, 4, 3, 5, 2, 4, 2, 9, 8, 4, 4, 1, 4, 1, 7, 9, 9, 2, 10, 7, 6, 9, 9, 5, 4, 3, 4, 4, 6, 6, 10, 5, 7, 6, 8, 5, 10, 3, 6, 3, 1, 9, 7, 2, 8, 6, 3, 7, 1, 8, 10, 10, 1, 7, 8, 4, 9, 6, 8, 10, 4, 1, 1, 6, 7, 3, 10, 7, 6, 2, 10, 6, 1, 4, 3, 9, 2, 10, 2, 8, 7, 6, 1, 5, 4, 7, 10, 3, 8, 1, 6, 10, 4, 9, 5, 5, 6, 4, 4, 6, 10, 3, 1, 9, 1, 5, 2, 7, 9, 2, 6, 9, 10, 1, 10, 9, 4, 10, 10, 6, 5, 9, 2, 9, 1, 1, 2, 6, 6, 4, 2, 5, 10, 2, 3, 7]","[1, 9, 9, 6, 3, 6, 8, 10, 8, 7, 3, 6, 5, 2, 5, 7, 2, 10, 10, 3, 9, 10, 4, 10, 1, 2, 9, 7, 5, 4, 8, 2, 6, 7, 2, 4, 6, 9, 2, 10, 9, 6, 3, 7, 2, 9, 8, 4, 9, 8, 9, 8, 2, 6, 9, 6, 9, 6, 2, 5, 9, 1, 6, 9, 6, 1, 2, 4, 4, 3, 3, 5, 6, 8, 5, 5, 7, 2, 8, 7, 9, 1, 2, 6, 5, 4, 1, 2, 7, 6, 8, 4, 10, 10, 2, 5, 10, 4, 1, 9, 8, 5, 8, 5, 6, 9, 8, 3, 3, 5, 1, 4, 5, 2, 8, 8, 8, 5, 1, 7, 7, 5, 7, 3, 3, 7, 3, 7, 2, 8, 3, 2, 9, 2, 1, 10, 10, 10, 9, 9, 8, 9, 4, 10, 8, 5, 7, 8, 3, 5, 4, 6, 1, 3, 2, 5, 9, 1, 4, 2, 10, 4, 6, 4, 5, 1, 1, 1, 4, 10, 1, 6, 10, 3, 8, 1, 5, 7, 9, 6, 2, 4, 2, 5, 2, 3, 8, 6, 1, 5, 8, 3, 5, 6, 1, 5, 5, 7, 9, 1, 3, 2, 7, 1, 2, 4, 8, 9, 2, 6, 1, 6, 2, 10, 9, 4, 6, 1, 10, 8, 7, 6, 4, 7, 6, 10, 1, 10, 7, 5, 3, 10, 5, 1, 4, 7, 10, 8, 4, 4, 8, 8, 5, 3, 1, 10, 5, 7, 8, 10, 10, 8, 1, 5, 8, 3, 2, 7, 1, 2, 6, 3, 9, 6, 7, 5, 7, 1, 2, 9, 4, 5, 6, 1, 8, 4, 8, 10, 2, 2, 8, 5, 8, 8, 8, 3, 6, 4, 10, 7, 1, 3, 6, 6, 8, 7, 9, 5, 6, 10, 10, 3, 1, 1, 8, 5, 4, 8, 6, 2, 10, 7, 3, 5, 6, 9, 6, 9, 6, 7, 3, 9, 10, 4, 9, 7, 9, 3, 6, 4, 10, 8, 6, 8, 4, 7, 6, 7, 7, 10, 7, 2, 3, 6, 8, 7, 2, 6, 9, 3, 4, 8, 10, 7, 1, 5, 9, 8, 10, 7, 10, 7, 3, 3, 10, 4, 3, 5, 2, 4, 2, 9, 8, 4, 4, 1, 4, 1, 7, 9, 9, 2, 10, 7, 6, 9, 9, 5, 4, 3, 4, 4, 6, 6, 10, 5, 7, 6, 8, 5, 10, 3, 6, 3, 1, 9, 7, 2, 8, 6, 3, 7, 1, 8, 10, 10, 1, 7, 8, 4, 9, 6, 8, 10, 4, 1, 1, 6, 7, 3, 10, 7, 6, 2, 10, 6, 1, 4, 3, 9, 2, 10, 2, 8, 7, 6, 1, 5, 4, 7, 10, 3, 8, 1, 6, 10, 4, 9, 5, 5, 6, 4, 4, 6, 10, 3, 1, 9, 1, 5, 2, 7, 9, 2, 6, 9, 10, 1, 10, 9, 4, 10, 10, 6, 5, 9, 2, 9, 1, 1, 2, 6, 6, 4, 2, 5, 10, 2, 3, 7]",7.498408561268242e-05,2072,11263.163158211071,652.486,571.4857142857143,542.3428571428572,366,252986.0,0.10622778249689033,0.04341216216216216,0.058484554290771484,7,1007
elitismo,"[9, 8, 6, 2, 2, 1, 3, 10, 2, 10, 6, 1, 9, 6, 5, 4, 8, 3, 9, 1, 4, 3, 2, 4, 7, 6, 2, 2, 3, 4, 6, 4, 4, 2, 8, 8, 5, 6, 3, 8, 6, 8, 10, 6, 7, 6, 10, 6, 7, 6, 1, 9, 9, 4, 8, 3, 5, 1, 4, 8, 5, 6, 8, 8, 8, 8, 4, 9, 1, 2, 2, 9, 8, 5, 1, 2, 3, 1, 9, 3, 8, 7, 6, 4, 9, 5, 2, 3, 3, 6, 4, 7, 2, 1, 6, 9, 3, 1, 7, 4, 3, 6, 7, 9, 9, 10, 5, 1, 6, 5, 4, 8, 4, 9, 3, 7, 7, 1, 8, 10, 8, 3, 9, 7, 2, 4, 5, 4, 5, 8, 3, 4, 1, 6, 1, 6, 6, 1, 9, 3, 2, 10, 1, 2, 7, 10, 6, 1, 8, 7, 5, 8, 2, 2, 3, 3, 5, 6, 5, 10, 7, 10, 8, 4, 6, 1, 1, 6, 7, 9, 2, 10, 7, 9, 2, 5, 3, 1, 9, 3, 1, 9, 7, 5, 1, 9, 5, 3, 5, 5, 5, 5, 3, 1, 1, 3, 9, 3, 10, 6, 8, 10, 2, 6, 8, 5, 6, 8, 2, 10, 10, 9, 1, 8, 1, 1, 10, 3, 3, 2, 5, 3, 8, 10, 6, 10, 8, 1, 6, 2, 8, 8, 3, 3, 9, 7, 8, 4, 4, 7, 1, 8, 5, 6, 10, 7, 5, 9, 4, 4, 2, 7, 8, 10, 10, 5, 6, 1, 2, 9, 6, 3, 10, 10, 2, 8, 8, 3, 1, 10, 5, 4, 1, 9, 8, 6, 9, 5, 6, 10, 1, 3, 9, 1, 8, 7, 3, 4, 3, 1, 2, 9, 7, 4, 4, 8, 7, 10, 4, 7, 10, 5, 4, 7, 4, 1, 9, 6, 6, 7, 9, 4, 4, 2, 6, 9, 5, 4, 7, 8, 3, 9, 4, 1, 1, 6, 10, 10, 7, 4, 4, 6, 7, 6, 1, 9, 3, 10, 4, 9, 6, 10, 3, 2, 1, 3, 8, 5, 7, 7, 1, 2, 3, 6, 10, 5, 9, 10, 10, 4, 5, 7, 5, 10, 4, 1, 2, 7, 10, 10, 5, 2, 3, 8, 4, 9, 8, 9, 5, 9, 6, 6, 5, 7, 7, 4, 8, 5, 10, 2, 2, 7, 6, 7, 10, 3, 6, 5, 3, 6, 10, 8, 2, 2, 5, 8, 8, 1, 8, 4, 4, 5, 1, 8, 1, 3, 6, 3, 9, 6, 3, 3, 8, 1, 6, 8, 4, 5, 6, 4, 7, 9, 10, 2, 8, 5, 8, 2, 6, 7, 8, 10, 6, 5, 2, 2, 8, 9, 9, 5, 6, 4, 5, 5, 4, 8, 5, 4, 7, 1, 6, 3, 10, 2, 8, 8, 6, 3, 4, 10, 5, 3, 3, 6, 6, 1, 3, 9, 3, 9, 3, 10, 1, 4, 2, 7, 1, 2, 8, 5, 2, 7, 10, 7, 1, 7, 10, 9, 5, 8]","[9, 8, 6, 2, 2, 1, 3, 10, 2, 10, 6, 1, 9, 6, 5, 4, 8, 3, 9, 1, 4, 3, 2, 4, 7, 6, 2, 2, 3, 4, 6, 4, 4, 2, 8, 8, 5, 6, 3, 8, 6, 8, 10, 6, 7, 6, 10, 6, 7, 6, 1, 9, 9, 4, 8, 3, 5, 1, 4, 8, 5, 6, 8, 8, 8, 8, 4, 9, 1, 2, 2, 9, 8, 5, 1, 2, 3, 1, 9, 3, 8, 7, 6, 4, 9, 5, 2, 3, 3, 6, 4, 7, 2, 1, 6, 9, 3, 1, 7, 4, 3, 6, 7, 9, 9, 10, 5, 1, 6, 5, 4, 8, 4, 9, 3, 7, 7, 1, 8, 10, 8, 3, 9, 7, 2, 4, 5, 4, 5, 8, 3, 4, 1, 6, 1, 6, 6, 1, 9, 3, 2, 10, 1, 2, 7, 10, 6, 1, 8, 7, 5, 8, 2, 2, 3, 3, 5, 6, 5, 10, 7, 10, 8, 4, 6, 1, 1, 6, 7, 9, 2, 10, 7, 9, 2, 5, 3, 1, 9, 3, 1, 9, 7, 5, 1, 9, 5, 3, 5, 5, 5, 5, 3, 1, 1, 3, 9, 3, 10, 6, 8, 10, 2, 6, 8, 5, 6, 8, 2, 10, 10, 9, 1, 8, 1, 1, 10, 3, 3, 2, 5, 3, 8, 10, 6, 10, 8, 1, 6, 2, 8, 8, 3, 3, 9, 7, 8, 4, 4, 7, 1, 8, 5, 6, 10, 7, 5, 9, 4, 4, 2, 7, 8, 10, 10, 5, 6, 1, 2, 9, 6, 3, 10, 10, 2, 8, 8, 3, 1, 10, 5, 4, 1, 9, 8, 6, 9, 5, 6, 10, 1, 3, 9, 1, 8, 7, 3, 4, 3, 1, 2, 9, 7, 4, 4, 8, 7, 10, 4, 7, 10, 5, 4, 7, 4, 1, 9, 6, 6, 7, 9, 4, 4, 2, 6, 9, 5, 4, 7, 8, 3, 9, 4, 1, 1, 6, 10, 10, 7, 4, 4, 6, 7, 6, 1, 9, 3, 10, 4, 9, 6, 10, 3, 2, 1, 3, 8, 5, 7, 7, 1, 2, 3, 6, 10, 5, 9, 10, 10, 4, 5, 7, 5, 10, 4, 1, 2, 7, 10, 10, 5, 2, 3, 8, 4, 9, 8, 9, 5, 9, 6, 6, 5, 7, 7, 4, 8, 5, 10, 2, 2, 7, 6, 7, 10, 3, 6, 5, 3, 6, 10, 8, 2, 2, 5, 8, 8, 1, 8, 4, 4, 5, 1, 8, 1, 3, 6, 3, 9, 6, 3, 3, 8, 1, 6, 8, 4, 5, 6, 4, 7, 9, 10, 2, 8, 5, 8, 2, 6, 7, 8, 10, 6, 5, 2, 2, 8, 9, 9, 5, 6, 4, 5, 5, 4, 8, 5, 4, 7, 1, 6, 3, 10, 2, 8, 8, 6, 3, 4, 10, 5, 3, 3, 6, 6, 1, 3, 9, 3, 9, 3, 10, 1, 4, 2, 7, 1, 2, 8, 5, 2, 7, 10, 7, 1, 7, 10, 9, 5, 8]",7.560357030554953e-05,1928,11297.888570983227,644.436,585.1428571428571,556.0,372,248009.0,0.06560155900795349,0.03063063063063063,0.05788707733154297,8,1008
elitismo,"[2, 3, 6, 9, 4, 10, 5, 1, 1, 8, 10, 1, 4, 5, 4, 2, 2, 9, 5, 10, 8, 7, 6, 6, 3, 5, 1, 7, 8, 2, 9, 2, 1, 8, 1, 9, 8, 8, 9, 4, 3, 3, 7, 9, 4, 7, 5, 9, 6, 6, 7, 7, 7, 10, 2, 2, 10, 10, 8, 5, 10, 10, 10, 5, 4, 2, 10, 8, 4, 4, 1, 9, 8, 5, 9, 2, 5, 7, 9, 6, 10, 6, 5, 4, 9, 9, 6, 10, 8, 7, 6, 8, 8, 2, 9, 1, 3, 1, 2, 3, 8, 4, 9, 4, 2, 8, 4, 8, 1, 8, 7, 7, 2, 1, 4, 7, 7, 6, 9, 10, 6, 9, 4, 7, 3, 5, 3, 5, 5, 6, 4, 3, 4, 7, 6, 2, 8, 7, 6, 2, 6, 6, 4, 1, 7, 3, 9, 1, 3, 1, 7, 6, 5, 7, 7, 1, 7, 6, 4, 8, 9, 10, 7, 5, 8, 1, 2, 10, 1, 6, 9, 8, 3, 2, 6, 8, 10, 7, 4, 9, 7, 8, 7, 3, 10, 6, 10, 9, 9, 7, 8, 10, 7, 6, 6, 7, 1, 8, 7, 7, 2, 6, 1, 7, 4, 6, 4, 8, 6, 4, 4, 3, 7, 9, 2, 3, 2, 1, 5, 3, 3, 4, 5, 3, 5, 5, 1, 2, 3, 1, 9, 6, 9, 1, 2, 4, 8, 6, 4, 9, 5, 6, 5, 2, 5, 5, 1, 7, 7, 4, 5, 7, 5, 8, 4, 2, 2, 3, 1, 6, 7, 9, 4, 5, 4, 9, 2, 8, 1, 5, 1, 2, 9, 10, 3, 8, 4, 1, 9, 3, 4, 2, 6, 9, 8, 8, 2, 5, 2, 1, 5, 7, 2, 1, 1, 3, 2, 3, 10, 9, 10, 7, 8, 10, 3, 9, 7, 3, 7, 1, 3, 1, 3, 7, 4, 2, 7, 7, 2, 2, 2, 6, 7, 2, 4, 8, 9, 5, 4, 4, 9, 9, 7, 6, 9, 4, 1, 7, 4, 3, 10, 8, 4, 1, 7, 2, 9, 5, 4, 6, 8, 8, 5, 1, 9, 4, 10, 9, 1, 4, 7, 4, 9, 5, 4, 1, 2, 7, 6, 2, 5, 9, 8, 5, 5, 10, 2, 3, 9, 10, 4, 1, 9, 3, 8, 2, 6, 4, 1, 4, 3, 2, 10, 3, 9, 6, 1, 6, 2, 8, 8, 1, 7, 1, 4, 1, 9, 6, 4, 9, 2, 10, 6, 4, 3, 10, 4, 2, 1, 7, 10, 2, 7, 6, 4, 5, 8, 6, 3, 2, 5, 3, 6, 8, 2, 1, 8, 4, 5, 6, 9, 10, 3, 5, 3, 1, 3, 7, 4, 5, 8, 5, 7, 2, 10, 5, 2, 9, 1, 7, 5, 3, 9, 1, 10, 10, 7, 2, 9, 2, 3, 3, 5, 6, 4, 5, 9, 3, 1, 3, 6, 8, 9, 1, 4, 3, 8, 7, 2, 2, 5, 3, 10, 6, 3, 5, 1, 7, 10, 4]","[2, 3, 6, 9, 4, 10, 5, 1, 1, 8, 10, 1, 4, 5, 4, 2, 2, 9, 5, 10, 8, 7, 6, 6, 3, 5, 1, 7, 8, 2, 9, 2, 1, 8, 1, 9, 8, 8, 9, 4, 3, 3, 7, 9, 4, 7, 5, 9, 6, 6, 7, 7, 7, 10, 2, 2, 10, 10, 8, 5, 10, 10, 10, 5, 4, 2, 10, 8, 4, 4, 1, 9, 8, 5, 9, 2, 5, 7, 9, 6, 10, 6, 5, 4, 9, 9, 6, 10, 8, 7, 6, 8, 8, 2, 9, 1, 3, 1, 2, 3, 8, 4, 9, 4, 2, 8, 4, 8, 1, 8, 7, 7, 2, 1, 4, 7, 7, 6, 9, 10, 6, 9, 4, 7, 3, 5, 3, 5, 5, 6, 4, 3, 4, 7, 6, 2, 8, 7, 6, 2, 6, 6, 4, 1, 7, 3, 9, 1, 3, 1, 7, 6, 5, 7, 7, 1, 7, 6, 4, 8, 9, 10, 7, 5, 8, 1, 2, 10, 1, 6, 9, 8, 3, 2, 6, 8, 10, 7, 4, 9, 7, 8, 7, 3, 10, 6, 10, 9, 9, 7, 8, 10, 7, 6, 6, 7, 1, 8, 7, 7, 2, 6, 1, 7, 4, 6, 4, 8, 6, 4, 4, 3, 7, 9, 2, 3, 2, 1, 5, 3, 3, 4, 5, 3, 5, 5, 1, 2, 3, 1, 9, 6, 9, 1, 2, 4, 8, 6, 4, 9, 5, 6, 5, 2, 5, 5, 1, 7, 7, 4, 5, 7, 5, 8, 4, 2, 2, 3, 1, 6, 7, 9, 4, 5, 4, 9, 2, 8, 1, 5, 1, 2, 9, 10, 3, 8, 4, 1, 9, 3, 4, 2, 6, 9, 8, 8, 2, 5, 2, 1, 5, 7, 2, 1, 1, 3, 2, 3, 10, 9, 10, 7, 8, 10, 3, 9, 7, 3, 7, 1, 3, 1, 3, 7, 4, 2, 7, 7, 2, 2, 2, 6, 7, 2, 4, 8, 9, 5, 4, 4, 9, 9, 7, 6, 9, 4, 1, 7, 4, 3, 10, 8, 4, 1, 7, 2, 9, 5, 4, 6, 8, 8, 5, 1, 9, 4, 10, 9, 1, 4, 7, 4, 9, 5, 4, 1, 2, 7, 6, 2, 5, 9, 8, 5, 5, 10, 2, 3, 9, 10, 4, 1, 9, 3, 8, 2, 6, 4, 1, 4, 3, 2, 10, 3, 9, 6, 1, 6, 2, 8, 8, 1, 7, 1, 4, 1, 9, 6, 4, 9, 2, 10, 6, 4, 3, 10, 4, 2, 1, 7, 10, 2, 7, 6, 4, 5, 8, 6, 3, 2, 5, 3, 6, 8, 2, 1, 8, 4, 5, 6, 9, 10, 3, 5, 3, 1, 3, 7, 4, 5, 8, 5, 7, 2, 10, 5, 2, 9, 1, 7, 5, 3, 9, 1, 10, 10, 7, 2, 9, 2, 3, 3, 5, 6, 4, 5, 9, 3, 1, 3, 6, 8, 9, 1, 4, 3, 8, 7, 2, 2, 5, 3, 10, 6, 3, 5, 1, 7, 10, 4]",7.472372758762406e-05,2150,11231.63001972646,650.702,572.1428571428571,543.0,364,251189.0,0.13476911767888372,0.055236486486486484,0.05707526206970215,9,1009
elitismo,"[10, 4, 9, 2, 7, 7, 7, 3, 3, 7, 4, 2, 9, 9, 6, 5, 10, 3, 7, 8, 10, 6, 9, 2, 1, 9, 9, 9, 5, 3, 3, 9, 3, 1, 3, 8, 5, 5, 8, 4, 10, 5, 6, 8, 4, 10, 6, 6, 1, 1, 2, 5, 9, 10, 3, 4, 10, 7, 8, 4, 6, 2, 4, 5, 2, 4, 7, 5, 8, 5, 8, 3, 8, 2, 8, 4, 3, 5, 1, 1, 2, 10, 4, 4, 4, 7, 3, 10, 8, 2, 10, 1, 8, 1, 6, 7, 9, 4, 5, 7, 7, 9, 2, 5, 1, 8, 2, 1, 3, 8, 6, 3, 4, 6, 8, 10, 1, 7, 5, 10, 2, 3, 2, 10, 8, 4, 7, 7, 4, 8, 7, 4, 9, 4, 3, 8, 1, 1, 5, 7, 2, 4, 6, 3, 9, 4, 3, 1, 1, 5, 8, 10, 8, 3, 9, 9, 2, 4, 10, 5, 5, 8, 5, 10, 7, 4, 9, 2, 4, 6, 2, 6, 3, 10, 10, 6, 3, 6, 3, 4, 4, 2, 7, 7, 1, 6, 2, 8, 5, 4, 9, 3, 5, 2, 5, 1, 4, 7, 1, 10, 1, 5, 10, 3, 5, 4, 1, 9, 9, 6, 10, 1, 9, 3, 4, 9, 9, 9, 4, 9, 7, 10, 7, 4, 3, 4, 9, 3, 7, 7, 1, 8, 2, 6, 9, 7, 6, 1, 4, 6, 5, 4, 7, 1, 4, 7, 3, 5, 10, 1, 6, 9, 4, 4, 6, 6, 3, 7, 2, 7, 9, 3, 2, 2, 10, 5, 10, 7, 3, 10, 8, 4, 7, 8, 6, 8, 4, 8, 9, 5, 4, 7, 6, 6, 2, 9, 2, 6, 5, 9, 9, 9, 5, 9, 3, 4, 9, 1, 7, 1, 5, 9, 7, 2, 2, 1, 6, 10, 4, 8, 4, 4, 5, 5, 10, 1, 4, 4, 1, 1, 7, 9, 2, 9, 10, 3, 7, 5, 7, 7, 1, 2, 6, 2, 6, 4, 6, 3, 2, 10, 8, 9, 5, 5, 10, 8, 8, 8, 3, 8, 1, 10, 1, 1, 8, 2, 6, 8, 1, 7, 4, 10, 8, 6, 1, 3, 2, 9, 1, 5, 3, 4, 2, 7, 10, 5, 3, 3, 4, 2, 9, 8, 4, 2, 2, 8, 3, 4, 4, 4, 8, 3, 10, 3, 1, 3, 10, 1, 5, 9, 6, 7, 2, 8, 1, 8, 8, 1, 9, 3, 1, 7, 7, 10, 9, 10, 10, 3, 8, 5, 8, 3, 3, 1, 1, 6, 9, 1, 9, 7, 3, 8, 10, 2, 2, 10, 1, 2, 5, 8, 10, 6, 4, 10, 1, 2, 4, 2, 10, 3, 5, 7, 9, 3, 9, 9, 1, 3, 2, 6, 10, 3, 5, 10, 5, 9, 1, 4, 3, 5, 7, 9, 3, 4, 1, 2, 10, 10, 9, 8, 7, 5, 10, 1, 9, 6, 2, 1, 2, 6, 10, 3, 4, 7, 4, 5, 3, 6, 7, 10]","[10, 4, 9, 2, 7, 7, 7, 3, 3, 7, 4, 2, 9, 9, 6, 5, 10, 3, 7, 8, 10, 6, 9, 2, 1, 9, 9, 9, 5, 3, 3, 9, 3, 1, 3, 8, 5, 5, 8, 4, 10, 5, 6, 8, 4, 10, 6, 6, 1, 1, 2, 5, 9, 10, 3, 4, 10, 7, 8, 4, 6, 2, 4, 5, 2, 4, 7, 5, 8, 5, 8, 3, 8, 2, 8, 4, 3, 5, 1, 1, 2, 10, 4, 4, 4, 7, 3, 10, 8, 2, 10, 1, 8, 1, 6, 7, 9, 4, 5, 7, 7, 9, 2, 5, 1, 8, 2, 1, 3, 8, 6, 3, 4, 6, 8, 10, 1, 7, 5, 10, 2, 3, 2, 10, 8, 4, 7, 7, 4, 8, 7, 4, 9, 4, 3, 8, 1, 1, 5, 7, 2, 4, 6, 3, 9, 4, 3, 1, 1, 5, 8, 10, 8, 3, 9, 9, 2, 4, 10, 5, 5, 8, 5, 10, 7, 4, 9, 2, 4, 6, 2, 6, 3, 10, 10, 6, 3, 6, 3, 4, 4, 2, 7, 7, 1, 6, 2, 8, 5, 4, 9, 3, 5, 2, 5, 1, 4, 7, 1, 10, 1, 5, 10, 3, 5, 4, 1, 9, 9, 6, 10, 1, 9, 3, 4, 9, 9, 9, 4, 9, 7, 10, 7, 4, 3, 4, 9, 3, 7, 7, 1, 8, 2, 6, 9, 7, 6, 1, 4, 6, 5, 4, 7, 1, 4, 7, 3, 5, 10, 1, 6, 9, 4, 4, 6, 6, 3, 7, 2, 7, 9, 3, 2, 2, 10, 5, 10, 7, 3, 10, 8, 4, 7, 8, 6, 8, 4, 8, 9, 5, 4, 7, 6, 6, 2, 9, 2, 6, 5, 9, 9, 9, 5, 9, 3, 4, 9, 1, 7, 1, 5, 9, 7, 2, 2, 1, 6, 10, 4, 8, 4, 4, 5, 5, 10, 1, 4, 4, 1, 1, 7, 9, 2, 9, 10, 3, 7, 5, 7, 7, 1, 2, 6, 2, 6, 4, 6, 3, 2, 10, 8, 9, 5, 5, 10, 8, 8, 8, 3, 8, 1, 10, 1, 1, 8, 2, 6, 8, 1, 7, 4, 10, 8, 6, 1, 3, 2, 9, 1, 5, 3, 4, 2, 7, 10, 5, 3, 3, 4, 2, 9, 8, 4, 2, 2, 8, 3, 4, 4, 4, 8, 3, 10, 3, 1, 3, 10, 1, 5, 9, 6, 7, 2, 8, 1, 8, 8, 1, 9, 3, 1, 7, 7, 10, 9, 10, 10, 3, 8, 5, 8, 3, 3, 1, 1, 6, 9, 1, 9, 7, 3, 8, 10, 2, 2, 10, 1, 2, 5, 8, 10, 6, 4, 10, 1, 2, 4, 2, 10, 3, 5, 7, 9, 3, 9, 9, 1, 3, 2, 6, 10, 3, 5, 10, 5, 9, 1, 4, 3, 5, 7, 9, 3, 4, 1, 2, 10, 10, 9, 8, 7, 5, 10, 1, 9, 6, 2, 1, 2, 6, 10, 3, 4, 7, 4, 5, 3, 6, 7, 10]",7.502253754497083e-05,2074,11254.327862318294,647.69,577.5714285714286,548.0,365,249964.0,0.09764494116202097,0.03597972972972973,0.058408260345458984,10,1010
elitismo,"[1, 3, 10, 7, 8, 9, 8, 4, 7, 1, 6, 6, 1, 5, 9, 5, 8, 7, 1, 6, 2, 4, 5, 4, 5, 8, 7, 4, 10, 10, 8, 8, 4, 5, 4, 1, 10, 6, 2, 8, 6, 2, 9, 8, 2, 3, 5, 4, 3, 5, 10, 7, 9, 7, 5, 6, 4, 3, 10, 4, 5, 10, 2, 10, 4, 1, 4, 2, 2, 8, 1, 7, 5, 9, 8, 5, 9, 10, 2, 6, 2, 5, 6, 4, 4, 3, 10, 1, 9, 8, 2, 3, 1, 7, 10, 8, 10, 8, 2, 8, 10, 6, 8, 6, 4, 8, 7, 6, 6, 5, 8, 7, 9, 8, 9, 1, 7, 10, 4, 8, 10, 4, 3, 8, 10, 8, 7, 1, 3, 7, 7, 7, 6, 9, 10, 10, 7, 7, 6, 9, 9, 3, 4, 9, 8, 9, 1, 2, 9, 8, 6, 8, 3, 9, 3, 1, 4, 3, 10, 5, 6, 10, 6, 7, 6, 7, 5, 7, 9, 9, 4, 8, 3, 6, 3, 4, 7, 8, 8, 1, 5, 6, 1, 6, 10, 6, 6, 10, 4, 2, 10, 1, 5, 3, 6, 5, 4, 8, 3, 1, 8, 8, 10, 9, 8, 2, 4, 6, 7, 9, 1, 7, 3, 8, 5, 2, 3, 5, 1, 7, 3, 1, 6, 9, 2, 1, 9, 4, 7, 2, 3, 9, 3, 10, 8, 10, 6, 5, 8, 10, 2, 5, 2, 4, 2, 3, 5, 2, 9, 10, 4, 10, 3, 3, 3, 7, 1, 2, 7, 1, 4, 2, 3, 6, 4, 1, 10, 3, 1, 2, 5, 4, 10, 6, 8, 2, 5, 3, 2, 2, 10, 2, 9, 5, 3, 2, 2, 3, 8, 6, 9, 2, 7, 4, 4, 10, 9, 3, 1, 3, 2, 6, 7, 7, 8, 8, 8, 7, 2, 3, 4, 9, 2, 7, 5, 2, 5, 6, 1, 7, 6, 4, 5, 7, 5, 10, 10, 10, 5, 8, 8, 4, 1, 5, 3, 9, 9, 10, 10, 10, 6, 4, 8, 9, 6, 2, 10, 2, 2, 3, 7, 8, 9, 9, 5, 5, 5, 2, 1, 6, 5, 4, 3, 5, 8, 10, 10, 5, 9, 5, 10, 8, 8, 2, 5, 4, 10, 8, 7, 10, 8, 10, 2, 9, 10, 9, 6, 3, 1, 7, 3, 2, 7, 9, 6, 10, 3, 8, 8, 10, 1, 6, 3, 2, 4, 1, 4, 10, 9, 3, 7, 5, 10, 3, 2, 9, 9, 6, 1, 7, 5, 3, 2, 1, 10, 8, 1, 1, 6, 6, 4, 4, 2, 2, 6, 6, 3, 8, 2, 6, 4, 9, 3, 1, 3, 7, 1, 4, 8, 5, 9, 6, 3, 6, 1, 5, 10, 2, 3, 3, 9, 10, 4, 4, 6, 8, 3, 5, 8, 6, 5, 7, 3, 4, 1, 2, 7, 10, 9, 5, 4, 9, 10, 9, 7, 7, 3, 7, 7, 1, 1, 10, 1, 1, 5, 2, 3, 7, 1, 10]","[1, 3, 10, 7, 8, 9, 8, 4, 7, 1, 6, 6, 1, 5, 9, 5, 8, 7, 1, 6, 2, 4, 5, 4, 5, 8, 7, 4, 10, 10, 8, 8, 4, 5, 4, 1, 10, 6, 2, 8, 6, 2, 9, 8, 2, 3, 5, 4, 3, 5, 10, 7, 9, 7, 5, 6, 4, 3, 10, 4, 5, 10, 2, 10, 4, 1, 4, 2, 2, 8, 1, 7, 5, 9, 8, 5, 9, 10, 2, 6, 2, 5, 6, 4, 4, 3, 10, 1, 9, 8, 2, 3, 1, 7, 10, 8, 10, 8, 2, 8, 10, 6, 8, 6, 4, 8, 7, 6, 6, 5, 8, 7, 9, 8, 9, 1, 7, 10, 4, 8, 10, 4, 3, 8, 10, 8, 7, 1, 3, 7, 7, 7, 6, 9, 10, 10, 7, 7, 6, 9, 9, 3, 4, 9, 8, 9, 1, 2, 9, 8, 6, 8, 3, 9, 3, 1, 4, 3, 10, 5, 6, 10, 6, 7, 6, 7, 5, 7, 9, 9, 4, 8, 3, 6, 3, 4, 7, 8, 8, 1, 5, 6, 1, 6, 10, 6, 6, 10, 4, 2, 10, 1, 5, 3, 6, 5, 4, 8, 3, 1, 8, 8, 10, 9, 8, 2, 4, 6, 7, 9, 1, 7, 3, 8, 5, 2, 3, 5, 1, 7, 3, 1, 6, 9, 2, 1, 9, 4, 7, 2, 3, 9, 3, 10, 8, 10, 6, 5, 8, 10, 2, 5, 2, 4, 2, 3, 5, 2, 9, 10, 4, 10, 3, 3, 3, 7, 1, 2, 7, 1, 4, 2, 3, 6, 4, 1, 10, 3, 1, 2, 5, 4, 10, 6, 8, 2, 5, 3, 2, 2, 10, 2, 9, 5, 3, 2, 2, 3, 8, 6, 9, 2, 7, 4, 4, 10, 9, 3, 1, 3, 2, 6, 7, 7, 8, 8, 8, 7, 2, 3, 4, 9, 2, 7, 5, 2, 5, 6, 1, 7, 6, 4, 5, 7, 5, 10, 10, 10, 5, 8, 8, 4, 1, 5, 3, 9, 9, 10, 10, 10, 6, 4, 8, 9, 6, 2, 10, 2, 2, 3, 7, 8, 9, 9, 5, 5, 5, 2, 1, 6, 5, 4, 3, 5, 8, 10, 10, 5, 9, 5, 10, 8, 8, 2, 5, 4, 10, 8, 7, 10, 8, 10, 2, 9, 10, 9, 6, 3, 1, 7, 3, 2, 7, 9, 6, 10, 3, 8, 8, 10, 1, 6, 3, 2, 4, 1, 4, 10, 9, 3, 7, 5, 10, 3, 2, 9, 9, 6, 1, 7, 5, 3, 2, 1, 10, 8, 1, 1, 6, 6, 4, 4, 2, 2, 6, 6, 3, 8, 2, 6, 4, 9, 3, 1, 3, 7, 1, 4, 8, 5, 9, 6, 3, 6, 1, 5, 10, 2, 3, 3, 9, 10, 4, 4, 6, 8, 3, 5, 8, 6, 5, 7, 3, 4, 1, 2, 7, 10, 9, 5, 4, 9, 10, 9, 7, 7, 3, 7, 7, 1, 1, 10, 1, 1, 5, 2, 3, 7, 1, 10]",7.48931885731923e-05,2027,11324.349112799635,648.688,584.5428571428571,554.5428571428571,370,249893.0,0.09286615332425509,0.041666666666666664,0.05726337432861328,11,1011
elitismo,"[6, 3, 3, 7, 4, 10, 1, 6, 5, 7, 9, 10, 4, 3, 8, 7, 1, 7, 8, 2, 8, 10, 4, 7, 8, 6, 3, 4, 10, 7, 9, 3, 8, 9, 5, 4, 2, 3, 1, 5, 2, 9, 1, 4, 9, 3, 6, 4, 4, 1, 3, 9, 10, 4, 9, 9, 9, 6, 9, 9, 9, 7, 2, 6, 10, 9, 3, 6, 1, 3, 1, 4, 4, 3, 4, 1, 2, 1, 5, 5, 9, 9, 6, 10, 1, 9, 7, 2, 2, 10, 7, 5, 6, 7, 6, 3, 5, 8, 3, 5, 4, 10, 3, 9, 5, 8, 4, 7, 1, 8, 3, 3, 6, 6, 3, 6, 3, 8, 3, 3, 10, 7, 8, 3, 3, 7, 6, 10, 8, 9, 5, 1, 8, 4, 8, 1, 5, 1, 8, 4, 9, 1, 3, 5, 4, 6, 1, 3, 2, 1, 2, 5, 9, 10, 5, 2, 2, 8, 10, 5, 7, 1, 3, 6, 6, 3, 10, 4, 6, 5, 7, 5, 1, 7, 1, 3, 2, 4, 8, 5, 9, 5, 4, 2, 10, 9, 10, 3, 9, 6, 2, 6, 6, 6, 5, 3, 4, 4, 4, 5, 6, 2, 10, 10, 3, 4, 9, 10, 4, 7, 9, 1, 4, 5, 3, 8, 4, 6, 8, 5, 4, 9, 6, 6, 2, 10, 2, 5, 5, 9, 4, 9, 4, 2, 1, 1, 10, 3, 4, 1, 9, 7, 2, 5, 1, 9, 7, 8, 9, 6, 7, 7, 7, 7, 2, 2, 6, 2, 7, 5, 8, 9, 2, 10, 2, 10, 4, 8, 10, 10, 7, 8, 9, 6, 6, 10, 10, 8, 8, 8, 4, 1, 10, 10, 4, 3, 8, 10, 4, 9, 1, 6, 6, 6, 7, 1, 4, 7, 3, 1, 8, 6, 10, 9, 5, 3, 3, 10, 4, 8, 2, 6, 8, 10, 6, 4, 2, 4, 8, 6, 8, 7, 7, 7, 1, 8, 8, 2, 5, 4, 5, 2, 3, 9, 3, 10, 3, 7, 7, 10, 2, 8, 4, 2, 5, 4, 10, 6, 1, 1, 9, 7, 8, 9, 5, 4, 1, 7, 3, 5, 5, 10, 1, 2, 2, 3, 9, 3, 5, 1, 10, 3, 6, 6, 8, 3, 1, 3, 2, 9, 1, 1, 8, 10, 9, 6, 10, 3, 5, 9, 9, 10, 5, 10, 4, 1, 6, 5, 8, 2, 4, 9, 2, 9, 1, 6, 4, 10, 9, 7, 10, 3, 6, 2, 1, 7, 9, 4, 8, 3, 5, 8, 5, 1, 1, 5, 3, 8, 9, 6, 10, 8, 7, 5, 3, 3, 8, 2, 8, 10, 7, 10, 3, 6, 7, 1, 3, 1, 5, 8, 5, 5, 4, 3, 8, 1, 8, 8, 3, 6, 6, 1, 3, 10, 8, 4, 9, 1, 10, 9, 10, 4, 10, 6, 6, 7, 8, 3, 5, 1, 8, 7, 1, 7, 2, 3, 7, 10, 5, 1, 7, 2, 6, 3, 7, 1, 7, 8, 6, 8]","[6, 3, 3, 7, 4, 10, 1, 6, 5, 7, 9, 10, 4, 3, 8, 7, 1, 7, 8, 2, 8, 10, 4, 7, 8, 6, 3, 4, 10, 7, 9, 3, 8, 9, 5, 4, 2, 3, 1, 5, 2, 9, 1, 4, 9, 3, 6, 4, 4, 1, 3, 9, 10, 4, 9, 9, 9, 6, 9, 9, 9, 7, 2, 6, 10, 9, 3, 6, 1, 3, 1, 4, 4, 3, 4, 1, 2, 1, 5, 5, 9, 9, 6, 10, 1, 9, 7, 2, 2, 10, 7, 5, 6, 7, 6, 3, 5, 8, 3, 5, 4, 10, 3, 9, 5, 8, 4, 7, 1, 8, 3, 3, 6, 6, 3, 6, 3, 8, 3, 3, 10, 7, 8, 3, 3, 7, 6, 10, 8, 9, 5, 1, 8, 4, 8, 1, 5, 1, 8, 4, 9, 1, 3, 5, 4, 6, 1, 3, 2, 1, 2, 5, 9, 10, 5, 2, 2, 8, 10, 5, 7, 1, 3, 6, 6, 3, 10, 4, 6, 5, 7, 5, 1, 7, 1, 3, 2, 4, 8, 5, 9, 5, 4, 2, 10, 9, 10, 3, 9, 6, 2, 6, 6, 6, 5, 3, 4, 4, 4, 5, 6, 2, 10, 10, 3, 4, 9, 10, 4, 7, 9, 1, 4, 5, 3, 8, 4, 6, 8, 5, 4, 9, 6, 6, 2, 10, 2, 5, 5, 9, 4, 9, 4, 2, 1, 1, 10, 3, 4, 1, 9, 7, 2, 5, 1, 9, 7, 8, 9, 6, 7, 7, 7, 7, 2, 2, 6, 2, 7, 5, 8, 9, 2, 10, 2, 10, 4, 8, 10, 10, 7, 8, 9, 6, 6, 10, 10, 8, 8, 8, 4, 1, 10, 10, 4, 3, 8, 10, 4, 9, 1, 6, 6, 6, 7, 1, 4, 7, 3, 1, 8, 6, 10, 9, 5, 3, 3, 10, 4, 8, 2, 6, 8, 10, 6, 4, 2, 4, 8, 6, 8, 7, 7, 7, 1, 8, 8, 2, 5, 4, 5, 2, 3, 9, 3, 10, 3, 7, 7, 10, 2, 8, 4, 2, 5, 4, 10, 6, 1, 1, 9, 7, 8, 9, 5, 4, 1, 7, 3, 5, 5, 10, 1, 2, 2, 3, 9, 3, 5, 1, 10, 3, 6, 6, 8, 3, 1, 3, 2, 9, 1, 1, 8, 10, 9, 6, 10, 3, 5, 9, 9, 10, 5, 10, 4, 1, 6, 5, 8, 2, 4, 9, 2, 9, 1, 6, 4, 10, 9, 7, 10, 3, 6, 2, 1, 7, 9, 4, 8, 3, 5, 8, 5, 1, 1, 5, 3, 8, 9, 6, 10, 8, 7, 5, 3, 3, 8, 2, 8, 10, 7, 10, 3, 6, 7, 1, 3, 1, 5, 8, 5, 5, 4, 3, 8, 1, 8, 8, 3, 6, 6, 1, 3, 10, 8, 4, 9, 1, 10, 9, 10, 4, 10, 6, 6, 7, 8, 3, 5, 1, 8, 7, 1, 7, 2, 3, 7, 10, 5, 1, 7, 2, 6, 3, 7, 1, 7, 8, 6, 8]",7.525291575739367e-05,2015,11272.521646441974,646.374,580.5571428571428,550.9857142857143,370,249191.0,0.08183962308282444,0.028603603603603603,0.05660843849182129,12,1012
elitismo,"[7, 9, 3, 9, 9, 9, 6, 1, 4, 4, 7, 1, 2, 4, 9, 2, 8, 1, 2, 8, 5, 10, 4, 1, 8, 5, 8, 5, 2, 5, 4, 5, 4, 7, 10, 3, 1, 10, 4, 9, 7, 5, 7, 1, 1, 5, 10, 5, 8, 4, 10, 1, 5, 8, 9, 3, 7, 4, 9, 9, 10, 4, 9, 10, 3, 5, 1, 6, 3, 8, 5, 1, 5, 4, 10, 1, 5, 6, 2, 3, 9, 7, 4, 8, 10, 5, 7, 7, 6, 3, 1, 5, 5, 10, 10, 8, 2, 10, 7, 8, 1, 1, 6, 10, 7, 5, 2, 10, 4, 7, 6, 10, 2, 4, 6, 3, 6, 9, 2, 2, 3, 2, 1, 10, 1, 10, 4, 2, 9, 9, 6, 7, 8, 10, 9, 2, 9, 4, 1, 2, 5, 3, 2, 6, 3, 8, 5, 7, 4, 5, 7, 5, 9, 4, 9, 9, 5, 1, 4, 5, 7, 5, 2, 1, 5, 3, 3, 1, 5, 2, 9, 1, 8, 6, 9, 2, 2, 5, 2, 2, 5, 6, 8, 6, 2, 10, 5, 1, 5, 9, 6, 9, 7, 5, 6, 4, 7, 3, 9, 3, 6, 9, 8, 2, 10, 8, 5, 9, 8, 8, 3, 10, 3, 10, 2, 1, 9, 8, 4, 2, 4, 1, 2, 8, 5, 5, 5, 10, 6, 9, 4, 8, 6, 10, 7, 7, 1, 9, 10, 6, 7, 7, 10, 10, 8, 4, 9, 8, 9, 4, 3, 6, 8, 8, 3, 8, 6, 10, 10, 4, 10, 2, 6, 6, 6, 7, 1, 9, 10, 5, 9, 9, 3, 2, 3, 2, 2, 3, 8, 3, 5, 5, 5, 6, 9, 6, 3, 5, 6, 2, 5, 3, 8, 1, 9, 9, 6, 8, 5, 2, 4, 8, 9, 8, 7, 6, 6, 7, 3, 2, 9, 8, 3, 8, 8, 5, 10, 6, 9, 1, 5, 3, 3, 2, 1, 1, 1, 3, 3, 4, 4, 10, 3, 1, 5, 2, 10, 10, 2, 10, 1, 10, 7, 1, 8, 4, 3, 4, 6, 10, 4, 2, 1, 8, 7, 5, 6, 4, 1, 1, 10, 10, 2, 6, 10, 1, 10, 1, 10, 2, 7, 7, 7, 2, 1, 3, 3, 2, 1, 1, 3, 8, 7, 1, 2, 10, 10, 7, 3, 10, 5, 5, 1, 6, 6, 7, 6, 3, 1, 3, 2, 7, 8, 5, 8, 5, 6, 8, 2, 2, 8, 10, 10, 4, 8, 2, 9, 9, 1, 10, 8, 9, 5, 10, 5, 1, 8, 3, 3, 10, 3, 3, 8, 9, 1, 5, 1, 10, 2, 6, 1, 8, 5, 9, 4, 3, 6, 9, 4, 4, 5, 8, 6, 1, 6, 7, 10, 5, 3, 4, 2, 2, 10, 2, 2, 10, 9, 6, 8, 7, 1, 2, 4, 3, 7, 7, 9, 9, 8, 2, 1, 4, 3, 7, 10, 9, 9, 8, 7, 7, 7, 9, 6, 5, 8, 1, 4, 7, 10, 6]","[7, 9, 3, 9, 9, 9, 6, 1, 4, 4, 7, 1, 2, 4, 9, 2, 8, 1, 2, 8, 5, 10, 4, 1, 8, 5, 8, 5, 2, 5, 4, 5, 4, 7, 10, 3, 1, 10, 4, 9, 7, 5, 7, 1, 1, 5, 10, 5, 8, 4, 10, 1, 5, 8, 9, 3, 7, 4, 9, 9, 10, 4, 9, 10, 3, 5, 1, 6, 3, 8, 5, 1, 5, 4, 10, 1, 5, 6, 2, 3, 9, 7, 4, 8, 10, 5, 7, 7, 6, 3, 1, 5, 5, 10, 10, 8, 2, 10, 7, 8, 1, 1, 6, 10, 7, 5, 2, 10, 4, 7, 6, 10, 2, 4, 6, 3, 6, 9, 2, 2, 3, 2, 1, 10, 1, 10, 4, 2, 9, 9, 6, 7, 8, 10, 9, 2, 9, 4, 1, 2, 5, 3, 2, 6, 3, 8, 5, 7, 4, 5, 7, 5, 9, 4, 9, 9, 5, 1, 4, 5, 7, 5, 2, 1, 5, 3, 3, 1, 5, 2, 9, 1, 8, 6, 9, 2, 2, 5, 2, 2, 5, 6, 8, 6, 2, 10, 5, 1, 5, 9, 6, 9, 7, 5, 6, 4, 7, 3, 9, 3, 6, 9, 8, 2, 10, 8, 5, 9, 8, 8, 3, 10, 3, 10, 2, 1, 9, 8, 4, 2, 4, 1, 2, 8, 5, 5, 5, 10, 6, 9, 4, 8, 6, 10, 7, 7, 1, 9, 10, 6, 7, 7, 10, 10, 8, 4, 9, 8, 9, 4, 3, 6, 8, 8, 3, 8, 6, 10, 10, 4, 10, 2, 6, 6, 6, 7, 1, 9, 10, 5, 9, 9, 3, 2, 3, 2, 2, 3, 8, 3, 5, 5, 5, 6, 9, 6, 3, 5, 6, 2, 5, 3, 8, 1, 9, 9, 6, 8, 5, 2, 4, 8, 9, 8, 7, 6, 6, 7, 3, 2, 9, 8, 3, 8, 8, 5, 10, 6, 9, 1, 5, 3, 3, 2, 1, 1, 1, 3, 3, 4, 4, 10, 3, 1, 5, 2, 10, 10, 2, 10, 1, 10, 7, 1, 8, 4, 3, 4, 6, 10, 4, 2, 1, 8, 7, 5, 6, 4, 1, 1, 10, 10, 2, 6, 10, 1, 10, 1, 10, 2, 7, 7, 7, 2, 1, 3, 3, 2, 1, 1, 3, 8, 7, 1, 2, 10, 10, 7, 3, 10, 5, 5, 1, 6, 6, 7, 6, 3, 1, 3, 2, 7, 8, 5, 8, 5, 6, 8, 2, 2, 8, 10, 10, 4, 8, 2, 9, 9, 1, 10, 8, 9, 5, 10, 5, 1, 8, 3, 3, 10, 3, 3, 8, 9, 1, 5, 1, 10, 2, 6, 1, 8, 5, 9, 4, 3, 6, 9, 4, 4, 5, 8, 6, 1, 6, 7, 10, 5, 3, 4, 2, 2, 10, 2, 2, 10, 9, 6, 8, 7, 1, 2, 4, 3, 7, 7, 9, 9, 8, 2, 1, 4, 3, 7, 10, 9, 9, 8, 7, 7, 7, 9, 6, 5, 8, 1, 4, 7, 10, 6]",7.45156121693797e-05,2004,11415.00650450168,652.048,590.3,561.1285714285714,374,250902.0,0.1065326624132879,0.04431306306306306,0.058565378189086914,13,1013
elitismo,"[2, 3, 6, 6, 3, 6, 8, 7, 7, 10, 7, 3, 1, 4, 5, 10, 1, 9, 2, 8, 6, 10, 1, 8, 4, 7, 5, 2, 2, 4, 1, 8, 3, 1, 3, 10, 2, 2, 3, 10, 9, 6, 5, 7, 3, 6, 7, 3, 10, 6, 1, 5, 2, 9, 4, 10, 9, 2, 1, 7, 5, 7, 10, 5, 5, 4, 10, 6, 8, 3, 7, 1, 9, 8, 5, 6, 6, 7, 5, 10, 7, 2, 5, 9, 9, 10, 2, 10, 4, 9, 3, 5, 7, 2, 8, 10, 5, 3, 3, 9, 3, 6, 7, 1, 5, 3, 4, 1, 8, 5, 6, 8, 3, 3, 9, 9, 9, 9, 7, 1, 10, 6, 5, 2, 8, 3, 1, 1, 8, 5, 9, 6, 3, 10, 2, 7, 9, 8, 10, 7, 1, 2, 8, 4, 4, 5, 3, 8, 9, 4, 4, 8, 5, 2, 10, 1, 9, 4, 9, 2, 10, 2, 1, 2, 8, 8, 5, 5, 10, 6, 4, 6, 3, 4, 9, 7, 4, 9, 5, 3, 2, 1, 1, 2, 8, 7, 8, 5, 6, 10, 9, 3, 7, 4, 4, 6, 5, 1, 2, 1, 10, 9, 7, 9, 3, 8, 2, 1, 3, 1, 5, 7, 7, 4, 1, 6, 5, 4, 6, 5, 4, 2, 7, 3, 9, 2, 10, 7, 10, 1, 3, 5, 6, 8, 2, 2, 5, 8, 9, 8, 8, 9, 7, 8, 3, 8, 3, 4, 9, 2, 3, 5, 5, 9, 1, 1, 7, 8, 9, 3, 5, 7, 1, 9, 2, 3, 5, 9, 4, 7, 1, 5, 8, 6, 2, 3, 9, 3, 1, 4, 10, 7, 3, 4, 5, 6, 7, 6, 4, 3, 1, 1, 10, 5, 8, 4, 6, 7, 4, 8, 6, 9, 1, 10, 9, 8, 6, 7, 8, 2, 7, 9, 7, 7, 2, 8, 4, 2, 9, 10, 3, 5, 7, 2, 2, 1, 2, 10, 1, 2, 1, 1, 5, 9, 2, 8, 5, 8, 6, 9, 10, 6, 10, 2, 3, 2, 2, 5, 9, 1, 3, 2, 4, 3, 4, 3, 5, 7, 9, 5, 7, 3, 9, 4, 3, 3, 9, 4, 6, 6, 2, 3, 1, 10, 5, 8, 7, 8, 1, 10, 10, 4, 5, 1, 3, 2, 1, 9, 1, 7, 9, 7, 5, 7, 6, 3, 3, 3, 10, 9, 7, 10, 2, 10, 9, 7, 2, 5, 7, 7, 9, 8, 3, 10, 8, 9, 8, 1, 3, 5, 8, 5, 9, 8, 10, 2, 10, 5, 6, 2, 10, 10, 6, 6, 10, 10, 4, 4, 3, 9, 6, 8, 1, 6, 4, 5, 6, 6, 6, 9, 4, 8, 6, 9, 2, 4, 10, 4, 4, 10, 1, 3, 7, 3, 8, 7, 10, 3, 2, 7, 6, 6, 4, 1, 6, 7, 7, 3, 4, 5, 1, 10, 5, 3, 3, 8, 6, 2, 5, 8, 6, 6, 4, 6, 9, 7, 8, 1, 7, 10]","[2, 3, 6, 6, 3, 6, 8, 7, 7, 10, 7, 3, 1, 4, 5, 10, 1, 9, 2, 8, 6, 10, 1, 8, 4, 7, 5, 2, 2, 4, 1, 8, 3, 1, 3, 10, 2, 2, 3, 10, 9, 6, 5, 7, 3, 6, 7, 3, 10, 6, 1, 5, 2, 9, 4, 10, 9, 2, 1, 7, 5, 7, 10, 5, 5, 4, 10, 6, 8, 3, 7, 1, 9, 8, 5, 6, 6, 7, 5, 10, 7, 2, 5, 9, 9, 10, 2, 10, 4, 9, 3, 5, 7, 2, 8, 10, 5, 3, 3, 9, 3, 6, 7, 1, 5, 3, 4, 1, 8, 5, 6, 8, 3, 3, 9, 9, 9, 9, 7, 1, 10, 6, 5, 2, 8, 3, 1, 1, 8, 5, 9, 6, 3, 10, 2, 7, 9, 8, 10, 7, 1, 2, 8, 4, 4, 5, 3, 8, 9, 4, 4, 8, 5, 2, 10, 1, 9, 4, 9, 2, 10, 2, 1, 2, 8, 8, 5, 5, 10, 6, 4, 6, 3, 4, 9, 7, 4, 9, 5, 3, 2, 1, 1, 2, 8, 7, 8, 5, 6, 10, 9, 3, 7, 4, 4, 6, 5, 1, 2, 1, 10, 9, 7, 9, 3, 8, 2, 1, 3, 1, 5, 7, 7, 4, 1, 6, 5, 4, 6, 5, 4, 2, 7, 3, 9, 2, 10, 7, 10, 1, 3, 5, 6, 8, 2, 2, 5, 8, 9, 8, 8, 9, 7, 8, 3, 8, 3, 4, 9, 2, 3, 5, 5, 9, 1, 1, 7, 8, 9, 3, 5, 7, 1, 9, 2, 3, 5, 9, 4, 7, 1, 5, 8, 6, 2, 3, 9, 3, 1, 4, 10, 7, 3, 4, 5, 6, 7, 6, 4, 3, 1, 1, 10, 5, 8, 4, 6, 7, 4, 8, 6, 9, 1, 10, 9, 8, 6, 7, 8, 2, 7, 9, 7, 7, 2, 8, 4, 2, 9, 10, 3, 5, 7, 2, 2, 1, 2, 10, 1, 2, 1, 1, 5, 9, 2, 8, 5, 8, 6, 9, 10, 6, 10, 2, 3, 2, 2, 5, 9, 1, 3, 2, 4, 3, 4, 3, 5, 7, 9, 5, 7, 3, 9, 4, 3, 3, 9, 4, 6, 6, 2, 3, 1, 10, 5, 8, 7, 8, 1, 10, 10, 4, 5, 1, 3, 2, 1, 9, 1, 7, 9, 7, 5, 7, 6, 3, 3, 3, 10, 9, 7, 10, 2, 10, 9, 7, 2, 5, 7, 7, 9, 8, 3, 10, 8, 9, 8, 1, 3, 5, 8, 5, 9, 8, 10, 2, 10, 5, 6, 2, 10, 10, 6, 6, 10, 10, 4, 4, 3, 9, 6, 8, 1, 6, 4, 5, 6, 6, 6, 9, 4, 8, 6, 9, 2, 4, 10, 4, 4, 10, 1, 3, 7, 3, 8, 7, 10, 3, 2, 7, 6, 6, 4, 1, 6, 7, 7, 3, 4, 5, 1, 10, 5, 3, 3, 8, 6, 2, 5, 8, 6, 6, 4, 6, 9, 7, 8, 1, 7, 10]",7.689222060467803e-05,1836,11168.216810439744,643.826,573.3,544.1142857142858,368,247701.0,0.02864214966797128,0.01204954954954955,0.05885028839111328,14,1014
elitismo,"[8, 1, 4, 3, 1, 6, 9, 8, 8, 5, 5, 5, 5, 6, 2, 9, 2, 3, 7, 10, 10, 4, 5, 3, 6, 1, 2, 3, 2, 6, 6, 7, 5, 8, 2, 6, 9, 4, 1, 2, 2, 3, 9, 9, 2, 3, 4, 3, 1, 8, 3, 6, 7, 4, 5, 2, 7, 10, 5, 8, 8, 7, 8, 6, 3, 6, 10, 9, 10, 5, 2, 9, 9, 9, 4, 8, 9, 1, 10, 9, 4, 8, 8, 9, 8, 2, 2, 9, 7, 10, 8, 8, 4, 4, 5, 8, 7, 4, 7, 10, 4, 1, 2, 1, 8, 1, 8, 6, 8, 9, 6, 4, 9, 3, 10, 8, 9, 7, 10, 5, 7, 10, 3, 5, 4, 10, 1, 9, 5, 10, 1, 8, 4, 5, 8, 8, 4, 6, 10, 3, 2, 5, 2, 2, 6, 1, 9, 8, 3, 3, 2, 3, 2, 6, 6, 4, 2, 2, 8, 9, 7, 2, 2, 10, 9, 8, 2, 6, 5, 4, 9, 1, 4, 6, 10, 3, 8, 9, 7, 10, 1, 5, 10, 9, 4, 6, 3, 8, 5, 5, 6, 1, 7, 3, 3, 5, 10, 4, 8, 10, 3, 10, 4, 2, 1, 9, 2, 9, 9, 1, 3, 9, 5, 5, 4, 8, 4, 5, 7, 6, 5, 7, 5, 3, 5, 7, 7, 5, 10, 7, 6, 2, 9, 8, 4, 4, 5, 9, 2, 3, 3, 7, 1, 9, 2, 8, 3, 3, 8, 9, 9, 9, 1, 4, 4, 6, 3, 2, 2, 7, 5, 2, 8, 10, 9, 3, 10, 10, 4, 5, 5, 2, 7, 4, 4, 4, 7, 1, 7, 6, 7, 8, 9, 2, 4, 2, 1, 9, 3, 5, 7, 2, 10, 5, 7, 9, 2, 1, 7, 5, 7, 5, 8, 9, 1, 10, 9, 10, 7, 6, 8, 10, 8, 3, 2, 5, 3, 7, 7, 6, 4, 4, 10, 8, 9, 2, 8, 9, 4, 4, 7, 3, 8, 2, 8, 1, 4, 7, 6, 1, 5, 5, 10, 5, 8, 10, 1, 4, 5, 6, 4, 6, 4, 5, 5, 10, 4, 1, 8, 5, 2, 5, 8, 4, 4, 10, 6, 3, 1, 8, 2, 8, 2, 5, 2, 10, 9, 2, 9, 7, 3, 4, 9, 2, 6, 9, 4, 10, 1, 1, 3, 2, 5, 4, 9, 3, 7, 5, 4, 8, 1, 3, 2, 7, 6, 10, 6, 3, 1, 5, 2, 1, 8, 10, 6, 6, 1, 1, 3, 7, 9, 1, 3, 10, 1, 6, 3, 7, 7, 7, 1, 10, 4, 1, 2, 10, 4, 10, 6, 3, 1, 3, 4, 2, 10, 1, 7, 8, 8, 9, 6, 8, 7, 2, 3, 9, 3, 6, 9, 9, 7, 7, 6, 9, 6, 8, 7, 1, 9, 6, 6, 1, 7, 5, 5, 10, 4, 10, 6, 6, 9, 1, 6, 10, 7, 3, 2, 3, 3, 8, 2, 5, 6, 10, 2, 5, 1, 6, 5, 5]","[8, 1, 4, 3, 1, 6, 9, 8, 8, 5, 5, 5, 5, 6, 2, 9, 2, 3, 7, 10, 10, 4, 5, 3, 6, 1, 2, 3, 2, 6, 6, 7, 5, 8, 2, 6, 9, 4, 1, 2, 2, 3, 9, 9, 2, 3, 4, 3, 1, 8, 3, 6, 7, 4, 5, 2, 7, 10, 5, 8, 8, 7, 8, 6, 3, 6, 10, 9, 10, 5, 2, 9, 9, 9, 4, 8, 9, 1, 10, 9, 4, 8, 8, 9, 8, 2, 2, 9, 7, 10, 8, 8, 4, 4, 5, 8, 7, 4, 7, 10, 4, 1, 2, 1, 8, 1, 8, 6, 8, 9, 6, 4, 9, 3, 10, 8, 9, 7, 10, 5, 7, 10, 3, 5, 4, 10, 1, 9, 5, 10, 1, 8, 4, 5, 8, 8, 4, 6, 10, 3, 2, 5, 2, 2, 6, 1, 9, 8, 3, 3, 2, 3, 2, 6, 6, 4, 2, 2, 8, 9, 7, 2, 2, 10, 9, 8, 2, 6, 5, 4, 9, 1, 4, 6, 10, 3, 8, 9, 7, 10, 1, 5, 10, 9, 4, 6, 3, 8, 5, 5, 6, 1, 7, 3, 3, 5, 10, 4, 8, 10, 3, 10, 4, 2, 1, 9, 2, 9, 9, 1, 3, 9, 5, 5, 4, 8, 4, 5, 7, 6, 5, 7, 5, 3, 5, 7, 7, 5, 10, 7, 6, 2, 9, 8, 4, 4, 5, 9, 2, 3, 3, 7, 1, 9, 2, 8, 3, 3, 8, 9, 9, 9, 1, 4, 4, 6, 3, 2, 2, 7, 5, 2, 8, 10, 9, 3, 10, 10, 4, 5, 5, 2, 7, 4, 4, 4, 7, 1, 7, 6, 7, 8, 9, 2, 4, 2, 1, 9, 3, 5, 7, 2, 10, 5, 7, 9, 2, 1, 7, 5, 7, 5, 8, 9, 1, 10, 9, 10, 7, 6, 8, 10, 8, 3, 2, 5, 3, 7, 7, 6, 4, 4, 10, 8, 9, 2, 8, 9, 4, 4, 7, 3, 8, 2, 8, 1, 4, 7, 6, 1, 5, 5, 10, 5, 8, 10, 1, 4, 5, 6, 4, 6, 4, 5, 5, 10, 4, 1, 8, 5, 2, 5, 8, 4, 4, 10, 6, 3, 1, 8, 2, 8, 2, 5, 2, 10, 9, 2, 9, 7, 3, 4, 9, 2, 6, 9, 4, 10, 1, 1, 3, 2, 5, 4, 9, 3, 7, 5, 4, 8, 1, 3, 2, 7, 6, 10, 6, 3, 1, 5, 2, 1, 8, 10, 6, 6, 1, 1, 3, 7, 9, 1, 3, 10, 1, 6, 3, 7, 7, 7, 1, 10, 4, 1, 2, 10, 4, 10, 6, 3, 1, 3, 4, 2, 10, 1, 7, 8, 8, 9, 6, 8, 7, 2, 3, 9, 3, 6, 9, 9, 7, 7, 6, 9, 6, 8, 7, 1, 9, 6, 6, 1, 7, 5, 5, 10, 4, 10, 6, 6, 9, 1, 6, 10, 7, 3, 2, 3, 3, 8, 2, 5, 6, 10, 2, 5, 1, 6, 5, 5]",7.43126737793875e-05,1979,11476.654822684839,641.682,606.9857142857143,577.4142857142857,365,246907.0,0.07173962600128096,0.02989864864864865,0.06255030632019043,15,1015
elitismo,"[6, 7, 9, 6, 9, 3, 2, 6, 8, 1, 8, 9, 8, 10, 9, 7, 10, 3, 10, 8, 3, 2, 10, 5, 6, 6, 6, 6, 6, 6, 5, 4, 10, 6, 5, 1, 8, 3, 4, 4, 5, 10, 6, 6, 6, 9, 3, 5, 6, 6, 7, 2, 4, 9, 8, 10, 4, 3, 4, 5, 10, 5, 2, 2, 5, 7, 6, 9, 8, 7, 4, 3, 3, 8, 3, 7, 1, 7, 4, 4, 8, 1, 2, 8, 10, 7, 8, 5, 1, 7, 5, 8, 7, 3, 1, 4, 8, 9, 4, 6, 4, 5, 1, 8, 10, 8, 3, 3, 9, 9, 10, 10, 8, 4, 9, 1, 2, 2, 7, 7, 9, 3, 1, 4, 8, 6, 5, 8, 3, 5, 8, 5, 6, 9, 9, 6, 4, 10, 3, 10, 2, 4, 1, 7, 2, 7, 7, 4, 9, 9, 2, 6, 2, 10, 3, 2, 6, 8, 3, 8, 1, 4, 1, 2, 6, 1, 8, 6, 8, 7, 6, 4, 1, 1, 1, 5, 9, 3, 1, 9, 10, 7, 10, 10, 10, 4, 1, 4, 4, 1, 8, 8, 5, 1, 10, 2, 1, 5, 8, 8, 7, 9, 9, 7, 9, 1, 2, 8, 1, 10, 2, 10, 6, 8, 4, 10, 8, 2, 4, 1, 10, 9, 5, 3, 9, 1, 8, 8, 4, 3, 5, 7, 4, 2, 3, 2, 4, 8, 9, 1, 1, 3, 6, 6, 8, 10, 2, 4, 2, 2, 1, 2, 8, 2, 5, 2, 7, 3, 9, 1, 7, 2, 3, 5, 1, 2, 6, 9, 9, 1, 2, 10, 4, 6, 7, 1, 10, 10, 4, 6, 8, 1, 8, 3, 3, 1, 3, 10, 5, 4, 1, 5, 6, 10, 2, 6, 7, 2, 4, 1, 3, 8, 9, 10, 6, 2, 9, 6, 6, 6, 3, 6, 4, 6, 5, 10, 5, 3, 5, 3, 4, 3, 10, 4, 10, 9, 4, 1, 4, 5, 7, 7, 4, 1, 3, 6, 7, 10, 2, 6, 2, 8, 4, 9, 9, 10, 10, 9, 2, 8, 1, 4, 2, 5, 8, 4, 6, 2, 5, 8, 4, 6, 9, 1, 2, 7, 10, 3, 10, 4, 10, 7, 4, 10, 5, 9, 8, 1, 4, 1, 8, 3, 4, 7, 8, 5, 1, 5, 4, 1, 7, 9, 10, 7, 8, 6, 7, 9, 10, 1, 7, 4, 2, 5, 3, 2, 9, 2, 4, 1, 9, 1, 2, 6, 8, 4, 2, 6, 8, 7, 8, 3, 6, 3, 6, 7, 3, 8, 9, 2, 7, 9, 7, 9, 3, 6, 8, 5, 1, 4, 10, 7, 4, 5, 8, 5, 7, 7, 10, 2, 5, 4, 10, 6, 1, 8, 4, 7, 8, 5, 4, 2, 6, 7, 3, 4, 8, 3, 6, 3, 2, 7, 9, 10, 4, 7, 1, 7, 5, 1, 4, 5, 9, 6, 8, 5, 5, 8, 3, 7, 8, 7, 10, 10, 8, 8, 3, 8, 8, 4]","[6, 7, 9, 6, 9, 3, 2, 6, 8, 1, 8, 9, 8, 10, 9, 7, 10, 3, 10, 8, 3, 2, 10, 5, 6, 6, 6, 6, 6, 6, 5, 4, 10, 6, 5, 1, 8, 3, 4, 4, 5, 10, 6, 6, 6, 9, 3, 5, 6, 6, 7, 2, 4, 9, 8, 10, 4, 3, 4, 5, 10, 5, 2, 2, 5, 7, 6, 9, 8, 7, 4, 3, 3, 8, 3, 7, 1, 7, 4, 4, 8, 1, 2, 8, 10, 7, 8, 5, 1, 7, 5, 8, 7, 3, 1, 4, 8, 9, 4, 6, 4, 5, 1, 8, 10, 8, 3, 3, 9, 9, 10, 10, 8, 4, 9, 1, 2, 2, 7, 7, 9, 3, 1, 4, 8, 6, 5, 8, 3, 5, 8, 5, 6, 9, 9, 6, 4, 10, 3, 10, 2, 4, 1, 7, 2, 7, 7, 4, 9, 9, 2, 6, 2, 10, 3, 2, 6, 8, 3, 8, 1, 4, 1, 2, 6, 1, 8, 6, 8, 7, 6, 4, 1, 1, 1, 5, 9, 3, 1, 9, 10, 7, 10, 10, 10, 4, 1, 4, 4, 1, 8, 8, 5, 1, 10, 2, 1, 5, 8, 8, 7, 9, 9, 7, 9, 1, 2, 8, 1, 10, 2, 10, 6, 8, 4, 10, 8, 2, 4, 1, 10, 9, 5, 3, 9, 1, 8, 8, 4, 3, 5, 7, 4, 2, 3, 2, 4, 8, 9, 1, 1, 3, 6, 6, 8, 10, 2, 4, 2, 2, 1, 2, 8, 2, 5, 2, 7, 3, 9, 1, 7, 2, 3, 5, 1, 2, 6, 9, 9, 1, 2, 10, 4, 6, 7, 1, 10, 10, 4, 6, 8, 1, 8, 3, 3, 1, 3, 10, 5, 4, 1, 5, 6, 10, 2, 6, 7, 2, 4, 1, 3, 8, 9, 10, 6, 2, 9, 6, 6, 6, 3, 6, 4, 6, 5, 10, 5, 3, 5, 3, 4, 3, 10, 4, 10, 9, 4, 1, 4, 5, 7, 7, 4, 1, 3, 6, 7, 10, 2, 6, 2, 8, 4, 9, 9, 10, 10, 9, 2, 8, 1, 4, 2, 5, 8, 4, 6, 2, 5, 8, 4, 6, 9, 1, 2, 7, 10, 3, 10, 4, 10, 7, 4, 10, 5, 9, 8, 1, 4, 1, 8, 3, 4, 7, 8, 5, 1, 5, 4, 1, 7, 9, 10, 7, 8, 6, 7, 9, 10, 1, 7, 4, 2, 5, 3, 2, 9, 2, 4, 1, 9, 1, 2, 6, 8, 4, 2, 6, 8, 7, 8, 3, 6, 3, 6, 7, 3, 8, 9, 2, 7, 9, 7, 9, 3, 6, 8, 5, 1, 4, 10, 7, 4, 5, 8, 5, 7, 7, 10, 2, 5, 4, 10, 6, 1, 8, 4, 7, 8, 5, 4, 2, 6, 7, 3, 4, 8, 3, 6, 3, 2, 7, 9, 10, 4, 7, 1, 7, 5, 1, 4, 5, 9, 6, 8, 5, 5, 8, 3, 7, 8, 7, 10, 10, 8, 8, 3, 8, 8, 4]",7.42292199664273e-05,2065,11405.783759175754,648.96,592.9428571428572,563.9142857142857,368,249596.0,0.0855822515946164,0.03412162162162162,0.06447863578796387,16,1016
elitismo,"[7, 5, 3, 2, 10, 6, 6, 4, 8, 7, 1, 10, 5, 9, 4, 6, 3, 2, 7, 3, 4, 6, 5, 6, 5, 4, 5, 1, 1, 3, 3, 8, 4, 10, 9, 4, 3, 7, 7, 9, 5, 6, 3, 1, 7, 8, 1, 3, 10, 5, 10, 3, 1, 1, 10, 5, 1, 9, 2, 7, 7, 5, 3, 10, 10, 2, 8, 3, 5, 5, 5, 6, 8, 5, 5, 4, 8, 8, 8, 2, 9, 5, 6, 2, 1, 8, 2, 7, 4, 7, 6, 5, 1, 6, 5, 10, 2, 8, 1, 9, 7, 8, 9, 4, 9, 7, 5, 6, 8, 3, 4, 2, 2, 6, 1, 7, 9, 10, 8, 8, 10, 8, 1, 6, 5, 2, 10, 4, 3, 9, 4, 6, 5, 5, 5, 7, 1, 3, 8, 7, 8, 4, 1, 4, 3, 3, 2, 5, 7, 10, 5, 4, 1, 2, 10, 8, 7, 3, 2, 6, 8, 10, 4, 4, 6, 10, 6, 8, 9, 3, 2, 5, 10, 6, 6, 1, 7, 1, 2, 1, 6, 2, 8, 1, 9, 3, 5, 10, 6, 1, 10, 3, 5, 9, 10, 2, 5, 4, 6, 5, 7, 7, 10, 7, 3, 5, 9, 7, 6, 7, 8, 10, 9, 6, 7, 7, 9, 3, 9, 4, 7, 5, 10, 9, 6, 7, 1, 5, 2, 4, 5, 4, 7, 2, 6, 2, 7, 1, 10, 3, 2, 2, 7, 4, 5, 9, 3, 2, 9, 9, 1, 2, 7, 3, 6, 8, 3, 7, 6, 6, 2, 3, 10, 7, 5, 2, 9, 1, 3, 8, 2, 6, 7, 6, 5, 8, 5, 4, 4, 1, 10, 1, 4, 10, 3, 3, 3, 9, 5, 1, 2, 7, 7, 2, 9, 8, 2, 3, 3, 4, 10, 4, 7, 6, 10, 5, 8, 6, 4, 4, 8, 7, 3, 9, 9, 8, 10, 10, 1, 1, 3, 7, 2, 1, 1, 5, 9, 9, 8, 1, 5, 8, 7, 8, 5, 4, 3, 1, 10, 2, 9, 5, 3, 6, 1, 3, 10, 2, 10, 7, 2, 8, 9, 6, 3, 6, 7, 8, 10, 2, 3, 6, 7, 4, 8, 2, 7, 4, 6, 7, 3, 2, 10, 4, 6, 6, 10, 10, 2, 2, 8, 3, 10, 4, 6, 10, 7, 7, 9, 3, 6, 10, 7, 2, 8, 7, 3, 2, 3, 7, 7, 6, 9, 6, 1, 4, 10, 7, 4, 5, 9, 2, 8, 10, 8, 3, 2, 3, 9, 3, 1, 10, 5, 3, 4, 5, 5, 10, 4, 4, 9, 2, 1, 1, 9, 8, 1, 4, 3, 8, 3, 9, 3, 1, 1, 3, 2, 5, 2, 3, 4, 8, 4, 10, 3, 6, 8, 4, 9, 9, 5, 9, 5, 10, 8, 1, 4, 8, 9, 1, 6, 7, 10, 5, 7, 4, 3, 3, 5, 1, 1, 7, 6, 5, 2, 8, 4, 2, 10, 6, 6, 1, 2, 5, 10, 6, 7, 10, 2, 3]","[7, 5, 3, 2, 10, 6, 6, 4, 8, 7, 1, 10, 5, 9, 4, 6, 3, 2, 7, 3, 4, 6, 5, 6, 5, 4, 5, 1, 1, 3, 3, 8, 4, 10, 9, 4, 3, 7, 7, 9, 5, 6, 3, 1, 7, 8, 1, 3, 10, 5, 10, 3, 1, 1, 10, 5, 1, 9, 2, 7, 7, 5, 3, 10, 10, 2, 8, 3, 5, 5, 5, 6, 8, 5, 5, 4, 8, 8, 8, 2, 9, 5, 6, 2, 1, 8, 2, 7, 4, 7, 6, 5, 1, 6, 5, 10, 2, 8, 1, 9, 7, 8, 9, 4, 9, 7, 5, 6, 8, 3, 4, 2, 2, 6, 1, 7, 9, 10, 8, 8, 10, 8, 1, 6, 5, 2, 10, 4, 3, 9, 4, 6, 5, 5, 5, 7, 1, 3, 8, 7, 8, 4, 1, 4, 3, 3, 2, 5, 7, 10, 5, 4, 1, 2, 10, 8, 7, 3, 2, 6, 8, 10, 4, 4, 6, 10, 6, 8, 9, 3, 2, 5, 10, 6, 6, 1, 7, 1, 2, 1, 6, 2, 8, 1, 9, 3, 5, 10, 6, 1, 10, 3, 5, 9, 10, 2, 5, 4, 6, 5, 7, 7, 10, 7, 3, 5, 9, 7, 6, 7, 8, 10, 9, 6, 7, 7, 9, 3, 9, 4, 7, 5, 10, 9, 6, 7, 1, 5, 2, 4, 5, 4, 7, 2, 6, 2, 7, 1, 10, 3, 2, 2, 7, 4, 5, 9, 3, 2, 9, 9, 1, 2, 7, 3, 6, 8, 3, 7, 6, 6, 2, 3, 10, 7, 5, 2, 9, 1, 3, 8, 2, 6, 7, 6, 5, 8, 5, 4, 4, 1, 10, 1, 4, 10, 3, 3, 3, 9, 5, 1, 2, 7, 7, 2, 9, 8, 2, 3, 3, 4, 10, 4, 7, 6, 10, 5, 8, 6, 4, 4, 8, 7, 3, 9, 9, 8, 10, 10, 1, 1, 3, 7, 2, 1, 1, 5, 9, 9, 8, 1, 5, 8, 7, 8, 5, 4, 3, 1, 10, 2, 9, 5, 3, 6, 1, 3, 10, 2, 10, 7, 2, 8, 9, 6, 3, 6, 7, 8, 10, 2, 3, 6, 7, 4, 8, 2, 7, 4, 6, 7, 3, 2, 10, 4, 6, 6, 10, 10, 2, 2, 8, 3, 10, 4, 6, 10, 7, 7, 9, 3, 6, 10, 7, 2, 8, 7, 3, 2, 3, 7, 7, 6, 9, 6, 1, 4, 10, 7, 4, 5, 9, 2, 8, 10, 8, 3, 2, 3, 9, 3, 1, 10, 5, 3, 4, 5, 5, 10, 4, 4, 9, 2, 1, 1, 9, 8, 1, 4, 3, 8, 3, 9, 3, 1, 1, 3, 2, 5, 2, 3, 4, 8, 4, 10, 3, 6, 8, 4, 9, 9, 5, 9, 5, 10, 8, 1, 4, 8, 9, 1, 6, 7, 10, 5, 7, 4, 3, 3, 5, 1, 1, 7, 6, 5, 2, 8, 4, 2, 10, 6, 6, 1, 2, 5, 10, 6, 7, 10, 2, 3]",7.45961856580483e-05,2070,11334.511168949539,645.694,590.1142857142858,560.1428571428571,370,247770.0,0.08641394703323929,0.03558558558558558,0.05936574935913086,17,1017
elitismo,"[5, 8, 4, 3, 1, 7, 3, 8, 10, 7, 9, 10, 6, 2, 9, 3, 6, 3, 8, 8, 1, 5, 8, 1, 4, 7, 8, 8, 7, 7, 8, 9, 2, 8, 2, 2, 2, 8, 4, 3, 2, 7, 8, 1, 4, 2, 5, 1, 10, 5, 7, 6, 8, 4, 2, 4, 4, 1, 2, 1, 7, 10, 5, 3, 2, 8, 3, 10, 1, 9, 2, 1, 10, 9, 3, 2, 2, 4, 2, 6, 9, 7, 3, 1, 6, 10, 2, 9, 9, 3, 3, 2, 4, 8, 10, 10, 1, 5, 1, 8, 10, 2, 8, 4, 2, 8, 5, 10, 6, 5, 5, 4, 8, 8, 6, 3, 9, 5, 5, 3, 2, 8, 7, 10, 6, 10, 2, 5, 4, 2, 7, 7, 5, 1, 3, 6, 6, 6, 9, 3, 9, 6, 7, 7, 7, 1, 3, 3, 9, 5, 2, 5, 7, 1, 5, 10, 9, 10, 3, 6, 4, 2, 2, 1, 6, 7, 4, 1, 4, 3, 9, 5, 1, 3, 4, 2, 7, 7, 8, 9, 8, 7, 7, 3, 3, 7, 6, 9, 10, 10, 9, 2, 4, 2, 10, 1, 5, 10, 3, 4, 7, 9, 7, 9, 3, 10, 1, 5, 2, 9, 10, 7, 3, 1, 3, 10, 7, 6, 2, 3, 9, 6, 3, 2, 1, 4, 2, 6, 9, 6, 8, 10, 3, 8, 2, 5, 5, 4, 9, 5, 5, 2, 5, 7, 9, 8, 10, 5, 1, 1, 9, 1, 5, 1, 8, 6, 5, 4, 7, 8, 4, 9, 6, 1, 5, 9, 7, 4, 1, 9, 4, 6, 10, 4, 10, 1, 5, 8, 2, 2, 4, 2, 7, 9, 7, 8, 2, 4, 4, 9, 7, 1, 8, 10, 6, 5, 6, 3, 8, 7, 10, 1, 6, 6, 7, 4, 10, 4, 3, 10, 3, 9, 10, 2, 10, 5, 3, 1, 1, 6, 9, 1, 8, 9, 2, 4, 9, 9, 3, 2, 9, 7, 7, 6, 6, 3, 9, 8, 3, 3, 10, 3, 3, 3, 9, 1, 4, 8, 3, 6, 6, 9, 8, 2, 4, 7, 5, 8, 5, 2, 4, 3, 5, 3, 8, 7, 10, 6, 9, 2, 10, 2, 10, 5, 10, 1, 8, 1, 8, 8, 5, 2, 6, 6, 5, 10, 7, 1, 5, 6, 10, 1, 8, 4, 6, 8, 2, 8, 7, 7, 3, 6, 8, 8, 4, 4, 6, 3, 7, 7, 1, 3, 4, 3, 4, 5, 5, 5, 7, 9, 1, 8, 5, 6, 4, 9, 1, 5, 7, 3, 2, 5, 2, 5, 1, 4, 9, 1, 7, 5, 5, 10, 5, 2, 9, 9, 9, 10, 10, 1, 9, 1, 8, 4, 4, 1, 9, 2, 6, 6, 10, 9, 7, 9, 3, 10, 10, 2, 2, 2, 8, 10, 7, 6, 5, 8, 4, 8, 9, 7, 10, 10, 7, 5, 7, 6, 3, 1, 9, 6, 1, 10, 4, 3, 8, 10, 10, 7, 3, 6]","[5, 8, 4, 3, 1, 7, 3, 8, 10, 7, 9, 10, 6, 2, 9, 3, 6, 3, 8, 8, 1, 5, 8, 1, 4, 7, 8, 8, 7, 7, 8, 9, 2, 8, 2, 2, 2, 8, 4, 3, 2, 7, 8, 1, 4, 2, 5, 1, 10, 5, 7, 6, 8, 4, 2, 4, 4, 1, 2, 1, 7, 10, 5, 3, 2, 8, 3, 10, 1, 9, 2, 1, 10, 9, 3, 2, 2, 4, 2, 6, 9, 7, 3, 1, 6, 10, 2, 9, 9, 3, 3, 2, 4, 8, 10, 10, 1, 5, 1, 8, 10, 2, 8, 4, 2, 8, 5, 10, 6, 5, 5, 4, 8, 8, 6, 3, 9, 5, 5, 3, 2, 8, 7, 10, 6, 10, 2, 5, 4, 2, 7, 7, 5, 1, 3, 6, 6, 6, 9, 3, 9, 6, 7, 7, 7, 1, 3, 3, 9, 5, 2, 5, 7, 1, 5, 10, 9, 10, 3, 6, 4, 2, 2, 1, 6, 7, 4, 1, 4, 3, 9, 5, 1, 3, 4, 2, 7, 7, 8, 9, 8, 7, 7, 3, 3, 7, 6, 9, 10, 10, 9, 2, 4, 2, 10, 1, 5, 10, 3, 4, 7, 9, 7, 9, 3, 10, 1, 5, 2, 9, 10, 7, 3, 1, 3, 10, 7, 6, 2, 3, 9, 6, 3, 2, 1, 4, 2, 6, 9, 6, 8, 10, 3, 8, 2, 5, 5, 4, 9, 5, 5, 2, 5, 7, 9, 8, 10, 5, 1, 1, 9, 1, 5, 1, 8, 6, 5, 4, 7, 8, 4, 9, 6, 1, 5, 9, 7, 4, 1, 9, 4, 6, 10, 4, 10, 1, 5, 8, 2, 2, 4, 2, 7, 9, 7, 8, 2, 4, 4, 9, 7, 1, 8, 10, 6, 5, 6, 3, 8, 7, 10, 1, 6, 6, 7, 4, 10, 4, 3, 10, 3, 9, 10, 2, 10, 5, 3, 1, 1, 6, 9, 1, 8, 9, 2, 4, 9, 9, 3, 2, 9, 7, 7, 6, 6, 3, 9, 8, 3, 3, 10, 3, 3, 3, 9, 1, 4, 8, 3, 6, 6, 9, 8, 2, 4, 7, 5, 8, 5, 2, 4, 3, 5, 3, 8, 7, 10, 6, 9, 2, 10, 2, 10, 5, 10, 1, 8, 1, 8, 8, 5, 2, 6, 6, 5, 10, 7, 1, 5, 6, 10, 1, 8, 4, 6, 8, 2, 8, 7, 7, 3, 6, 8, 8, 4, 4, 6, 3, 7, 7, 1, 3, 4, 3, 4, 5, 5, 5, 7, 9, 1, 8, 5, 6, 4, 9, 1, 5, 7, 3, 2, 5, 2, 5, 1, 4, 9, 1, 7, 5, 5, 10, 5, 2, 9, 9, 9, 10, 10, 1, 9, 1, 8, 4, 4, 1, 9, 2, 6, 6, 10, 9, 7, 9, 3, 10, 10, 2, 2, 2, 8, 10, 7, 6, 5, 8, 4, 8, 9, 7, 10, 10, 7, 5, 7, 6, 3, 1, 9, 6, 1, 10, 4, 3, 8, 10, 10, 7, 3, 6]",7.621186878583988e-05,1929,11191.31582562373,640.556,578.4857142857143,549.2,365,246550.0,0.06140486034868908,0.02606981981981982,0.06020307540893555,18,1018
elitismo,"[8, 9, 7, 1, 2, 5, 4, 8, 5, 9, 7, 10, 2, 4, 3, 9, 8, 3, 7, 1, 8, 10, 9, 5, 2, 6, 5, 4, 7, 7, 10, 8, 6, 7, 2, 10, 5, 8, 7, 7, 7, 3, 5, 8, 2, 2, 8, 3, 2, 6, 10, 3, 6, 6, 7, 7, 9, 7, 9, 7, 5, 8, 1, 6, 6, 1, 2, 9, 7, 7, 10, 4, 1, 2, 10, 1, 5, 7, 1, 6, 3, 5, 9, 2, 5, 4, 4, 2, 5, 10, 2, 10, 9, 8, 3, 2, 5, 9, 9, 9, 5, 6, 3, 8, 5, 4, 4, 3, 5, 4, 3, 8, 8, 6, 10, 5, 3, 2, 4, 6, 9, 7, 6, 10, 8, 7, 3, 6, 6, 8, 10, 4, 3, 2, 8, 10, 1, 5, 6, 9, 6, 8, 8, 9, 6, 8, 9, 9, 1, 7, 6, 1, 10, 6, 8, 3, 1, 2, 9, 9, 1, 10, 2, 5, 10, 6, 8, 8, 5, 9, 5, 3, 4, 3, 10, 1, 3, 4, 7, 8, 2, 9, 6, 1, 4, 7, 4, 1, 10, 2, 1, 6, 8, 4, 3, 4, 10, 4, 8, 7, 8, 6, 10, 7, 3, 9, 7, 6, 8, 3, 1, 9, 4, 3, 6, 2, 7, 5, 9, 1, 5, 6, 1, 4, 4, 7, 1, 7, 10, 8, 4, 8, 2, 5, 8, 6, 7, 6, 7, 10, 2, 3, 6, 2, 1, 5, 5, 8, 10, 10, 8, 6, 6, 3, 4, 2, 7, 3, 2, 5, 10, 2, 5, 1, 5, 10, 1, 1, 8, 4, 4, 6, 1, 2, 10, 10, 3, 5, 4, 6, 9, 5, 1, 1, 4, 9, 6, 8, 10, 10, 3, 5, 5, 3, 7, 10, 9, 4, 4, 2, 6, 5, 8, 9, 4, 6, 4, 9, 10, 8, 4, 4, 7, 9, 10, 9, 7, 8, 10, 7, 9, 6, 1, 9, 9, 10, 8, 7, 9, 3, 10, 2, 10, 1, 2, 1, 1, 9, 5, 6, 3, 9, 6, 7, 1, 7, 2, 10, 10, 6, 1, 5, 3, 3, 3, 5, 5, 6, 2, 3, 7, 1, 10, 10, 4, 8, 8, 3, 2, 8, 8, 6, 4, 7, 1, 8, 9, 3, 3, 5, 5, 10, 5, 5, 4, 3, 7, 8, 3, 5, 1, 10, 9, 4, 6, 2, 2, 2, 4, 1, 9, 9, 3, 2, 3, 10, 6, 6, 3, 4, 10, 3, 10, 10, 9, 4, 2, 9, 1, 9, 5, 3, 6, 7, 1, 6, 3, 8, 7, 7, 8, 8, 6, 9, 6, 7, 10, 1, 10, 5, 2, 1, 2, 9, 6, 4, 3, 3, 8, 1, 8, 7, 9, 7, 6, 6, 1, 9, 10, 1, 2, 10, 9, 4, 8, 6, 9, 8, 4, 5, 4, 5, 2, 1, 2, 3, 10, 5, 10, 8, 6, 3, 1, 5, 2, 8, 3, 10, 9, 5, 5, 8, 10, 2, 2, 9, 6, 7, 1, 8]","[8, 9, 7, 1, 2, 5, 4, 8, 5, 9, 7, 10, 2, 4, 3, 9, 8, 3, 7, 1, 8, 10, 9, 5, 2, 6, 5, 4, 7, 7, 10, 8, 6, 7, 2, 10, 5, 8, 7, 7, 7, 3, 5, 8, 2, 2, 8, 3, 2, 6, 10, 3, 6, 6, 7, 7, 9, 7, 9, 7, 5, 8, 1, 6, 6, 1, 2, 9, 7, 7, 10, 4, 1, 2, 10, 1, 5, 7, 1, 6, 3, 5, 9, 2, 5, 4, 4, 2, 5, 10, 2, 10, 9, 8, 3, 2, 5, 9, 9, 9, 5, 6, 3, 8, 5, 4, 4, 3, 5, 4, 3, 8, 8, 6, 10, 5, 3, 2, 4, 6, 9, 7, 6, 10, 8, 7, 3, 6, 6, 8, 10, 4, 3, 2, 8, 10, 1, 5, 6, 9, 6, 8, 8, 9, 6, 8, 9, 9, 1, 7, 6, 1, 10, 6, 8, 3, 1, 2, 9, 9, 1, 10, 2, 5, 10, 6, 8, 8, 5, 9, 5, 3, 4, 3, 10, 1, 3, 4, 7, 8, 2, 9, 6, 1, 4, 7, 4, 1, 10, 2, 1, 6, 8, 4, 3, 4, 10, 4, 8, 7, 8, 6, 10, 7, 3, 9, 7, 6, 8, 3, 1, 9, 4, 3, 6, 2, 7, 5, 9, 1, 5, 6, 1, 4, 4, 7, 1, 7, 10, 8, 4, 8, 2, 5, 8, 6, 7, 6, 7, 10, 2, 3, 6, 2, 1, 5, 5, 8, 10, 10, 8, 6, 6, 3, 4, 2, 7, 3, 2, 5, 10, 2, 5, 1, 5, 10, 1, 1, 8, 4, 4, 6, 1, 2, 10, 10, 3, 5, 4, 6, 9, 5, 1, 1, 4, 9, 6, 8, 10, 10, 3, 5, 5, 3, 7, 10, 9, 4, 4, 2, 6, 5, 8, 9, 4, 6, 4, 9, 10, 8, 4, 4, 7, 9, 10, 9, 7, 8, 10, 7, 9, 6, 1, 9, 9, 10, 8, 7, 9, 3, 10, 2, 10, 1, 2, 1, 1, 9, 5, 6, 3, 9, 6, 7, 1, 7, 2, 10, 10, 6, 1, 5, 3, 3, 3, 5, 5, 6, 2, 3, 7, 1, 10, 10, 4, 8, 8, 3, 2, 8, 8, 6, 4, 7, 1, 8, 9, 3, 3, 5, 5, 10, 5, 5, 4, 3, 7, 8, 3, 5, 1, 10, 9, 4, 6, 2, 2, 2, 4, 1, 9, 9, 3, 2, 3, 10, 6, 6, 3, 4, 10, 3, 10, 10, 9, 4, 2, 9, 1, 9, 5, 3, 6, 7, 1, 6, 3, 8, 7, 7, 8, 8, 6, 9, 6, 7, 10, 1, 10, 5, 2, 1, 2, 9, 6, 4, 3, 3, 8, 1, 8, 7, 9, 7, 6, 6, 1, 9, 10, 1, 2, 10, 9, 4, 8, 6, 9, 8, 4, 5, 4, 5, 2, 1, 2, 3, 10, 5, 10, 8, 6, 3, 1, 5, 2, 8, 3, 10, 9, 5, 5, 8, 10, 2, 2, 9, 6, 7, 1, 8]",7.471162080647775e-05,1994,11389.79863246785,645.614,594.3857142857142,564.8142857142857,365,248593.0,0.0830322354413794,0.03361486486486486,0.06155967712402344,19,1019
elitismo,"[10, 1, 4, 5, 1, 3, 3, 6, 1, 1, 10, 3, 4, 6, 10, 1, 10, 8, 3, 6, 3, 2, 5, 1, 1, 4, 9, 4, 9, 3, 2, 8, 10, 6, 1, 4, 7, 1, 8, 1, 2, 9, 1, 6, 9, 1, 4, 8, 10, 8, 5, 1, 2, 4, 7, 5, 3, 1, 8, 7, 9, 1, 10, 10, 3, 5, 3, 2, 3, 8, 1, 9, 2, 6, 6, 5, 9, 9, 2, 4, 1, 9, 2, 8, 3, 5, 1, 2, 10, 8, 7, 9, 10, 2, 1, 9, 9, 3, 9, 4, 6, 2, 7, 4, 4, 9, 4, 1, 6, 4, 1, 9, 10, 5, 6, 10, 4, 2, 5, 8, 7, 2, 1, 9, 3, 2, 3, 6, 9, 5, 8, 1, 7, 6, 8, 2, 8, 5, 1, 7, 7, 5, 8, 8, 4, 4, 8, 10, 2, 6, 8, 6, 10, 4, 3, 3, 9, 8, 5, 9, 3, 7, 10, 4, 6, 10, 5, 3, 9, 3, 9, 9, 10, 4, 3, 8, 5, 10, 5, 1, 2, 8, 2, 2, 10, 2, 6, 5, 9, 1, 1, 10, 5, 5, 10, 6, 6, 5, 8, 7, 3, 10, 7, 3, 7, 5, 2, 2, 8, 7, 1, 3, 9, 9, 5, 4, 10, 3, 8, 2, 2, 8, 10, 4, 6, 9, 5, 2, 6, 2, 10, 9, 8, 4, 9, 8, 7, 2, 9, 1, 3, 2, 5, 5, 7, 3, 6, 6, 7, 9, 2, 1, 7, 2, 5, 6, 8, 1, 10, 10, 10, 6, 5, 6, 6, 5, 6, 7, 2, 6, 5, 5, 5, 10, 1, 7, 1, 4, 9, 7, 9, 4, 8, 9, 2, 2, 7, 7, 4, 5, 8, 3, 7, 10, 3, 6, 10, 3, 9, 3, 9, 8, 10, 9, 3, 7, 8, 9, 5, 10, 8, 2, 4, 4, 9, 6, 3, 10, 2, 4, 3, 3, 4, 4, 7, 4, 4, 2, 7, 4, 8, 4, 7, 8, 5, 4, 2, 9, 9, 6, 8, 3, 2, 2, 1, 7, 5, 6, 9, 1, 5, 7, 3, 10, 4, 6, 4, 8, 5, 6, 10, 4, 7, 5, 1, 3, 3, 3, 8, 4, 10, 2, 8, 2, 4, 10, 9, 1, 8, 6, 4, 1, 1, 4, 3, 7, 3, 5, 4, 3, 10, 9, 5, 9, 10, 6, 5, 7, 9, 6, 9, 4, 4, 6, 6, 10, 6, 4, 6, 10, 6, 6, 2, 8, 2, 1, 10, 9, 1, 4, 5, 1, 9, 3, 4, 6, 5, 2, 4, 1, 5, 8, 2, 7, 9, 9, 6, 6, 3, 10, 10, 1, 1, 8, 8, 1, 9, 10, 10, 3, 9, 10, 3, 9, 6, 6, 6, 7, 3, 7, 7, 8, 5, 2, 10, 2, 4, 1, 10, 6, 10, 2, 5, 4, 5, 1, 5, 7, 7, 7, 3, 8, 10, 3, 1, 10, 7, 10, 8, 1, 2, 1, 6, 5, 2, 9, 5, 1, 4, 2]","[10, 1, 4, 5, 1, 3, 3, 6, 1, 1, 10, 3, 4, 6, 10, 1, 10, 8, 3, 6, 3, 2, 5, 1, 1, 4, 9, 4, 9, 3, 2, 8, 10, 6, 1, 4, 7, 1, 8, 1, 2, 9, 1, 6, 9, 1, 4, 8, 10, 8, 5, 1, 2, 4, 7, 5, 3, 1, 8, 7, 9, 1, 10, 10, 3, 5, 3, 2, 3, 8, 1, 9, 2, 6, 6, 5, 9, 9, 2, 4, 1, 9, 2, 8, 3, 5, 1, 2, 10, 8, 7, 9, 10, 2, 1, 9, 9, 3, 9, 4, 6, 2, 7, 4, 4, 9, 4, 1, 6, 4, 1, 9, 10, 5, 6, 10, 4, 2, 5, 8, 7, 2, 1, 9, 3, 2, 3, 6, 9, 5, 8, 1, 7, 6, 8, 2, 8, 5, 1, 7, 7, 5, 8, 8, 4, 4, 8, 10, 2, 6, 8, 6, 10, 4, 3, 3, 9, 8, 5, 9, 3, 7, 10, 4, 6, 10, 5, 3, 9, 3, 9, 9, 10, 4, 3, 8, 5, 10, 5, 1, 2, 8, 2, 2, 10, 2, 6, 5, 9, 1, 1, 10, 5, 5, 10, 6, 6, 5, 8, 7, 3, 10, 7, 3, 7, 5, 2, 2, 8, 7, 1, 3, 9, 9, 5, 4, 10, 3, 8, 2, 2, 8, 10, 4, 6, 9, 5, 2, 6, 2, 10, 9, 8, 4, 9, 8, 7, 2, 9, 1, 3, 2, 5, 5, 7, 3, 6, 6, 7, 9, 2, 1, 7, 2, 5, 6, 8, 1, 10, 10, 10, 6, 5, 6, 6, 5, 6, 7, 2, 6, 5, 5, 5, 10, 1, 7, 1, 4, 9, 7, 9, 4, 8, 9, 2, 2, 7, 7, 4, 5, 8, 3, 7, 10, 3, 6, 10, 3, 9, 3, 9, 8, 10, 9, 3, 7, 8, 9, 5, 10, 8, 2, 4, 4, 9, 6, 3, 10, 2, 4, 3, 3, 4, 4, 7, 4, 4, 2, 7, 4, 8, 4, 7, 8, 5, 4, 2, 9, 9, 6, 8, 3, 2, 2, 1, 7, 5, 6, 9, 1, 5, 7, 3, 10, 4, 6, 4, 8, 5, 6, 10, 4, 7, 5, 1, 3, 3, 3, 8, 4, 10, 2, 8, 2, 4, 10, 9, 1, 8, 6, 4, 1, 1, 4, 3, 7, 3, 5, 4, 3, 10, 9, 5, 9, 10, 6, 5, 7, 9, 6, 9, 4, 4, 6, 6, 10, 6, 4, 6, 10, 6, 6, 2, 8, 2, 1, 10, 9, 1, 4, 5, 1, 9, 3, 4, 6, 5, 2, 4, 1, 5, 8, 2, 7, 9, 9, 6, 6, 3, 10, 10, 1, 1, 8, 8, 1, 9, 10, 10, 3, 9, 10, 3, 9, 6, 6, 6, 7, 3, 7, 7, 8, 5, 2, 10, 2, 4, 1, 10, 6, 10, 2, 5, 4, 5, 1, 5, 7, 7, 7, 3, 8, 10, 3, 1, 10, 7, 10, 8, 1, 2, 1, 6, 5, 2, 9, 5, 1, 4, 2]",7.437621146159965e-05,2044,11400.1591489881,649.538,593.2142857142857,563.3857142857142,366,249594.0,0.0892837649212686,0.036542792792792794,0.061997175216674805,20,1020
elitismo,"[3, 10, 6, 1, 10, 9, 8, 7, 3, 1, 9, 5, 3, 9, 5, 9, 9, 3, 7, 7, 6, 7, 2, 2, 2, 7, 2, 9, 3, 7, 2, 1, 1, 4, 3, 5, 9, 4, 7, 1, 2, 1, 1, 5, 5, 1, 1, 4, 6, 2, 4, 5, 10, 3, 3, 9, 9, 2, 6, 5, 2, 10, 6, 7, 6, 3, 7, 9, 10, 1, 8, 7, 6, 7, 10, 8, 6, 5, 10, 7, 8, 6, 3, 4, 8, 5, 2, 6, 3, 5, 2, 3, 4, 8, 5, 5, 9, 1, 3, 1, 6, 5, 5, 4, 1, 6, 9, 5, 2, 10, 10, 2, 8, 3, 10, 8, 2, 7, 7, 3, 7, 1, 1, 7, 9, 3, 8, 1, 5, 8, 5, 2, 10, 2, 1, 7, 7, 10, 1, 8, 5, 9, 7, 1, 4, 1, 1, 5, 10, 6, 7, 7, 7, 4, 4, 7, 6, 2, 7, 10, 7, 5, 2, 9, 5, 8, 10, 5, 3, 2, 8, 4, 5, 8, 9, 5, 5, 4, 6, 5, 1, 10, 8, 4, 1, 10, 7, 5, 6, 4, 1, 7, 5, 1, 10, 6, 8, 1, 4, 10, 3, 3, 2, 4, 8, 10, 5, 5, 9, 4, 1, 4, 1, 6, 4, 4, 4, 2, 8, 7, 10, 1, 6, 6, 9, 1, 5, 5, 9, 2, 8, 2, 3, 10, 1, 2, 8, 1, 3, 10, 9, 1, 3, 6, 5, 7, 1, 3, 10, 5, 9, 9, 9, 2, 3, 9, 7, 2, 2, 6, 4, 5, 4, 3, 5, 10, 7, 2, 7, 4, 7, 8, 8, 1, 4, 8, 1, 3, 6, 3, 2, 5, 4, 7, 6, 10, 4, 2, 3, 3, 4, 6, 1, 6, 7, 8, 2, 9, 4, 6, 9, 6, 2, 8, 1, 3, 3, 1, 5, 4, 9, 2, 5, 10, 9, 8, 3, 5, 10, 4, 8, 5, 7, 4, 6, 9, 7, 1, 5, 4, 9, 4, 9, 10, 10, 2, 2, 7, 2, 7, 10, 8, 8, 5, 8, 10, 3, 2, 10, 2, 7, 7, 7, 2, 6, 4, 6, 5, 3, 4, 8, 3, 3, 4, 1, 3, 7, 1, 5, 6, 8, 10, 4, 7, 3, 2, 3, 1, 6, 3, 1, 5, 9, 6, 2, 4, 10, 6, 9, 3, 9, 2, 5, 6, 1, 7, 5, 1, 8, 3, 9, 2, 8, 2, 4, 9, 6, 2, 6, 5, 1, 8, 3, 6, 3, 4, 4, 10, 4, 10, 8, 1, 6, 3, 8, 8, 2, 7, 6, 1, 2, 9, 1, 9, 3, 1, 8, 9, 7, 10, 3, 8, 2, 5, 10, 6, 5, 1, 4, 9, 3, 1, 4, 9, 7, 1, 2, 10, 10, 2, 4, 7, 7, 3, 3, 6, 6, 6, 9, 9, 7, 8, 1, 6, 8, 10, 2, 6, 7, 3, 8, 7, 5, 5, 2, 6, 8, 8, 9, 6, 6, 2, 5, 7, 1, 5, 2, 5, 2, 1]","[3, 10, 6, 1, 10, 9, 8, 7, 3, 1, 9, 5, 3, 9, 5, 9, 9, 3, 7, 7, 6, 7, 2, 2, 2, 7, 2, 9, 3, 7, 2, 1, 1, 4, 3, 5, 9, 4, 7, 1, 2, 1, 1, 5, 5, 1, 1, 4, 6, 2, 4, 5, 10, 3, 3, 9, 9, 2, 6, 5, 2, 10, 6, 7, 6, 3, 7, 9, 10, 1, 8, 7, 6, 7, 10, 8, 6, 5, 10, 7, 8, 6, 3, 4, 8, 5, 2, 6, 3, 5, 2, 3, 4, 8, 5, 5, 9, 1, 3, 1, 6, 5, 5, 4, 1, 6, 9, 5, 2, 10, 10, 2, 8, 3, 10, 8, 2, 7, 7, 3, 7, 1, 1, 7, 9, 3, 8, 1, 5, 8, 5, 2, 10, 2, 1, 7, 7, 10, 1, 8, 5, 9, 7, 1, 4, 1, 1, 5, 10, 6, 7, 7, 7, 4, 4, 7, 6, 2, 7, 10, 7, 5, 2, 9, 5, 8, 10, 5, 3, 2, 8, 4, 5, 8, 9, 5, 5, 4, 6, 5, 1, 10, 8, 4, 1, 10, 7, 5, 6, 4, 1, 7, 5, 1, 10, 6, 8, 1, 4, 10, 3, 3, 2, 4, 8, 10, 5, 5, 9, 4, 1, 4, 1, 6, 4, 4, 4, 2, 8, 7, 10, 1, 6, 6, 9, 1, 5, 5, 9, 2, 8, 2, 3, 10, 1, 2, 8, 1, 3, 10, 9, 1, 3, 6, 5, 7, 1, 3, 10, 5, 9, 9, 9, 2, 3, 9, 7, 2, 2, 6, 4, 5, 4, 3, 5, 10, 7, 2, 7, 4, 7, 8, 8, 1, 4, 8, 1, 3, 6, 3, 2, 5, 4, 7, 6, 10, 4, 2, 3, 3, 4, 6, 1, 6, 7, 8, 2, 9, 4, 6, 9, 6, 2, 8, 1, 3, 3, 1, 5, 4, 9, 2, 5, 10, 9, 8, 3, 5, 10, 4, 8, 5, 7, 4, 6, 9, 7, 1, 5, 4, 9, 4, 9, 10, 10, 2, 2, 7, 2, 7, 10, 8, 8, 5, 8, 10, 3, 2, 10, 2, 7, 7, 7, 2, 6, 4, 6, 5, 3, 4, 8, 3, 3, 4, 1, 3, 7, 1, 5, 6, 8, 10, 4, 7, 3, 2, 3, 1, 6, 3, 1, 5, 9, 6, 2, 4, 10, 6, 9, 3, 9, 2, 5, 6, 1, 7, 5, 1, 8, 3, 9, 2, 8, 2, 4, 9, 6, 2, 6, 5, 1, 8, 3, 6, 3, 4, 4, 10, 4, 10, 8, 1, 6, 3, 8, 8, 2, 7, 6, 1, 2, 9, 1, 9, 3, 1, 8, 9, 7, 10, 3, 8, 2, 5, 10, 6, 5, 1, 4, 9, 3, 1, 4, 9, 7, 1, 2, 10, 10, 2, 4, 7, 7, 3, 3, 6, 6, 6, 9, 9, 7, 8, 1, 6, 8, 10, 2, 6, 7, 3, 8, 7, 5, 5, 2, 6, 8, 8, 9, 6, 6, 2, 5, 7, 1, 5, 2, 5, 2, 1]",7.636344852193375e-05,1912,11182.270307400688,646.752,572.1571428571428,543.0142857142857,369,248745.0,0.04988751448949704,0.02105855855855856,0.06194615364074707,21,1021
elitismo,"[5, 6, 8, 4, 1, 6, 2, 9, 6, 3, 10, 5, 9, 8, 7, 1, 8, 2, 10, 5, 6, 9, 6, 3, 8, 6, 7, 4, 10, 1, 8, 10, 4, 5, 2, 1, 9, 3, 9, 6, 7, 2, 4, 5, 5, 6, 1, 3, 9, 6, 5, 9, 1, 10, 2, 8, 5, 4, 2, 5, 6, 6, 2, 5, 5, 2, 8, 9, 3, 7, 8, 3, 6, 5, 4, 4, 5, 4, 8, 2, 5, 7, 6, 2, 8, 5, 2, 9, 8, 2, 1, 10, 6, 8, 1, 4, 4, 1, 9, 9, 8, 10, 7, 2, 1, 4, 9, 1, 4, 8, 7, 2, 10, 1, 10, 9, 3, 7, 8, 9, 10, 3, 1, 1, 10, 1, 1, 5, 3, 6, 9, 3, 5, 8, 3, 4, 8, 3, 1, 1, 6, 8, 2, 9, 10, 3, 3, 5, 1, 7, 7, 7, 8, 7, 10, 4, 8, 7, 10, 1, 3, 5, 8, 8, 8, 4, 6, 10, 10, 8, 10, 8, 9, 10, 1, 7, 9, 7, 8, 4, 1, 2, 10, 2, 10, 6, 8, 9, 1, 9, 10, 6, 10, 7, 4, 4, 4, 10, 3, 8, 2, 10, 5, 8, 3, 4, 3, 5, 6, 4, 8, 7, 5, 1, 5, 7, 6, 8, 8, 10, 7, 6, 4, 5, 1, 6, 6, 3, 6, 6, 10, 9, 1, 10, 7, 3, 6, 7, 8, 7, 5, 8, 8, 10, 5, 3, 5, 9, 2, 7, 8, 5, 2, 7, 8, 6, 8, 10, 8, 2, 8, 3, 3, 8, 6, 5, 6, 3, 8, 8, 4, 10, 4, 7, 9, 3, 6, 6, 10, 5, 8, 8, 7, 6, 4, 5, 9, 4, 2, 9, 8, 6, 6, 1, 2, 2, 9, 8, 7, 2, 9, 9, 9, 8, 7, 5, 5, 2, 10, 4, 7, 3, 5, 8, 7, 9, 1, 7, 8, 6, 8, 4, 8, 2, 8, 3, 4, 3, 8, 4, 2, 8, 2, 4, 1, 3, 1, 6, 4, 3, 3, 3, 5, 7, 8, 1, 10, 9, 7, 6, 1, 4, 4, 9, 10, 4, 7, 9, 3, 5, 5, 2, 6, 3, 6, 2, 1, 1, 6, 1, 1, 7, 10, 5, 2, 2, 1, 10, 10, 7, 9, 4, 4, 4, 4, 4, 7, 2, 8, 5, 2, 1, 3, 10, 6, 7, 5, 4, 1, 6, 9, 4, 10, 5, 1, 1, 1, 5, 2, 8, 3, 1, 6, 8, 7, 2, 9, 9, 4, 7, 6, 9, 9, 1, 3, 5, 3, 4, 1, 6, 6, 2, 5, 9, 3, 4, 4, 9, 10, 8, 6, 3, 8, 2, 3, 3, 3, 9, 3, 1, 5, 1, 3, 7, 10, 4, 10, 10, 2, 9, 4, 2, 5, 10, 4, 9, 3, 4, 10, 8, 1, 6, 2, 6, 2, 2, 8, 7, 6, 4, 10, 10, 1, 3, 4, 7, 7, 2, 7, 5, 4, 7, 1, 1, 3, 3, 2, 9, 9, 2]","[5, 6, 8, 4, 1, 6, 2, 9, 6, 3, 10, 5, 9, 8, 7, 1, 8, 2, 10, 5, 6, 9, 6, 3, 8, 6, 7, 4, 10, 1, 8, 10, 4, 5, 2, 1, 9, 3, 9, 6, 7, 2, 4, 5, 5, 6, 1, 3, 9, 6, 5, 9, 1, 10, 2, 8, 5, 4, 2, 5, 6, 6, 2, 5, 5, 2, 8, 9, 3, 7, 8, 3, 6, 5, 4, 4, 5, 4, 8, 2, 5, 7, 6, 2, 8, 5, 2, 9, 8, 2, 1, 10, 6, 8, 1, 4, 4, 1, 9, 9, 8, 10, 7, 2, 1, 4, 9, 1, 4, 8, 7, 2, 10, 1, 10, 9, 3, 7, 8, 9, 10, 3, 1, 1, 10, 1, 1, 5, 3, 6, 9, 3, 5, 8, 3, 4, 8, 3, 1, 1, 6, 8, 2, 9, 10, 3, 3, 5, 1, 7, 7, 7, 8, 7, 10, 4, 8, 7, 10, 1, 3, 5, 8, 8, 8, 4, 6, 10, 10, 8, 10, 8, 9, 10, 1, 7, 9, 7, 8, 4, 1, 2, 10, 2, 10, 6, 8, 9, 1, 9, 10, 6, 10, 7, 4, 4, 4, 10, 3, 8, 2, 10, 5, 8, 3, 4, 3, 5, 6, 4, 8, 7, 5, 1, 5, 7, 6, 8, 8, 10, 7, 6, 4, 5, 1, 6, 6, 3, 6, 6, 10, 9, 1, 10, 7, 3, 6, 7, 8, 7, 5, 8, 8, 10, 5, 3, 5, 9, 2, 7, 8, 5, 2, 7, 8, 6, 8, 10, 8, 2, 8, 3, 3, 8, 6, 5, 6, 3, 8, 8, 4, 10, 4, 7, 9, 3, 6, 6, 10, 5, 8, 8, 7, 6, 4, 5, 9, 4, 2, 9, 8, 6, 6, 1, 2, 2, 9, 8, 7, 2, 9, 9, 9, 8, 7, 5, 5, 2, 10, 4, 7, 3, 5, 8, 7, 9, 1, 7, 8, 6, 8, 4, 8, 2, 8, 3, 4, 3, 8, 4, 2, 8, 2, 4, 1, 3, 1, 6, 4, 3, 3, 3, 5, 7, 8, 1, 10, 9, 7, 6, 1, 4, 4, 9, 10, 4, 7, 9, 3, 5, 5, 2, 6, 3, 6, 2, 1, 1, 6, 1, 1, 7, 10, 5, 2, 2, 1, 10, 10, 7, 9, 4, 4, 4, 4, 4, 7, 2, 8, 5, 2, 1, 3, 10, 6, 7, 5, 4, 1, 6, 9, 4, 10, 5, 1, 1, 1, 5, 2, 8, 3, 1, 6, 8, 7, 2, 9, 9, 4, 7, 6, 9, 9, 1, 3, 5, 3, 4, 1, 6, 6, 2, 5, 9, 3, 4, 4, 9, 10, 8, 6, 3, 8, 2, 3, 3, 3, 9, 3, 1, 5, 1, 3, 7, 10, 4, 10, 10, 2, 9, 4, 2, 5, 10, 4, 9, 3, 4, 10, 8, 1, 6, 2, 6, 2, 2, 8, 7, 6, 4, 10, 10, 1, 3, 4, 7, 7, 2, 7, 5, 4, 7, 1, 1, 3, 3, 2, 9, 9, 2]",7.51803982423463e-05,2037,11263.33948980251,645.402,580.4,550.8285714285714,369,248933.0,0.06714583097014085,0.024155405405405405,0.06278729438781738,22,1022
elitismo,"[4, 9, 1, 1, 1, 10, 6, 3, 8, 10, 10, 1, 3, 3, 10, 2, 2, 5, 3, 10, 7, 7, 2, 8, 10, 6, 7, 7, 1, 9, 4, 3, 7, 9, 1, 9, 9, 8, 10, 2, 3, 4, 4, 5, 2, 10, 9, 2, 5, 7, 2, 2, 6, 4, 1, 6, 4, 9, 8, 4, 3, 4, 7, 6, 8, 8, 2, 4, 2, 10, 2, 10, 10, 5, 5, 9, 3, 4, 9, 7, 7, 2, 1, 10, 10, 8, 4, 6, 6, 7, 1, 3, 3, 10, 8, 7, 1, 4, 1, 5, 1, 2, 10, 10, 4, 4, 7, 10, 9, 10, 3, 10, 9, 5, 4, 2, 2, 9, 10, 5, 2, 2, 3, 10, 9, 1, 1, 6, 9, 10, 1, 3, 2, 3, 5, 4, 8, 3, 2, 9, 4, 4, 7, 3, 9, 7, 1, 8, 7, 10, 4, 10, 8, 5, 3, 2, 10, 10, 7, 3, 5, 2, 3, 10, 5, 9, 6, 10, 1, 5, 2, 3, 7, 8, 2, 5, 1, 7, 10, 6, 8, 5, 9, 9, 1, 8, 5, 7, 1, 7, 10, 8, 1, 3, 10, 5, 9, 10, 6, 1, 6, 2, 7, 9, 1, 8, 5, 4, 2, 7, 7, 1, 4, 9, 8, 8, 5, 5, 6, 4, 6, 1, 5, 3, 4, 6, 4, 4, 2, 6, 7, 9, 1, 2, 7, 6, 8, 4, 8, 2, 2, 5, 8, 5, 10, 2, 7, 5, 5, 7, 8, 6, 6, 10, 7, 8, 4, 1, 1, 8, 5, 2, 7, 3, 10, 1, 3, 9, 3, 9, 3, 7, 2, 2, 9, 7, 6, 10, 1, 10, 8, 2, 6, 2, 6, 6, 1, 1, 8, 1, 7, 6, 1, 7, 10, 9, 9, 3, 7, 8, 7, 5, 9, 8, 7, 9, 1, 10, 2, 3, 4, 4, 7, 9, 3, 6, 4, 6, 3, 5, 6, 6, 5, 8, 10, 9, 2, 3, 10, 7, 1, 9, 1, 9, 10, 8, 4, 7, 7, 7, 3, 6, 8, 8, 6, 2, 6, 3, 2, 1, 5, 2, 9, 6, 1, 7, 9, 8, 7, 2, 4, 4, 6, 4, 4, 4, 9, 1, 2, 6, 8, 5, 2, 4, 6, 1, 6, 4, 5, 7, 10, 7, 7, 5, 9, 6, 1, 1, 4, 10, 3, 3, 8, 5, 4, 5, 6, 9, 9, 8, 4, 9, 3, 5, 9, 6, 6, 3, 10, 9, 1, 9, 5, 4, 2, 1, 8, 2, 8, 1, 2, 9, 1, 10, 1, 8, 7, 10, 6, 4, 6, 6, 9, 10, 3, 6, 9, 2, 1, 5, 3, 7, 6, 1, 8, 9, 5, 6, 10, 9, 5, 2, 5, 2, 10, 1, 1, 2, 7, 9, 8, 8, 9, 6, 7, 9, 7, 5, 2, 4, 6, 10, 6, 8, 7, 7, 9, 7, 5, 6, 3, 7, 7, 8, 3, 7, 8, 9, 7, 4, 6, 10, 5, 7, 5, 4, 1, 7, 10, 7]","[4, 9, 1, 1, 1, 10, 6, 3, 8, 10, 10, 1, 3, 3, 10, 2, 2, 5, 3, 10, 7, 7, 2, 8, 10, 6, 7, 7, 1, 9, 4, 3, 7, 9, 1, 9, 9, 8, 10, 2, 3, 4, 4, 5, 2, 10, 9, 2, 5, 7, 2, 2, 6, 4, 1, 6, 4, 9, 8, 4, 3, 4, 7, 6, 8, 8, 2, 4, 2, 10, 2, 10, 10, 5, 5, 9, 3, 4, 9, 7, 7, 2, 1, 10, 10, 8, 4, 6, 6, 7, 1, 3, 3, 10, 8, 7, 1, 4, 1, 5, 1, 2, 10, 10, 4, 4, 7, 10, 9, 10, 3, 10, 9, 5, 4, 2, 2, 9, 10, 5, 2, 2, 3, 10, 9, 1, 1, 6, 9, 10, 1, 3, 2, 3, 5, 4, 8, 3, 2, 9, 4, 4, 7, 3, 9, 7, 1, 8, 7, 10, 4, 10, 8, 5, 3, 2, 10, 10, 7, 3, 5, 2, 3, 10, 5, 9, 6, 10, 1, 5, 2, 3, 7, 8, 2, 5, 1, 7, 10, 6, 8, 5, 9, 9, 1, 8, 5, 7, 1, 7, 10, 8, 1, 3, 10, 5, 9, 10, 6, 1, 6, 2, 7, 9, 1, 8, 5, 4, 2, 7, 7, 1, 4, 9, 8, 8, 5, 5, 6, 4, 6, 1, 5, 3, 4, 6, 4, 4, 2, 6, 7, 9, 1, 2, 7, 6, 8, 4, 8, 2, 2, 5, 8, 5, 10, 2, 7, 5, 5, 7, 8, 6, 6, 10, 7, 8, 4, 1, 1, 8, 5, 2, 7, 3, 10, 1, 3, 9, 3, 9, 3, 7, 2, 2, 9, 7, 6, 10, 1, 10, 8, 2, 6, 2, 6, 6, 1, 1, 8, 1, 7, 6, 1, 7, 10, 9, 9, 3, 7, 8, 7, 5, 9, 8, 7, 9, 1, 10, 2, 3, 4, 4, 7, 9, 3, 6, 4, 6, 3, 5, 6, 6, 5, 8, 10, 9, 2, 3, 10, 7, 1, 9, 1, 9, 10, 8, 4, 7, 7, 7, 3, 6, 8, 8, 6, 2, 6, 3, 2, 1, 5, 2, 9, 6, 1, 7, 9, 8, 7, 2, 4, 4, 6, 4, 4, 4, 9, 1, 2, 6, 8, 5, 2, 4, 6, 1, 6, 4, 5, 7, 10, 7, 7, 5, 9, 6, 1, 1, 4, 10, 3, 3, 8, 5, 4, 5, 6, 9, 9, 8, 4, 9, 3, 5, 9, 6, 6, 3, 10, 9, 1, 9, 5, 4, 2, 1, 8, 2, 8, 1, 2, 9, 1, 10, 1, 8, 7, 10, 6, 4, 6, 6, 9, 10, 3, 6, 9, 2, 1, 5, 3, 7, 6, 1, 8, 9, 5, 6, 10, 9, 5, 2, 5, 2, 10, 1, 1, 2, 7, 9, 8, 8, 9, 6, 7, 9, 7, 5, 2, 4, 6, 10, 6, 8, 7, 7, 9, 7, 5, 6, 3, 7, 7, 8, 3, 7, 8, 9, 7, 4, 6, 10, 5, 7, 5, 4, 1, 7, 10, 7]",7.50684376332081e-05,2039,11281.177734990304,640.362,587.3,557.8714285714286,363,246890.0,0.06951172578719222,0.026745495495495496,0.06643891334533691,23,1023
elitismo,"[5, 3, 5, 4, 1, 9, 7, 10, 9, 7, 1, 4, 7, 8, 9, 10, 9, 10, 9, 2, 8, 3, 6, 1, 4, 6, 4, 7, 3, 9, 6, 8, 10, 5, 10, 2, 9, 3, 4, 9, 5, 9, 10, 3, 3, 2, 1, 6, 9, 9, 10, 6, 6, 10, 2, 1, 7, 1, 8, 6, 1, 10, 3, 6, 10, 3, 3, 10, 4, 9, 1, 8, 5, 6, 1, 10, 9, 4, 7, 10, 10, 10, 7, 6, 1, 6, 5, 6, 3, 3, 5, 4, 1, 5, 9, 6, 10, 7, 4, 7, 1, 6, 6, 1, 9, 10, 9, 10, 2, 7, 3, 8, 1, 5, 2, 5, 1, 2, 6, 10, 10, 10, 8, 10, 5, 2, 6, 6, 5, 4, 1, 6, 10, 2, 5, 9, 10, 5, 6, 4, 3, 7, 2, 3, 4, 6, 8, 2, 5, 8, 8, 1, 1, 9, 9, 1, 1, 2, 8, 9, 2, 5, 6, 4, 10, 3, 1, 5, 10, 6, 7, 2, 2, 10, 5, 6, 5, 5, 3, 2, 6, 5, 8, 4, 10, 1, 4, 6, 8, 7, 1, 7, 7, 7, 7, 9, 3, 2, 9, 3, 4, 8, 6, 2, 9, 7, 3, 10, 6, 7, 8, 6, 6, 1, 1, 1, 4, 7, 5, 7, 2, 9, 8, 7, 3, 7, 5, 7, 7, 3, 5, 4, 4, 10, 4, 6, 10, 5, 6, 9, 6, 7, 5, 7, 10, 8, 8, 3, 2, 2, 5, 3, 8, 3, 9, 3, 3, 5, 4, 2, 5, 3, 2, 9, 7, 3, 5, 8, 4, 8, 6, 5, 1, 10, 4, 9, 5, 9, 5, 10, 7, 7, 2, 5, 9, 10, 5, 5, 6, 4, 1, 5, 6, 1, 7, 1, 3, 7, 8, 7, 8, 1, 5, 8, 2, 5, 1, 2, 4, 1, 1, 6, 2, 7, 8, 2, 8, 5, 8, 7, 7, 5, 8, 10, 7, 5, 3, 10, 1, 1, 7, 6, 4, 2, 5, 8, 10, 6, 6, 8, 1, 10, 4, 7, 7, 9, 10, 10, 1, 2, 10, 2, 2, 8, 4, 4, 10, 8, 6, 9, 10, 4, 2, 5, 9, 3, 7, 7, 3, 9, 7, 6, 2, 3, 7, 10, 5, 2, 1, 4, 5, 4, 7, 6, 7, 9, 3, 6, 2, 9, 8, 3, 6, 7, 1, 5, 9, 6, 4, 4, 4, 5, 1, 8, 7, 4, 4, 6, 1, 3, 6, 4, 5, 10, 3, 4, 6, 7, 2, 3, 1, 4, 8, 1, 7, 8, 8, 10, 9, 8, 5, 1, 2, 5, 8, 1, 2, 6, 10, 9, 3, 4, 6, 8, 3, 2, 6, 4, 6, 8, 9, 6, 6, 3, 1, 7, 10, 4, 7, 9, 8, 2, 2, 9, 10, 2, 8, 1, 10, 9, 8, 9, 8, 1, 4, 2, 3, 10, 3, 4, 3, 3, 8, 1, 5, 6, 5, 6, 6, 2, 2, 1, 5, 6, 5, 10, 3, 4, 4, 8]","[5, 3, 5, 4, 1, 9, 7, 10, 9, 7, 1, 4, 7, 8, 9, 10, 9, 10, 9, 2, 8, 3, 6, 1, 4, 6, 4, 7, 3, 9, 6, 8, 10, 5, 10, 2, 9, 3, 4, 9, 5, 9, 10, 3, 3, 2, 1, 6, 9, 9, 10, 6, 6, 10, 2, 1, 7, 1, 8, 6, 1, 10, 3, 6, 10, 3, 3, 10, 4, 9, 1, 8, 5, 6, 1, 10, 9, 4, 7, 10, 10, 10, 7, 6, 1, 6, 5, 6, 3, 3, 5, 4, 1, 5, 9, 6, 10, 7, 4, 7, 1, 6, 6, 1, 9, 10, 9, 10, 2, 7, 3, 8, 1, 5, 2, 5, 1, 2, 6, 10, 10, 10, 8, 10, 5, 2, 6, 6, 5, 4, 1, 6, 10, 2, 5, 9, 10, 5, 6, 4, 3, 7, 2, 3, 4, 6, 8, 2, 5, 8, 8, 1, 1, 9, 9, 1, 1, 2, 8, 9, 2, 5, 6, 4, 10, 3, 1, 5, 10, 6, 7, 2, 2, 10, 5, 6, 5, 5, 3, 2, 6, 5, 8, 4, 10, 1, 4, 6, 8, 7, 1, 7, 7, 7, 7, 9, 3, 2, 9, 3, 4, 8, 6, 2, 9, 7, 3, 10, 6, 7, 8, 6, 6, 1, 1, 1, 4, 7, 5, 7, 2, 9, 8, 7, 3, 7, 5, 7, 7, 3, 5, 4, 4, 10, 4, 6, 10, 5, 6, 9, 6, 7, 5, 7, 10, 8, 8, 3, 2, 2, 5, 3, 8, 3, 9, 3, 3, 5, 4, 2, 5, 3, 2, 9, 7, 3, 5, 8, 4, 8, 6, 5, 1, 10, 4, 9, 5, 9, 5, 10, 7, 7, 2, 5, 9, 10, 5, 5, 6, 4, 1, 5, 6, 1, 7, 1, 3, 7, 8, 7, 8, 1, 5, 8, 2, 5, 1, 2, 4, 1, 1, 6, 2, 7, 8, 2, 8, 5, 8, 7, 7, 5, 8, 10, 7, 5, 3, 10, 1, 1, 7, 6, 4, 2, 5, 8, 10, 6, 6, 8, 1, 10, 4, 7, 7, 9, 10, 10, 1, 2, 10, 2, 2, 8, 4, 4, 10, 8, 6, 9, 10, 4, 2, 5, 9, 3, 7, 7, 3, 9, 7, 6, 2, 3, 7, 10, 5, 2, 1, 4, 5, 4, 7, 6, 7, 9, 3, 6, 2, 9, 8, 3, 6, 7, 1, 5, 9, 6, 4, 4, 4, 5, 1, 8, 7, 4, 4, 6, 1, 3, 6, 4, 5, 10, 3, 4, 6, 7, 2, 3, 1, 4, 8, 1, 7, 8, 8, 10, 9, 8, 5, 1, 2, 5, 8, 1, 2, 6, 10, 9, 3, 4, 6, 8, 3, 2, 6, 4, 6, 8, 9, 6, 6, 3, 1, 7, 10, 4, 7, 9, 8, 2, 2, 9, 10, 2, 8, 1, 10, 9, 8, 9, 8, 1, 4, 2, 3, 10, 3, 4, 3, 3, 8, 1, 5, 6, 5, 6, 6, 2, 2, 1, 5, 6, 5, 10, 3, 4, 4, 8]",7.483276603292003e-05,2071,11291.130257140107,646.866,583.5714285714286,554.4285714285714,372,248266.0,0.10606589761463843,0.047635135135135134,0.062267303466796875,24,1024
elitismo,"[7, 3, 3, 7, 5, 7, 10, 6, 2, 2, 3, 9, 7, 7, 1, 2, 7, 8, 4, 1, 10, 9, 3, 4, 5, 7, 4, 2, 3, 5, 4, 8, 7, 10, 6, 2, 6, 7, 9, 2, 4, 5, 8, 2, 3, 6, 7, 1, 2, 8, 7, 6, 3, 6, 2, 2, 4, 6, 4, 4, 5, 7, 8, 4, 1, 7, 2, 6, 9, 1, 8, 4, 10, 7, 6, 9, 8, 1, 1, 8, 7, 7, 10, 7, 6, 5, 1, 7, 3, 3, 1, 4, 2, 3, 4, 10, 5, 2, 4, 4, 5, 2, 10, 9, 6, 2, 1, 9, 9, 7, 10, 4, 1, 3, 2, 10, 4, 1, 2, 5, 6, 8, 5, 10, 5, 4, 5, 10, 2, 9, 4, 7, 3, 2, 4, 1, 10, 3, 9, 8, 8, 3, 5, 4, 3, 4, 1, 3, 10, 5, 7, 5, 3, 3, 6, 4, 1, 7, 7, 5, 3, 10, 3, 1, 2, 3, 4, 6, 6, 3, 9, 5, 6, 3, 4, 8, 7, 3, 1, 2, 10, 3, 7, 3, 2, 7, 7, 7, 1, 4, 9, 2, 5, 9, 10, 2, 10, 10, 10, 1, 9, 8, 4, 3, 4, 3, 5, 4, 3, 5, 4, 6, 5, 6, 5, 2, 4, 7, 7, 1, 9, 4, 10, 5, 7, 1, 6, 6, 2, 3, 6, 6, 5, 6, 1, 3, 3, 9, 2, 7, 9, 2, 2, 8, 1, 4, 2, 10, 7, 3, 10, 4, 2, 3, 10, 10, 1, 7, 3, 1, 6, 6, 9, 8, 4, 8, 10, 8, 10, 4, 5, 7, 6, 1, 2, 8, 1, 2, 9, 8, 7, 8, 4, 1, 1, 10, 3, 10, 2, 3, 3, 5, 8, 6, 7, 1, 2, 5, 1, 7, 3, 2, 2, 2, 4, 5, 1, 10, 7, 3, 8, 6, 9, 9, 6, 3, 10, 5, 9, 5, 1, 9, 7, 1, 3, 7, 9, 3, 1, 7, 1, 7, 4, 1, 8, 10, 8, 5, 5, 5, 6, 10, 9, 8, 3, 2, 6, 6, 7, 3, 4, 1, 1, 1, 8, 10, 4, 4, 5, 3, 3, 8, 8, 9, 4, 10, 7, 2, 3, 8, 5, 7, 5, 1, 3, 9, 6, 3, 4, 4, 3, 5, 9, 2, 5, 8, 3, 2, 8, 7, 1, 5, 3, 1, 8, 7, 7, 2, 6, 4, 1, 2, 1, 10, 2, 10, 1, 2, 4, 5, 9, 1, 1, 6, 6, 9, 7, 9, 1, 8, 5, 5, 6, 4, 4, 9, 4, 6, 7, 10, 4, 7, 3, 9, 2, 1, 6, 5, 1, 5, 3, 6, 9, 5, 9, 6, 5, 6, 3, 1, 2, 4, 1, 9, 2, 4, 3, 7, 2, 3, 5, 6, 5, 5, 9, 9, 4, 1, 10, 8, 4, 9, 1, 10, 5, 9, 6, 3, 7, 6, 1, 2, 2, 9, 6, 5, 10, 9, 8, 8, 9, 7, 8, 7, 6, 10, 2, 10, 5, 6]","[7, 3, 3, 7, 5, 7, 10, 6, 2, 2, 3, 9, 7, 7, 1, 2, 7, 8, 4, 1, 10, 9, 3, 4, 5, 7, 4, 2, 3, 5, 4, 8, 7, 10, 6, 2, 6, 7, 9, 2, 4, 5, 8, 2, 3, 6, 7, 1, 2, 8, 7, 6, 3, 6, 2, 2, 4, 6, 4, 4, 5, 7, 8, 4, 1, 7, 2, 6, 9, 1, 8, 4, 10, 7, 6, 9, 8, 1, 1, 8, 7, 7, 10, 7, 6, 5, 1, 7, 3, 3, 1, 4, 2, 3, 4, 10, 5, 2, 4, 4, 5, 2, 10, 9, 6, 2, 1, 9, 9, 7, 10, 4, 1, 3, 2, 10, 4, 1, 2, 5, 6, 8, 5, 10, 5, 4, 5, 10, 2, 9, 4, 7, 3, 2, 4, 1, 10, 3, 9, 8, 8, 3, 5, 4, 3, 4, 1, 3, 10, 5, 7, 5, 3, 3, 6, 4, 1, 7, 7, 5, 3, 10, 3, 1, 2, 3, 4, 6, 6, 3, 9, 5, 6, 3, 4, 8, 7, 3, 1, 2, 10, 3, 7, 3, 2, 7, 7, 7, 1, 4, 9, 2, 5, 9, 10, 2, 10, 10, 10, 1, 9, 8, 4, 3, 4, 3, 5, 4, 3, 5, 4, 6, 5, 6, 5, 2, 4, 7, 7, 1, 9, 4, 10, 5, 7, 1, 6, 6, 2, 3, 6, 6, 5, 6, 1, 3, 3, 9, 2, 7, 9, 2, 2, 8, 1, 4, 2, 10, 7, 3, 10, 4, 2, 3, 10, 10, 1, 7, 3, 1, 6, 6, 9, 8, 4, 8, 10, 8, 10, 4, 5, 7, 6, 1, 2, 8, 1, 2, 9, 8, 7, 8, 4, 1, 1, 10, 3, 10, 2, 3, 3, 5, 8, 6, 7, 1, 2, 5, 1, 7, 3, 2, 2, 2, 4, 5, 1, 10, 7, 3, 8, 6, 9, 9, 6, 3, 10, 5, 9, 5, 1, 9, 7, 1, 3, 7, 9, 3, 1, 7, 1, 7, 4, 1, 8, 10, 8, 5, 5, 5, 6, 10, 9, 8, 3, 2, 6, 6, 7, 3, 4, 1, 1, 1, 8, 10, 4, 4, 5, 3, 3, 8, 8, 9, 4, 10, 7, 2, 3, 8, 5, 7, 5, 1, 3, 9, 6, 3, 4, 4, 3, 5, 9, 2, 5, 8, 3, 2, 8, 7, 1, 5, 3, 1, 8, 7, 7, 2, 6, 4, 1, 2, 1, 10, 2, 10, 1, 2, 4, 5, 9, 1, 1, 6, 6, 9, 7, 9, 1, 8, 5, 5, 6, 4, 4, 9, 4, 6, 7, 10, 4, 7, 3, 9, 2, 1, 6, 5, 1, 5, 3, 6, 9, 5, 9, 6, 5, 6, 3, 1, 2, 4, 1, 9, 2, 4, 3, 7, 2, 3, 5, 6, 5, 5, 9, 9, 4, 1, 10, 8, 4, 9, 1, 10, 5, 9, 6, 3, 7, 6, 1, 2, 2, 9, 6, 5, 10, 9, 8, 8, 9, 7, 8, 7, 6, 10, 2, 10, 5, 6]",7.612840100380734e-05,1935,11199.702140256275,648.894,571.1428571428571,541.5714285714286,368,250174.0,0.09390669817006904,0.036036036036036036,0.062276601791381836,25,1025
elitismo,"[9, 10, 7, 4, 10, 4, 10, 1, 5, 5, 3, 9, 6, 2, 2, 1, 1, 1, 4, 1, 10, 5, 1, 8, 1, 10, 8, 5, 3, 2, 1, 7, 5, 6, 5, 4, 9, 2, 1, 8, 6, 6, 10, 4, 1, 1, 7, 7, 6, 2, 6, 9, 9, 2, 10, 3, 2, 2, 10, 3, 4, 7, 6, 9, 9, 8, 1, 6, 9, 2, 6, 8, 4, 1, 3, 10, 4, 8, 3, 8, 8, 5, 3, 8, 4, 5, 4, 4, 2, 10, 4, 3, 7, 9, 5, 7, 2, 3, 10, 4, 5, 4, 10, 8, 8, 1, 2, 3, 9, 3, 9, 6, 10, 7, 8, 6, 6, 4, 3, 9, 7, 9, 4, 2, 6, 3, 10, 5, 5, 1, 3, 1, 2, 6, 4, 5, 3, 1, 9, 7, 2, 2, 8, 5, 1, 8, 10, 8, 9, 4, 9, 5, 10, 6, 3, 5, 3, 10, 5, 8, 2, 5, 2, 10, 4, 9, 6, 3, 9, 1, 1, 7, 5, 5, 2, 1, 3, 4, 4, 4, 1, 1, 5, 1, 1, 1, 10, 4, 4, 6, 2, 5, 9, 7, 3, 2, 10, 3, 7, 6, 4, 7, 2, 2, 6, 3, 3, 7, 8, 8, 2, 2, 3, 10, 6, 1, 2, 3, 6, 4, 8, 5, 9, 5, 4, 2, 2, 8, 9, 2, 3, 10, 5, 2, 3, 4, 6, 7, 3, 8, 8, 5, 9, 9, 3, 8, 2, 9, 3, 9, 8, 4, 10, 1, 10, 5, 8, 1, 6, 7, 5, 10, 2, 8, 7, 5, 2, 1, 6, 1, 9, 3, 4, 8, 1, 7, 6, 8, 1, 5, 5, 6, 4, 9, 4, 6, 5, 1, 3, 6, 4, 2, 3, 6, 1, 3, 9, 4, 8, 9, 8, 6, 7, 8, 5, 1, 5, 1, 10, 6, 8, 4, 5, 1, 1, 9, 4, 8, 6, 3, 4, 5, 1, 4, 1, 4, 10, 1, 8, 10, 8, 6, 6, 1, 3, 10, 5, 1, 2, 9, 4, 6, 1, 4, 1, 5, 5, 1, 8, 6, 4, 10, 9, 4, 9, 8, 3, 2, 8, 6, 9, 6, 5, 4, 5, 6, 2, 6, 3, 4, 10, 8, 4, 6, 6, 10, 9, 8, 4, 9, 10, 6, 6, 3, 9, 8, 5, 5, 6, 3, 7, 4, 9, 2, 6, 3, 1, 4, 5, 10, 8, 5, 4, 9, 6, 10, 3, 3, 2, 5, 1, 8, 10, 9, 6, 1, 4, 7, 6, 7, 2, 1, 4, 8, 10, 7, 6, 3, 7, 9, 7, 1, 4, 7, 9, 7, 4, 9, 4, 9, 7, 10, 1, 10, 3, 7, 3, 3, 2, 6, 1, 10, 2, 7, 6, 1, 2, 1, 10, 10, 9, 6, 5, 10, 4, 3, 6, 2, 5, 3, 6, 6, 10, 6, 6, 10, 2, 5, 9, 5, 6, 10, 10, 4, 8, 2, 8, 4, 7, 9, 8, 3, 1, 1, 6, 8, 5, 8, 1, 9]","[9, 10, 7, 4, 10, 4, 10, 1, 5, 5, 3, 9, 6, 2, 2, 1, 1, 1, 4, 1, 10, 5, 1, 8, 1, 10, 8, 5, 3, 2, 1, 7, 5, 6, 5, 4, 9, 2, 1, 8, 6, 6, 10, 4, 1, 1, 7, 7, 6, 2, 6, 9, 9, 2, 10, 3, 2, 2, 10, 3, 4, 7, 6, 9, 9, 8, 1, 6, 9, 2, 6, 8, 4, 1, 3, 10, 4, 8, 3, 8, 8, 5, 3, 8, 4, 5, 4, 4, 2, 10, 4, 3, 7, 9, 5, 7, 2, 3, 10, 4, 5, 4, 10, 8, 8, 1, 2, 3, 9, 3, 9, 6, 10, 7, 8, 6, 6, 4, 3, 9, 7, 9, 4, 2, 6, 3, 10, 5, 5, 1, 3, 1, 2, 6, 4, 5, 3, 1, 9, 7, 2, 2, 8, 5, 1, 8, 10, 8, 9, 4, 9, 5, 10, 6, 3, 5, 3, 10, 5, 8, 2, 5, 2, 10, 4, 9, 6, 3, 9, 1, 1, 7, 5, 5, 2, 1, 3, 4, 4, 4, 1, 1, 5, 1, 1, 1, 10, 4, 4, 6, 2, 5, 9, 7, 3, 2, 10, 3, 7, 6, 4, 7, 2, 2, 6, 3, 3, 7, 8, 8, 2, 2, 3, 10, 6, 1, 2, 3, 6, 4, 8, 5, 9, 5, 4, 2, 2, 8, 9, 2, 3, 10, 5, 2, 3, 4, 6, 7, 3, 8, 8, 5, 9, 9, 3, 8, 2, 9, 3, 9, 8, 4, 10, 1, 10, 5, 8, 1, 6, 7, 5, 10, 2, 8, 7, 5, 2, 1, 6, 1, 9, 3, 4, 8, 1, 7, 6, 8, 1, 5, 5, 6, 4, 9, 4, 6, 5, 1, 3, 6, 4, 2, 3, 6, 1, 3, 9, 4, 8, 9, 8, 6, 7, 8, 5, 1, 5, 1, 10, 6, 8, 4, 5, 1, 1, 9, 4, 8, 6, 3, 4, 5, 1, 4, 1, 4, 10, 1, 8, 10, 8, 6, 6, 1, 3, 10, 5, 1, 2, 9, 4, 6, 1, 4, 1, 5, 5, 1, 8, 6, 4, 10, 9, 4, 9, 8, 3, 2, 8, 6, 9, 6, 5, 4, 5, 6, 2, 6, 3, 4, 10, 8, 4, 6, 6, 10, 9, 8, 4, 9, 10, 6, 6, 3, 9, 8, 5, 5, 6, 3, 7, 4, 9, 2, 6, 3, 1, 4, 5, 10, 8, 5, 4, 9, 6, 10, 3, 3, 2, 5, 1, 8, 10, 9, 6, 1, 4, 7, 6, 7, 2, 1, 4, 8, 10, 7, 6, 3, 7, 9, 7, 1, 4, 7, 9, 7, 4, 9, 4, 9, 7, 10, 1, 10, 3, 7, 3, 3, 2, 6, 1, 10, 2, 7, 6, 1, 2, 1, 10, 10, 9, 6, 5, 10, 4, 3, 6, 2, 5, 3, 6, 6, 10, 6, 6, 10, 2, 5, 9, 5, 6, 10, 10, 4, 8, 2, 8, 4, 7, 9, 8, 3, 1, 1, 6, 8, 5, 8, 1, 9]",7.419591170528107e-05,2114,11362.83155454942,662.052,573.7428571428571,544.1714285714286,374,256203.0,0.13468534378699193,0.04977477477477477,0.06659364700317383,26,1026
elitismo,"[2, 3, 6, 5, 8, 7, 10, 1, 10, 6, 8, 1, 2, 10, 3, 3, 5, 1, 3, 8, 10, 6, 7, 6, 1, 1, 9, 8, 2, 4, 1, 3, 9, 4, 9, 3, 2, 3, 7, 7, 8, 1, 8, 2, 9, 10, 4, 8, 8, 3, 3, 6, 6, 3, 1, 6, 4, 4, 5, 3, 6, 5, 7, 7, 10, 7, 3, 8, 10, 5, 9, 9, 10, 10, 7, 6, 6, 8, 3, 4, 4, 8, 7, 8, 10, 5, 7, 8, 3, 5, 8, 7, 3, 6, 5, 7, 10, 1, 7, 9, 9, 9, 2, 5, 9, 3, 2, 5, 4, 3, 6, 4, 3, 6, 6, 1, 5, 5, 10, 8, 8, 4, 8, 4, 8, 1, 9, 7, 5, 5, 3, 2, 5, 2, 4, 8, 7, 7, 5, 3, 6, 10, 7, 9, 1, 1, 5, 5, 7, 1, 9, 2, 1, 7, 10, 1, 1, 8, 6, 4, 2, 10, 3, 1, 8, 2, 7, 7, 2, 2, 5, 1, 8, 7, 1, 7, 3, 3, 7, 8, 7, 7, 7, 9, 2, 6, 3, 9, 10, 3, 6, 5, 5, 6, 7, 3, 10, 9, 8, 9, 1, 3, 8, 2, 2, 3, 2, 1, 7, 10, 5, 6, 1, 6, 9, 6, 8, 7, 5, 5, 9, 7, 8, 8, 1, 4, 4, 4, 10, 4, 5, 8, 1, 4, 8, 8, 5, 9, 6, 2, 2, 7, 2, 1, 6, 7, 3, 2, 10, 10, 4, 10, 8, 10, 5, 7, 2, 1, 6, 9, 2, 6, 6, 1, 3, 2, 7, 9, 8, 9, 9, 8, 9, 6, 10, 7, 5, 8, 10, 3, 9, 2, 6, 7, 6, 9, 8, 1, 6, 10, 3, 1, 10, 3, 10, 1, 9, 9, 5, 2, 8, 10, 4, 7, 2, 4, 2, 3, 7, 9, 2, 10, 9, 4, 2, 6, 4, 7, 5, 4, 9, 5, 10, 3, 9, 8, 4, 5, 2, 7, 1, 4, 6, 9, 3, 1, 8, 10, 10, 4, 4, 10, 8, 3, 4, 4, 4, 3, 1, 2, 5, 10, 3, 4, 4, 4, 10, 1, 3, 4, 1, 1, 3, 4, 10, 7, 10, 2, 4, 3, 9, 6, 6, 10, 2, 10, 4, 1, 8, 4, 3, 6, 3, 3, 7, 8, 2, 3, 10, 6, 2, 9, 5, 5, 8, 1, 6, 10, 7, 4, 3, 1, 5, 9, 8, 5, 3, 8, 10, 1, 9, 6, 5, 1, 1, 5, 5, 5, 10, 8, 8, 3, 3, 4, 8, 10, 5, 5, 6, 6, 10, 5, 7, 6, 2, 7, 2, 4, 1, 1, 9, 1, 7, 3, 1, 1, 8, 5, 7, 9, 2, 1, 2, 7, 10, 4, 2, 7, 8, 2, 9, 5, 8, 7, 5, 9, 2, 1, 9, 10, 2, 4, 9, 3, 5, 1, 5, 4, 4, 7, 6, 7, 10, 5, 9, 9, 10, 3, 6, 8, 6, 1, 5, 4, 10, 2, 9, 8, 10, 8]","[2, 3, 6, 5, 8, 7, 10, 1, 10, 6, 8, 1, 2, 10, 3, 3, 5, 1, 3, 8, 10, 6, 7, 6, 1, 1, 9, 8, 2, 4, 1, 3, 9, 4, 9, 3, 2, 3, 7, 7, 8, 1, 8, 2, 9, 10, 4, 8, 8, 3, 3, 6, 6, 3, 1, 6, 4, 4, 5, 3, 6, 5, 7, 7, 10, 7, 3, 8, 10, 5, 9, 9, 10, 10, 7, 6, 6, 8, 3, 4, 4, 8, 7, 8, 10, 5, 7, 8, 3, 5, 8, 7, 3, 6, 5, 7, 10, 1, 7, 9, 9, 9, 2, 5, 9, 3, 2, 5, 4, 3, 6, 4, 3, 6, 6, 1, 5, 5, 10, 8, 8, 4, 8, 4, 8, 1, 9, 7, 5, 5, 3, 2, 5, 2, 4, 8, 7, 7, 5, 3, 6, 10, 7, 9, 1, 1, 5, 5, 7, 1, 9, 2, 1, 7, 10, 1, 1, 8, 6, 4, 2, 10, 3, 1, 8, 2, 7, 7, 2, 2, 5, 1, 8, 7, 1, 7, 3, 3, 7, 8, 7, 7, 7, 9, 2, 6, 3, 9, 10, 3, 6, 5, 5, 6, 7, 3, 10, 9, 8, 9, 1, 3, 8, 2, 2, 3, 2, 1, 7, 10, 5, 6, 1, 6, 9, 6, 8, 7, 5, 5, 9, 7, 8, 8, 1, 4, 4, 4, 10, 4, 5, 8, 1, 4, 8, 8, 5, 9, 6, 2, 2, 7, 2, 1, 6, 7, 3, 2, 10, 10, 4, 10, 8, 10, 5, 7, 2, 1, 6, 9, 2, 6, 6, 1, 3, 2, 7, 9, 8, 9, 9, 8, 9, 6, 10, 7, 5, 8, 10, 3, 9, 2, 6, 7, 6, 9, 8, 1, 6, 10, 3, 1, 10, 3, 10, 1, 9, 9, 5, 2, 8, 10, 4, 7, 2, 4, 2, 3, 7, 9, 2, 10, 9, 4, 2, 6, 4, 7, 5, 4, 9, 5, 10, 3, 9, 8, 4, 5, 2, 7, 1, 4, 6, 9, 3, 1, 8, 10, 10, 4, 4, 10, 8, 3, 4, 4, 4, 3, 1, 2, 5, 10, 3, 4, 4, 4, 10, 1, 3, 4, 1, 1, 3, 4, 10, 7, 10, 2, 4, 3, 9, 6, 6, 10, 2, 10, 4, 1, 8, 4, 3, 6, 3, 3, 7, 8, 2, 3, 10, 6, 2, 9, 5, 5, 8, 1, 6, 10, 7, 4, 3, 1, 5, 9, 8, 5, 3, 8, 10, 1, 9, 6, 5, 1, 1, 5, 5, 5, 10, 8, 8, 3, 3, 4, 8, 10, 5, 5, 6, 6, 10, 5, 7, 6, 2, 7, 2, 4, 1, 1, 9, 1, 7, 3, 1, 1, 8, 5, 7, 9, 2, 1, 2, 7, 10, 4, 2, 7, 8, 2, 9, 5, 8, 7, 5, 9, 2, 1, 9, 10, 2, 4, 9, 3, 5, 1, 5, 4, 4, 7, 6, 7, 10, 5, 9, 9, 10, 3, 6, 8, 6, 1, 5, 4, 10, 2, 9, 8, 10, 8]",7.543277691501498e-05,1966,11289.836628547197,639.232,590.2428571428571,560.8142857142857,365,245814.0,0.05996925615100563,0.02668918918918919,0.060903310775756836,27,1027
elitismo,"[6, 3, 6, 4, 7, 9, 8, 4, 10, 2, 7, 4, 8, 3, 5, 9, 7, 7, 10, 10, 3, 10, 5, 4, 8, 8, 8, 3, 7, 5, 3, 7, 3, 10, 4, 4, 5, 2, 8, 6, 5, 2, 9, 3, 9, 4, 9, 10, 3, 5, 2, 5, 6, 5, 2, 9, 5, 8, 5, 5, 10, 2, 8, 7, 6, 9, 5, 7, 4, 1, 9, 1, 10, 7, 1, 6, 2, 9, 1, 6, 5, 9, 10, 4, 2, 4, 6, 5, 8, 6, 6, 9, 9, 2, 3, 6, 2, 2, 2, 1, 8, 5, 6, 8, 3, 3, 3, 2, 5, 7, 3, 10, 9, 8, 1, 7, 3, 10, 6, 7, 10, 1, 5, 2, 9, 8, 2, 6, 3, 1, 9, 1, 10, 9, 1, 2, 2, 6, 8, 10, 5, 2, 1, 1, 6, 4, 2, 5, 1, 7, 1, 2, 3, 5, 2, 9, 1, 1, 7, 9, 3, 4, 4, 2, 10, 2, 2, 1, 7, 7, 1, 1, 7, 8, 2, 10, 6, 7, 4, 8, 9, 4, 4, 5, 8, 2, 3, 2, 5, 8, 8, 3, 7, 9, 3, 7, 4, 8, 9, 9, 2, 8, 2, 10, 10, 5, 4, 7, 8, 1, 6, 9, 2, 1, 5, 4, 8, 6, 5, 1, 10, 9, 3, 5, 3, 10, 6, 3, 2, 1, 1, 5, 8, 5, 7, 10, 7, 3, 6, 8, 6, 1, 3, 8, 7, 5, 4, 6, 9, 4, 7, 4, 1, 4, 3, 8, 6, 8, 8, 2, 5, 6, 1, 8, 2, 3, 9, 4, 9, 2, 9, 6, 1, 9, 8, 4, 7, 7, 8, 1, 1, 6, 4, 4, 5, 6, 10, 5, 7, 8, 8, 6, 4, 7, 8, 3, 5, 10, 4, 6, 6, 10, 1, 8, 8, 10, 6, 8, 5, 9, 3, 10, 3, 3, 4, 7, 6, 7, 3, 3, 1, 4, 2, 7, 3, 4, 10, 9, 6, 9, 6, 2, 1, 1, 2, 9, 6, 8, 10, 7, 1, 2, 7, 3, 7, 2, 10, 8, 1, 6, 1, 9, 3, 5, 7, 9, 4, 1, 6, 4, 6, 10, 6, 10, 1, 6, 10, 8, 5, 8, 10, 2, 6, 8, 5, 10, 10, 4, 3, 1, 4, 5, 4, 5, 7, 3, 3, 4, 9, 3, 3, 10, 7, 5, 1, 3, 1, 4, 6, 4, 2, 1, 1, 5, 1, 10, 1, 6, 7, 3, 3, 9, 2, 7, 6, 2, 2, 8, 2, 2, 9, 2, 2, 9, 2, 6, 1, 4, 6, 9, 7, 7, 6, 5, 10, 6, 7, 10, 7, 5, 9, 7, 6, 4, 7, 7, 9, 9, 2, 7, 8, 4, 1, 8, 7, 8, 2, 10, 6, 5, 10, 4, 5, 10, 7, 3, 5, 5, 1, 1, 6, 8, 4, 3, 2, 2, 8, 8, 9, 10, 6, 3, 8, 9, 8, 6, 7, 4, 10, 10, 5, 7, 2, 2, 5, 8, 6, 3, 3, 2]","[6, 3, 6, 4, 7, 9, 8, 4, 10, 2, 7, 4, 8, 3, 5, 9, 7, 7, 10, 10, 3, 10, 5, 4, 8, 8, 8, 3, 7, 5, 3, 7, 3, 10, 4, 4, 5, 2, 8, 6, 5, 2, 9, 3, 9, 4, 9, 10, 3, 5, 2, 5, 6, 5, 2, 9, 5, 8, 5, 5, 10, 2, 8, 7, 6, 9, 5, 7, 4, 1, 9, 1, 10, 7, 1, 6, 2, 9, 1, 6, 5, 9, 10, 4, 2, 4, 6, 5, 8, 6, 6, 9, 9, 2, 3, 6, 2, 2, 2, 1, 8, 5, 6, 8, 3, 3, 3, 2, 5, 7, 3, 10, 9, 8, 1, 7, 3, 10, 6, 7, 10, 1, 5, 2, 9, 8, 2, 6, 3, 1, 9, 1, 10, 9, 1, 2, 2, 6, 8, 10, 5, 2, 1, 1, 6, 4, 2, 5, 1, 7, 1, 2, 3, 5, 2, 9, 1, 1, 7, 9, 3, 4, 4, 2, 10, 2, 2, 1, 7, 7, 1, 1, 7, 8, 2, 10, 6, 7, 4, 8, 9, 4, 4, 5, 8, 2, 3, 2, 5, 8, 8, 3, 7, 9, 3, 7, 4, 8, 9, 9, 2, 8, 2, 10, 10, 5, 4, 7, 8, 1, 6, 9, 2, 1, 5, 4, 8, 6, 5, 1, 10, 9, 3, 5, 3, 10, 6, 3, 2, 1, 1, 5, 8, 5, 7, 10, 7, 3, 6, 8, 6, 1, 3, 8, 7, 5, 4, 6, 9, 4, 7, 4, 1, 4, 3, 8, 6, 8, 8, 2, 5, 6, 1, 8, 2, 3, 9, 4, 9, 2, 9, 6, 1, 9, 8, 4, 7, 7, 8, 1, 1, 6, 4, 4, 5, 6, 10, 5, 7, 8, 8, 6, 4, 7, 8, 3, 5, 10, 4, 6, 6, 10, 1, 8, 8, 10, 6, 8, 5, 9, 3, 10, 3, 3, 4, 7, 6, 7, 3, 3, 1, 4, 2, 7, 3, 4, 10, 9, 6, 9, 6, 2, 1, 1, 2, 9, 6, 8, 10, 7, 1, 2, 7, 3, 7, 2, 10, 8, 1, 6, 1, 9, 3, 5, 7, 9, 4, 1, 6, 4, 6, 10, 6, 10, 1, 6, 10, 8, 5, 8, 10, 2, 6, 8, 5, 10, 10, 4, 3, 1, 4, 5, 4, 5, 7, 3, 3, 4, 9, 3, 3, 10, 7, 5, 1, 3, 1, 4, 6, 4, 2, 1, 1, 5, 1, 10, 1, 6, 7, 3, 3, 9, 2, 7, 6, 2, 2, 8, 2, 2, 9, 2, 2, 9, 2, 6, 1, 4, 6, 9, 7, 7, 6, 5, 10, 6, 7, 10, 7, 5, 9, 7, 6, 4, 7, 7, 9, 9, 2, 7, 8, 4, 1, 8, 7, 8, 2, 10, 6, 5, 10, 4, 5, 10, 7, 3, 5, 5, 1, 1, 6, 8, 4, 3, 2, 2, 8, 8, 9, 10, 6, 3, 8, 9, 8, 6, 7, 4, 10, 10, 5, 7, 2, 2, 5, 8, 6, 3, 3, 2]",7.506602546993081e-05,2020,11300.605796227614,645.596,585.9,556.4571428571429,368,248018.0,0.09638416083835855,0.04622747747747748,0.06664299964904785,28,1028
elitismo,"[8, 6, 8, 2, 10, 1, 10, 8, 9, 8, 2, 10, 8, 9, 7, 8, 5, 7, 3, 7, 6, 6, 5, 6, 3, 7, 6, 6, 4, 6, 10, 2, 7, 6, 6, 10, 10, 7, 5, 1, 1, 5, 9, 3, 3, 1, 9, 3, 5, 6, 2, 5, 5, 4, 7, 6, 2, 7, 7, 9, 9, 6, 1, 8, 1, 1, 4, 7, 7, 8, 7, 8, 7, 9, 1, 3, 1, 8, 4, 7, 8, 6, 6, 7, 8, 6, 6, 10, 1, 7, 3, 10, 8, 1, 2, 4, 6, 1, 10, 9, 8, 5, 8, 3, 10, 1, 5, 2, 6, 5, 5, 2, 10, 9, 6, 8, 5, 2, 9, 10, 9, 4, 5, 1, 2, 5, 1, 6, 4, 2, 3, 5, 10, 1, 2, 4, 10, 10, 4, 9, 4, 6, 8, 9, 1, 3, 4, 8, 2, 4, 2, 7, 2, 1, 1, 5, 4, 5, 6, 5, 1, 7, 5, 4, 4, 7, 7, 4, 7, 9, 3, 2, 3, 3, 9, 9, 4, 2, 4, 2, 4, 8, 5, 3, 3, 8, 1, 5, 5, 9, 9, 10, 3, 2, 4, 5, 2, 8, 8, 9, 7, 10, 10, 7, 3, 1, 1, 6, 1, 1, 1, 1, 10, 2, 10, 7, 5, 8, 10, 8, 9, 10, 3, 6, 10, 6, 9, 7, 4, 3, 1, 10, 8, 6, 8, 3, 1, 2, 7, 1, 5, 8, 7, 7, 6, 6, 8, 4, 10, 8, 5, 9, 1, 2, 10, 4, 4, 6, 9, 9, 9, 3, 8, 6, 2, 7, 6, 5, 5, 6, 6, 1, 3, 3, 8, 2, 7, 1, 2, 7, 9, 3, 9, 4, 4, 6, 2, 10, 8, 6, 5, 5, 2, 8, 9, 8, 3, 5, 3, 7, 7, 5, 2, 3, 7, 7, 1, 9, 7, 4, 5, 5, 7, 10, 2, 3, 8, 6, 1, 10, 3, 6, 1, 4, 9, 2, 5, 10, 6, 5, 7, 7, 1, 4, 4, 4, 3, 6, 5, 3, 3, 10, 6, 2, 6, 1, 8, 4, 4, 7, 4, 8, 8, 10, 5, 3, 6, 9, 7, 7, 5, 1, 4, 6, 2, 9, 4, 9, 9, 1, 9, 3, 6, 10, 5, 8, 5, 9, 7, 6, 8, 3, 6, 8, 6, 3, 8, 1, 1, 9, 10, 4, 10, 8, 7, 6, 7, 8, 2, 9, 9, 8, 6, 7, 5, 8, 7, 6, 7, 1, 9, 10, 4, 3, 1, 6, 10, 9, 9, 10, 9, 7, 7, 4, 3, 3, 2, 5, 8, 10, 9, 1, 7, 2, 1, 1, 9, 3, 8, 1, 2, 3, 10, 2, 2, 10, 7, 9, 9, 7, 5, 7, 5, 8, 6, 2, 8, 8, 3, 7, 6, 5, 4, 6, 9, 10, 2, 8, 5, 8, 6, 2, 9, 9, 9, 1, 2, 5, 7, 10, 8, 8, 9, 2, 10, 4, 9, 3, 2, 1, 5, 6, 3, 3, 4, 6, 3, 3, 1, 10]","[8, 6, 8, 2, 10, 1, 10, 8, 9, 8, 2, 10, 8, 9, 7, 8, 5, 7, 3, 7, 6, 6, 5, 6, 3, 7, 6, 6, 4, 6, 10, 2, 7, 6, 6, 10, 10, 7, 5, 1, 1, 5, 9, 3, 3, 1, 9, 3, 5, 6, 2, 5, 5, 4, 7, 6, 2, 7, 7, 9, 9, 6, 1, 8, 1, 1, 4, 7, 7, 8, 7, 8, 7, 9, 1, 3, 1, 8, 4, 7, 8, 6, 6, 7, 8, 6, 6, 10, 1, 7, 3, 10, 8, 1, 2, 4, 6, 1, 10, 9, 8, 5, 8, 3, 10, 1, 5, 2, 6, 5, 5, 2, 10, 9, 6, 8, 5, 2, 9, 10, 9, 4, 5, 1, 2, 5, 1, 6, 4, 2, 3, 5, 10, 1, 2, 4, 10, 10, 4, 9, 4, 6, 8, 9, 1, 3, 4, 8, 2, 4, 2, 7, 2, 1, 1, 5, 4, 5, 6, 5, 1, 7, 5, 4, 4, 7, 7, 4, 7, 9, 3, 2, 3, 3, 9, 9, 4, 2, 4, 2, 4, 8, 5, 3, 3, 8, 1, 5, 5, 9, 9, 10, 3, 2, 4, 5, 2, 8, 8, 9, 7, 10, 10, 7, 3, 1, 1, 6, 1, 1, 1, 1, 10, 2, 10, 7, 5, 8, 10, 8, 9, 10, 3, 6, 10, 6, 9, 7, 4, 3, 1, 10, 8, 6, 8, 3, 1, 2, 7, 1, 5, 8, 7, 7, 6, 6, 8, 4, 10, 8, 5, 9, 1, 2, 10, 4, 4, 6, 9, 9, 9, 3, 8, 6, 2, 7, 6, 5, 5, 6, 6, 1, 3, 3, 8, 2, 7, 1, 2, 7, 9, 3, 9, 4, 4, 6, 2, 10, 8, 6, 5, 5, 2, 8, 9, 8, 3, 5, 3, 7, 7, 5, 2, 3, 7, 7, 1, 9, 7, 4, 5, 5, 7, 10, 2, 3, 8, 6, 1, 10, 3, 6, 1, 4, 9, 2, 5, 10, 6, 5, 7, 7, 1, 4, 4, 4, 3, 6, 5, 3, 3, 10, 6, 2, 6, 1, 8, 4, 4, 7, 4, 8, 8, 10, 5, 3, 6, 9, 7, 7, 5, 1, 4, 6, 2, 9, 4, 9, 9, 1, 9, 3, 6, 10, 5, 8, 5, 9, 7, 6, 8, 3, 6, 8, 6, 3, 8, 1, 1, 9, 10, 4, 10, 8, 7, 6, 7, 8, 2, 9, 9, 8, 6, 7, 5, 8, 7, 6, 7, 1, 9, 10, 4, 3, 1, 6, 10, 9, 9, 10, 9, 7, 7, 4, 3, 3, 2, 5, 8, 10, 9, 1, 7, 2, 1, 1, 9, 3, 8, 1, 2, 3, 10, 2, 2, 10, 7, 9, 9, 7, 5, 7, 5, 8, 6, 2, 8, 8, 3, 7, 6, 5, 4, 6, 9, 10, 2, 8, 5, 8, 6, 2, 9, 9, 9, 1, 2, 5, 7, 10, 8, 8, 9, 2, 10, 4, 9, 3, 2, 1, 5, 6, 3, 3, 4, 6, 3, 3, 1, 10]",7.480482487749237e-05,2001,11366.121663779,648.88,588.8,558.8714285714286,364,250260.0,0.07787795226135183,0.034684684684684684,0.0635824203491211,29,1029
elitismo,"[8, 6, 3, 1, 6, 7, 7, 9, 3, 2, 8, 4, 5, 4, 10, 10, 5, 1, 3, 10, 9, 5, 9, 3, 2, 5, 2, 3, 8, 9, 1, 3, 8, 8, 9, 9, 10, 3, 1, 3, 5, 1, 10, 7, 9, 3, 9, 4, 5, 8, 6, 7, 8, 7, 6, 1, 8, 5, 1, 5, 5, 10, 2, 8, 9, 4, 1, 1, 10, 8, 6, 2, 9, 6, 2, 7, 9, 9, 8, 4, 1, 2, 3, 9, 5, 9, 10, 8, 3, 10, 1, 3, 2, 9, 5, 5, 6, 8, 3, 7, 6, 5, 7, 10, 6, 2, 4, 6, 10, 7, 5, 5, 3, 10, 5, 8, 10, 7, 10, 4, 6, 10, 10, 9, 3, 6, 10, 2, 6, 6, 10, 6, 3, 4, 6, 7, 2, 7, 4, 9, 7, 3, 4, 2, 5, 2, 1, 9, 9, 8, 1, 4, 10, 5, 1, 3, 9, 8, 5, 4, 1, 8, 2, 8, 2, 2, 4, 3, 4, 4, 7, 8, 1, 5, 6, 2, 10, 7, 5, 5, 6, 9, 4, 2, 6, 6, 6, 10, 2, 8, 9, 10, 6, 2, 7, 3, 8, 9, 8, 5, 2, 10, 1, 7, 5, 7, 5, 9, 10, 8, 10, 1, 4, 2, 7, 10, 5, 8, 10, 1, 8, 1, 10, 4, 4, 10, 10, 7, 5, 6, 2, 7, 10, 10, 5, 3, 4, 6, 10, 10, 8, 7, 9, 9, 8, 9, 3, 5, 1, 10, 3, 4, 1, 5, 1, 4, 1, 1, 1, 7, 10, 2, 5, 1, 2, 9, 4, 3, 10, 8, 5, 5, 4, 4, 6, 3, 4, 8, 3, 8, 9, 4, 4, 1, 8, 6, 2, 4, 8, 2, 5, 8, 1, 8, 10, 7, 9, 9, 1, 6, 4, 9, 1, 9, 1, 5, 7, 4, 7, 5, 8, 4, 7, 4, 9, 8, 1, 10, 9, 5, 1, 9, 4, 3, 5, 5, 6, 8, 2, 4, 5, 7, 2, 3, 7, 2, 3, 2, 2, 6, 5, 2, 5, 6, 8, 10, 5, 3, 4, 7, 6, 9, 3, 1, 6, 7, 10, 3, 1, 2, 7, 3, 7, 2, 9, 3, 7, 10, 10, 1, 1, 3, 4, 6, 10, 6, 7, 9, 8, 6, 1, 3, 4, 2, 8, 8, 3, 8, 9, 6, 9, 1, 7, 8, 10, 6, 10, 6, 8, 5, 9, 10, 3, 3, 9, 2, 3, 5, 8, 3, 10, 2, 8, 5, 6, 9, 7, 2, 8, 6, 1, 4, 4, 3, 5, 2, 7, 6, 9, 2, 6, 10, 1, 2, 6, 1, 1, 1, 7, 3, 5, 8, 1, 2, 5, 8, 10, 1, 3, 7, 3, 7, 2, 8, 9, 7, 2, 6, 4, 9, 3, 8, 9, 4, 6, 9, 7, 6, 9, 2, 9, 5, 2, 6, 2, 1, 2, 5, 4, 4, 8, 3, 9, 7, 3, 1, 6, 8, 3, 3, 10, 10, 9, 6, 10, 1, 2, 5, 4, 2]","[8, 6, 3, 1, 6, 7, 7, 9, 3, 2, 8, 4, 5, 4, 10, 10, 5, 1, 3, 10, 9, 5, 9, 3, 2, 5, 2, 3, 8, 9, 1, 3, 8, 8, 9, 9, 10, 3, 1, 3, 5, 1, 10, 7, 9, 3, 9, 4, 5, 8, 6, 7, 8, 7, 6, 1, 8, 5, 1, 5, 5, 10, 2, 8, 9, 4, 1, 1, 10, 8, 6, 2, 9, 6, 2, 7, 9, 9, 8, 4, 1, 2, 3, 9, 5, 9, 10, 8, 3, 10, 1, 3, 2, 9, 5, 5, 6, 8, 3, 7, 6, 5, 7, 10, 6, 2, 4, 6, 10, 7, 5, 5, 3, 10, 5, 8, 10, 7, 10, 4, 6, 10, 10, 9, 3, 6, 10, 2, 6, 6, 10, 6, 3, 4, 6, 7, 2, 7, 4, 9, 7, 3, 4, 2, 5, 2, 1, 9, 9, 8, 1, 4, 10, 5, 1, 3, 9, 8, 5, 4, 1, 8, 2, 8, 2, 2, 4, 3, 4, 4, 7, 8, 1, 5, 6, 2, 10, 7, 5, 5, 6, 9, 4, 2, 6, 6, 6, 10, 2, 8, 9, 10, 6, 2, 7, 3, 8, 9, 8, 5, 2, 10, 1, 7, 5, 7, 5, 9, 10, 8, 10, 1, 4, 2, 7, 10, 5, 8, 10, 1, 8, 1, 10, 4, 4, 10, 10, 7, 5, 6, 2, 7, 10, 10, 5, 3, 4, 6, 10, 10, 8, 7, 9, 9, 8, 9, 3, 5, 1, 10, 3, 4, 1, 5, 1, 4, 1, 1, 1, 7, 10, 2, 5, 1, 2, 9, 4, 3, 10, 8, 5, 5, 4, 4, 6, 3, 4, 8, 3, 8, 9, 4, 4, 1, 8, 6, 2, 4, 8, 2, 5, 8, 1, 8, 10, 7, 9, 9, 1, 6, 4, 9, 1, 9, 1, 5, 7, 4, 7, 5, 8, 4, 7, 4, 9, 8, 1, 10, 9, 5, 1, 9, 4, 3, 5, 5, 6, 8, 2, 4, 5, 7, 2, 3, 7, 2, 3, 2, 2, 6, 5, 2, 5, 6, 8, 10, 5, 3, 4, 7, 6, 9, 3, 1, 6, 7, 10, 3, 1, 2, 7, 3, 7, 2, 9, 3, 7, 10, 10, 1, 1, 3, 4, 6, 10, 6, 7, 9, 8, 6, 1, 3, 4, 2, 8, 8, 3, 8, 9, 6, 9, 1, 7, 8, 10, 6, 10, 6, 8, 5, 9, 10, 3, 3, 9, 2, 3, 5, 8, 3, 10, 2, 8, 5, 6, 9, 7, 2, 8, 6, 1, 4, 4, 3, 5, 2, 7, 6, 9, 2, 6, 10, 1, 2, 6, 1, 1, 1, 7, 3, 5, 8, 1, 2, 5, 8, 10, 1, 3, 7, 3, 7, 2, 8, 9, 7, 2, 6, 4, 9, 3, 8, 9, 4, 6, 9, 7, 6, 9, 2, 9, 5, 2, 6, 2, 1, 2, 5, 4, 4, 8, 3, 9, 7, 3, 1, 6, 8, 3, 3, 10, 10, 9, 6, 10, 1, 2, 5, 4, 2]",7.568426537153338e-05,1971,11240.785974614524,639.816,584.6285714285714,555.0285714285715,367,246016.0,0.07045581806583721,0.031925675675675676,0.05725288391113281,30,1030
