fitness_max,fitness_min,fitness_prom,desv_std,tiempo_gen_seg,generacion,metodo,n_generaciones,tam_poblacion,mejor_x_gen,mejor_cromosoma_gen,repeticion
0.9548856384320584,0.0286769451292518,0.4729041662837977,0.34017382353783465,8.273124694824219e-05,1,ruleta,20,10,1049241720,111110100010100010100001111000,1
0.9275687611013862,0.15933194764353836,0.6192832680728071,0.20104992827590462,6.413459777832031e-05,2,ruleta,20,10,1034124737,111101101000110111110111000001,1
0.691638173696898,0.36118201972834046,0.6114197476343103,0.12659906218673397,4.76837158203125e-05,3,ruleta,20,10,892975097,110101001110011011011111111001,1
0.7245037605397658,0.3383142404941247,0.6497644953490224,0.10644268461539931,4.696846008300781e-05,4,ruleta,20,10,913945275,110110011110011011001010111011,1
0.7245037605397658,0.6389768392549477,0.6885415694279986,0.02641686955223703,4.506111145019531e-05,5,ruleta,20,10,913945275,110110011110011011001010111011,1
0.724505789907362,0.6389768392549477,0.699831608004204,0.025400631664328818,5.245208740234375e-05,6,ruleta,20,10,913946555,110110011110011011011110111011,1
0.7245981259685591,0.6904183958513265,0.7088633398740367,0.015808088015322113,5.1021575927734375e-05,7,ruleta,20,10,914004793,110110011110101001101100111001,1
0.7245981259685591,0.691331471175731,0.7123504141599676,0.0137380992671593,5.1021575927734375e-05,8,ruleta,20,10,914004793,110110011110101001101100111001,1
0.7245053840336154,0.691333153088156,0.7124622192595789,0.013595223809195419,5.1021575927734375e-05,9,ruleta,20,10,913946299,110110011110011011011010111011,1
0.7245053840336154,0.691333153088156,0.7131579763789007,0.014009957657124388,5.173683166503906e-05,10,ruleta,20,10,913946299,110110011110011011011010111011,1
0.7513472094950987,0.6836117999473703,0.7138294438821388,0.020368090903087114,4.57763671875e-05,11,ruleta,20,10,930722491,110111011110011011001010111011,1
0.7245053840336154,0.6913315671964589,0.7066458809107904,0.014818383628980818,4.3392181396484375e-05,12,ruleta,20,10,913946299,110110011110011011011010111011,1
0.7245038334701146,0.6913315671964589,0.7145522750631483,0.015201174225142425,5.984306335449219e-05,13,ruleta,20,10,913945321,110110011110011011001011101001,1
0.90399637519157,0.6913315702939019,0.7430502358713202,0.055562333791533546,5.054473876953125e-05,14,ruleta,20,10,1020900025,111100110110011011001010111001,1
0.90399637519157,0.6913315702939019,0.7566493254170555,0.07431097159180695,5.054473876953125e-05,15,ruleta,20,10,1020900025,111100110110011011001010111001,1
0.9204499487602408,0.6913315702939019,0.7394739454713919,0.061082893527199915,4.696846008300781e-05,16,ruleta,20,10,1030148795,111101011001101101001010111011,1
0.9204499487602408,0.6913315702939019,0.7590685646095728,0.08124033175225547,5.1975250244140625e-05,17,ruleta,20,10,1030148795,111101011001101101001010111011,1
0.9204645881133092,0.7201334341591422,0.8024001228049145,0.09639826472473702,5.078315734863281e-05,18,ruleta,20,10,1030156987,111101011001101111001010111011,1
0.9523894279222336,0.6962247417611326,0.8166742315568609,0.0960710244971145,4.696846008300781e-05,19,ruleta,20,10,1047869387,111110011101010011011111001011,1
0.952565770062494,0.6962247417611326,0.8558595421426739,0.09027613691031271,5.054473876953125e-05,20,ruleta,20,10,1047966393,111110011101101011001010111001,1
0.9404329832069072,0.00014609616726662944,0.4037850120029969,0.27109027706992095,5.8650970458984375e-05,1,ruleta,20,10,1041271055,111110000100001000100100001111,2
0.9882476341664591,0.31754266335707704,0.5674129274997853,0.22286437757669,7.62939453125e-05,2,ruleta,20,10,1067413673,111111100111110111000010101001,2
0.9882476341664591,0.3458333851819387,0.7115881703407488,0.2522572905783562,5.1021575927734375e-05,3,ruleta,20,10,1067413673,111111100111110111000010101001,2
0.9882476341664591,0.4105508824852761,0.8274838517893892,0.20015027366073374,5.8650970458984375e-05,4,ruleta,20,10,1067413673,111111100111110111000010101001,2
0.9882476341664591,0.5640118707347844,0.8791318584573915,0.1449129716731276,4.482269287109375e-05,5,ruleta,20,10,1067413673,111111100111110111000010101001,2
0.9882476341664591,0.6271582203240199,0.9154458163140926,0.09991194674514034,4.3392181396484375e-05,6,ruleta,20,10,1067413673,111111100111110111000010101001,2
0.9882476341664591,0.9270925435340763,0.939323917483167,0.024461858351350677,7.224082946777344e-05,7,ruleta,20,10,1067413673,111111100111110111000010101001,2
0.9882476341664591,0.9270925435340763,0.9393235616605529,0.024462036252953113,5.507469177246094e-05,8,ruleta,20,10,1067413673,111111100111110111000010101001,2
0.9882476341664591,0.9270798674028603,0.9454378031106696,0.028025613288781573,4.363059997558594e-05,9,ruleta,20,10,1067413673,111111100111110111000010101001,2
0.9882476341664591,0.9270925435340763,0.9454390707237911,0.02802478319547789,5.1975250244140625e-05,10,ruleta,20,10,1067413673,111111100111110111000010101001,2
0.9882476341664591,0.9257175130641516,0.9391860586135603,0.02453415957298321,6.270408630371094e-05,11,ruleta,20,10,1067413673,111111100111110111000010101001,2
0.9882476341664591,0.9257175130641516,0.9463624108517674,0.027606135186461083,5.340576171875e-05,12,ruleta,20,10,1067413673,111111100111110111000010101001,2
0.9882476341664591,0.9257175130641516,0.9483639576407284,0.02763117566754816,4.601478576660156e-05,13,ruleta,20,10,1067413673,111111100111110111000010101001,2
0.9882476637931402,0.9257175130641516,0.9483732285514733,0.0240136979782102,5.173683166503906e-05,14,ruleta,20,10,1067413689,111111100111110111000010111001,2
0.9882476637931402,0.8975286099027048,0.9515385982745752,0.03285883034821739,5.125999450683594e-05,15,ruleta,20,10,1067413689,111111100111110111000010111001,2
0.9882477822998692,0.897897187705563,0.9528141612248712,0.033399836862368505,4.76837158203125e-05,16,ruleta,20,10,1067413753,111111100111110111000011111001,2
0.9882477822998692,0.8978971594656464,0.9485130809968249,0.033504133991111594,4.4345855712890625e-05,17,ruleta,20,10,1067413753,111111100111110111000011111001,2
0.9882477822998692,0.8978971594656464,0.9578100967296208,0.03763005795884072,5.125999450683594e-05,18,ruleta,20,10,1067413753,111111100111110111000011111001,2
0.9921347068693874,0.9009513859300794,0.9645128891492826,0.03658196510886716,4.982948303222656e-05,19,ruleta,20,10,1069510841,111111101111110111000010111001,2
0.9882476637931402,0.9009513576421745,0.9642501041888965,0.03638599225393208,4.553794860839844e-05,20,ruleta,20,10,1067413689,111111100111110111000010111001,2
0.8760051130987884,0.0001773888555058759,0.32472363028415485,0.3202086847875177,5.626678466796875e-05,1,ruleta,20,10,1004970215,111011111001101010000011100111,3
0.9812010226860102,0.16514905499887553,0.6083575643142887,0.22813018525463602,5.030632019042969e-05,2,ruleta,20,10,1063601316,111111011001010100010010100100,3
0.9812276765195852,0.44722218432138244,0.7428665807147102,0.19485203738039417,4.696846008300781e-05,3,ruleta,20,10,1063615762,111111011001010111110100010010,3
0.9812276765195852,0.5851440509552808,0.7830151686916339,0.16952035310628097,5.459785461425781e-05,4,ruleta,20,10,1063615762,111111011001010111110100010010,3
0.9812276765195852,0.5851528051127437,0.8216681218767705,0.12914853593712922,4.363059997558594e-05,5,ruleta,20,10,1063615762,111111011001010111110100010010,3
0.9831364028621212,0.5851323788471936,0.8093808415331667,0.1568829426831903,4.6253204345703125e-05,6,ruleta,20,10,1064649755,111111011101010100010000011011,3
0.9831364028621212,0.5851323788471936,0.8361001593229748,0.13821407905876804,4.3392181396484375e-05,7,ruleta,20,10,1064649755,111111011101010100010000011011,3
0.9831364047089941,0.8486565425043672,0.9022523214125829,0.06564183230477341,4.57763671875e-05,8,ruleta,20,10,1064649756,111111011101010100010000011100,3
0.9831364047089941,0.8486565442202835,0.9293448587270758,0.0658809136644827,5.030632019042969e-05,9,ruleta,20,10,1064649756,111111011101010100010000011100,3
0.9831498426023177,0.8486460085267002,0.8890019516877394,0.06163092712805853,4.5299530029296875e-05,10,ruleta,20,10,1064657032,111111011101010110000010001000,3
0.9831477371539211,0.8486565442202835,0.8889055047552006,0.05861491675595765,4.410743713378906e-05,11,ruleta,20,10,1064655892,111111011101010101110000010100,3
0.9831477371539211,0.8486444436214402,0.8918934549792011,0.05998428963629776,4.4345855712890625e-05,12,ruleta,20,10,1064655892,111111011101010101110000010100,3
0.9831366041712802,0.8486442239857297,0.9024464376481747,0.06588276875841166,5.4836273193359375e-05,13,ruleta,20,10,1064649864,111111011101010100010010001000,3
0.9831553832667659,0.8486444436214402,0.9427929549470635,0.06162939073162851,4.6253204345703125e-05,14,ruleta,20,10,1064660032,111111011101010110110001000000,3
0.9831554202045812,0.8486565099019572,0.9427960658701544,0.06162878833647212,4.57763671875e-05,15,ruleta,20,10,1064660052,111111011101010110110001010100,3
0.9831553093911372,0.8486565099019572,0.9562440467999732,0.053793758668603954,4.267692565917969e-05,16,ruleta,20,10,1064659992,111111011101010110110000011000,3
0.9831553093911372,0.8631188237861953,0.9695979352798126,0.035789816404985034,5.125999450683594e-05,17,ruleta,20,10,1064659992,111111011101010110110000011000,3
0.9831553537165141,0.9677159533757731,0.9785178393081688,0.0070714986076335475,4.363059997558594e-05,18,ruleta,20,10,1064660016,111111011101010110110000110000,3
0.9831553537165141,0.9677048274901567,0.9800580308007263,0.006174730190210938,4.291534423828125e-05,19,ruleta,20,10,1064660016,111111011101010110110000110000,3
0.9831553537165141,0.9677048274901567,0.9785126103544783,0.007072929222937919,5.4836273193359375e-05,20,ruleta,20,10,1064660016,111111011101010110110000110000,3
0.9548856384320584,0.0286769451292518,0.4729041662837977,0.34017382353783465,7.677078247070312e-05,1,torneo,20,10,1049241720,111110100010100010100001111000,1
0.9548888764714129,0.15933205322069816,0.7473479302626969,0.2260023282854438,6.842613220214844e-05,2,torneo,20,10,1049243499,111110100010100010111101101011,1
0.9579074261928735,0.7288505630786358,0.8817056864265739,0.09677843983603923,7.534027099609375e-05,3,torneo,20,10,1050900600,111110101000110111100001111000,1
0.9682370415038452,0.7378644498611823,0.9289577697490685,0.06473552371430108,6.628036499023438e-05,4,torneo,20,10,1056551611,111110111110011011001010111011,1
0.9684499486466347,0.9377314831735123,0.9570465195733503,0.008029442701760892,7.176399230957031e-05,5,torneo,20,10,1056667768,111110111110110111100001111000,1
0.9684949976269035,0.9576956811360208,0.9628305843873692,0.004782862184288042,6.628036499023438e-05,6,torneo,20,10,1056692344,111110111110111101100001111000,1
0.9684949976269035,0.9578775580342107,0.9661793323146085,0.003597199782820032,6.461143493652344e-05,7,torneo,20,10,1056692344,111110111110111101100001111000,1
0.9684949976269035,0.9682371533061662,0.9684300795907786,9.836464486051263e-05,6.747245788574219e-05,8,torneo,20,10,1056692344,111110111110111101100001111000,1
0.9685100141864904,0.9670539499362985,0.9683463880063823,0.00043123120987275824,6.961822509765625e-05,9,torneo,20,10,1056700536,111110111110111111100001111000,1
0.9685100141864904,0.9684949976269035,0.9684995025947796,6.881452098483524e-06,6.222724914550781e-05,10,torneo,20,10,1056700536,111110111110111111100001111000,1
0.9685100141864904,0.9684949976269035,0.9685055092186143,6.881452098483524e-06,6.413459777832031e-05,11,torneo,20,10,1056700536,111110111110111111100001111000,1
0.9685100141864904,0.765194672108505,0.9481784799786919,0.06099460262339562,7.843971252441406e-05,12,torneo,20,10,1056700536,111110111110111111100001111000,1
0.9960330656286214,0.9685100141864904,0.9712623193307035,0.008256915432639289,7.033348083496094e-05,13,torneo,20,10,1071609976,111111110111110111100001111000,1
0.9960330656286214,0.9685100141864904,0.9822715399075559,0.013761525721065482,6.866455078125e-05,14,torneo,20,10,1071609976,111111110111110111100001111000,1
0.9960330656286214,0.8770727857659448,0.9841370376423537,0.03568808395880296,6.67572021484375e-05,15,torneo,20,10,1071609976,111111110111110111100001111000,1
0.9960332440875397,0.9960330656286214,0.9960330834745132,5.353767549287625e-08,6.461143493652344e-05,16,torneo,20,10,1071610072,111111110111110111100011011000,1
0.9960332440875397,0.9960330656286214,0.9960330834745132,5.353767549287625e-08,6.914138793945312e-05,17,torneo,20,10,1071610072,111111110111110111100011011000,1
0.9960332440875397,0.9951821174258981,0.9959480421919163,0.0002553082691996032,6.413459777832031e-05,18,torneo,20,10,1071610072,111111110111110111100011011000,1
0.9960332440875397,0.9960330656286214,0.9960332262416479,5.353767549287625e-08,6.246566772460938e-05,19,torneo,20,10,1071610072,111111110111110111100011011000,1
0.9960332440875397,0.9960332440875397,0.9960332440875398,0.0,6.341934204101562e-05,20,torneo,20,10,1071610072,111111110111110111100011011000,1
0.9404329832069072,0.00014609616726662944,0.4037850120029969,0.27109027706992095,8.630752563476562e-05,1,torneo,20,10,1041271055,111110000100001000100100001111,2
0.9404329832069072,0.41055144222562157,0.6662871381148954,0.1915036815386502,6.628036499023438e-05,2,torneo,20,10,1041271055,111110000100001000100100001111,2
0.9404332017713184,0.6015373672413542,0.7761094570991934,0.16456308308455778,6.699562072753906e-05,3,torneo,20,10,1041271176,111110000100001000100110001000,2
0.9404332017713184,0.9404329832069072,0.9404330487762305,1.0015879587135445e-07,6.508827209472656e-05,4,torneo,20,10,1041271176,111110000100001000100110001000,2
0.9404332144155414,0.9404329705626857,0.9404331362019954,1.0856268398808985e-07,6.699562072753906e-05,5,torneo,20,10,1041271183,111110000100001000100110001111,2
0.9404332144155414,0.9404332017713184,0.9404332131511192,3.7932669005869e-09,7.009506225585938e-05,6,torneo,20,10,1041271183,111110000100001000100110001111,2
0.9404332144155414,0.8844696838574673,0.9348368613597341,0.016789059167422238,6.723403930664062e-05,7,torneo,20,10,1041271183,111110000100001000100110001111,2
0.9404332144155414,0.779813267180145,0.9243712196920019,0.04818598417061892,6.270408630371094e-05,8,torneo,20,10,1041271183,111110000100001000100110001111,2
0.9404332144155414,0.9404332144155414,0.9404332144155415,0.0,6.318092346191406e-05,9,torneo,20,10,1041271183,111110000100001000100110001111,2
0.9404332144155414,0.9404332144155414,0.9404332144155415,0.0,6.818771362304688e-05,10,torneo,20,10,1041271183,111110000100001000100110001111,2
0.9404623469308575,0.9404332144155414,0.9404361276670731,8.739754594833115e-06,6.365776062011719e-05,11,torneo,20,10,1041287311,111110000100001100100010001111,2
0.9404623469308575,0.9404332144155414,0.9404448674216678,1.4271959489657246e-05,6.103515625e-05,12,torneo,20,10,1041287311,111110000100001100100010001111,2
0.9404623469308575,0.9404332144155414,0.9404594336793259,8.739754594833115e-06,6.0558319091796875e-05,13,torneo,20,10,1041287311,111110000100001100100010001111,2
0.9404623469308575,0.9404623469308575,0.9404623469308575,0.0,6.818771362304688e-05,14,torneo,20,10,1041287311,111110000100001100100010001111,2
0.9404623469308575,0.7136566423743886,0.9177817764752106,0.06804171136694066,7.176399230957031e-05,15,torneo,20,10,1041287311,111110000100001100100010001111,2
0.9710607898469392,0.8076529281383316,0.9302412493432131,0.04186872110530217,6.4849853515625e-05,16,torneo,20,10,1058091143,111111000100010011000010000111,2
0.9710607898469392,0.9404623469308575,0.9465819580513187,0.012227215814601781,6.747245788574219e-05,17,torneo,20,10,1058091143,111111000100010011000010000111,2
0.9710607898469392,0.9404623324800931,0.9570773714591627,0.014442365207442161,6.318092346191406e-05,18,torneo,20,10,1058091143,111111000100010011000010000111,2
0.9710608045309037,0.9710119222283546,0.9710314780859826,2.3935950667021643e-05,6.67572021484375e-05,19,torneo,20,10,1058091151,111111000100010011000010001111,2
0.9710608045309037,0.9710119369119496,0.9710559089586296,1.465735036438381e-05,6.175041198730469e-05,20,torneo,20,10,1058091151,111111000100010011000010001111,2
0.8760051130987884,0.0001773888555058759,0.32472363028415485,0.3202086847875177,8.273124694824219e-05,1,torneo,20,10,1004970215,111011111001101010000011100111,3
0.9354787185684271,0.05549743928330328,0.6106295210203705,0.28886750353629576,6.866455078125e-05,2,torneo,20,10,1038524690,111101111001101010000100010010,3
0.935489160399681,0.8255680217216449,0.8883554800044056,0.03338477213537604,6.723403930664062e-05,3,torneo,20,10,1038530486,111101111001101011011110110110,3
0.935489160399681,0.8759581671788345,0.9235886742898577,0.023800975647347587,6.318092346191406e-05,4,torneo,20,10,1038530486,111101111001101011011110110110,3
0.935489160399681,0.935489160399681,0.935489160399681,0.0,6.413459777832031e-05,5,torneo,20,10,1038530486,111101111001101011011110110110,3
0.935489160399681,0.935489160399681,0.935489160399681,0.0,6.389617919921875e-05,6,torneo,20,10,1038530486,111101111001101011011110110110,3
0.935489160399681,0.935489160399681,0.935489160399681,0.0,6.29425048828125e-05,7,torneo,20,10,1038530486,111101111001101011011110110110,3
0.935489160399681,0.935489160399681,0.935489160399681,0.0,6.794929504394531e-05,8,torneo,20,10,1038530486,111101111001101011011110110110,3
0.935489160399681,0.7375503772204982,0.9156952820817628,0.059381634953754835,7.081031799316406e-05,9,torneo,20,10,1038530486,111101111001101011011110110110,3
0.9530447116893418,0.9342070455236064,0.9371165040410396,0.005323144994912867,6.628036499023438e-05,10,torneo,20,10,1048229814,111110011110101011011110110110,3
0.950679540540983,0.935489160399681,0.9372444819190848,0.004533421466827017,6.29425048828125e-05,11,torneo,20,10,1046928310,111110011001101101101110110110,3
0.999355282275116,0.8907168549717935,0.9376348255497093,0.024582483716788953,6.461143493652344e-05,12,torneo,20,10,1073395638,111111111110101011011110110110,3
0.999355282275116,0.935489160399681,0.9489712352905888,0.025212791558323507,6.246566772460938e-05,13,torneo,20,10,1073395638,111111111110101011011110110110,3
0.999355282275116,0.937851995452417,0.9806603833285015,0.02803376491663823,7.43865966796875e-05,14,torneo,20,10,1073395638,111111111110101011011110110110,3
0.9994485356446463,0.8597851905669861,0.9819376356667116,0.042012068774968186,6.747245788574219e-05,15,torneo,20,10,1073445718,111111111110110111101101010110,3
0.9994487144092771,0.9956080776158702,0.9990178631575614,0.0011374459640480807,6.842613220214844e-05,16,torneo,20,10,1073445814,111111111110110111101110110110,3
0.9994485356446463,0.999355282275116,0.9994298849707401,3.730134781210204e-05,6.198883056640625e-05,17,torneo,20,10,1073445718,111111111110110111101101010110,3
0.9994485356446463,0.9994485356446463,0.9994485356446463,0.0,6.461143493652344e-05,18,torneo,20,10,1073445718,111111111110110111101101010110,3
0.9994485356446463,0.9994485356446463,0.9994485356446463,0.0,6.175041198730469e-05,19,torneo,20,10,1073445718,111111111110110111101101010110,3
0.9994485356446463,0.9994485356446463,0.9994485356446463,0.0,6.175041198730469e-05,20,torneo,20,10,1073445718,111111111110110111101101010110,3
0.9548856384320584,0.0286769451292518,0.4729041662837977,0.34017382353783465,5.364418029785156e-05,1,elitismo,20,10,1049241720,111110100010100010100001111000,1
0.9548856384320584,0.36118201972834046,0.6988387135726863,0.15556164454235075,8.273124694824219e-05,2,elitismo,20,10,1049241720,111110100010100010100001111000,1
0.959132189960652,0.6422439636047398,0.7756962183520135,0.14283171704931077,7.271766662597656e-05,3,elitismo,20,10,1051572217,111110101011011011011111111001,1
0.988740094641647,0.6452311617375539,0.8403035803993102,0.1334851492025523,7.653236389160156e-05,4,elitismo,20,10,1067679595,111111101000110111111101101011,1
0.988740094641647,0.6916320254721153,0.9068951790433044,0.10806120984333946,6.413459777832031e-05,5,elitismo,20,10,1067679595,111111101000110111111101101011,1
0.988740094641647,0.6915812668715784,0.8279203588794932,0.13657676816146555,4.506111145019531e-05,6,elitismo,20,10,1067679595,111111101000110111111101101011,1
0.988740094641647,0.6915812684205795,0.8842212340461202,0.11964117571929919,5.3882598876953125e-05,7,elitismo,20,10,1067679595,111111101000110111111101101011,1
0.988740094641647,0.9151201482652503,0.9753260142917226,0.023204675076524836,5.173683166503906e-05,8,elitismo,20,10,1067679595,111111101000110111111101101011,1
0.988740094641647,0.9885167516280793,0.9886039125870921,0.00010678699211581435,9.179115295410156e-05,9,elitismo,20,10,1067679595,111111101000110111111101101011,1
0.9887440304193875,0.9885167497761597,0.9886057261878743,0.0001089913755941926,4.601478576660156e-05,10,elitismo,20,10,1067681720,111111101000111000011110111000,1
0.9887440304193875,0.9885167516280793,0.988584159945874,0.00010263284614134993,4.982948303222656e-05,11,elitismo,20,10,1067681720,111111101000111000011110111000,1
0.9887440304193875,0.9885167516280793,0.9886071641315188,0.00010985865853392936,5.1021575927734375e-05,12,elitismo,20,10,1067681720,111111101000111000011110111000,1
0.9887440304193875,0.9603571320176548,0.9858147201614906,0.008486529360940931,4.315376281738281e-05,13,elitismo,20,10,1067681720,111111101000111000011110111000,1
0.9887595013430504,0.9603571320176548,0.9802052331855592,0.012993827972423606,4.506111145019531e-05,14,elitismo,20,10,1067690073,111111101000111010100001011001,1
0.9887595013430504,0.9603571320176548,0.9829969222218743,0.011320405473822322,5.245208740234375e-05,15,elitismo,20,10,1067690073,111111101000111010100001011001,1
0.9887595013430504,0.9603503727529175,0.9829742033393052,0.011310610764656176,5.817413330078125e-05,16,elitismo,20,10,1067690073,111111101000111010100001011001,1
0.9887595013430504,0.035056930432098066,0.8901597989591175,0.2851201373369784,4.9591064453125e-05,17,elitismo,20,10,1067690073,111111101000111010100001011001,1
0.9887595013430504,0.9771251060169159,0.9866672214096942,0.003950680362449418,4.315376281738281e-05,18,elitismo,20,10,1067690073,111111101000111010100001011001,1
0.9887595013430504,0.9771251060169159,0.9843912681119958,0.005287723949841502,4.863739013671875e-05,19,elitismo,20,10,1067690073,111111101000111010100001011001,1
0.9887595013430504,0.9500299760309783,0.9825330528206333,0.011760276788535397,4.38690185546875e-05,20,elitismo,20,10,1067690073,111111101000111010100001011001,1
0.9404329832069072,0.00014609616726662944,0.4037850120029969,0.27109027706992095,5.936622619628906e-05,1,elitismo,20,10,1041271055,111110000100001000100100001111,2
0.9882476341664591,0.31754266335707704,0.6420619042503468,0.23118449549558753,5.030632019042969e-05,2,elitismo,20,10,1067413673,111111100111110111000010101001,2
0.9882476341664591,0.31754266335707704,0.674427712739165,0.24803285541392212,6.008148193359375e-05,3,elitismo,20,10,1067413673,111111100111110111000010101001,2
0.9882476341664591,0.31754397328138256,0.789466502365453,0.2203553577531665,4.458427429199219e-05,4,elitismo,20,10,1067413673,111111100111110111000010101001,2
0.9882476341664591,0.60151796146852,0.894168681453199,0.14168168582863444,5.7220458984375e-05,5,elitismo,20,10,1067413673,111111100111110111000010101001,2
0.9882476452764645,0.6015148555337894,0.9013325984640016,0.15104712345696328,4.9114227294921875e-05,6,elitismo,20,10,1067413679,111111100111110111000010101111,2
0.988247823036559,0.9404327989625471,0.9786847041302795,0.019125912844999232,4.5299530029296875e-05,7,elitismo,20,10,1067413775,111111100111110111000100001111,2
0.988247823036559,0.9404327989625471,0.98346617397708,0.01434445833828264,4.38690185546875e-05,8,elitismo,20,10,1067413775,111111100111110111000100001111,2
0.988247823036559,0.9404328098004501,0.9834661761718708,0.01434445545724362,4.410743713378906e-05,9,elitismo,20,10,1067413775,111111100111110111000100001111,2
0.9882478822899273,0.9404327519983013,0.9834661952040028,0.01434448106881429,5.14984130859375e-05,10,elitismo,20,10,1067413807,111111100111110111000100101111,2
0.9882478822899273,0.9421982215714929,0.9786780949733116,0.018253233902624743,4.2438507080078125e-05,11,elitismo,20,10,1067413807,111111100111110111000100101111,2
0.9882478822899273,0.9421982215714929,0.9790378649695268,0.01841982169927658,4.363059997558594e-05,12,elitismo,20,10,1067413807,111111100111110111000100101111,2
0.9882478822899273,0.9421982215714929,0.9790378962594175,0.01841977948791879,5.14984130859375e-05,13,elitismo,20,10,1067413807,111111100111110111000100101111,2
0.9882478822899273,0.9408124926343285,0.9788993292910406,0.018699496513360708,4.935264587402344e-05,14,elitismo,20,10,1067413807,111111100111110111000100101111,2
0.9991996381645848,0.9408124926343285,0.9705074980514228,0.024173595390380352,5.078315734863281e-05,15,elitismo,20,10,1073312047,111111111110010111000100101111,2
0.9991996381645848,0.9408104113380752,0.9721454471065663,0.022518332128144736,4.363059997558594e-05,16,elitismo,20,10,1073312047,111111111110010111000100101111,2
0.9991996381645848,0.9422003044022628,0.9761009411259879,0.020105234325103954,4.863739013671875e-05,17,elitismo,20,10,1073312047,111111111110010111000100101111,2
0.9991996381645848,0.9558060212883003,0.9808382944886136,0.01873778207557445,5.0067901611328125e-05,18,elitismo,20,10,1073312047,111111111110010111000100101111,2
0.9991996381645848,0.9574177940925163,0.9825538526938058,0.016741634928365265,4.38690185546875e-05,19,elitismo,20,10,1073312047,111111111110010111000100101111,2
0.9991996381645848,0.9574177940925163,0.9736386431356202,0.018953824243899214,4.291534423828125e-05,20,elitismo,20,10,1073312047,111111111110010111000100101111,2
0.8760051130987884,0.0001773888555058759,0.32472363028415485,0.3202086847875177,5.793571472167969e-05,1,elitismo,20,10,1004970215,111011111001101010000011100111,3
0.9812010226860102,0.16514905499887553,0.661080924038626,0.24670609183170406,5.1021575927734375e-05,2,elitismo,20,10,1063601316,111111011001010100010010100100,3
0.9812010558969856,0.16536794177895697,0.7489826300432654,0.25466727106005227,4.8160552978515625e-05,3,elitismo,20,10,1063601334,111111011001010100010010110110,3
0.9812010558969856,0.44722184799922715,0.7162686918975173,0.22933115297436818,4.5299530029296875e-05,4,elitismo,20,10,1063601334,111111011001010100010010110110,3
0.9812010558969856,0.44721981512133646,0.8543955901261002,0.18239399581570126,5.53131103515625e-05,5,elitismo,20,10,1063601334,111111011001010100010010110110,3
0.9812010558969856,0.8760050015246847,0.9383770286372901,0.050966488898843254,4.4345855712890625e-05,6,elitismo,20,10,1063601334,111111011001010100010010110110,3
0.9813796966400165,0.8758494532146617,0.9496458927670343,0.048240343552035075,4.4345855712890625e-05,7,elitismo,20,10,1063698151,111111011001101011111011100111,3
0.9813796966400165,0.8758494532146617,0.9390938479667919,0.051607125316983075,4.267692565917969e-05,8,elitismo,20,10,1063698151,111111011001101011111011100111,3
0.9813796966400165,0.8758494532146617,0.9390938582506416,0.051607061112953184,4.3392181396484375e-05,9,elitismo,20,10,1063698151,111111011001101011111011100111,3
0.9813796966400165,0.8758498088255654,0.97071950237914,0.0316233321390556,4.363059997558594e-05,10,elitismo,20,10,1063698151,111111011001101011111011100111,3
0.9813796966400165,0.8758498088255654,0.9707194643826501,0.0316232973644018,5.078315734863281e-05,11,elitismo,20,10,1063698151,111111011001101011111011100111,3
0.9813796966400165,0.9812007699136049,0.981255979289072,8.006401285932118e-05,4.363059997558594e-05,12,elitismo,20,10,1063698151,111111011001101011111011100111,3
0.9813796966400165,0.9812011463046436,0.9813082765058674,8.747144301325368e-05,4.3392181396484375e-05,13,elitismo,20,10,1063698151,111111011001101011111011100111,3
0.9813796966400165,0.9812011463046436,0.9813082762948646,8.260170027324356e-05,4.2438507080078125e-05,14,elitismo,20,10,1063698151,111111011001101011111011100111,3
0.9813796966400165,0.9812011463046436,0.9813137556173258,8.122425355879304e-05,4.410743713378906e-05,15,elitismo,20,10,1063698151,111111011001101011111011100111,3
0.9813796966400165,0.9812011463046436,0.9813288710865846,7.774335085127229e-05,4.839897155761719e-05,16,elitismo,20,10,1063698151,111111011001101011111011100111,3
0.9813796966400165,0.9812285418619356,0.9813642977361537,4.5253930450894956e-05,4.8160552978515625e-05,17,elitismo,20,10,1063698151,111111011001101011111011100111,3
0.9813796966400165,0.9812261654002762,0.9813492280382343,6.0939520483242694e-05,4.3392181396484375e-05,18,elitismo,20,10,1063698151,111111011001101011111011100111,3
0.9813796966400165,0.9812285418619356,0.9813492280199307,6.034717409627759e-05,4.100799560546875e-05,19,elitismo,20,10,1063698151,111111011001101011111011100111,3
0.9813796966400165,0.9812285418619356,0.9813494656844004,6.046191123232347e-05,4.124641418457031e-05,20,elitismo,20,10,1063698151,111111011001101011111011100111,3
0.9240578210673823,3.685726022512395e-05,0.26829991464025876,0.30451353205928894,6.246566772460938e-05,1,ruleta,100,10,1032165749,111101100001011001100101110101,1
0.9240578210673823,0.1369305854742232,0.6097728786525078,0.31991736602103876,5.6743621826171875e-05,2,ruleta,100,10,1032165749,111101100001011001100101110101,1
0.937565522928151,0.1369305854742232,0.7452359276501624,0.27870216724315083,4.506111145019531e-05,3,ruleta,100,10,1039682381,111101111110000100101101001101,1
0.9320809598897578,0.7257642958324179,0.8683918114458878,0.09035732071032263,4.9114227294921875e-05,4,ruleta,100,10,1036636958,111101110010011101001100011110,1
0.932081116339991,0.6395218854350121,0.8223292403855428,0.11134501113086191,4.887580871582031e-05,5,ruleta,100,10,1036637045,111101110010011101001101110101,1
0.932081116339991,0.7328314846581024,0.890628562768088,0.0789537148428893,4.076957702636719e-05,6,ruleta,100,10,1036637045,111101110010011101001101110101,1
0.932081116339991,0.7328556945786636,0.9097514853056146,0.05907433178258694,4.029273986816406e-05,7,ruleta,100,10,1036637045,111101110010011101001101110101,1
0.932081116339991,0.9240576652919613,0.9296740102182733,0.0036766928365644038,4.220008850097656e-05,8,ruleta,100,10,1036637045,111101110010011101001101110101,1
0.9320809598897578,0.9240576652919613,0.9288716536418772,0.003925132159138389,4.1484832763671875e-05,9,ruleta,100,10,1036636958,111101110010011101001100011110,1
0.9320809598897578,0.9240576652919613,0.9296739659044132,0.0036709138772135523,4.2438507080078125e-05,10,ruleta,100,10,1036636958,111101110010011101001100011110,1
0.9320809580914794,0.9240578210673823,0.9272750593346857,0.003918747017012455,4.1961669921875e-05,11,ruleta,100,10,1036636957,111101110010011101001100011101,1
0.9320809580914794,0.9240578210673823,0.9288744660893858,0.003916616637007698,4.220008850097656e-05,12,ruleta,100,10,1036636957,111101110010011101001100011101,1
0.9320809580914794,0.9240585677152722,0.9296664020725725,0.0036601681682485927,4.267692565917969e-05,13,ruleta,100,10,1036636957,111101110010011101001100011101,1
0.9320809580914794,0.9240585677152722,0.9304661503031937,0.0031973986611375017,4.9591064453125e-05,14,ruleta,100,10,1036636957,111101110010011101001100011101,1
0.9320809455035302,0.9240842368295303,0.9304687145125833,0.003192255673499415,4.3392181396484375e-05,15,ruleta,100,10,1036636950,111101110010011101001100010110,1
0.9320809455035302,0.932055163763632,0.9320706333470421,1.2629026680029114e-05,5.0067901611328125e-05,16,ruleta,100,10,1036636950,111101110010011101001100010110,1
0.9320809455035302,0.9320551655618856,0.9320712648947737,1.1981503663814212e-05,4.0531158447265625e-05,17,ruleta,100,10,1036636950,111101110010011101001100010110,1
0.9320809455035302,0.9320551655618856,0.9320738427091129,1.0971310757490769e-05,4.220008850097656e-05,18,ruleta,100,10,1036636950,111101110010011101001100010110,1
0.9320835727902017,0.9320551655618856,0.9320738427122273,1.1488284192001047e-05,4.124641418457031e-05,19,ruleta,100,10,1036638411,111101110010011101100011001011,1
0.9320835727902017,0.9320551673601392,0.9320720012834585,1.1559723243722707e-05,4.220008850097656e-05,20,ruleta,100,10,1036638411,111101110010011101100011001011,1
0.9320835727902017,0.9320551655618856,0.9320720012834588,1.1559780533965744e-05,5.555152893066406e-05,21,ruleta,100,10,1036638411,111101110010011101100011001011,1
0.9322871978714757,0.348626780244051,0.8737564175288727,0.17504322752069743,5.030632019042969e-05,22,ruleta,100,10,1036751638,111101110010111001001100010110,1
0.9320883112666265,0.34860538192232715,0.8590288111779131,0.17552881271036302,4.8160552978515625e-05,23,ruleta,100,10,1036641046,111101110010011110001100010110,1
0.9320698969134553,0.7864814437988924,0.9026184404356771,0.05786540069657837,4.124641418457031e-05,24,ruleta,100,10,1036630806,111101110010011011101100010110,1
0.9320698969134553,0.7864814437988924,0.8876064227277218,0.06100795679567715,5.054473876953125e-05,25,ruleta,100,10,1036630806,111101110010011011101100010110,1
0.9320577928122236,0.7864814437988924,0.8757007510808567,0.06233555678173562,5.173683166503906e-05,26,ruleta,100,10,1036624075,111101110010011010000011001011,1
0.9320577928122236,0.7889996106362867,0.8897357205161835,0.05622528629637739,4.887580871582031e-05,27,ruleta,100,10,1036624075,111101110010011010000011001011,1
0.9320959647856751,0.8136903962836638,0.9157208618016327,0.03470516289201116,4.363059997558594e-05,28,ruleta,100,10,1036645302,111101110010011111001110110110,1
0.930347803280852,0.8136903828421028,0.9146809768638053,0.034291456715804775,5.125999450683594e-05,29,ruleta,100,10,1035672723,111101101110110001110010010011,1
0.930369175826027,0.808760330864794,0.8995775612426931,0.04597840379950317,4.792213439941406e-05,30,ruleta,100,10,1035684619,111101101110110100101100001011,1
0.930369175826027,0.9076588104871599,0.9253771048953808,0.006544611663336313,4.935264587402344e-05,31,ruleta,100,10,1035684619,111101101110110100101100001011,1
0.930369175826027,0.9076588104871599,0.9255607024564757,0.006589066734501123,4.291534423828125e-05,32,ruleta,100,10,1035684619,111101101110110100101100001011,1
0.9301253105513434,0.9235442095550435,0.926090257976016,0.0026563647022177315,4.2438507080078125e-05,33,ruleta,100,10,1035548875,111101101110010011100011001011,1
0.9301253105513434,0.9235442095550435,0.9254236658185301,0.002378770058612234,4.3392181396484375e-05,34,ruleta,100,10,1035548875,111101101110010011100011001011,1
0.9301253105513434,0.9235442095550435,0.9248594283962712,0.0017939158288523293,4.9591064453125e-05,35,ruleta,100,10,1035548875,111101101110010011100011001011,1
0.9244829363287546,0.7902317855060372,0.9106823305369984,0.04015262024681849,4.839897155761719e-05,36,ruleta,100,10,1032403147,111101100010010011100011001011,1
0.9244829363287546,0.9235442095550435,0.9241426422853488,0.0004277745828576625,4.267692565917969e-05,37,ruleta,100,10,1032403147,111101100010010011100011001011,1
0.9244829363287546,0.9235442095550435,0.924330387640091,0.0003150848078963802,4.2438507080078125e-05,38,ruleta,100,10,1032403147,111101100010010011100011001011,1
0.9244829363287546,0.9235442095550435,0.924330387640091,0.0003150848078963802,4.00543212890625e-05,39,ruleta,100,10,1032403147,111101100010010011100011001011,1
0.9244829363287546,0.9238961762158306,0.9244242603174622,0.00017602803387717358,4.100799560546875e-05,40,ruleta,100,10,1032403147,111101100010010011100011001011,1
0.9244829363287546,0.9238961762158306,0.9244242603174622,0.00017602803387717358,4.100799560546875e-05,41,ruleta,100,10,1032403147,111101100010010011100011001011,1
0.9248350818034761,0.9235442095550435,0.924365599207331,0.0003319137433351997,4.649162292480469e-05,42,ruleta,100,10,1032599755,111101100011000011100011001011,1
0.9248350818034761,0.9235442095550435,0.9245064676566441,0.0003551789184738803,4.267692565917969e-05,43,ruleta,100,10,1032599755,111101100011000011100011001011,1
0.9248350818034761,0.9235442095550435,0.9244360385616999,0.00031576114373435007,4.76837158203125e-05,44,ruleta,100,10,1032599755,111101100011000011100011001011,1
0.9248350818034761,0.04732488609269247,0.8367084731752493,0.26312804610863144,4.1961669921875e-05,45,ruleta,100,10,1032599755,111101100011000011100011001011,1
0.9248350818034761,0.9235442095550435,0.9244242781988555,0.000311577699621852,5.173683166503906e-05,46,ruleta,100,10,1032599755,111101100011000011100011001011,1
0.9248350818034761,0.8900676192488073,0.9210766191682319,0.010336866498934633,4.839897155761719e-05,47,ruleta,100,10,1032599755,111101100011000011100011001011,1
0.9248350818034761,0.8900676192488073,0.9176350874602373,0.01378412770037136,4.9591064453125e-05,48,ruleta,100,10,1032599755,111101100011000011100011001011,1
0.9244829363287546,0.8900676192488073,0.9210414046207598,0.010324595123984181,4.220008850097656e-05,49,ruleta,100,10,1032403147,111101100010010011100011001011,1
0.9244829363287546,0.9244829363287546,0.9244829363287546,0.0,4.100799560546875e-05,50,ruleta,100,10,1032403147,111101100010010011100011001011,1
0.9244829363287546,0.9244829363287546,0.9244829363287546,0.0,4.1961669921875e-05,51,ruleta,100,10,1032403147,111101100010010011100011001011,1
0.9244829363287546,0.9244829363287546,0.9244829363287546,0.0,4.1484832763671875e-05,52,ruleta,100,10,1032403147,111101100010010011100011001011,1
0.9244829363287546,0.9244829363287546,0.9244829363287546,0.0,4.696846008300781e-05,53,ruleta,100,10,1032403147,111101100010010011100011001011,1
0.9244829363287546,0.924481095249544,0.9244827522208334,5.523237631588351e-07,4.1961669921875e-05,54,ruleta,100,10,1032403147,111101100010010011100011001011,1
0.9244829434924905,0.9244810880858153,0.9244825681129132,7.382273960361839e-07,4.267692565917969e-05,55,ruleta,100,10,1032403151,111101100010010011100011001111,1
0.9244829363287546,0.9244811024132729,0.9244827522208328,5.499400007782805e-07,5.555152893066406e-05,56,ruleta,100,10,1032403147,111101100010010011100011001011,1
0.9733741341331987,0.9117743185115381,0.9282848493810232,0.015526426412313494,4.553794860839844e-05,57,ruleta,100,10,1059350731,111111001001000110100011001011,1
0.9733741341331987,0.9244811024132729,0.929923571444481,0.01450690642117268,4.8160552978515625e-05,58,ruleta,100,10,1059350731,111111001001000110100011001011,1
0.9733741341331987,0.9244443098682432,0.9296155218246259,0.014597266127205192,4.673004150390625e-05,59,ruleta,100,10,1059350731,111111001001000110100011001011,1
0.9246149830237409,0.9244811024132729,0.9244954074320605,3.986790496641905e-05,4.291534423828125e-05,60,ruleta,100,10,1032476875,111101100010100101100011001011,1
0.9246168170720088,0.9244792684996102,0.9244952240539728,4.0547598521388616e-05,4.291534423828125e-05,61,ruleta,100,10,1032477899,111101100010100101110011001011,1
0.9246168170720088,0.9244792684996102,0.924495407445521,4.048741605597765e-05,4.100799560546875e-05,62,ruleta,100,10,1032477899,111101100010100101110011001011,1
0.9244829363287546,0.9244792684996102,0.9244816525882811,1.432333174122454e-06,4.100799560546875e-05,63,ruleta,100,10,1032403147,111101100010010011100011001011,1
0.9244829363287546,0.9244792684996102,0.9244812858053667,1.5233638876481008e-06,4.2438507080078125e-05,64,ruleta,100,10,1032403147,111101100010010011100011001011,1
0.9244829363287546,0.9244792684996102,0.9244809190226342,1.7301115375554963e-06,4.6253204345703125e-05,65,ruleta,100,10,1032403147,111101100010010011100011001011,1
0.9244829363287546,0.8956618980061217,0.9215982650159082,0.008645455752054972,4.76837158203125e-05,66,ruleta,100,10,1032403147,111101100010010011100011001011,1
0.925535903993975,0.8956582878025616,0.9188225640614688,0.011585435879357682,4.076957702636719e-05,67,ruleta,100,10,1032990923,111101100100100011000011001011,1
0.925535903993975,0.8956582878025616,0.9189285943940015,0.011641404402530855,3.9577484130859375e-05,68,ruleta,100,10,1032990923,111101100100100011000011001011,1
0.925535903993975,0.8956582878025616,0.918928961176916,0.01164157933696641,4.172325134277344e-05,69,ruleta,100,10,1032990923,111101100100100011000011001011,1
0.9263618203876514,0.8956618980061217,0.9220221033816112,0.008818347033983412,4.6253204345703125e-05,70,ruleta,100,10,1033451723,111101100110010011100011001011,1
0.9255395739185952,0.9236578581253954,0.9245519795732188,0.0005662972257490628,3.981590270996094e-05,71,ruleta,100,10,1032992971,111101100100100011100011001011,1
0.925535903993975,0.9238925095508395,0.9245280900687417,0.00037907735894439533,4.8160552978515625e-05,72,ruleta,100,10,1032990923,111101100100100011000011001011,1
0.925535903993975,0.9238925095508395,0.9248436075594453,0.0005709431298375221,4.38690185546875e-05,73,ruleta,100,10,1032990923,111101100100100011000011001011,1
0.925535903993975,0.9238925095508395,0.924595984940232,0.0005299042322974294,4.124641418457031e-05,74,ruleta,100,10,1032990923,111101100100100011000011001011,1
0.925535903993975,0.9238925095508395,0.9246652978350317,0.00047593818985038305,3.8623809814453125e-05,75,ruleta,100,10,1032990923,111101100100100011000011001011,1
0.9255248942637702,0.9244829363287546,0.9246190431875076,0.0003056877762183583,4.1484832763671875e-05,76,ruleta,100,10,1032984779,111101100100100001100011001011,1
0.9246003107030811,0.9244792684996102,0.9245056776145079,4.641945864678474e-05,6.222724914550781e-05,77,ruleta,100,10,1032468683,111101100010100011100011001011,1
0.9247176925279883,0.9243619018086948,0.9245056791511901,8.853116124877767e-05,6.389617919921875e-05,78,ruleta,100,10,1032534219,111101100010110011100011001011,1
0.9246003107030811,0.9244792684996102,0.9244939402003582,3.5486332280323996e-05,6.29425048828125e-05,79,ruleta,100,10,1032468683,111101100010100011100011001011,1
0.9246003107030811,0.9244792684996102,0.9245056776377909,4.7337851737767234e-05,5.2928924560546875e-05,80,ruleta,100,10,1032468683,111101100010100011100011001011,1
0.9254221399396239,0.9244792684996102,0.9246234396566576,0.00027199485273002273,4.792213439941406e-05,81,ruleta,100,10,1032927435,111101100100010011100011001011,1
0.9254219679226586,0.9244829363287546,0.9246355266753084,0.0002679227341005295,4.172325134277344e-05,82,ruleta,100,10,1032927339,111101100100010011100001101011,1
0.9246003107030811,0.9244829363287546,0.9245650983907832,5.378769549996029e-05,4.744529724121094e-05,83,ruleta,100,10,1032468683,111101100010100011100011001011,1
0.9246004969720474,0.9244829363287546,0.9245768544551124,4.695909550401319e-05,4.1961669921875e-05,84,ruleta,100,10,1032468787,111101100010100011100100110011,1
0.9246003107030811,0.9244829363287546,0.9245885732656485,3.521231229797195e-05,4.673004150390625e-05,85,ruleta,100,10,1032468683,111101100010100011100011001011,1
0.9247267020915211,0.9244829363287546,0.9246012124044924,5.453750651247345e-05,4.220008850097656e-05,86,ruleta,100,10,1032539249,111101100010110100110001110001,1
0.9247176925279883,0.9244829363287546,0.924601212347308,5.256259970283813e-05,4.0531158447265625e-05,87,ruleta,100,10,1032534219,111101100010110011100011001011,1
0.9246093196947691,0.9244829363287546,0.9245903750639861,3.598874597530468e-05,4.172325134277344e-05,88,ruleta,100,10,1032473713,111101100010100100110001110001,1
0.9246093196947691,0.9244829363287546,0.9245777367273845,4.747505201774328e-05,4.8160552978515625e-05,89,ruleta,100,10,1032473713,111101100010100100110001110001,1
0.9246093196947691,0.9244444244856267,0.9245504106682064,6.388409126243397e-05,4.2438507080078125e-05,90,ruleta,100,10,1032473713,111101100010100100110001110001,1
0.9246093196947691,0.9244829363287546,0.9245777367273845,4.747505201774328e-05,4.1484832763671875e-05,91,ruleta,100,10,1032473713,111101100010100100110001110001,1
0.9246093196947691,0.9244829363287546,0.9245894741648172,3.561404226474158e-05,4.0531158447265625e-05,92,ruleta,100,10,1032473713,111101100010100100110001110001,1
0.9246076468488591,0.9244829363287546,0.9245894741641536,3.5579566348385736e-05,4.1484832763671875e-05,93,ruleta,100,10,1032472779,111101100010100100100011001011,1
0.9246003107030811,0.9244829363287546,0.9245650983907832,5.378769549996029e-05,4.9114227294921875e-05,94,ruleta,100,10,1032468683,111101100010100011100011001011,1
0.9246003107030811,0.9244829363287546,0.9245533609533505,5.750146519570683e-05,5.054473876953125e-05,95,ruleta,100,10,1032468683,111101100010100011100011001011,1
0.9246003107030811,0.9239613968027678,0.9245008860452891,0.00018726955938693787,6.532669067382812e-05,96,ruleta,100,10,1032468683,111101100010100011100011001011,1
0.9246005399571962,0.8338975765971863,0.9154948479056053,0.027199141120642523,4.3392181396484375e-05,97,ruleta,100,10,1032468811,111101100010100011100101001011,1
0.9246009626445453,0.8338969574587234,0.9064480297608167,0.03627539971025463,4.291534423828125e-05,98,ruleta,100,10,1032469047,111101100010100011101000110111,1
0.9246009626445453,0.8338975697934656,0.9155066269314007,0.02720305849906609,4.0531158447265625e-05,99,ruleta,100,10,1032469047,111101100010100011101000110111,1
0.9246009626445453,0.8338975697934656,0.9064598929094508,0.036281161558871226,5.2928924560546875e-05,100,ruleta,100,10,1032469047,111101100010100011101000110111,1
0.6063709206038943,0.0003245750244043055,0.3406657282622517,0.19467314799664567,7.271766662597656e-05,1,ruleta,100,10,836120849,110001110101100011000100010001,2
0.6063709206038943,0.16297225426862452,0.4491954910710135,0.15288916615521386,5.9604644775390625e-05,2,ruleta,100,10,836120849,110001110101100011000100010001,2
0.5777123465415978,0.4186755944404859,0.48272874035111135,0.06308724282091921,4.5299530029296875e-05,3,ruleta,100,10,816123145,110000101001010000110100001001,2
0.5777346362927739,0.41827583407109753,0.5076764927821558,0.07010477566897304,4.458427429199219e-05,4,ruleta,100,10,816138889,110000101001010100101010001001,2
0.5777346362927739,0.4182622252310717,0.5109010427226528,0.06633382974322417,4.38690185546875e-05,5,ruleta,100,10,816138889,110000101001010100101010001001,2
0.5762510419761776,0.41826225534687583,0.49838003686416055,0.06432104839381808,5.078315734863281e-05,6,ruleta,100,10,815090313,110000100101010100101010001001,2
0.6017491536430459,0.4427066028173095,0.5168869011707282,0.0669675809630467,5.364418029785156e-05,7,ruleta,100,10,832928292,110001101001010111101000100100,2
0.6974154231607639,0.4427066028173095,0.5270124892797219,0.08535546469060583,4.673004150390625e-05,8,ruleta,100,10,896696849,110101011100101000001000010001,2
0.6974154231607639,0.4427066015779762,0.5648557471919905,0.08794345637209337,4.172325134277344e-05,9,ruleta,100,10,896696849,110101011100101000001000010001,2
0.6974154231607639,0.5762278759489726,0.6366550003075633,0.056938665512572664,4.291534423828125e-05,10,ruleta,100,10,896696849,110101011100101000001000010001,2
0.6974156098233054,0.5762278759489726,0.6486024728579912,0.05171312974926305,4.38690185546875e-05,11,ruleta,100,10,896696969,110101011100101000001010001001,2
0.7009400716369403,0.5969324093903846,0.6627967189949256,0.04410417691775742,4.935264587402344e-05,12,ruleta,100,10,898959889,110101100101010000101000010001,2
0.7009400716369403,0.5969324209032305,0.633395536379982,0.04520343860841231,4.267692565917969e-05,13,ruleta,100,10,898959889,110101100101010000101000010001,2
0.7010901857866696,0.596793906376168,0.6386082674321593,0.05092449565480525,4.458427429199219e-05,14,ruleta,100,10,899056145,110101100101101000001000010001,2
0.7010901857866696,0.596793906376168,0.6386321420649278,0.05090498508243701,4.887580871582031e-05,15,ruleta,100,10,899056145,110101100101101000001000010001,2
0.7009400716369403,0.5969825258605017,0.6490317481836076,0.051908349171111264,4.410743713378906e-05,16,ruleta,100,10,898959889,110101100101010000101000010001,2
0.7009400825530681,0.597124010031526,0.6386493094731908,0.05020901330342443,4.3392181396484375e-05,17,ruleta,100,10,898959896,110101100101010000101000011000,2
0.7009400716369403,0.5971682272728611,0.638654024893141,0.050205113006727926,4.291534423828125e-05,18,ruleta,100,10,898959889,110101100101010000101000010001,2
0.6976734893095984,0.5971682272728611,0.6084297929244211,0.029781996537617508,4.363059997558594e-05,19,ruleta,100,10,896862737,110101011101010000101000010001,2
0.6001936168494997,0.5971682272728611,0.5974728297425326,0.0009069297809022163,4.1484832763671875e-05,20,ruleta,100,10,831851025,110001100101010000101000010001,2
0.5971711751471578,0.5971682272728611,0.5971708803597281,8.843622889997959e-07,4.0531158447265625e-05,21,ruleta,100,10,829753873,110001011101010000101000010001,2
0.5971711751471578,0.5971711751471578,0.5971711751471578,0.0,5.0067901611328125e-05,22,ruleta,100,10,829753873,110001011101010000101000010001,2
0.5971711751471578,0.5971711751471578,0.5971711751471578,0.0,4.9114227294921875e-05,23,ruleta,100,10,829753873,110001011101010000101000010001,2
0.5971711751471578,0.5971711751471578,0.5971711751471578,0.0,4.363059997558594e-05,24,ruleta,100,10,829753873,110001011101010000101000010001,2
0.5971711751471578,0.5971711751471578,0.5971711751471578,0.0,3.910064697265625e-05,25,ruleta,100,10,829753873,110001011101010000101000010001,2
0.5971711751471578,0.5971711751471578,0.5971711751471578,0.0,3.981590270996094e-05,26,ruleta,100,10,829753873,110001011101010000101000010001,2
0.5971711751471578,0.5971711751471578,0.5971711751471578,0.0,5.1021575927734375e-05,27,ruleta,100,10,829753873,110001011101010000101000010001,2
0.5971711751471578,0.5956629993284905,0.5969787720923436,0.0004557784660358862,4.1484832763671875e-05,28,ruleta,100,10,829753873,110001011101010000101000010001,2
0.5971711751471578,0.5956629993284905,0.5969787720923436,0.0004557784660358862,4.100799560546875e-05,29,ruleta,100,10,829753873,110001011101010000101000010001,2
0.5971711751471578,0.5956629993284905,0.5966771369286102,0.0006749800324607541,4.8160552978515625e-05,30,ruleta,100,10,829753873,110001011101010000101000010001,2
0.5971711751471578,0.33895417562867125,0.5709646506847255,0.07733892629867117,4.3392181396484375e-05,31,ruleta,100,10,829753873,110001011101010000101000010001,2
0.5971711751471578,0.5956629993284905,0.5968540156735016,0.00044276784061359923,4.220008850097656e-05,32,ruleta,100,10,829753873,110001011101010000101000010001,2
0.5971711751471578,0.5956629993284905,0.5968124302005543,0.0004303824709493588,4.1484832763671875e-05,33,ruleta,100,10,829753873,110001011101010000101000010001,2
0.5971711751471578,0.5956595951563334,0.5966616129316447,0.0005314870984927838,4.8160552978515625e-05,34,ruleta,100,10,829753873,110001011101010000101000010001,2
0.5971713593895429,0.5939683741374693,0.5964509046017483,0.0009144084697550601,5.316734313964844e-05,35,ruleta,100,10,829754001,110001011101010000101010010001,2
0.5971797424481328,0.5880732909352656,0.5955767078498242,0.0026608838702118203,4.38690185546875e-05,36,ruleta,100,10,829759825,110001011101010010000101010001,2
0.5971797424481328,0.5956628153189361,0.5967706888119609,0.00041530633459530984,5.030632019042969e-05,37,ruleta,100,10,829759825,110001011101010010000101010001,2
0.5988821681653225,0.5879243995985187,0.5961685724445122,0.002818143452545302,4.7206878662109375e-05,38,ruleta,100,10,830941713,110001100001110010101000010001,2
0.5976982245670828,0.5879243995985187,0.5960080581939441,0.002710415317678745,4.1484832763671875e-05,39,ruleta,100,10,830119953,110001011110101010000000010001,2
0.5967587277194126,0.5879243824600462,0.5958716297811668,0.002649087661508592,4.2438507080078125e-05,40,ruleta,100,10,829467281,110001011100001010101010010001,2
0.596758560807446,0.5879243824600462,0.5958704326253952,0.002648689175452867,4.2438507080078125e-05,41,ruleta,100,10,829467165,110001011100001010101000011101,2
0.596758560807446,0.5879243824600462,0.59587161308997,0.002649082072607819,4.172325134277344e-05,42,ruleta,100,10,829467165,110001011100001010101000011101,2
0.596758560807446,0.5879243824600462,0.5958739538747542,0.002649859471201378,4.3392181396484375e-05,43,ruleta,100,10,829467165,110001011100001010101000011101,2
0.596758560807446,0.5879243824600462,0.5949905321247309,0.003532345356912632,4.1961669921875e-05,44,ruleta,100,10,829467165,110001011100001010101000011101,2
0.596758560807446,0.5879243824600462,0.5941080022576075,0.0040481294908549376,5.745887756347656e-05,45,ruleta,100,10,829467165,110001011100001010101000011101,2
0.596758560807446,0.5879243824600462,0.5932245817723267,0.004326400752886964,4.9114227294921875e-05,46,ruleta,100,10,829467165,110001011100001010101000011101,2
0.5967585435406921,0.5869886745545357,0.5922478856439939,0.004516687007032409,4.172325134277344e-05,47,ruleta,100,10,829467153,110001011100001010101000010001,2
0.5967555966850295,0.5869884005573105,0.5903871901621919,0.00418411812545885,4.1484832763671875e-05,48,ruleta,100,10,829465105,110001011100001010001000010001,2
0.5967555966850295,0.5869884005573105,0.5913644399475988,0.004410187296675301,4.2438507080078125e-05,49,ruleta,100,10,829465105,110001011100001010001000010001,2
0.5967555966850295,0.5869884005573105,0.5922469763761807,0.004516410311661815,4.029273986816406e-05,50,ruleta,100,10,829465105,110001011100001010001000010001,2
0.5967555966850295,0.5869884005573105,0.5921527931919908,0.0046142092984822565,5.054473876953125e-05,51,ruleta,100,10,829465105,110001011100001010001000010001,2
0.67137469766712,0.5869884005573105,0.5995222750921246,0.024358640510325894,4.601478576660156e-05,52,ruleta,100,10,879796753,110100011100001010001000010001,2
0.67137469766712,0.5869884005573105,0.6003858892313314,0.024050092918939257,4.3392181396484375e-05,53,ruleta,100,10,879796753,110100011100001010001000010001,2
0.67137469766712,0.5869884005573105,0.5975688358665808,0.02488807230366851,4.601478576660156e-05,54,ruleta,100,10,879796753,110100011100001010001000010001,2
0.6673794161601101,0.5869884005573105,0.5975428676180373,0.02356974985364915,4.172325134277344e-05,55,ruleta,100,10,877175057,110100010010001010000100010001,2
0.6673794161601101,0.5869884005573105,0.5956830634184117,0.02392365821843453,4.673004150390625e-05,56,ruleta,100,10,877175057,110100010010001010000100010001,2
0.6673794161601101,0.5869882064759814,0.5952147036787575,0.024057152998046602,4.76837158203125e-05,57,ruleta,100,10,877175057,110100010010001010000100010001,2
0.6673794161601101,0.5869421872736686,0.5951164841601195,0.024088701453528254,4.744529724121094e-05,58,ruleta,100,10,877175057,110100010010001010000100010001,2
0.5877368339783053,0.5869884005573105,0.5872306499114262,0.00033367446552045124,4.76837158203125e-05,59,ruleta,100,10,823173393,110001000100001010000100010001,2
0.5877368339783053,0.5869884005573105,0.5870820210472161,0.00022527714823971173,4.553794860839844e-05,60,ruleta,100,10,823173393,110001000100001010000100010001,2
0.5877368339783053,0.5869884005573105,0.587138158024139,0.0002993380503098543,4.887580871582031e-05,61,ruleta,100,10,823173393,110001000100001010000100010001,2
0.5877368339783053,0.5662258606556854,0.5849870606918784,0.006257712071651654,4.220008850097656e-05,62,ruleta,100,10,823173393,110001000100001010000100010001,2
0.5869891312167199,0.5869884005573105,0.5869884736232514,2.1919782282608936e-07,4.1484832763671875e-05,63,ruleta,100,10,822649617,110001000010001010001100010001,2
0.5869891312167199,0.5869884005573105,0.5869884736232514,2.1919782282608936e-07,4.1961669921875e-05,64,ruleta,100,10,822649617,110001000010001010001100010001,2
0.5869891312167199,0.5869884005573105,0.5869885466891924,2.922637637681191e-07,4.696846008300781e-05,65,ruleta,100,10,822649617,110001000010001010001100010001,2
0.592567023469522,0.5869884005573105,0.5875462628485316,0.0016735868736634351,4.1484832763671875e-05,66,ruleta,100,10,826549009,110001010001000010001100010001,2
0.592567023469522,0.5869884005573105,0.5886619870846383,0.00255628622086927,4.744529724121094e-05,67,ruleta,100,10,826549009,110001010001000010001100010001,2
0.592613274120503,0.5869416393009821,0.5881041467988235,0.0022428851258512903,4.3392181396484375e-05,68,ruleta,100,10,826581265,110001010001001010000100010001,2
0.592613274120503,0.5869416393009821,0.5875463579198789,0.0016890300796694006,5.793571472167969e-05,69,ruleta,100,10,826581265,110001010001001010000100010001,2
0.592613274120503,0.5869884005573105,0.5875649904740563,0.0016832803238435404,4.8160552978515625e-05,70,ruleta,100,10,826581265,110001010001001010000100010001,2
0.592613274120503,0.5869884005573105,0.5876000468193723,0.0016745501284834193,4.124641418457031e-05,71,ruleta,100,10,826581265,110001010001001010000100010001,2
0.592613274120503,0.5869884005573105,0.5881414342589203,0.002236580053931232,5.4836273193359375e-05,72,ruleta,100,10,826581265,110001010001001010000100010001,2
0.5871754642090756,0.5869417120785898,0.5870293256585211,7.629837290896478e-05,5.7697296142578125e-05,73,ruleta,100,10,822780177,110001000010101010000100010001,2
0.5871809450388457,0.5686166205283818,0.5852008972593594,0.005528907761374869,4.220008850097656e-05,74,ruleta,100,10,822784017,110001000010101011000000010001,2
0.5871809450388457,0.5686166092919122,0.5833643047338878,0.007374395174147718,5.888938903808594e-05,75,ruleta,100,10,822784017,110001000010101011000000010001,2
0.5989807662419686,0.15297277579805932,0.5378231448024658,0.12868349347516786,4.315376281738281e-05,76,ruleta,100,10,831010112,110001100010000011010101000000,2
0.5989807662419686,0.15297277579805932,0.5359667115472784,0.12809058436361107,8.273124694824219e-05,77,ruleta,100,10,831010112,110001100010000011010101000000,2
0.66041704199747,0.5666005864961541,0.591060445102549,0.026904157517515903,5.4836273193359375e-05,78,ruleta,100,10,872587537,110100000000101010000100010001,2
0.66041704199747,0.5665987610069452,0.5920983432713508,0.026509052680825738,5.078315734863281e-05,79,ruleta,100,10,872587537,110100000000101010000100010001,2
0.66041704199747,0.31874626481096086,0.5577066485591522,0.08407951086301496,4.458427429199219e-05,80,ruleta,100,10,872587537,110100000000101010000100010001,2
0.66041704199747,0.5665934093400905,0.5808551908409967,0.02759150252247916,4.863739013671875e-05,81,ruleta,100,10,872587537,110100000000101010000100010001,2
0.6604228924535265,0.5665416465523206,0.6030804493095475,0.03841636435516138,5.817413330078125e-05,82,ruleta,100,10,872591402,110100000000101011000000101010,2
0.6604228924535265,0.5665416465523206,0.6010462153304147,0.03973370800255468,4.2438507080078125e-05,83,ruleta,100,10,872591402,110100000000101011000000101010,2
0.660962764134944,0.5665416465523206,0.5916559806377649,0.03557034704963168,4.291534423828125e-05,84,ruleta,100,10,872947985,110100000010000010000100010001,2
0.6604170298878854,0.5665416465523206,0.5863412624661701,0.026414448308227822,4.1484832763671875e-05,85,ruleta,100,10,872587529,110100000000101010000100001001,2
0.6604170298878854,0.5665416577682698,0.584309937536567,0.027065903461751285,4.363059997558594e-05,86,ruleta,100,10,872587529,110100000000101010000100001001,2
0.6604170298878854,0.5665416465523206,0.5918550402837119,0.03531514511807622,4.9114227294921875e-05,87,ruleta,100,10,872587529,110100000000101010000100001001,2
0.6604170298878854,0.5632387677062105,0.6008370017790753,0.04010079942824225,4.863739013671875e-05,88,ruleta,100,10,872587529,110100000000101010000100001001,2
0.6613535778884737,0.5632387677062105,0.5897477125786914,0.03676328653662889,4.124641418457031e-05,89,ruleta,100,10,873206025,110100000011000001000100001001,2
0.6645340975989141,0.5632387677062105,0.5852194402214752,0.02872381476145077,5.841255187988281e-05,90,ruleta,100,10,875303177,110100001011000001000100001001,2
0.6902529134855625,0.5632387677062105,0.5996657050764344,0.04062383385695825,5.316734313964844e-05,91,ruleta,100,10,892080393,110101001011000001000100001001,2
0.6902529134855625,0.5632384825344557,0.607694256713892,0.049848952165427694,4.1961669921875e-05,92,ruleta,100,10,892080393,110101001011000001000100001001,2
0.6902592644927033,0.5636052674668802,0.6103022663332259,0.05321808698919337,4.172325134277344e-05,93,ruleta,100,10,892084497,110101001011000010000100010001,2
0.6902592644927033,0.5636052674668802,0.6098280018090255,0.0527827046554007,5.14984130859375e-05,94,ruleta,100,10,892084497,110101001011000010000100010001,2
0.6902592644927033,0.5628752267618188,0.6193916710015407,0.057153506804728076,4.1484832763671875e-05,95,ruleta,100,10,892084497,110101001011000010000100010001,2
0.6902529134855625,0.5628752267618188,0.6240738241294372,0.05265838280318905,4.839897155761719e-05,96,ruleta,100,10,892080393,110101001011000001000100001001,2
0.6902529134855625,0.3187486877136833,0.5745470561936555,0.09632445066140977,4.8160552978515625e-05,97,ruleta,100,10,892080393,110101001011000001000100001001,2
0.6902529134855625,0.5628752267618188,0.6005076806698666,0.04537236622446073,4.3392181396484375e-05,98,ruleta,100,10,892080393,110101001011000001000100001001,2
0.6866225054148464,0.5628723647884156,0.6097014428678941,0.05141044664376854,4.1961669921875e-05,99,ruleta,100,10,889731337,110101000010000011100100001001,2
0.7032954268976367,0.5628723647884156,0.5951689064377084,0.05078872143201783,4.410743713378906e-05,100,ruleta,100,10,900469001,110101101011000001000100001001,2
0.9059799901707803,0.0019133005723659703,0.3128720364655757,0.2638288734931788,6.747245788574219e-05,1,ruleta,100,10,1022019478,111100111010101100011110010110,3
0.9068564860842508,0.25993353359948634,0.6549690496417131,0.21570483922819433,4.76837158203125e-05,2,ruleta,100,10,1022513738,111100111100100101001001001010,3
0.9069303849793413,0.5643892469442692,0.7941814071689755,0.14782492405608777,5.2928924560546875e-05,3,ruleta,100,10,1022555399,111100111100101111010100000111,3
0.9069303849793413,0.8686555362503648,0.8876973271676191,0.019000356485045833,5.245208740234375e-05,4,ruleta,100,10,1022555399,111100111100101111010100000111,3
0.9073215311024961,0.8682182817153427,0.8876768584332607,0.01884458911050695,4.696846008300781e-05,5,ruleta,100,10,1022775882,111100111101100101001001001010,3
0.9073215311024961,0.8686727524141946,0.8880578789173464,0.01881905247890842,4.410743713378906e-05,6,ruleta,100,10,1022775882,111100111101100101001001001010,3
0.9073215311024961,0.8686727506781606,0.8917420760866378,0.01825801966691203,5.1021575927734375e-05,7,ruleta,100,10,1022775882,111100111101100101001001001010,3
0.9068564860842508,0.8682701763270422,0.8803679837817942,0.017023478718447303,4.9114227294921875e-05,8,ruleta,100,10,1022513738,111100111100100101001001001010,3
0.9069308674668384,0.6535490771827399,0.8626019929829422,0.07180517587266834,4.935264587402344e-05,9,ruleta,100,10,1022555671,111100111100101111011000010111,3
0.9596827666345024,0.8686695355461794,0.8893225343318125,0.028732903186208445,5.221366882324219e-05,10,ruleta,100,10,1051873994,111110101100100101001011001010,3
0.9596827666345024,0.8686723340300522,0.898632333193825,0.03436975641556419,5.0067901611328125e-05,11,ruleta,100,10,1051873994,111110101100100101001011001010,3
0.9596827666345024,0.8686723340300522,0.8930697715038095,0.02787500531551692,5.1975250244140625e-05,12,ruleta,100,10,1051873994,111110101100100101001011001010,3
0.9596827666345024,0.829180115832453,0.8782785710677761,0.035969388684917766,5.054473876953125e-05,13,ruleta,100,10,1051873994,111110101100100101001011001010,3
0.9582470305843889,0.829179708765587,0.8803094149032745,0.034284921670243156,4.38690185546875e-05,14,ruleta,100,10,1051086870,111110101001100101000000010110,3
0.92790051714961,0.8686723340300522,0.8752786995467089,0.017552437491362743,4.3392181396484375e-05,15,ruleta,100,10,1034309654,111101101001100101000000010110,3
0.9279017587649622,0.8686723340300522,0.8871242983711636,0.026699565619382967,4.076957702636719e-05,16,ruleta,100,10,1034310346,111101101001100101001011001010,3
0.929313344876279,0.8686723131976494,0.887265703290336,0.026918001804859155,4.267692565917969e-05,17,ruleta,100,10,1035096778,111101101100100101001011001010,3
0.929313344876279,0.8686723340300522,0.8934710852973013,0.0289822088462858,5.0067901611328125e-05,18,ruleta,100,10,1035096778,111101101100100101001011001010,3
0.929313344876279,0.8700393451098324,0.8818941450631217,0.02370959990657866,4.9114227294921875e-05,19,ruleta,100,10,1035096778,111101101100100101001011001010,3
0.9296525479691715,0.8700393451098324,0.8760006653957664,0.01788396085780174,4.935264587402344e-05,20,ruleta,100,10,1035285668,111101101101010011010010100100,3
0.9296525587447777,0.8700393346854383,0.8862867640737926,0.025041176798349548,4.863739013671875e-05,21,ruleta,100,10,1035285674,111101101101010011010010101010,3
0.9905404696427257,0.8130356938232526,0.8958763162491769,0.04702649715145305,4.744529724121094e-05,22,ruleta,100,10,1068651210,111111101100100101001011001010,3
0.9905404696427257,0.8542280657788995,0.9029002583386283,0.04164875934145526,4.839897155761719e-05,23,ruleta,100,10,1068651210,111111101100100101001011001010,3
0.9905404696427257,0.8542280657788995,0.9314129192952475,0.047756231061412836,4.172325134277344e-05,24,ruleta,100,10,1068651210,111111101100100101001011001010,3
0.9905404696427257,0.8542280657788995,0.9219165499121242,0.04373026787692568,4.744529724121094e-05,25,ruleta,100,10,1068651210,111111101100100101001011001010,3
0.9905404696427257,0.8542280657788995,0.9367123220901725,0.05135586615043429,4.315376281738281e-05,26,ruleta,100,10,1068651210,111111101100100101001011001010,3
0.9906619649447083,0.8542280657788995,0.9425343689347209,0.04453521830836977,4.553794860839844e-05,27,ruleta,100,10,1068716746,111111101100110101001011001010,3
0.997111877730619,0.8542280657788995,0.9448539870552812,0.04440161186208279,4.458427429199219e-05,28,ruleta,100,10,1072190154,111111111010000101001011001010,3
0.997350918390694,0.9124405670205674,0.9623048684438562,0.03763553134197409,4.4345855712890625e-05,29,ruleta,100,10,1072318666,111111111010100100100011001010,3
0.9973512755445878,0.9124442108899798,0.9718459574865037,0.03192965964089814,5.14984130859375e-05,30,ruleta,100,10,1072318858,111111111010100100100110001010,3
0.9971423514404608,0.9124409086330157,0.9521513757585295,0.03975155501074113,4.3392181396484375e-05,31,ruleta,100,10,1072206538,111111111010001001001011001010,3
0.9971423514404608,0.9124405670205674,0.9521522670204782,0.03975248277472348,4.315376281738281e-05,32,ruleta,100,10,1072206538,111111111010001001001011001010,3
0.9971423514404608,0.9124442108899798,0.9528126534854442,0.04043299944196811,4.410743713378906e-05,33,ruleta,100,10,1072206538,111111111010001001001011001010,3
0.9971423514404608,0.9124451218584698,0.9684243003472549,0.036336294192363755,4.291534423828125e-05,34,ruleta,100,10,1072206538,111111111010001001001011001010,3
0.9971423514404608,0.9124742730902556,0.9762368779928469,0.03154347920794325,4.363059997558594e-05,35,ruleta,100,10,1072206538,111111111010001001001011001010,3
0.9971122348417097,0.927431468479769,0.983340522555225,0.019358482317310223,4.315376281738281e-05,36,ruleta,100,10,1072190346,111111111010000101001110001010,3
0.9905408255751113,0.927431468479769,0.9763631775638828,0.024424176503795927,4.172325134277344e-05,37,ruleta,100,10,1068651402,111111101100100101001110001010,3
0.9905408255751113,0.927431468479769,0.9775239035133622,0.024593971198944888,5.269050598144531e-05,38,ruleta,100,10,1068651402,111111101100100101001110001010,3
0.9905408255751113,0.9274258718706153,0.977523505856376,0.024594882186100647,4.9114227294921875e-05,39,ruleta,100,10,1068651402,111111101100100101001110001010,3
0.9905408255751113,0.6052415104682236,0.9389874516098928,0.1137500386156207,4.410743713378906e-05,40,ruleta,100,10,1068651402,111111101100100101001110001010,3
0.9905408255751113,0.6052414409120467,0.9453038098788961,0.11478323022277381,4.363059997558594e-05,41,ruleta,100,10,1068651402,111111101100100101001110001010,3
0.9905408255751113,0.6052414409120467,0.9334476487783127,0.11274284764842853,4.315376281738281e-05,42,ruleta,100,10,1068651402,111111101100100101001110001010,3
0.990540558625816,0.6090479565999675,0.927427723046564,0.11013512940387934,4.506111145019531e-05,43,ruleta,100,10,1068651258,111111101100100101001011111010,3
0.9905347747332537,0.6090479565999675,0.9340196108525054,0.11173037004291506,5.078315734863281e-05,44,ruleta,100,10,1068648138,111111101100100100011011001010,3
0.9905403806596392,0.9293077425918784,0.9782907649730983,0.02449011071888678,4.4345855712890625e-05,45,ruleta,100,10,1068651162,111111101100100101001010011010,3
0.9905379781178173,0.9293077425918784,0.9721669409378821,0.02805793153723262,5.1975250244140625e-05,46,ruleta,100,10,1068649866,111111101100100100110110001010,3
0.9905384823547482,0.5153981286949022,0.9246536160524144,0.13913945160990798,4.458427429199219e-05,47,ruleta,100,10,1068650138,111111101100100100111010011010,3
0.9905347747332537,0.5153981928812693,0.9185305869974318,0.13744211445686483,4.601478576660156e-05,48,ruleta,100,10,1068648138,111111101100100100011011001010,3
0.990534685750423,0.7323081710677113,0.9402218948168517,0.07507418787828753,4.9591064453125e-05,49,ruleta,100,10,1068648090,111111101100100100011010011010,3
0.9908282618513968,0.7323060032854772,0.9463733363683954,0.07643677617411583,4.363059997558594e-05,50,ruleta,100,10,1068806442,111111101101001011000100101010,3
0.9905372069321712,0.9293077425918784,0.9721668549210344,0.02805787521927657,6.0558319091796875e-05,51,ruleta,100,10,1068649450,111111101100100100101111101010,3
0.9905375776944636,0.047805532130074685,0.874549511573816,0.2776099491392303,4.458427429199219e-05,52,ruleta,100,10,1068649650,111111101100100100110010110010,3
0.9905375332029848,0.8958630919777494,0.974945121251699,0.032064160727374336,4.482269287109375e-05,53,ruleta,100,10,1068649626,111111101100100100110010011010,3
0.9905375332029848,0.8958630919777494,0.97158302068722,0.03699419939669733,4.553794860839844e-05,54,ruleta,100,10,1068649626,111111101100100100110010011010,3
0.9906789618297768,0.8957258939499627,0.9719577196372869,0.03719994286307855,4.9591064453125e-05,55,ruleta,100,10,1068725914,111111101100110111011010011010,3
0.9905546180043024,0.8994266928876061,0.9814258796895293,0.02733306291332183,4.220008850097656e-05,56,ruleta,100,10,1068658842,111111101100100111000010011010,3
0.9905546180043024,0.990534685750423,0.990538672201199,7.972901551767108e-06,4.887580871582031e-05,57,ruleta,100,10,1068658842,111111101100100111000010011010,3
0.992762643453582,0.990534685750423,0.9907634611969028,0.0006664537014811759,4.315376281738281e-05,58,ruleta,100,10,1069849242,111111110001001001101010011010,3
0.992762643453582,0.990534685750423,0.9907654544222908,0.0006657959827821601,4.410743713378906e-05,59,ruleta,100,10,1069849242,111111110001001001101010011010,3
0.9944461909207752,0.9888743692816685,0.9907657842977471,0.0013237707358970934,4.458427429199219e-05,60,ruleta,100,10,1070755994,111111110100100111000010011010,3
0.9905546180043024,0.9888743692816685,0.9902046156820601,0.0006651493326530833,4.315376281738281e-05,61,ruleta,100,10,1068658842,111111101100100111000010011010,3
0.9908175526933088,0.9885917798729099,0.9902046434354729,0.0007431464008415605,4.4345855712890625e-05,62,ruleta,100,10,1068800666,111111101101001001101010011010,3
0.9905546180043024,0.990534685750423,0.990536678975811,5.979676163825332e-06,5.459785461425781e-05,63,ruleta,100,10,1068658842,111111101100100111000010011010,3
0.9905860183847124,0.9520566444731627,0.986692014886126,0.011545133614907676,4.3392181396484375e-05,64,ruleta,100,10,1068675780,111111101100101011001011000100,3
0.9905860183847124,0.990534685750423,0.9905500855407098,2.352356822524701e-05,5.1021575927734375e-05,65,ruleta,100,10,1068675780,111111101100101011001011000100,3
0.9905860183847124,0.4529294042080649,0.9367998239000561,0.1612901415495161,5.364418029785156e-05,66,ruleta,100,10,1068675780,111111101100101011001011000100,3
0.9905878388730872,0.8873658630336765,0.9802337846292527,0.03095598241717218,4.363059997558594e-05,67,ruleta,100,10,1068676762,111111101100101011011010011010,3
0.9905860183847124,0.8873658630336765,0.9699062717379295,0.04127020715997836,4.410743713378906e-05,68,ruleta,100,10,1068675780,111111101100101011001011000100,3
0.9905878388730872,0.8873658630336765,0.969906453786767,0.041270298384836986,5.1021575927734375e-05,69,ruleta,100,10,1068676762,111111101100101011011010011010,3
0.9905368250470825,0.8873658595244494,0.9492670248762247,0.05052961622007462,4.935264587402344e-05,70,ruleta,100,10,1068649244,111111101100100100101100011100,3
0.990538441570874,0.8873658595244494,0.9492291026460953,0.04959510034212405,4.458427429199219e-05,71,ruleta,100,10,1068650116,111111101100100100111010000100,3
0.990538441570874,0.8873658560152222,0.9389125614305469,0.050661321781857456,4.982948303222656e-05,72,ruleta,100,10,1068650116,111111101100100100111010000100,3
0.990538441570874,0.8873659016351755,0.9590803226931246,0.046754713188160185,4.3392181396484375e-05,73,ruleta,100,10,1068650116,111111101100100100111010000100,3
0.9905460755852263,0.8873551213218934,0.9492233690713517,0.0493893226288774,4.38690185546875e-05,74,ruleta,100,10,1068654234,111111101100100101111010011010,3
0.9914308861334621,0.8864461786115614,0.9398640293281684,0.05064553739017828,4.744529724121094e-05,75,ruleta,100,10,1069131418,111111101110011010011010011010,3
0.9914308861334621,0.888372352481608,0.9695693804833031,0.03979725291109363,4.291534423828125e-05,76,ruleta,100,10,1069131418,111111101110011010011010011010,3
0.990534644966627,0.8883723489703912,0.970234575498045,0.040026266519142796,4.673004150390625e-05,77,ruleta,100,10,1068648068,111111101100100100011010000100,3
0.990538441570874,0.8883723489703912,0.959746344280821,0.0459438416189645,4.220008850097656e-05,78,ruleta,100,10,1068650116,111111101100100100111010000100,3
0.9905612584258265,0.888347145635433,0.9702407905993814,0.04003584651184623,4.4345855712890625e-05,79,ruleta,100,10,1068662424,111111101100100111111010011000,3
0.9905612584258265,0.8920326786670927,0.9804622018784206,0.029479263730718835,4.982948303222656e-05,80,ruleta,100,10,1068662424,111111101100100111111010011000,3
0.9905612584258265,0.06829804539722151,0.888133867862863,0.27483941543180973,5.2928924560546875e-05,81,ruleta,100,10,1068662424,111111101100100111111010011000,3
0.9904776967760371,0.8920326962593071,0.980160591999633,0.029379329976573373,4.458427429199219e-05,82,ruleta,100,10,1068617348,111111101100011100111010000100,3
0.9905346560894804,0.8910465945749307,0.980165822032245,0.029709754595202382,4.9114227294921875e-05,83,ruleta,100,10,1068648074,111111101100100100011010001010,3
0.9904777004835483,0.8910465945749307,0.980269348717961,0.02974346162942272,4.4345855712890625e-05,84,ruleta,100,10,1068617350,111111101100011100111010000110,3
0.9904663295793095,0.8910465945749307,0.9701959397850837,0.039577099831283574,4.4345855712890625e-05,85,ruleta,100,10,1068611216,111111101100011011011010010000,3
0.9904664074365994,0.8910465945749307,0.9801109616270818,0.029691917678203044,5.030632019042969e-05,86,ruleta,100,10,1068611258,111111101100011011011010111010,3
0.9904663295793095,0.9894327731994113,0.9899433865908561,0.0004989699194592623,5.4836273193359375e-05,87,ruleta,100,10,1068611216,111111101100011011011010010000,3
0.9934438097383522,0.9894327731994113,0.9904342736645825,0.0010998274837926859,4.9591064453125e-05,88,ruleta,100,10,1070216208,111111110010100011010000010000,3
0.9934438097383522,0.989493485944337,0.9912363594181619,0.0014715957502798636,5.078315734863281e-05,89,ruleta,100,10,1070216208,111111110010100011010000010000,3
0.9934438877125793,0.9874618075624009,0.9907428093287045,0.0016017923807055353,4.220008850097656e-05,90,ruleta,100,10,1070216250,111111110010100011010000111010,3
0.9933841640641428,0.9904044599536255,0.9907271819223249,0.0008861406941585159,4.1961669921875e-05,91,ruleta,100,10,1070184080,111111110010011011011010010000,3
0.9904663295793095,0.9904044599536255,0.9904354021778164,3.0708908867430526e-05,4.267692565917969e-05,92,ruleta,100,10,1068611216,111111101100011011011010010000,3
0.9904663295793095,0.9904044599536255,0.9904232536644901,2.820293936494332e-05,4.839897155761719e-05,93,ruleta,100,10,1068611216,111111101100011011011010010000,3
0.9904663481167592,0.9904044599536255,0.9904355919921727,3.030808048156516e-05,4.2438507080078125e-05,94,ruleta,100,10,1068611226,111111101100011011011010011010,3
0.9904663295793095,0.9904044599536255,0.9904289879462377,2.9806243381573632e-05,4.792213439941406e-05,95,ruleta,100,10,1068611216,111111101100011011011010010000,3
0.9904652210401317,0.9748563260826574,0.9888619151953527,0.004668590862294061,5.125999450683594e-05,96,ruleta,100,10,1068610618,111111101100011011010000111010,3
0.9904652210401317,0.9867201676748719,0.9900488775004188,0.0011101165961041907,4.1961669921875e-05,97,ruleta,100,10,1068610618,111111101100011011010000111010,3
0.9904652210401317,0.9904044599536255,0.9904348427212121,3.0372387979920584e-05,4.2438507080078125e-05,98,ruleta,100,10,1068610618,111111101100011011010000111010,3
0.9904652210401317,0.9904044599536255,0.9904226942112849,2.783387318496374e-05,4.1961669921875e-05,99,ruleta,100,10,1068610618,111111101100011011010000111010,3
0.9904652210401317,0.9904044636609997,0.9904287673540363,2.975825652662949e-05,4.9114227294921875e-05,100,ruleta,100,10,1068610618,111111101100011011010000111010,3
0.9240578210673823,3.685726022512395e-05,0.26829991464025876,0.30451353205928894,7.772445678710938e-05,1,torneo,100,10,1032165749,111101100001011001100101110101,1
0.9240578210673823,0.05339260148241322,0.5017679826927148,0.3168921610486571,6.604194641113281e-05,2,torneo,100,10,1032165749,111101100001011001100101110101,1
0.9240578246484267,0.3475775863429621,0.7050321191176061,0.24968624029195308,6.985664367675781e-05,3,torneo,100,10,1032165751,111101100001011001100101110111,1
0.9240578353915596,0.6936579382102911,0.9010151985692489,0.06911908683139097,6.437301635742188e-05,4,torneo,100,10,1032165757,111101100001011001100101111101,1
0.9240578353915596,0.9240578210673823,0.9240578239322177,5.729670915499696e-09,6.198883056640625e-05,5,torneo,100,10,1032165757,111101100001011001100101111101,1
0.9240578353915596,0.9240578210673823,0.9240578282294709,7.16208864437462e-09,6.246566772460938e-05,6,torneo,100,10,1032165757,111101100001011001100101111101,1
0.9240578353915596,0.9240578210673823,0.9240578325267241,5.729670915499696e-09,6.151199340820312e-05,7,torneo,100,10,1032165757,111101100001011001100101111101,1
0.9240578353915596,0.9240578353915596,0.9240578353915596,0.0,6.365776062011719e-05,8,torneo,100,10,1032165757,111101100001011001100101111101,1
0.9240578353915596,0.9240578353915596,0.9240578353915596,0.0,6.890296936035156e-05,9,torneo,100,10,1032165757,111101100001011001100101111101,1
0.9240578353915596,0.923969829741347,0.9240490348265384,2.6401695063782426e-05,6.556510925292969e-05,10,torneo,100,10,1032165757,111101100001011001100101111101,1
0.9240578353915596,0.9240578353915596,0.9240578353915596,0.0,6.175041198730469e-05,11,torneo,100,10,1032165757,111101100001011001100101111101,1
0.9240578353915596,0.9240578353915596,0.9240578353915596,0.0,6.103515625e-05,12,torneo,100,10,1032165757,111101100001011001100101111101,1
0.9240578353915596,0.9240578353915596,0.9240578353915596,0.0,6.937980651855469e-05,13,torneo,100,10,1032165757,111101100001011001100101111101,1
0.9240578353915596,0.4903474287530718,0.8806779941626897,0.1301101911154915,7.176399230957031e-05,14,torneo,100,10,1032165757,111101100001011001100101111101,1
0.9567323113747802,0.9240284997091608,0.9275630604818483,0.009749617394928911,0.00013208389282226562,15,torneo,100,10,1050255805,111110100110011010000110111101,1
0.9875996641775175,0.8965759401049395,0.944723199913723,0.024244040739760938,7.867813110351562e-05,16,torneo,100,10,1067063677,111111100110100001100101111101,1
0.9875996641775175,0.9567323113747802,0.9629057819353276,0.012346941121094935,6.341934204101562e-05,17,torneo,100,10,1067063677,111111100110100001100101111101,1
0.9875996641775175,0.9567323113747802,0.9783394583366963,0.014145198072145114,7.224082946777344e-05,18,torneo,100,10,1067063677,111111100110100001100101111101,1
0.9963533749285973,0.9437877685957774,0.9840938456944516,0.013686497046420595,6.723403930664062e-05,19,torneo,100,10,1071782269,111111111000100001100101111101,1
0.9963533749285973,0.9875996641775175,0.9919765195530574,0.00437685537553989,6.246566772460938e-05,20,torneo,100,10,1071782269,111111111000100001100101111101,1
0.9963533749285973,0.9875996641775175,0.9954780038534894,0.002626113225323934,6.246566772460938e-05,21,torneo,100,10,1071782269,111111111000100001100101111101,1
0.9963533749285973,0.9963533749285973,0.9963533749285973,0.0,6.389617919921875e-05,22,torneo,100,10,1071782269,111111111000100001100101111101,1
0.9963533749285973,0.9963533749285973,0.9963533749285973,0.0,6.413459777832031e-05,23,torneo,100,10,1071782269,111111111000100001100101111101,1
0.9963533749285973,0.9963533749285973,0.9963533749285973,0.0,6.937980651855469e-05,24,torneo,100,10,1071782269,111111111000100001100101111101,1
0.9963563869091719,0.9963533749285973,0.9963536761266548,9.035941723856134e-07,6.4849853515625e-05,25,torneo,100,10,1071783889,111111111000100001111111010001,1
0.9963563869091719,0.9963533749285973,0.9963542785227697,1.380262897492683e-06,6.532669067382812e-05,26,torneo,100,10,1071783889,111111111000100001111111010001,1
0.9963563869091719,0.9963533749285973,0.996355784513057,1.2047922298474844e-06,6.341934204101562e-05,27,torneo,100,10,1071783889,111111111000100001111111010001,1
0.9963563869091719,0.9963563869091719,0.996356386909172,0.0,6.222724914550781e-05,28,torneo,100,10,1071783889,111111111000100001111111010001,1
0.9963563869091719,0.9963563869091719,0.996356386909172,0.0,7.009506225585938e-05,29,torneo,100,10,1071783889,111111111000100001111111010001,1
0.9963563869091719,0.9963563869091719,0.996356386909172,0.0,7.653236389160156e-05,30,torneo,100,10,1071783889,111111111000100001111111010001,1
0.9963563869091719,0.9963563869091719,0.996356386909172,0.0,6.270408630371094e-05,31,torneo,100,10,1071783889,111111111000100001111111010001,1
0.9963563869091719,0.9963563869091719,0.996356386909172,0.0,0.0001499652862548828,32,torneo,100,10,1071783889,111111111000100001111111010001,1
0.9970651097500078,0.9963552713602801,0.9964271476383664,0.00021265429730212115,9.202957153320312e-05,33,torneo,100,10,1072165009,111111111001111111000010010001,1
0.9970659132312082,0.9963562679172604,0.9965690841137747,0.00032492637263454693,6.961822509765625e-05,34,torneo,100,10,1072165441,111111111001111111001001000001,1
0.9999705573848462,0.9963563869091719,0.9970723498802447,0.0010222649062952894,6.461143493652344e-05,35,torneo,100,10,1073726017,111111111111111100001001000001,1
0.9999705573848462,0.9970651097500078,0.9973561663607731,0.0008714637395690804,6.365776062011719e-05,36,torneo,100,10,1073726017,111111111111111100001001000001,1
0.9999934751646856,0.9970430587812064,0.9982277891334063,0.0014276775262017387,7.128715515136719e-05,37,torneo,100,10,1073738321,111111111111111111001001010001,1
0.9999934751646856,0.9970659429897774,0.9993987204062643,0.0009944160230929214,0.0001163482666015625,38,torneo,100,10,1073738321,111111111111111111001001010001,1
0.9999934751646856,0.99997058718673,0.9999911863668901,6.866393386673053e-06,0.00011539459228515625,39,torneo,100,10,1073738321,111111111111111111001001010001,1
0.9999934751646856,0.9999934751646856,0.9999934751646856,0.0,6.747245788574219e-05,40,torneo,100,10,1073738321,111111111111111111001001010001,1
0.9999934751646856,0.9999934751646856,0.9999934751646856,0.0,6.246566772460938e-05,41,torneo,100,10,1073738321,111111111111111111001001010001,1
0.9999934751646856,0.9999934751646856,0.9999934751646856,0.0,6.175041198730469e-05,42,torneo,100,10,1073738321,111111111111111111001001010001,1
0.9999934751646856,0.9999934751646856,0.9999934751646856,0.0,6.270408630371094e-05,43,torneo,100,10,1073738321,111111111111111111001001010001,1
0.9999934751646856,0.9999934751646856,0.9999934751646856,0.0,7.271766662597656e-05,44,torneo,100,10,1073738321,111111111111111111001001010001,1
0.9999934751646856,0.9985348904798931,0.9998476166962064,0.0004375754054377623,7.414817810058594e-05,45,torneo,100,10,1073738321,111111111111111111001001010001,1
0.9999934751646856,0.9998318344279208,0.9999695388217147,5.141892611886804e-05,6.127357482910156e-05,46,torneo,100,10,1073738321,111111111111111111001001010001,1
0.9999934751646856,0.9999934751646856,0.9999934751646856,0.0,6.413459777832031e-05,47,torneo,100,10,1073738321,111111111111111111001001010001,1
0.9999934751646856,0.9999934751646856,0.9999934751646856,0.0,6.0558319091796875e-05,48,torneo,100,10,1073738321,111111111111111111001001010001,1
0.9999934751646856,0.9999934751646856,0.9999934751646856,0.0,0.00010824203491210938,49,torneo,100,10,1073738321,111111111111111111001001010001,1
0.9999934751646856,0.9999934751646856,0.9999934751646856,0.0,6.318092346191406e-05,50,torneo,100,10,1073738321,111111111111111111001001010001,1
0.9999934751646856,0.9999934751646856,0.9999934751646856,0.0,6.175041198730469e-05,51,torneo,100,10,1073738321,111111111111111111001001010001,1
0.9999934751646856,0.9999934751646856,0.9999934751646856,0.0,7.009506225585938e-05,52,torneo,100,10,1073738321,111111111111111111001001010001,1
0.9999935068295501,0.9999934751646856,0.9999934783311721,9.499459352468876e-09,6.437301635742188e-05,53,torneo,100,10,1073738338,111111111111111111001001100010,1
0.9999935068295501,0.9999934751646856,0.9999934909971179,1.5477847170293207e-08,6.222724914550781e-05,54,torneo,100,10,1073738338,111111111111111111001001100010,1
0.9999935086921893,0.9999934733020466,0.9999935036630637,1.0135563897814283e-08,6.580352783203125e-05,55,torneo,100,10,1073738339,111111111111111111001001100011,1
0.9999935086921893,0.9999935068295501,0.9999935081333975,8.535684915715514e-10,6.389617919921875e-05,56,torneo,100,10,1073738339,111111111111111111001001100011,1
0.9999935086921893,0.9999935086921893,0.9999935086921893,0.0,9.34600830078125e-05,57,torneo,100,10,1073738339,111111111111111111001001100011,1
0.9999935086921893,0.9999935086921893,0.9999935086921893,0.0,7.295608520507812e-05,58,torneo,100,10,1073738339,111111111111111111001001100011,1
0.9999935086921893,0.33422848439659064,0.93341700104724,0.19972950555021704,7.033348083496094e-05,59,torneo,100,10,1073738339,111111111111111111001001100011,1
0.9999935086921893,0.7873529328269342,0.978554129254027,0.06373587559023444,6.651878356933594e-05,60,torneo,100,10,1073738339,111111111111111111001001100011,1
0.9999935086921893,0.9999935086921893,0.9999935086921893,0.0,6.437301635742188e-05,61,torneo,100,10,1073738339,111111111111111111001001100011,1
0.9999935086921893,0.9999935086921893,0.9999935086921893,0.0,6.723403930664062e-05,62,torneo,100,10,1073738339,111111111111111111001001100011,1
0.9999935086921893,0.9999935086921893,0.9999935086921893,0.0,6.771087646484375e-05,63,torneo,100,10,1073738339,111111111111111111001001100011,1
0.9999935086921893,0.03891372496946135,0.9038855303199165,0.28832393511681836,6.747245788574219e-05,64,torneo,100,10,1073738339,111111111111111111001001100011,1
0.9999935086921893,0.9999935086921893,0.9999935086921893,0.0,7.033348083496094e-05,65,torneo,100,10,1073738339,111111111111111111001001100011,1
0.9999935086921893,0.9999935086921893,0.9999935086921893,0.0,6.270408630371094e-05,66,torneo,100,10,1073738339,111111111111111111001001100011,1
0.9999935086921893,0.9999935086921893,0.9999935086921893,0.0,5.793571472167969e-05,67,torneo,100,10,1073738339,111111111111111111001001100011,1
0.9999935086921893,0.9999935086921893,0.9999935086921893,0.0,6.103515625e-05,68,torneo,100,10,1073738339,111111111111111111001001100011,1
0.9999935086921893,0.9999935086921893,0.9999935086921893,0.0,6.222724914550781e-05,69,torneo,100,10,1073738339,111111111111111111001001100011,1
0.9999935086921893,0.9999935086921893,0.9999935086921893,0.0,6.699562072753906e-05,70,torneo,100,10,1073738339,111111111111111111001001100011,1
0.9999935086921893,0.85436079648116,0.9854302374710864,0.04368981366330878,6.866455078125e-05,71,torneo,100,10,1073738339,111111111111111111001001100011,1
0.9999935086921893,0.9720306287316305,0.9971972206961335,0.008388863988167638,6.031990051269531e-05,72,torneo,100,10,1073738339,111111111111111111001001100011,1
0.9999935086921893,0.9999935086921893,0.9999935086921893,0.0,6.365776062011719e-05,73,torneo,100,10,1073738339,111111111111111111001001100011,1
0.9999935086921893,0.9999935086921893,0.9999935086921893,0.0,6.103515625e-05,74,torneo,100,10,1073738339,111111111111111111001001100011,1
0.9999935086921893,0.9999935086921893,0.9999935086921893,0.0,6.008148193359375e-05,75,torneo,100,10,1073738339,111111111111111111001001100011,1
0.9999935086921893,0.9999935086921893,0.9999935086921893,0.0,6.508827209472656e-05,76,torneo,100,10,1073738339,111111111111111111001001100011,1
0.9999935086921893,0.9999935086921893,0.9999935086921893,0.0,6.0558319091796875e-05,77,torneo,100,10,1073738339,111111111111111111001001100011,1
0.9999935086921893,0.9999935086921893,0.9999935086921893,0.0,6.079673767089844e-05,78,torneo,100,10,1073738339,111111111111111111001001100011,1
0.9999935086921893,0.9999935086921893,0.9999935086921893,0.0,6.175041198730469e-05,79,torneo,100,10,1073738339,111111111111111111001001100011,1
0.9999935086921893,0.9999935086921893,0.9999935086921893,0.0,6.270408630371094e-05,80,torneo,100,10,1073738339,111111111111111111001001100011,1
0.9999935086921893,0.9999935086921893,0.9999935086921893,0.0,6.246566772460938e-05,81,torneo,100,10,1073738339,111111111111111111001001100011,1
0.9999935086921893,0.9999935086921893,0.9999935086921893,0.0,6.461143493652344e-05,82,torneo,100,10,1073738339,111111111111111111001001100011,1
0.9999935086921893,0.9999935086921893,0.9999935086921893,0.0,6.175041198730469e-05,83,torneo,100,10,1073738339,111111111111111111001001100011,1
0.9999935086921893,0.9999935086921893,0.9999935086921893,0.0,6.67572021484375e-05,84,torneo,100,10,1073738339,111111111111111111001001100011,1
0.9999935086921893,0.9922000926253253,0.9992141670855028,0.0023380248200592034,6.937980651855469e-05,85,torneo,100,10,1073738339,111111111111111111001001100011,1
0.9999935086921893,0.9999935086921893,0.9999935086921893,0.0,6.079673767089844e-05,86,torneo,100,10,1073738339,111111111111111111001001100011,1
0.9999935086921893,0.9999935086921893,0.9999935086921893,0.0,6.198883056640625e-05,87,torneo,100,10,1073738339,111111111111111111001001100011,1
0.9999935086921893,0.9999935086921893,0.9999935086921893,0.0,6.890296936035156e-05,88,torneo,100,10,1073738339,111111111111111111001001100011,1
0.9999944660889177,0.9883148175105477,0.998825735313698,0.003503639279344131,6.318092346191406e-05,89,torneo,100,10,1073738853,111111111111111111010001100101,1
0.9999944660889177,0.9999935086921893,0.9999937001715349,3.829586913806082e-07,6.604194641113281e-05,90,torneo,100,10,1073738853,111111111111111111010001100101,1
0.9999944660889177,0.8085065433801901,0.980845099380008,0.057446185334868186,0.0001327991485595703,91,torneo,100,10,1073738853,111111111111111111010001100101,1
0.9999944660889177,0.9999935086921893,0.9999941788698992,4.3873429782321743e-07,7.367134094238281e-05,92,torneo,100,10,1073738853,111111111111111111010001100101,1
0.9999945629461998,0.9999944660889177,0.9999944757746458,2.905718462509199e-08,6.866455078125e-05,93,torneo,100,10,1073738905,111111111111111111010010011001,1
0.9999945629461998,0.9999906216036623,0.9999941010118485,1.1604316818200217e-06,6.270408630371094e-05,94,torneo,100,10,1073738905,111111111111111111010010011001,1
0.9999945629461998,0.9999944660889177,0.9999945048318306,4.74501837955466e-08,6.318092346191406e-05,95,torneo,100,10,1073738905,111111111111111111010010011001,1
0.9999945629461998,0.9999944660889177,0.9999945338890152,4.438558267559703e-08,6.175041198730469e-05,96,torneo,100,10,1073738905,111111111111111111010010011001,1
0.9999945629461998,0.9999945629461998,0.9999945629461997,0.0,7.128715515136719e-05,97,torneo,100,10,1073738905,111111111111111111010010011001,1
0.9999945629461998,0.15488528985406447,0.9154836356369863,0.2535327819276406,6.413459777832031e-05,98,torneo,100,10,1073738905,111111111111111111010010011001,1
0.9999945629461998,0.9999945629461998,0.9999945629461997,0.0,0.0001327991485595703,99,torneo,100,10,1073738905,111111111111111111010010011001,1
0.9999945629461998,0.9999945629461998,0.9999945629461997,0.0,0.00012063980102539062,100,torneo,100,10,1073738905,111111111111111111010010011001,1
0.6063709206038943,0.0003245750244043055,0.3406657282622517,0.19467314799664567,8.559226989746094e-05,1,torneo,100,10,836120849,110001110101100011000100010001,2
0.6077847246370107,0.4186757149632213,0.5533963599242318,0.06033595689862335,6.937980651855469e-05,2,torneo,100,10,837095024,110001111001010000111001110000,2
0.6077975978233503,0.5777128547952339,0.5982002612487982,0.013419373574699984,7.295608520507812e-05,3,torneo,100,10,837103889,110001111001010011000100010001,2
0.6078828692438629,0.6063580639854851,0.6075143544400867,0.0005756158069373473,6.413459777832031e-05,4,torneo,100,10,837162608,110001111001100001011001110000,2
0.6078828706961086,0.6077847246370107,0.6078193175840381,4.194460049807442e-05,7.128715515136719e-05,5,torneo,100,10,837162609,110001111001100001011001110001,2
0.7205687833935026,0.6077975978233503,0.6191256798385358,0.033814389157516486,6.914138793945312e-05,6,torneo,100,10,911459953,110110010100111100011001110001,2
0.720573944214255,0.6078828692438629,0.6191519774670249,0.0338073222490767,6.4849853515625e-05,7,torneo,100,10,911463217,110110010100111101001100110001,2
0.720573944214255,0.6078828706961086,0.6304196201470209,0.04503220392527858,6.67572021484375e-05,8,torneo,100,10,911463217,110110010100111101001100110001,2
0.7224476312091327,0.6075022328220494,0.6756688027326392,0.05539375905091923,6.437301635742188e-05,9,torneo,100,10,912647473,110110011001011110010100110001,2
0.7208084268770345,0.6080482288184504,0.7093917174735085,0.033781325644326565,6.127357482910156e-05,10,torneo,100,10,911611505,110110010101100001011001110001,2
0.7208084268770345,0.720573944214255,0.7207615303444787,9.379306511179131e-05,6.031990051269531e-05,11,torneo,100,10,911611505,110110010101100001011001110001,2
0.7208084268770345,0.7208084268770345,0.7208084268770345,0.0,6.699562072753906e-05,12,torneo,100,10,911611505,110110010101100001011001110001,2
0.7335853337414933,0.7208084268770345,0.7220861175634804,0.0038330720593376276,6.866455078125e-05,13,torneo,100,10,919655537,110110110100001101010001110001,2
0.7335853337414933,0.6431178174278567,0.7168723705287754,0.02523624877105451,6.246566772460938e-05,14,torneo,100,10,919655537,110110110100001101010001110001,2
0.7335853337414933,0.7208853479273416,0.7310298174432435,0.0050723237872923104,6.723403930664062e-05,15,torneo,100,10,919655537,110110110100001101010001110001,2
0.7335853337414933,0.7335853209787089,0.7335853324652148,3.828835315466961e-09,6.580352783203125e-05,16,torneo,100,10,919655537,110110110100001101010001110001,2
0.7335853337414933,0.6290764174931618,0.7231344421166601,0.03135267487449944,6.175041198730469e-05,17,torneo,100,10,919655537,110110110100001101010001110001,2
0.7335853337414933,0.7335853337414933,0.7335853337414933,0.0,6.365776062011719e-05,18,torneo,100,10,919655537,110110110100001101010001110001,2
0.7335853337414933,0.7335853337414933,0.7335853337414933,0.0,6.198883056640625e-05,19,torneo,100,10,919655537,110110110100001101010001110001,2
0.7335853337414933,0.7335853337414933,0.7335853337414933,0.0,6.198883056640625e-05,20,torneo,100,10,919655537,110110110100001101010001110001,2
0.7335853337414933,0.7335853337414933,0.7335853337414933,0.0,6.723403930664062e-05,21,torneo,100,10,919655537,110110110100001101010001110001,2
0.7335853337414933,0.7335101469145199,0.7335778150587959,2.2556048092015056e-05,7.748603820800781e-05,22,torneo,100,10,919655537,110110110100001101010001110001,2
0.7335853337414933,0.7335689974684123,0.7335836981997674,4.900247109162112e-06,6.318092346191406e-05,23,torneo,100,10,919655537,110110110100001101010001110001,2
0.7335853337414933,0.7335853337414933,0.7335853337414933,0.0,7.009506225585938e-05,24,torneo,100,10,919655537,110110110100001101010001110001,2
0.7397144173092074,0.7335853337414933,0.7342457886192852,0.0018283797770197242,6.532669067382812e-05,25,torneo,100,10,923489393,110111000010110101010001110001,2
0.7397144173092074,0.7335853337414933,0.7343884281823472,0.0017894224552962611,6.175041198730469e-05,26,torneo,100,10,923489393,110111000010110101010001110001,2
0.7397144173092074,0.7340607989516994,0.735191522623201,0.0022614473430031977,6.246566772460938e-05,27,torneo,100,10,923489393,110111000010110101010001110001,2
0.7397144173092074,0.7340607989516994,0.7374527570658637,0.002654039347550029,6.365776062011719e-05,28,torneo,100,10,923489393,110111000010110101010001110001,2
0.7397144173092074,0.7397144173092074,0.7397144173092074,0.0,6.365776062011719e-05,29,torneo,100,10,923489393,110111000010110101010001110001,2
0.7397144173092074,0.7397144173092074,0.7397144173092074,0.0,6.67572021484375e-05,30,torneo,100,10,923489393,110111000010110101010001110001,2
0.7399244093878878,0.7397144173092074,0.7397354165170754,6.299762360413297e-05,6.461143493652344e-05,31,torneo,100,10,923620465,110111000011010101010001110001,2
0.7399244093878878,0.7397144173092074,0.7397774149328116,9.623045958942536e-05,6.175041198730469e-05,32,torneo,100,10,923620465,110111000011010101010001110001,2
0.7399244093878878,0.7397144173092074,0.7398614117642837,9.623045958942536e-05,6.389617919921875e-05,33,torneo,100,10,923620465,110111000011010101010001110001,2
0.7399244093878878,0.7399244093878878,0.7399244093878878,0.0,6.246566772460938e-05,34,torneo,100,10,923620465,110111000011010101010001110001,2
0.7399244093878878,0.7399244093878878,0.7399244093878878,0.0,6.198883056640625e-05,35,torneo,100,10,923620465,110111000011010101010001110001,2
0.7399244093878878,0.7399244093878878,0.7399244093878878,0.0,6.794929504394531e-05,36,torneo,100,10,923620465,110111000011010101010001110001,2
0.7399244093878878,0.7398312588941365,0.7399150943385127,2.7945148125407825e-05,6.914138793945312e-05,37,torneo,100,10,923620465,110111000011010101010001110001,2
0.851354233066806,0.7399244093878878,0.7510761799064409,0.03342602798911245,6.723403930664062e-05,38,torneo,100,10,990729329,111011000011010101010001110001,2
0.851354233066806,0.7399244093878878,0.7956480659089857,0.05570528641490796,6.604194641113281e-05,39,torneo,100,10,990729329,111011000011010101010001110001,2
0.8595679917424293,0.7400162902937439,0.8410413712481153,0.033763963277476064,7.700920104980469e-05,40,torneo,100,10,995497073,111011010101100001010001110001,2
0.8595962857038075,0.8513260750785236,0.8538183742668025,0.00377019852489169,7.152557373046875e-05,41,torneo,100,10,995513457,111011010101100101010001110001,2
0.8595962857038075,0.851354233066806,0.8559032389021606,0.0037928597820039325,7.319450378417969e-05,42,torneo,100,10,995513457,111011010101100101010001110001,2
0.8595970714619439,0.8546766184495191,0.85860394264035,0.0019637007534774606,7.390975952148438e-05,43,torneo,100,10,995513912,111011010101100101011000111000,2
0.8595962857038075,0.7838549213194117,0.8462214415996605,0.027029891742939304,6.532669067382812e-05,44,torneo,100,10,995513457,111011010101100101010001110001,2
0.8595962857038075,0.8595962857038075,0.8595962857038074,0.0,6.222724914550781e-05,45,torneo,100,10,995513457,111011010101100101010001110001,2
0.8595962857038075,0.8595962857038075,0.8595962857038074,0.0,6.842613220214844e-05,46,torneo,100,10,995513457,111011010101100101010001110001,2
0.8595962857038075,0.8595896542648296,0.8595956225599097,1.989431693383281e-06,7.05718994140625e-05,47,torneo,100,10,995513457,111011010101100101010001110001,2
0.8610921780658823,0.8562419361024108,0.8594104399798754,0.0011464714944674857,6.937980651855469e-05,48,torneo,100,10,996379290,111011011000111000101010011010,2
0.8610929921625137,0.5470734772647092,0.8286431834030944,0.09385842434172932,6.365776062011719e-05,49,torneo,100,10,996379761,111011011000111000110001110001,2
0.8610930630286929,0.8595962857038075,0.8606438174055793,0.0006857705519239743,6.508827209472656e-05,50,torneo,100,10,996379802,111011011000111000110010011010,2
0.8610930630286929,0.8610921071997395,0.8610929320127079,2.769597771964948e-07,6.413459777832031e-05,51,torneo,100,10,996379802,111011011000111000110010011010,2
0.8610930630286929,0.8610929921625137,0.8610930275956032,3.543308962905556e-08,6.270408630371094e-05,52,torneo,100,10,996379802,111011011000111000110010011010,2
0.8610930630286929,0.8610930077185039,0.861093055942075,1.673022507925579e-08,6.246566772460938e-05,53,torneo,100,10,996379802,111011011000111000110010011010,2
0.8610930630286929,0.8610930630286929,0.861093063028693,0.0,6.270408630371094e-05,54,torneo,100,10,996379802,111011011000111000110010011010,2
0.8610930630286929,0.8610930630286929,0.861093063028693,0.0,6.413459777832031e-05,55,torneo,100,10,996379802,111011011000111000110010011010,2
0.8610930630286929,0.8610930630286929,0.861093063028693,0.0,6.771087646484375e-05,56,torneo,100,10,996379802,111011011000111000110010011010,2
0.8610930630286929,0.8610067605536809,0.8610844327811916,2.5890742503620333e-05,6.341934204101562e-05,57,torneo,100,10,996379802,111011011000111000110010011010,2
0.8610930630286929,0.8610930630286929,0.861093063028693,0.0,6.651878356933594e-05,58,torneo,100,10,996379802,111011011000111000110010011010,2
0.8610930630286929,0.8610930630286929,0.861093063028693,0.0,6.341934204101562e-05,59,torneo,100,10,996379802,111011011000111000110010011010,2
0.8610930630286929,0.8610930630286929,0.861093063028693,0.0,6.318092346191406e-05,60,torneo,100,10,996379802,111011011000111000110010011010,2
0.8610930630286929,0.8610930630286929,0.861093063028693,0.0,6.890296936035156e-05,61,torneo,100,10,996379802,111011011000111000110010011010,2
0.8610930630286929,0.7198093402922824,0.8469646907550519,0.04238511682092316,6.914138793945312e-05,62,torneo,100,10,996379802,111011011000111000110010011010,2
0.8617326505101887,0.8610930630286929,0.8611570217768424,0.00019187624444871876,6.604194641113281e-05,63,torneo,100,10,996749770,111011011010010011000111001010,2
0.8617326505101887,0.8610930630286929,0.8612849392669812,0.00029305958878131307,6.556510925292969e-05,64,torneo,100,10,996749770,111011011010010011000111001010,2
0.8919669729564773,0.8610930630286929,0.8645642065042084,0.009138731665423973,6.532669067382812e-05,65,torneo,100,10,1014084762,111100011100011011010010011010,2
0.8919669729564773,0.8617326505101887,0.870802846735452,0.013842336512986842,6.771087646484375e-05,66,torneo,100,10,1014084762,111100011100011011010010011010,2
0.8919669729564773,0.8617321248683601,0.8737651083374285,0.014714268936141538,7.009506225585938e-05,67,torneo,100,10,1014084762,111100011100011011010010011010,2
0.8919669729564773,0.8617905550889261,0.8888734457404135,0.009030440293973903,7.05718994140625e-05,68,torneo,100,10,1014084762,111100011100011011010010011010,2
0.8998834964511239,0.8919026312034528,0.8927521911306394,0.0023771791748231114,6.437301635742188e-05,69,torneo,100,10,1018575002,111100101101100011100010011010,2
0.8919669729564773,0.8919669729564773,0.8919669729564774,0.0,6.842613220214844e-05,70,torneo,100,10,1014084762,111100011100011011010010011010,2
0.8919669729564773,0.0867231337276925,0.8114425890335989,0.24157315176863545,6.29425048828125e-05,71,torneo,100,10,1014084762,111100011100011011010010011010,2
0.8919669729564773,0.8919669729564773,0.8919669729564774,0.0,6.341934204101562e-05,72,torneo,100,10,1014084762,111100011100011011010010011010,2
0.8919669729564773,0.8919669729564773,0.8919669729564774,0.0,6.67572021484375e-05,73,torneo,100,10,1014084762,111100011100011011010010011010,2
0.8919669729564773,0.8919669729564773,0.8919669729564774,0.0,6.914138793945312e-05,74,torneo,100,10,1014084762,111100011100011011010010011010,2
0.8919669729564773,0.8875550169466618,0.8915250624356684,0.0013233502128902812,6.198883056640625e-05,75,torneo,100,10,1014084762,111100011100011011010010011010,2
0.8919669729564773,0.8919669729564773,0.8919669729564774,0.0,6.794929504394531e-05,76,torneo,100,10,1014084762,111100011100011011010010011010,2
0.8919669729564773,0.37984421795936923,0.8407546974567666,0.15363682649913243,6.0558319091796875e-05,77,torneo,100,10,1014084762,111100011100011011010010011010,2
0.8919669729564773,0.8919669729564773,0.8919669729564774,0.0,6.4849853515625e-05,78,torneo,100,10,1014084762,111100011100011011010010011010,2
0.8919669729564773,0.8919669729564773,0.8919669729564774,0.0,6.341934204101562e-05,79,torneo,100,10,1014084762,111100011100011011010010011010,2
0.8919669729564773,0.8919669729564773,0.8919669729564774,0.0,6.270408630371094e-05,80,torneo,100,10,1014084762,111100011100011011010010011010,2
0.8919669729564773,0.8919669729564773,0.8919669729564774,0.0,6.198883056640625e-05,81,torneo,100,10,1014084762,111100011100011011010010011010,2
0.8919669729564773,0.8919669729564773,0.8919669729564774,0.0,6.079673767089844e-05,82,torneo,100,10,1014084762,111100011100011011010010011010,2
0.8919669729564773,0.8919669729564773,0.8919669729564774,0.0,6.127357482910156e-05,83,torneo,100,10,1014084762,111100011100011011010010011010,2
0.8919669729564773,0.8919669729564773,0.8919669729564774,0.0,6.175041198730469e-05,84,torneo,100,10,1014084762,111100011100011011010010011010,2
0.8919669729564773,0.8919669729564773,0.8919669729564774,0.0,0.00011157989501953125,85,torneo,100,10,1014084762,111100011100011011010010011010,2
0.8919669729564773,0.8050465830652521,0.8832749339673548,0.026076116967367557,6.437301635742188e-05,86,torneo,100,10,1014084762,111100011100011011010010011010,2
0.8919669729564773,0.8919669729564773,0.8919669729564774,0.0,6.246566772460938e-05,87,torneo,100,10,1014084762,111100011100011011010010011010,2
0.8919669729564773,0.8919669729564773,0.8919669729564774,0.0,6.175041198730469e-05,88,torneo,100,10,1014084762,111100011100011011010010011010,2
0.8919669729564773,0.8919669729564773,0.8919669729564774,0.0,6.222724914550781e-05,89,torneo,100,10,1014084762,111100011100011011010010011010,2
0.8919669729564773,0.8919669729564773,0.8919669729564774,0.0,6.270408630371094e-05,90,torneo,100,10,1014084762,111100011100011011010010011010,2
0.8919669729564773,0.8919669729564773,0.8919669729564774,0.0,7.033348083496094e-05,91,torneo,100,10,1014084762,111100011100011011010010011010,2
0.8924858447975864,0.8919669729564773,0.8920188601405883,0.00015566155233273093,6.103515625e-05,92,torneo,100,10,1014379674,111100011101100011010010011010,2
0.8924858447975864,0.8919669729564773,0.8921226345088101,0.00023777694878635643,9.393692016601562e-05,93,torneo,100,10,1014379674,111100011101100011010010011010,2
0.8925023188876152,0.8919669729564773,0.8922799434701456,0.00025558360260537167,6.437301635742188e-05,94,torneo,100,10,1014389036,111100011101100101100100101100,2
0.8926588356055688,0.8917940492037203,0.8924389065460068,0.00022074626965187528,6.818771362304688e-05,95,torneo,100,10,1014477978,111100011101111011010010011010,2
0.8926753112921019,0.8877650790027928,0.8920879065759912,0.0014432012331018604,6.985664367675781e-05,96,torneo,100,10,1014487340,111100011101111101100100101100,2
0.8926753112921019,0.8924570146260705,0.8926284071373939,8.184990659300666e-05,6.270408630371094e-05,97,torneo,100,10,1014487340,111100011101111101100100101100,2
0.8926753112921019,0.8926588672826669,0.8926736598517383,4.930871627058233e-06,6.628036499023438e-05,98,torneo,100,10,1014487340,111100011101111101100100101100,2
0.914958109384523,0.8926753112921019,0.8949035911013439,0.006684839427726352,7.319450378417969e-05,99,torneo,100,10,1027071020,111101001101111101110000101100,2
0.9224428299582283,0.8853105491764185,0.9038287061841146,0.012970948599456637,6.580352783203125e-05,100,torneo,100,10,1031263388,111101011101111101010010011100,2
0.9059799901707803,0.0019133005723659703,0.3128720364655757,0.2638288734931788,8.058547973632812e-05,1,torneo,100,10,1022019478,111100111010101100011110010110,3
0.9059799901707803,0.2661738818778554,0.5980995426422017,0.20929007858839058,7.677078247070312e-05,2,torneo,100,10,1022019478,111100111010101100011110010110,3
0.9891678493090714,0.49256508439171665,0.8171661120707736,0.15150133322498524,6.890296936035156e-05,3,torneo,100,10,1067910523,111111101001110000010101111011,3
0.9891678493090714,0.7913680711612889,0.903529037688125,0.054520763920879525,6.461143493652344e-05,4,torneo,100,10,1067910523,111111101001110000010101111011,3
0.9891752223900396,0.9059754319961563,0.9475817072429591,0.041587540984158365,6.747245788574219e-05,5,torneo,100,10,1067914503,111111101001110001010100000111,3
0.9891754298741228,0.9060006146802606,0.9808525535934693,0.02495064648327891,7.43865966796875e-05,6,torneo,100,10,1067914615,111111101001110001010101110111,3
0.9891754298741228,0.9891677807654828,0.9891703126219553,3.4076183690375056e-06,6.389617919921875e-05,7,torneo,100,10,1067914615,111111101001110001010101110111,3
0.9891754298741228,0.9891677807654828,0.9891741371762988,2.639206203624769e-06,6.437301635742188e-05,8,torneo,100,10,1067914615,111111101001110001010101110111,3
0.9891754298741228,0.9891754298741228,0.9891754298741228,0.0,6.246566772460938e-05,9,torneo,100,10,1067914615,111111101001110001010101110111,3
0.9891754298741228,0.9891754298741228,0.9891754298741228,0.0,7.939338684082031e-05,10,torneo,100,10,1067914615,111111101001110001010101110111,3
0.9891754298741228,0.9585560048983456,0.9861134873765451,0.009185827492733157,6.413459777832031e-05,11,torneo,100,10,1067914615,111111101001110001010101110111,3
0.9891754298741228,0.9891754298741228,0.9891754298741228,0.0,6.794929504394531e-05,12,torneo,100,10,1067914615,111111101001110001010101110111,3
0.9892218420167865,0.9891754298741228,0.9891800710883892,1.392364279912961e-05,6.437301635742188e-05,13,torneo,100,10,1067939668,111111101001110111011101010100,3
0.9892218420167865,0.9891754298741228,0.9892079183739874,2.1268715692179417e-05,6.318092346191406e-05,14,torneo,100,10,1067939668,111111101001110111011101010100,3
0.9892218420167865,0.9892218420167865,0.9892218420167864,0.0,6.67572021484375e-05,15,torneo,100,10,1067939668,111111101001110111011101010100,3
0.9892218420167865,0.9892218420167865,0.9892218420167864,0.0,6.461143493652344e-05,16,torneo,100,10,1067939668,111111101001110111011101010100,3
0.9892218420167865,0.9892218420167865,0.9892218420167864,0.0,6.580352783203125e-05,17,torneo,100,10,1067939668,111111101001110111011101010100,3
0.9935974546073795,0.9892218420167865,0.9896594032758458,0.001312683777177881,6.461143493652344e-05,18,torneo,100,10,1070298964,111111110010110111011101010100,3
0.9935974546073795,0.9892218420167865,0.9905345257939644,0.002005157590819395,6.198883056640625e-05,19,torneo,100,10,1070298964,111111110010110111011101010100,3
0.9935974546073795,0.9892218420167865,0.9918472095711423,0.0021436036318100656,6.079673767089844e-05,20,torneo,100,10,1070298964,111111110010110111011101010100,3
0.9935974546073795,0.9935974546073795,0.9935974546073794,0.0,7.104873657226562e-05,21,torneo,100,10,1070298964,111111110010110111011101010100,3
0.9935974546073795,0.9793394976898088,0.9917761923811712,0.004309973926652633,6.222724914550781e-05,22,torneo,100,10,1070298964,111111110010110111011101010100,3
0.9935974546073795,0.9935974546073795,0.9935974546073794,0.0,7.700920104980469e-05,23,torneo,100,10,1070298964,111111110010110111011101010100,3
0.9935974546073795,0.9935974546073795,0.9935974546073794,0.0,6.771087646484375e-05,24,torneo,100,10,1070298964,111111110010110111011101010100,3
0.9935974546073795,0.9665283001354056,0.990890539160182,0.008120746341592166,6.29425048828125e-05,25,torneo,100,10,1070298964,111111110010110111011101010100,3
0.9935974546073795,0.9935974546073795,0.9935974546073794,0.0,6.222724914550781e-05,26,torneo,100,10,1070298964,111111110010110111011101010100,3
0.9935974546073795,0.9935974546073795,0.9935974546073794,0.0,0.00014400482177734375,27,torneo,100,10,1070298964,111111110010110111011101010100,3
0.9935974546073795,0.9935974546073795,0.9935974546073794,0.0,7.176399230957031e-05,28,torneo,100,10,1070298964,111111110010110111011101010100,3
0.9935974546073795,0.9186519724659113,0.9861029063932326,0.022483644642440438,6.628036499023438e-05,29,torneo,100,10,1070298964,111111110010110111011101010100,3
0.9935974546073795,0.9761529399597294,0.9918530031426144,0.00523335439429502,6.937980651855469e-05,30,torneo,100,10,1070298964,111111110010110111011101010100,3
0.9935974546073795,0.9935974360406522,0.9935974527507068,5.57001818002334e-09,6.890296936035156e-05,31,torneo,100,10,1070298964,111111110010110111011101010100,3
0.9935974546073795,0.708381140393172,0.9650758231859587,0.08556489426426224,6.437301635742188e-05,32,torneo,100,10,1070298964,111111110010110111011101010100,3
0.9935974546073795,0.9935974546073795,0.9935974546073794,0.0,6.604194641113281e-05,33,torneo,100,10,1070298964,111111110010110111011101010100,3
0.9935974546073795,0.9935974546073795,0.9935974546073794,0.0,6.29425048828125e-05,34,torneo,100,10,1070298964,111111110010110111011101010100,3
0.9935974546073795,0.9935974546073795,0.9935974546073794,0.0,6.175041198730469e-05,35,torneo,100,10,1070298964,111111110010110111011101010100,3
0.9935974546073795,0.9935974546073795,0.9935974546073794,0.0,6.270408630371094e-05,36,torneo,100,10,1070298964,111111110010110111011101010100,3
0.9935974546073795,0.9935974546073795,0.9935974546073794,0.0,6.723403930664062e-05,37,torneo,100,10,1070298964,111111110010110111011101010100,3
0.9958117219561416,0.9935974546073795,0.9938188813422556,0.0006642802046286534,6.341934204101562e-05,38,torneo,100,10,1071490900,111111110111011010011101010100,3
0.9958117219561416,0.9935974546073795,0.9944831615468843,0.0010847650317145313,6.222724914550781e-05,39,torneo,100,10,1071490900,111111110111011010011101010100,3
0.9958117219561416,0.9935974546073795,0.9951474417515129,0.0010147047734571863,6.580352783203125e-05,40,torneo,100,10,1071490900,111111110111011010011101010100,3
0.9958117219561416,0.995651116531487,0.9957956614136763,4.818162739640419e-05,6.723403930664062e-05,41,torneo,100,10,1071490900,111111110111011010011101010100,3
0.9958117219561416,0.9955681080331659,0.995787360563844,7.308417689273483e-05,6.985664367675781e-05,42,torneo,100,10,1071490900,111111110111011010011101010100,3
0.9958117219561416,0.7433456389150609,0.9705651136520336,0.07573982491232423,6.222724914550781e-05,43,torneo,100,10,1071490900,111111110111011010011101010100,3
0.9958117219561416,0.9958117219561416,0.9958117219561415,0.0,6.794929504394531e-05,44,torneo,100,10,1071490900,111111110111011010011101010100,3
0.9958117219561416,0.9958040490904742,0.9958109546695748,2.301859700248876e-06,7.510185241699219e-05,45,torneo,100,10,1071490900,111111110111011010011101010100,3
0.9958117219561416,0.9958117219561416,0.9958117219561415,0.0,7.271766662597656e-05,46,torneo,100,10,1071490900,111111110111011010011101010100,3
0.9958117219561416,0.9958117219561416,0.9958117219561415,0.0,6.437301635742188e-05,47,torneo,100,10,1071490900,111111110111011010011101010100,3
0.9958117219561416,0.9958117219561416,0.9958117219561415,0.0,6.67572021484375e-05,48,torneo,100,10,1071490900,111111110111011010011101010100,3
0.9958117219561416,0.9897225317582418,0.9952028029363517,0.0018267570593699656,6.198883056640625e-05,49,torneo,100,10,1071490900,111111110111011010011101010100,3
0.9958117219561416,0.9958117219561416,0.9958117219561415,0.0,6.175041198730469e-05,50,torneo,100,10,1071490900,111111110111011010011101010100,3
0.9958117219561416,0.9958117219561416,0.9958117219561415,0.0,6.318092346191406e-05,51,torneo,100,10,1071490900,111111110111011010011101010100,3
0.9958117219561416,0.9958117219561416,0.9958117219561415,0.0,6.151199340820312e-05,52,torneo,100,10,1071490900,111111110111011010011101010100,3
0.9958117219561416,0.9958117219561416,0.9958117219561415,0.0,6.103515625e-05,53,torneo,100,10,1071490900,111111110111011010011101010100,3
0.9958117219561416,0.9958117219561416,0.9958117219561415,0.0,6.246566772460938e-05,54,torneo,100,10,1071490900,111111110111011010011101010100,3
0.9958117219561416,0.9958117219561416,0.9958117219561415,0.0,6.651878356933594e-05,55,torneo,100,10,1071490900,111111110111011010011101010100,3
0.9958117219561416,0.9192667211847558,0.988157221879003,0.022963500231415745,6.270408630371094e-05,56,torneo,100,10,1071490900,111111110111011010011101010100,3
0.9958117219561416,0.9958117219561416,0.9958117219561415,0.0,6.818771362304688e-05,57,torneo,100,10,1071490900,111111110111011010011101010100,3
0.9958117219561416,0.9687122138188159,0.993101771142409,0.008129852441197728,6.246566772460938e-05,58,torneo,100,10,1071490900,111111110111011010011101010100,3
0.9958117219561416,0.9958117219561416,0.9958117219561415,0.0,6.771087646484375e-05,59,torneo,100,10,1071490900,111111110111011010011101010100,3
0.9958217145696996,0.9958117219561416,0.9958127212174974,2.9977840673822696e-06,6.604194641113281e-05,60,torneo,100,10,1071496276,111111110111011011110001010100,3
0.9958217145696996,0.9958117219561416,0.9958157190015647,4.89536088275447e-06,6.341934204101562e-05,61,torneo,100,10,1071496276,111111110111011011110001010100,3
0.9958217145696996,0.9958117219561416,0.9958197160469879,3.99704542317636e-06,6.604194641113281e-05,62,torneo,100,10,1071496276,111111110111011011110001010100,3
0.9958217145696996,0.9958217145696996,0.9958217145696995,0.0,6.67572021484375e-05,63,torneo,100,10,1071496276,111111110111011011110001010100,3
0.9958217145696996,0.9953960617630898,0.9957791492890387,0.00012769584198293326,6.628036499023438e-05,64,torneo,100,10,1071496276,111111110111011011110001010100,3
0.9958217145696996,0.9958217145696996,0.9958217145696995,0.0,6.175041198730469e-05,65,torneo,100,10,1071496276,111111110111011011110001010100,3
0.9958217145696996,0.9958217145696996,0.9958217145696995,0.0,6.389617919921875e-05,66,torneo,100,10,1071496276,111111110111011011110001010100,3
0.9958217145696996,0.9958217145696996,0.9958217145696995,0.0,7.009506225585938e-05,67,torneo,100,10,1071496276,111111110111011011110001010100,3
0.9977869504532738,0.9958217145696996,0.9960319428196545,0.0005864277178175313,6.914138793945312e-05,68,torneo,100,10,1072553044,111111111011011101110001010100,3
0.9977869504532738,0.9958217145696996,0.9964386946579669,0.0008841592328862329,6.890296936035156e-05,69,torneo,100,10,1072553044,111111111011011101110001010100,3
0.9978021924069641,0.9958064877500011,0.9971973812016006,0.0009039275395294883,6.413459777832031e-05,70,torneo,100,10,1072561236,111111111011011111110001010100,3
0.9978021924069641,0.9977869504532738,0.9977915230393808,6.984740652477723e-06,6.341934204101562e-05,71,torneo,100,10,1072561236,111111111011011111110001010100,3
0.9978021924069641,0.9977869504532738,0.9977991440162259,6.09678147611703e-06,6.389617919921875e-05,72,torneo,100,10,1072561236,111111111011011111110001010100,3
0.9978021924069641,0.9978021924069641,0.997802192406964,0.0,0.00010442733764648438,73,torneo,100,10,1072561236,111111111011011111110001010100,3
0.9978021924069641,0.9978021924069641,0.997802192406964,0.0,6.508827209472656e-05,74,torneo,100,10,1072561236,111111111011011111110001010100,3
0.9978021924069641,0.9978021924069641,0.997802192406964,0.0,6.723403930664062e-05,75,torneo,100,10,1072561236,111111111011011111110001010100,3
0.9978021924069641,0.9978021924069641,0.997802192406964,0.0,6.67572021484375e-05,76,torneo,100,10,1072561236,111111111011011111110001010100,3
0.9980308356821571,0.9978021924069641,0.9978250567344833,6.859298255790236e-05,6.437301635742188e-05,77,torneo,100,10,1072684116,111111111011111101110001010100,3
0.9980308356821571,0.9978021924069641,0.9978479210620026,9.145731007720315e-05,6.175041198730469e-05,78,torneo,100,10,1072684116,111111111011111101110001010100,3
0.9980308356821571,0.9978021924069641,0.9979851070271184,9.145731007720315e-05,6.651878356933594e-05,79,torneo,100,10,1072684116,111111111011111101110001010100,3
0.9980308356821571,0.9967210914525744,0.9978998612591988,0.000392923268874823,6.508827209472656e-05,80,torneo,100,10,1072684116,111111111011111101110001010100,3
0.9980308356821571,0.9980308356821571,0.998030835682157,0.0,6.508827209472656e-05,81,torneo,100,10,1072684116,111111111011111101110001010100,3
0.9980308356821571,0.9980308356821571,0.998030835682157,0.0,9.179115295410156e-05,82,torneo,100,10,1072684116,111111111011111101110001010100,3
0.9980308356821571,0.9980308356821571,0.998030835682157,0.0,6.341934204101562e-05,83,torneo,100,10,1072684116,111111111011111101110001010100,3
0.9980308356821571,0.9980308356821571,0.998030835682157,0.0,6.389617919921875e-05,84,torneo,100,10,1072684116,111111111011111101110001010100,3
0.9980308356821571,0.9980308356821571,0.998030835682157,0.0,7.081031799316406e-05,85,torneo,100,10,1072684116,111111111011111101110001010100,3
0.9980308356821571,0.997924132227438,0.998020163475875,3.201041662638475e-05,6.699562072753906e-05,86,torneo,100,10,1072684116,111111111011111101110001010100,3
0.9980308356821571,0.9980216060843167,0.9980299127223731,2.7688793521329913e-06,6.318092346191406e-05,87,torneo,100,10,1072684116,111111111011111101110001010100,3
0.9980308356821571,0.9980308356821571,0.998030835682157,0.0,6.628036499023438e-05,88,torneo,100,10,1072684116,111111111011111101110001010100,3
0.9980308356821571,0.9980308356821571,0.998030835682157,0.0,6.461143493652344e-05,89,torneo,100,10,1072684116,111111111011111101110001010100,3
0.9980308356821571,0.9980308356821571,0.998030835682157,0.0,6.556510925292969e-05,90,torneo,100,10,1072684116,111111111011111101110001010100,3
0.9980308356821571,0.9980038615580448,0.9980281382697459,8.092237233703337e-06,6.127357482910156e-05,91,torneo,100,10,1072684116,111111111011111101110001010100,3
0.9980308356821571,0.9980308356821571,0.998030835682157,0.0,6.270408630371094e-05,92,torneo,100,10,1072684116,111111111011111101110001010100,3
0.9980308356821571,0.9980308356821571,0.998030835682157,0.0,6.651878356933594e-05,93,torneo,100,10,1072684116,111111111011111101110001010100,3
0.9980308356821571,0.4354814698217666,0.941775899096118,0.16876480975811714,6.246566772460938e-05,94,torneo,100,10,1072684116,111111111011111101110001010100,3
0.9980308356821571,0.9980308356821571,0.998030835682157,0.0,6.318092346191406e-05,95,torneo,100,10,1072684116,111111111011111101110001010100,3
0.9980308356821571,0.9980308356821571,0.998030835682157,0.0,6.103515625e-05,96,torneo,100,10,1072684116,111111111011111101110001010100,3
0.9980308356821571,0.9980308356821571,0.998030835682157,0.0,6.4849853515625e-05,97,torneo,100,10,1072684116,111111111011111101110001010100,3
0.9980308356821571,0.9980308356821571,0.998030835682157,0.0,6.580352783203125e-05,98,torneo,100,10,1072684116,111111111011111101110001010100,3
0.9980308356821571,0.9862525944316028,0.9968530115571017,0.00353347237516628,6.198883056640625e-05,99,torneo,100,10,1072684116,111111111011111101110001010100,3
0.9980308356821571,0.9980308356821571,0.998030835682157,0.0,6.818771362304688e-05,100,torneo,100,10,1072684116,111111111011111101110001010100,3
0.9240578210673823,3.685726022512395e-05,0.26829991464025876,0.30451353205928894,6.532669067382812e-05,1,elitismo,100,10,1032165749,111101100001011001100101110101,1
0.9240578210673823,0.1369305854742232,0.653202381177334,0.30379336275533186,4.57763671875e-05,2,elitismo,100,10,1032165749,111101100001011001100101110101,1
0.9303706742130664,0.343723373975937,0.8092942442890596,0.17742572431976517,4.6253204345703125e-05,3,elitismo,100,10,1035685453,111101101110110100111001001101,1
0.9320809437052516,0.7257408713705821,0.9056597236760575,0.06004076554520085,4.3392181396484375e-05,4,elitismo,100,10,1036636949,111101110010011101001100010101,1
0.9320809437052516,0.7257408713705821,0.9069223061168021,0.0604795167575202,5.054473876953125e-05,5,elitismo,100,10,1036636949,111101110010011101001100010101,1
0.9320809437052516,0.8326704160773147,0.9182500026451722,0.028703668084631147,5.0067901611328125e-05,6,elitismo,100,10,1036636949,111101110010011101001100010101,1
0.9320809437052516,0.9240239017269357,0.9280263469054008,0.0032841379699058396,5.14984130859375e-05,7,elitismo,100,10,1036636949,111101110010011101001100010101,1
0.9320838784979947,0.9240239017269357,0.9275585865308594,0.0035585462942280366,4.5299530029296875e-05,8,elitismo,100,10,1036638581,111101110010011101100101110101,1
0.9320838820945573,0.9240239017269357,0.9286966248949746,0.0038285781241930777,4.315376281738281e-05,9,elitismo,100,10,1036638583,111101110010011101100101110111,1
0.9320838820945573,0.9240239017269357,0.9295001174969529,0.0036061604405244257,4.3392181396484375e-05,10,elitismo,100,10,1036638583,111101110010011101100101110111,1
0.9320838820945573,0.9240206108105448,0.9293285319175488,0.0035249643989100636,4.1961669921875e-05,11,elitismo,100,10,1036638583,111101110010011101100101110111,1
0.9320838820945573,0.9240211551184009,0.9286920354220826,0.0037355633300451547,4.410743713378906e-05,12,elitismo,100,10,1036638583,111101110010011101100101110111,1
0.9320838820945573,0.9240211515374276,0.9300828430770975,0.0030944669007866177,4.172325134277344e-05,13,elitismo,100,10,1036638583,111101110010011101100101110111,1
0.9320838820945573,0.9240284889661984,0.9311722902039138,0.0023904333951090245,4.291534423828125e-05,14,elitismo,100,10,1036638583,111101110010011101100101110111,1
0.9320838820945573,0.9240284889661984,0.9304197771798794,0.003199491211937107,4.267692565917969e-05,15,elitismo,100,10,1036638583,111101110010011101100101110111,1
0.9320838820945573,0.9240284889661984,0.9304197775395358,0.0031994913989996684,4.1484832763671875e-05,16,elitismo,100,10,1036638583,111101110010011101100101110111,1
0.9320838820945573,0.9240284889661984,0.9304728034688855,0.0032221572513435603,4.887580871582031e-05,17,elitismo,100,10,1036638583,111101110010011101100101110111,1
0.9320840547295687,0.9240284889661984,0.9296672814195507,0.003691456178293575,4.4345855712890625e-05,18,elitismo,100,10,1036638679,111101110010011101100111010111,1
0.9320840547295687,0.9240284889661984,0.9304728552593889,0.003222183147462389,4.7206878662109375e-05,19,elitismo,100,10,1036638679,111101110010011101100111010111,1
0.9320840547295687,0.9240286608536051,0.9304738414658809,0.0032202114378323,4.315376281738281e-05,20,elitismo,100,10,1036638679,111101110010011101100111010111,1
0.9320840547295687,0.9240284889661984,0.9304738760956452,0.003220287854666605,4.00543212890625e-05,21,elitismo,100,10,1036638679,111101110010011101100111010111,1
0.9320840547295687,0.9240284889661984,0.9304738696218324,0.0032202846179643085,4.100799560546875e-05,22,elitismo,100,10,1036638679,111101110010011101100111010111,1
0.9320840547295687,0.9240284889661984,0.9312784636262293,0.002416658220969505,4.2438507080078125e-05,23,elitismo,100,10,1036638679,111101110010011101100111010111,1
0.9320840547295687,0.9240284889661984,0.9304729415021342,0.003222183296750088,4.172325134277344e-05,24,elitismo,100,10,1036638679,111101110010011101100111010111,1
0.9320840547295687,0.9240284889661984,0.9304729587656354,0.0032221919280960016,4.1484832763671875e-05,25,elitismo,100,10,1036638679,111101110010011101100111010111,1
0.9320840547295687,0.9240286608536051,0.9312785153419723,0.0024166181627890636,4.887580871582031e-05,26,elitismo,100,10,1036638679,111101110010011101100111010111,1
0.9341734174949613,0.9320840547295687,0.932292991006108,0.0006268088296177865,5.53131103515625e-05,27,elitismo,100,10,1037799895,111101110110111001000111010111,1
0.934206600842583,0.5118629175973931,0.8840706823414928,0.12569507245631376,5.2928924560546875e-05,28,elitismo,100,10,1037818327,111101110110111101100111010111,1
0.934206600842583,0.9301257919841787,0.9336035722818723,0.001291891946800835,4.4345855712890625e-05,29,elitismo,100,10,1037818327,111101110110111101100111010111,1
0.934206600842583,0.9301257919841787,0.9337952016219804,0.0012231765566044178,4.172325134277344e-05,30,elitismo,100,10,1037818327,111101110110111101100111010111,1
0.934206600842583,0.9341734174949613,0.9342032825078208,9.955004286510415e-06,5.507469177246094e-05,31,elitismo,100,10,1037818327,111101110110111101100111010111,1
0.934206600842583,0.9266716555159494,0.9334497879751575,0.002259399146828819,4.863739013671875e-05,32,elitismo,100,10,1037818327,111101110110111101100111010111,1
0.934206600842583,0.9340738277834141,0.9341900051960831,3.9696547511588815e-05,5.173683166503906e-05,33,elitismo,100,10,1037818327,111101110110111101100111010111,1
0.9718460413705258,0.9340738277834141,0.9379536727294617,0.011297525954779924,4.458427429199219e-05,34,elitismo,100,10,1058518871,111111000101111011011101010111,1
0.9718622590880953,0.9340738709882116,0.9417176485109449,0.01506830074274089,4.506111145019531e-05,35,elitismo,100,10,1058527703,111111000101111101100111010111,1
0.9718622590880953,0.9340591238086914,0.9417192343493346,0.015067523746078662,5.173683166503906e-05,36,elitismo,100,10,1058527703,111111000101111101100111010111,1
0.9723070063299236,0.9324173852030692,0.9490690492590181,0.01870182504184006,4.792213439941406e-05,37,elitismo,100,10,1058769879,111111000110111000101111010111,1
0.9723436372805373,0.9337181277557948,0.9454569075470678,0.017490309230342848,4.982948303222656e-05,38,elitismo,100,10,1058789823,111111000110111101100110111111,1
0.9958062702779557,0.9116905207847231,0.949448128982436,0.02510584627609116,4.553794860839844e-05,39,elitismo,100,10,1071487967,111111110111011001101111011111,1
0.9958062702779557,0.9112243999843598,0.9595644787945472,0.03169700370700282,4.1961669921875e-05,40,elitismo,100,10,1071487967,111111110111011001101111011111,1
0.9958357128632179,0.9344140245219591,0.983366646480965,0.018242108438129623,4.410743713378906e-05,41,elitismo,100,10,1071503807,111111110111011101100110111111,1
0.9958357128632179,0.9723135889769706,0.9878619646467168,0.009258561668861172,4.1961669921875e-05,42,elitismo,100,10,1071503807,111111110111011101100110111111,1
0.9958357128632179,0.9723135889769706,0.9885642189827049,0.008918858659626416,4.267692565917969e-05,43,elitismo,100,10,1071503807,111111110111011101100110111111,1
0.9958357128632179,0.9723145440503799,0.9894151876481747,0.009159861947905053,5.173683166503906e-05,44,elitismo,100,10,1071503807,111111110111011101100110111111,1
0.9958367240304425,0.9629802715924295,0.9878371033993444,0.012434801395000122,4.5299530029296875e-05,45,elitismo,100,10,1071504351,111111110111011101101111011111,1
0.9958367240304425,0.9569673987225463,0.9854926253563961,0.013610251666314792,4.315376281738281e-05,46,elitismo,100,10,1071504351,111111110111011101101111011111,1
0.9958367240304425,0.9648660067749574,0.9854801253629046,0.011673123208008425,4.2438507080078125e-05,47,elitismo,100,10,1071504351,111111110111011101101111011111,1
0.9958367240304425,0.9648660067749574,0.9817865478026573,0.012911505574911579,4.100799560546875e-05,48,elitismo,100,10,1071504351,111111110111011101101111011111,1
0.9958386274054344,0.9723135448966708,0.9895273515421689,0.009130140248957294,4.315376281738281e-05,49,elitismo,100,10,1071505375,111111110111011101111111011111,1
0.9958386274054344,0.9723135448966708,0.9871994006206517,0.010174132017632022,4.601478576660156e-05,50,elitismo,100,10,1071505375,111111110111011101111111011111,1
0.9958386274054344,0.9723135448966708,0.9825190151925375,0.010494937784546254,4.267692565917969e-05,51,elitismo,100,10,1071505375,111111110111011101111111011111,1
0.9958386274054344,0.9723136036704042,0.985676988054851,0.011028249829572477,4.9114227294921875e-05,52,elitismo,100,10,1071505375,111111110111011101111111011111,1
0.9958386274054344,0.9723136036704042,0.9834021053095882,0.011101476194341486,4.172325134277344e-05,53,elitismo,100,10,1071505375,111111110111011101111111011111,1
0.9958386274054344,0.9723136036704042,0.9880575692445163,0.010439635804137076,4.291534423828125e-05,54,elitismo,100,10,1071505375,111111110111011101111111011111,1
0.9958386274054344,0.9725853924081377,0.9888628427733963,0.010655271711173626,4.839897155761719e-05,55,elitismo,100,10,1071505375,111111110111011101111111011111,1
0.9958386274054344,0.2498693329633453,0.9165914271664162,0.22242982077870102,4.410743713378906e-05,56,elitismo,100,10,1071505375,111111110111011101111111011111,1
0.9958386274054344,0.2498693329633453,0.9165914271664162,0.22242982077870102,4.935264587402344e-05,57,elitismo,100,10,1071505375,111111110111011101111111011111,1
0.9958500476935842,0.9725872734313877,0.9911894986394401,0.00930111321750171,5.4836273193359375e-05,58,elitismo,100,10,1071511519,111111110111011111011111011111,1
0.9960213598738658,0.968738750649906,0.9908229196081351,0.01011676359460052,4.6253204345703125e-05,59,elitismo,100,10,1071603679,111111110111110101111111011111,1
0.9960213598738658,0.968738750649906,0.990825203665765,0.010117896956781072,4.315376281738281e-05,60,elitismo,100,10,1071603679,111111110111110101111111011111,1
0.9960213598738658,0.968738750649906,0.9931514810919847,0.008137749565530419,4.315376281738281e-05,61,elitismo,100,10,1071603679,111111110111110101111111011111,1
0.9960213598738658,0.968738750649906,0.9931674702811979,0.008143215332393152,4.1961669921875e-05,62,elitismo,100,10,1071603679,111111110111110101111111011111,1
0.9960213598738658,0.9958386274054344,0.995914004450437,8.775447390636394e-05,4.2438507080078125e-05,63,elitismo,100,10,1071603679,111111110111110101111111011111,1
0.9960822744219665,0.9957777203079142,0.9959688249360245,9.703986271271087e-05,4.410743713378906e-05,64,elitismo,100,10,1071636447,111111110111111101111111011111,1
0.9960822744219665,0.9958500476935842,0.9959931888926196,7.380397452183501e-05,4.3392181396484375e-05,65,elitismo,100,10,1071636447,111111110111111101111111011111,1
0.9960822744219665,0.9958500476935842,0.9959931888926196,7.380397452183501e-05,4.792213439941406e-05,66,elitismo,100,10,1071636447,111111110111111101111111011111,1
0.9960822744219665,0.9958500476935842,0.9960163699252943,6.0431949311871514e-05,4.267692565917969e-05,67,elitismo,100,10,1071636447,111111110111111101111111011111,1
0.9960822744219665,0.9958500476935842,0.9960164115654578,6.043522970292091e-05,4.315376281738281e-05,68,elitismo,100,10,1071636447,111111110111111101111111011111,1
0.9960822744219665,0.9958500476935842,0.996028594475078,6.60808574756e-05,4.315376281738281e-05,69,elitismo,100,10,1071636447,111111110111111101111111011111,1
0.9960822744219665,0.9958500476935842,0.9959943320070075,9.711104626509784e-05,5.5789947509765625e-05,70,elitismo,100,10,1071636447,111111110111111101111111011111,1
0.9980153742691044,0.9688739208833123,0.9935311456585941,0.008240162264049129,4.649162292480469e-05,71,elitismo,100,10,1072675807,111111111011111011101111011111,1
0.9980153742691044,0.9688739208833123,0.9935536068886671,0.008246755882457105,4.3392181396484375e-05,72,elitismo,100,10,1072675807,111111111011111011101111011111,1
0.9980153742691044,0.9960784672081405,0.99627406152115,0.0005804403573478545,4.8160552978515625e-05,73,elitismo,100,10,1072675807,111111111011111011101111011111,1
0.9980153742691044,0.9960784672081405,0.9964685136700115,0.0007734311194658799,4.863739013671875e-05,74,elitismo,100,10,1072675807,111111111011111011101111011111,1
0.9980153742691044,0.9958500476935842,0.9968315302452183,0.000968897075668045,4.291534423828125e-05,75,elitismo,100,10,1072675807,111111111011111011101111011111,1
0.9980172797250201,0.9960784672081405,0.9974346830570072,0.0008874365942998019,4.4345855712890625e-05,76,elitismo,100,10,1072676831,111111111011111011111111011111,1
0.9980287124987132,0.9960651420170478,0.9976281860102064,0.0007815384599070843,4.506111145019531e-05,77,elitismo,100,10,1072682975,111111111011111101011111011111,1
0.9980287124987132,0.9960651420170478,0.9976297103787589,0.0007823034128386976,0.00011467933654785156,78,elitismo,100,10,1072682975,111111111011111101011111011111,1
0.9980306179673618,0.9960632384255962,0.9976323782124004,0.0007841129803350988,5.14984130859375e-05,79,elitismo,100,10,1072683999,111111111011111101101111011111,1
0.9980306179673618,0.9960651420170478,0.9978327365442764,0.0005891986550319885,4.482269287109375e-05,80,elitismo,100,10,1072683999,111111111011111101101111011111,1
0.9980325234378294,0.9980268070318835,0.9980292841396716,1.4882186827116e-06,5.078315734863281e-05,81,elitismo,100,10,1072685023,111111111011111101111111011111,1
0.9990045503997368,0.9980268070318835,0.9981270584766389,0.00029250116954053886,4.863739013671875e-05,82,elitismo,100,10,1073207263,111111111101111101011111011111,1
0.9990045503997368,0.9232835216281511,0.9907503137267317,0.022492214721085233,4.482269287109375e-05,83,elitismo,100,10,1073207263,111111111101111101011111011111,1
0.9990045503997368,0.9980268070318835,0.9984194287532162,0.0004777518504244626,4.1484832763671875e-05,84,elitismo,100,10,1073207263,111111111101111101011111011111,1
0.9990045503997368,0.9980268070318835,0.9987112273893809,0.00044805829934287025,4.267692565917969e-05,85,elitismo,100,10,1073207263,111111111101111101011111011111,1
0.9990045503997368,0.9980268070318835,0.9987112273893809,0.00044805829934287025,4.315376281738281e-05,86,elitismo,100,10,1073207263,111111111101111101011111011111,1
0.9990045503997368,0.9980268070318835,0.9989067760629515,0.0002933230103559836,4.935264587402344e-05,87,elitismo,100,10,1073207263,111111111101111101011111011111,1
0.9998587997186138,0.9980268070318835,0.9988944265649217,0.0005016686800735055,4.482269287109375e-05,88,elitismo,100,10,1073666015,111111111111101101011111011111,1
0.9998587997186138,0.9980268070318835,0.9989800421366246,0.000579803324451587,4.1484832763671875e-05,89,elitismo,100,10,1073666015,111111111111101101011111011111,1
0.9998587997186138,0.9990045503997368,0.9992608251953999,0.00039146621661183647,4.982948303222656e-05,90,elitismo,100,10,1073666015,111111111111101101011111011111,1
0.9998587997186138,0.9990045503997368,0.9994316750591754,0.00042712465943850475,4.4345855712890625e-05,91,elitismo,100,10,1073666015,111111111111101101011111011111,1
0.9998587997186138,0.9990045503997368,0.9993462501272876,0.00041849498887375024,4.267692565917969e-05,92,elitismo,100,10,1073666015,111111111111101101011111011111,1
0.9998587997186138,0.9990045503997368,0.9995170999910631,0.00041849498887375024,5.459785461425781e-05,93,elitismo,100,10,1073666015,111111111111101101011111011111,1
0.9998587997186138,0.9990045503997368,0.9994316750591754,0.00042712465943850475,4.315376281738281e-05,94,elitismo,100,10,1073666015,111111111111101101011111011111,1
0.9999808651379186,0.9988825445850767,0.9996025308834152,0.0004207993216499493,4.5299530029296875e-05,95,elitismo,100,10,1073731551,111111111111111101011111011111,1
0.9999808651379186,0.9988825445850767,0.9996147374253457,0.0004297317519788577,4.4345855712890625e-05,96,elitismo,100,10,1073731551,111111111111111101011111011111,1
0.9999808651379186,0.9988825445850767,0.9996513570511372,0.0004535121953611546,4.410743713378906e-05,97,elitismo,100,10,1073731551,111111111111111101011111011111,1
0.9999808651379186,0.9988825445850767,0.9996513570511372,0.0004535121953611546,4.3392181396484375e-05,98,elitismo,100,10,1073731551,111111111111111101011111011111,1
0.9999808651379186,0.9988825445850767,0.9996391505092067,0.000446060533760763,4.220008850097656e-05,99,elitismo,100,10,1073731551,111111111111111101011111011111,1
0.9999808651379186,0.9990045503997368,0.9998588205802396,0.0002887977944133554,5.1975250244140625e-05,100,elitismo,100,10,1073731551,111111111111111101011111011111,1
0.6063709206038943,0.0003245750244043055,0.3406657282622517,0.19467314799664567,5.745887756347656e-05,1,elitismo,100,10,836120849,110001110101100011000100010001,2
0.6063709206038943,0.16297225426862452,0.5037069579495984,0.13293015412577308,5.793571472167969e-05,2,elitismo,100,10,836120849,110001110101100011000100010001,2
0.6078927692426255,0.41876726060669023,0.5664853361780016,0.0669090388253779,5.0067901611328125e-05,3,elitismo,100,10,837169425,110001111001100011000100010001,2
0.6078927692426255,0.45175986469163903,0.5852951952085615,0.04594317897481874,4.458427429199219e-05,4,elitismo,100,10,837169425,110001111001100011000100010001,2
0.6078927692426255,0.5777128547952339,0.6010966197436951,0.01171040164475429,4.553794860839844e-05,5,elitismo,100,10,837169425,110001111001100011000100010001,2
0.6078963083991944,0.5776360756367644,0.6044191700298238,0.00895271854672322,4.6253204345703125e-05,6,elitismo,100,10,837171862,110001111001100011101010010110,2
0.6078963083991944,0.6063709206038943,0.607148739173546,0.0007428975011495399,4.9591064453125e-05,7,elitismo,100,10,837171862,110001111001100011101010010110,2
0.6136169180370002,0.6063709206038943,0.6078721100740262,0.002038322375920699,5.245208740234375e-05,8,elitismo,100,10,841101742,110010001000100011000110101110,2
0.6136169180370002,0.6063565773027302,0.6077299162880958,0.0020824520439093946,5.14984130859375e-05,9,elitismo,100,10,841101742,110010001000100011000110101110,2
0.6136169209551581,0.5925242142618823,0.6072143110911538,0.005488852553647269,4.792213439941406e-05,10,elitismo,100,10,841101744,110010001000100011000110110000,2
0.6136169209551581,0.5923878636868738,0.6072145021985588,0.0055272701361680394,4.458427429199219e-05,11,elitismo,100,10,841101744,110010001000100011000110110000,2
0.6136169209551581,0.5923878264128273,0.6073451839900769,0.005522800247112983,4.291534423828125e-05,12,elitismo,100,10,841101744,110010001000100011000110110000,2
0.6136169209551581,0.6078962503087285,0.6113287081675305,0.0028024744941108895,4.410743713378906e-05,13,elitismo,100,10,841101744,110010001000100011000110110000,2
0.6325052977043714,0.5893817761659689,0.6107942435776479,0.010000121957386806,4.315376281738281e-05,14,elitismo,100,10,853949038,110010111001100011101001101110,2
0.6325052977043714,0.6078964391027528,0.6145160640896753,0.00643995353890383,4.982948303222656e-05,15,elitismo,100,10,853949038,110010111001100011101001101110,2
0.6325052977043714,0.6078964391027528,0.6139440159044348,0.0067414286405862766,4.3392181396484375e-05,16,elitismo,100,10,853949038,110010111001100011101001101110,2
0.6325052977043714,0.6078964391027528,0.6139440157967506,0.006741409033321427,4.4345855712890625e-05,17,elitismo,100,10,853949038,110010111001100011101001101110,2
0.6325054902818936,0.6078964391027528,0.61648141172727,0.008353634640532615,4.5299530029296875e-05,18,elitismo,100,10,853949168,110010111001100011101011110000,2
0.6325054902818936,0.6078964391027528,0.6226434825161158,0.010011993104531719,5.054473876953125e-05,19,elitismo,100,10,853949168,110010111001100011101011110000,2
0.6325054902818936,0.6140027357904517,0.6251044261495343,0.009064376029544643,4.4345855712890625e-05,20,elitismo,100,10,853949168,110010111001100011101011110000,2
0.6325054902818936,0.6140029255303505,0.625104425865772,0.009064337067312347,4.38690185546875e-05,21,elitismo,100,10,853949168,110010111001100011101011110000,2
0.6325054902818936,0.6140029255303505,0.625104425865772,0.009064337067312347,4.363059997558594e-05,22,elitismo,100,10,853949168,110010111001100011101011110000,2
0.6325054902818936,0.6140029255303505,0.6269547208564307,0.008478940352476807,4.291534423828125e-05,23,elitismo,100,10,853949168,110010111001100011101011110000,2
0.6325054902818936,0.6140029255303505,0.6251044643812763,0.009064368514817284,4.1961669921875e-05,24,elitismo,100,10,853949168,110010111001100011101011110000,2
0.6325054902818936,0.6140029255303505,0.6269547208564307,0.008478940352476807,4.410743713378906e-05,25,elitismo,100,10,853949168,110010111001100011101011110000,2
0.6325054902818936,0.6140029255303505,0.6288049773315849,0.007401025900617242,4.124641418457031e-05,26,elitismo,100,10,853949168,110010111001100011101011110000,2
0.6325054902818936,0.6140029255303505,0.6269547208564307,0.008478940352476807,4.2438507080078125e-05,27,elitismo,100,10,853949168,110010111001100011101011110000,2
0.6325054902818936,0.6140029255303505,0.6306552338067393,0.005550769425462931,4.291534423828125e-05,28,elitismo,100,10,853949168,110010111001100011101011110000,2
0.6325054902818936,0.6325054902818936,0.6325054902818936,0.0,4.839897155761719e-05,29,elitismo,100,10,853949168,110010111001100011101011110000,2
0.6325054902818936,0.6325054902818936,0.6325054902818936,0.0,4.506111145019531e-05,30,elitismo,100,10,853949168,110010111001100011101011110000,2
0.6325054902818936,0.6325054902818936,0.6325054902818936,0.0,4.100799560546875e-05,31,elitismo,100,10,853949168,110010111001100011101011110000,2
0.6325054902818936,0.6325054902818936,0.6325054902818936,0.0,4.2438507080078125e-05,32,elitismo,100,10,853949168,110010111001100011101011110000,2
0.6325054902818936,0.6325054902818936,0.6325054902818936,0.0,4.887580871582031e-05,33,elitismo,100,10,853949168,110010111001100011101011110000,2
0.6333301566798843,0.6325054902818936,0.6325879569216927,0.0002473999193972176,5.125999450683594e-05,34,elitismo,100,10,854505680,110010111011101011100011010000,2
0.6340155347162091,0.6325054902818936,0.6327389613651242,0.0004914490201977528,4.5299530029296875e-05,35,elitismo,100,10,854967920,110010111101011100011001110000,2
0.6340157245572373,0.6325053006671022,0.6329724324709785,0.000611624153582868,4.267692565917969e-05,36,elitismo,100,10,854968048,110010111101011100011011110000,2
0.6340157245572373,0.6325053006671022,0.6331095270849699,0.0007398683916803106,4.839897155761719e-05,37,elitismo,100,10,854968048,110010111101011100011011110000,2
0.9232529686860238,0.6324855808839767,0.6621823219085495,0.08702647637223299,4.506111145019531e-05,38,elitismo,100,10,1031716144,111101011111101011110100110000,2
0.9232533123165612,0.6325052058597171,0.7204669086923794,0.13252743233301081,4.3392181396484375e-05,39,elitismo,100,10,1031716336,111101011111101011110111110000,2
0.9232533123165612,0.6340157245572373,0.720786932158927,0.13254520899251987,4.100799560546875e-05,40,elitismo,100,10,1031716336,111101011111101011110111110000,2
0.9232533123165612,0.6340157245572373,0.8075402200870769,0.1415047550721507,4.076957702636719e-05,41,elitismo,100,10,1031716336,111101011111101011110111110000,2
0.9232533123165612,0.6340157245572373,0.8362717252333665,0.13240822923412432,4.76837158203125e-05,42,elitismo,100,10,1031716336,111101011111101011110111110000,2
0.9232533123165612,0.6340157245572373,0.8935919858428939,0.08655335042406039,5.125999450683594e-05,43,elitismo,100,10,1031716336,111101011111101011110111110000,2
0.9232533123165612,0.6240407754763242,0.8636686746831284,0.11736691159057078,4.267692565917969e-05,44,elitismo,100,10,1031716336,111101011111101011110111110000,2
0.923370608609517,0.915761846775027,0.9225158953917033,0.002251621130866973,4.601478576660156e-05,45,elitismo,100,10,1031781872,111101011111111011110111110000,2
0.923370608609517,0.9232533123165612,0.9232767715751523,4.69185171823483e-05,4.982948303222656e-05,46,elitismo,100,10,1031781872,111101011111111011110111110000,2
0.9308341810699547,0.9121136483170833,0.9229208920505438,0.004248342848517935,4.4345855712890625e-05,47,elitismo,100,10,1035943408,111101101111110011110111110000,2
0.9308341810699547,0.9121149931754788,0.9236789781072356,0.0048704917659191885,4.76837158203125e-05,48,elitismo,100,10,1035943408,111101101111110011110111110000,2
0.9308341810699547,0.9224260353081493,0.9269610189924167,0.003880223635149153,6.818771362304688e-05,49,elitismo,100,10,1035943408,111101101111110011110111110000,2
0.9308341810699547,0.9224260353081493,0.9284771927430955,0.0036066898610029896,6.794929504394531e-05,50,elitismo,100,10,1035943408,111101101111110011110111110000,2
0.9308341810699547,0.9224260353081493,0.9277190820258981,0.0038103139123896613,6.723403930664062e-05,51,elitismo,100,10,1035943408,111101101111110011110111110000,2
0.9308341810699547,0.9224251193708286,0.9268900207757158,0.003955610468024121,6.723403930664062e-05,52,elitismo,100,10,1035943408,111101101111110011110111110000,2
0.9308939886982446,0.923194666964051,0.9293239882683695,0.003035502373865679,4.601478576660156e-05,53,elitismo,100,10,1035976688,111101101111111011111111110000,2
0.9308939886982446,0.9231955832833594,0.9293359494127673,0.0030413094823079404,4.458427429199219e-05,54,elitismo,100,10,1035976688,111101101111111011111111110000,2
0.9308939886982446,0.9233119595317165,0.9301058819645365,0.0022648139093936286,4.3392181396484375e-05,55,elitismo,100,10,1035976688,111101101111111011111111110000,2
0.9308939886982446,0.9308341810699547,0.9308581961286408,2.9039726541688788e-05,5.125999450683594e-05,56,elitismo,100,10,1035976688,111101101111111011111111110000,2
0.9308939886982446,0.9308341810699547,0.9308640848811892,2.9722069514329125e-05,4.9114227294921875e-05,57,elitismo,100,10,1035976688,111101101111111011111111110000,2
0.9374862887377786,0.9308341810699547,0.9315292956479716,0.0019858617789773377,4.57763671875e-05,58,elitismo,100,10,1039638448,111101111101111001111110110000,2
0.9374864041608364,0.9308341810699547,0.9328536441619537,0.0030327260008296743,4.3392181396484375e-05,59,elitismo,100,10,1039638512,111101111101111001111111110000,2
0.9374864041608364,0.9308349861598855,0.9335190277351373,0.003239349495085314,4.220008850097656e-05,60,elitismo,100,10,1039638512,111101111101111001111111110000,2
0.9374864041608364,0.9308349861598855,0.9341782807830479,0.0033081164973497836,4.315376281738281e-05,61,elitismo,100,10,1039638512,111101111101111001111111110000,2
0.9374864041608364,0.9308351011727611,0.9328654449894038,0.0030251508246993426,4.00543212890625e-05,62,elitismo,100,10,1039638512,111101111101111001111111110000,2
0.9374864041608364,0.9308351011727611,0.9335188782539999,0.0032394939281842304,4.792213439941406e-05,63,elitismo,100,10,1039638512,111101111101111001111111110000,2
0.9374864041608364,0.9308930685663344,0.934849138851615,0.0032299300508064174,4.649162292480469e-05,64,elitismo,100,10,1039638512,111101111101111001111111110000,2
0.9375002549793552,0.9308792666422507,0.9355084657582029,0.003024302741487212,4.863739013671875e-05,65,elitismo,100,10,1039646192,111101111101111011110111110000,2
0.9375002549793552,0.9308792666422507,0.9368270408639123,0.0019825957354271248,4.315376281738281e-05,66,elitismo,100,10,1039646192,111101111101111011110111110000,2
0.9375002549793552,0.9308792666422507,0.9361677237362114,0.002644234019013955,4.6253204345703125e-05,67,elitismo,100,10,1039646192,111101111101111011110111110000,2
0.9375002549793552,0.9374843409747502,0.9374917266273295,6.9883063625367585e-06,4.2438507080078125e-05,68,elitismo,100,10,1039646192,111101111101111011110111110000,2
0.9375002549793552,0.9374864041608364,0.9374919444882439,6.785487578185587e-06,4.8160552978515625e-05,69,elitismo,100,10,1039646192,111101111101111011110111110000,2
0.9375011783708944,0.9374854807765731,0.9374918997625405,7.020321265516984e-06,4.4345855712890625e-05,70,elitismo,100,10,1039646704,111101111101111011111111110000,2
0.9375011783708944,0.9374854807765731,0.937493237232397,7.214253841280059e-06,4.982948303222656e-05,71,elitismo,100,10,1039646704,111101111101111011111111110000,2
0.9375293420312902,0.9374854807765731,0.9374977156970227,1.2558244046313354e-05,4.410743713378906e-05,72,elitismo,100,10,1039662320,111101111101111111110011110000,2
0.9375293420312902,0.9374864041608364,0.937497808035449,1.2471035417736807e-05,4.76837158203125e-05,73,elitismo,100,10,1039662320,111101111101111111110011110000,2
0.9375293420312902,0.9374864041608364,0.9375105508857908,1.5617493575926332e-05,4.839897155761719e-05,74,elitismo,100,10,1039662320,111101111101111111110011110000,2
0.9375297748777323,0.9374864041608364,0.9375192279468617,1.5690978038503454e-05,4.792213439941406e-05,75,elitismo,100,10,1039662560,111101111101111111110111100000,2
0.9375297748777323,0.9375002549793552,0.9375235931537999,1.1488207973258997e-05,5.0067901611328125e-05,76,elitismo,100,10,1039662560,111101111101111111110111100000,2
0.9970410036046504,0.9375002549793552,0.943477590826571,0.017854473037459663,4.5299530029296875e-05,77,elitismo,100,10,1072152048,111111111001111011110111110000,2
0.9970410036046504,0.9375293420312902,0.9494318041998948,0.023804599703115638,4.363059997558594e-05,78,elitismo,100,10,1072152048,111111111001111011110111110000,2
0.9970714464728028,0.9375002549793552,0.9553830626542084,0.027278169611224756,4.363059997558594e-05,79,elitismo,100,10,1072168416,111111111001111111110111100000,2
0.9970714464728028,0.9375293131748643,0.9672882589466081,0.0297587392616571,4.2438507080078125e-05,80,elitismo,100,10,1072168416,111111111001111111110111100000,2
0.9970714762314545,0.9375002549793552,0.9672883527766298,0.029764836933445223,4.9114227294921875e-05,81,elitismo,100,10,1072168432,111111111001111111110111110000,2
0.9995026908861393,0.9375002549793552,0.9794368538194508,0.027450648026808144,4.3392181396484375e-05,82,elitismo,100,10,1073474800,111111111110111110110011110000,2
0.9995026908861393,0.9375002549793552,0.9915914522732752,0.01805615731760919,4.553794860839844e-05,83,elitismo,100,10,1073474800,111111111110111110110011110000,2
0.9995026908861393,0.9375002549793552,0.9861266705802281,0.02433766061656621,4.9114227294921875e-05,84,elitismo,100,10,1073474800,111111111110111110110011110000,2
0.9995107951183544,0.9970633818945418,0.9982870845483272,0.001217231495583049,4.506111145019531e-05,85,elitismo,100,10,1073479152,111111111110111111110111110000,2
0.9995107951183544,0.9970633818945418,0.9980431546386976,0.0011950217547026431,4.792213439941406e-05,86,elitismo,100,10,1073479152,111111111110111111110111110000,2
0.9995107951183544,0.9824683713164364,0.9970723277814886,0.004989118006234353,4.363059997558594e-05,87,elitismo,100,10,1073479152,111111111110111111110111110000,2
0.9995107951183544,0.9824981477870696,0.9975609743332692,0.00507310024528442,4.649162292480469e-05,88,elitismo,100,10,1073479152,111111111110111111110111110000,2
0.9995107951183544,0.9824981477870696,0.9958586205553532,0.006376233126062168,4.220008850097656e-05,89,elitismo,100,10,1073479152,111111111110111111110111110000,2
0.9995107951183544,0.9839430847463435,0.9978068187619309,0.004641782677273933,5.555152893066406e-05,90,elitismo,100,10,1073479152,111111111110111111110111110000,2
0.9995107951183544,0.9980468461583458,0.9990564840109238,0.0006617194363245918,5.340576171875e-05,91,elitismo,100,10,1073479152,111111111110111111110111110000,2
0.9995107951183544,0.9844350593632643,0.9979772049483424,0.0045142368757399584,4.863739013671875e-05,92,elitismo,100,10,1073479152,111111111110111111110111110000,2
0.9995107951183544,0.9844348653135804,0.9964826970598939,0.0060239449782136375,5.2928924560546875e-05,93,elitismo,100,10,1073479152,111111111110111111110111110000,2
0.9995107951183544,0.9844350593632643,0.996493892673131,0.0060294181935673565,5.53131103515625e-05,94,elitismo,100,10,1073479152,111111111110111111110111110000,2
0.9995107951183544,0.9765789500529687,0.9941962395300796,0.008362593525932483,4.291534423828125e-05,95,elitismo,100,10,1073479152,111111111110111111110111110000,2
0.9995107951183544,0.9765789500529687,0.9926901344950825,0.008624440111345834,5.435943603515625e-05,96,elitismo,100,10,1073479152,111111111110111111110111110000,2
0.9995107951183544,0.9843905873719907,0.996149757969149,0.005954742875516524,4.839897155761719e-05,97,elitismo,100,10,1073479152,111111111110111111110111110000,2
0.9995107951183544,0.9844350593632643,0.9964911668447842,0.0060280683146020815,5.1975250244140625e-05,98,elitismo,100,10,1073479152,111111111110111111110111110000,2
0.9995107951183544,0.003784898557572803,0.8969228218133335,0.29777200910027846,5.14984130859375e-05,99,elitismo,100,10,1073479152,111111111110111111110111110000,2
0.9995107988427334,0.9995084264147316,0.99951055862043,7.107361002034356e-07,4.506111145019531e-05,100,elitismo,100,10,1073479154,111111111110111111110111110010,2
0.9059799901707803,0.0019133005723659703,0.3128720364655757,0.2638288734931788,6.127357482910156e-05,1,elitismo,100,10,1022019478,111100111010101100011110010110,3
0.9068564860842508,0.25993353359948634,0.6558316377332949,0.21535786048369238,5.602836608886719e-05,2,elitismo,100,10,1022513738,111100111100100101001001001010,3
0.9068564860842508,0.4652017140864183,0.7536020215515139,0.1816519223572417,4.601478576660156e-05,3,elitismo,100,10,1022513738,111100111100100101001001001010,3
0.9068564860842508,0.4652017140864183,0.8180872842598255,0.17644319327975422,4.9114227294921875e-05,4,elitismo,100,10,1022513738,111100111100100101001001001010,3
0.9069097498897092,0.9059267536756289,0.9065033489852035,0.0004438596747785112,5.125999450683594e-05,5,elitismo,100,10,1022543766,111100111100101100011110010110,3
0.9069098421289067,0.9059267536756289,0.9066855445116853,0.0003695006832436247,5.435943603515625e-05,6,elitismo,100,10,1022543818,111100111100101100011111001010,3
0.906909863414876,0.9059799901707803,0.9067184900128223,0.0003695843063901667,4.6253204345703125e-05,7,elitismo,100,10,1022543830,111100111100101100011111010110,3
0.906909863414876,0.9068566279865432,0.9069044646616206,1.5945730356421992e-05,4.9591064453125e-05,8,elitismo,100,10,1022543830,111100111100101100011111010110,3
0.9080299077739022,0.9069096079832606,0.9070218039928731,0.00033603460253052474,4.57763671875e-05,9,elitismo,100,10,1023175062,111100111111000110100110010110,3
0.9080727123889386,0.9068670649305881,0.9072458269588669,0.0005229085237088794,4.9591064453125e-05,10,elitismo,100,10,1023199178,111100111111001100011111001010,3
0.9080727336885503,0.7211349220488621,0.8887889116636533,0.055887344676362874,4.9591064453125e-05,11,elitismo,100,10,1023199190,111100111111001100011111010110,3
0.9080727336885503,0.8211540634112309,0.8990001873097041,0.02595499607873795,4.863739013671875e-05,12,elitismo,100,10,1023199190,111100111111001100011111010110,3
0.9080727336885503,0.8211541511811714,0.8990858555493733,0.02598219112766916,4.3392181396484375e-05,13,elitismo,100,10,1023199190,111100111111001100011111010110,3
0.908088069473842,0.9066192409792205,0.9073462841434907,0.0006718992060194027,5.0067901611328125e-05,14,elitismo,100,10,1023207830,111100111111001110100110010110,3
0.908088069473842,0.9066192409792205,0.9074987395316227,0.000708742052610338,5.1975250244140625e-05,15,elitismo,100,10,1023207830,111100111111001110100110010110,3
0.940270463213289,0.9066345857688924,0.9110811602648587,0.009740669181060587,5.14984130859375e-05,16,elitismo,100,10,1041181078,111110000011110010100110010110,3
0.9402705571336768,0.8209449412190315,0.9058048517010405,0.03100518291166478,4.696846008300781e-05,17,elitismo,100,10,1041181130,111110000011110010100111001010,3
0.9402705571336768,0.8209449412190315,0.903530103564585,0.04372978770946793,4.267692565917969e-05,18,elitismo,100,10,1041181130,111110000011110010100111001010,3
0.9996202762360644,0.7672453803000616,0.9137519747023191,0.06457858571355451,4.76837158203125e-05,19,elitismo,100,10,1073537942,111111111111001110001110010110,3
0.9996202762360644,0.9402705571336768,0.9462135744663946,0.017802237963216554,4.100799560546875e-05,20,elitismo,100,10,1073537942,111111111111001110001110010110,3
0.9996202762360644,0.9402705571336768,0.9580862000943654,0.02719043767284046,4.2438507080078125e-05,21,elitismo,100,10,1073537942,111111111111001110001110010110,3
0.9996537456185209,0.940238097082065,0.9699535633321774,0.029673432285413585,4.315376281738281e-05,22,elitismo,100,10,1073555914,111111111111010010100111001010,3
0.9996537456185209,0.940238097082065,0.9877565008300737,0.023744389566779482,4.0531158447265625e-05,23,elitismo,100,10,1073555914,111111111111010010100111001010,3
0.9996537456185209,0.9402973752086073,0.9937014029380489,0.01780134954423469,4.9591064453125e-05,24,elitismo,100,10,1073555914,111111111111010010100111001010,3
0.9996612098216227,0.9686204459339852,0.9936599010254445,0.011974100974834843,5.030632019042969e-05,25,elitismo,100,10,1073559922,111111111111010011100101110010,3
0.9996612098216227,0.9686204459339852,0.9892026626623169,0.013877106421202465,4.3392181396484375e-05,26,elitismo,100,10,1073559922,111111111111010011100101110010,3
0.9999894090277238,0.9686204459339852,0.9900435777998305,0.011818728584913006,5.054473876953125e-05,27,elitismo,100,10,1073736138,111111111111111110100111001010,3
0.9999894090277238,0.9686204459339852,0.994225253925371,0.009631876049315799,5.078315734863281e-05,28,elitismo,100,10,1073736138,111111111111111110100111001010,3
0.9999894090277238,0.9883050533597569,0.9985298393812314,0.00343730576844009,4.267692565917969e-05,29,elitismo,100,10,1073736138,111111111111111110100111001010,3
0.9999894090277238,0.9984132576644767,0.999506347050473,0.0005655410791856455,4.172325134277344e-05,30,elitismo,100,10,1073736138,111111111111111110100111001010,3
0.9999894090277238,0.9996537456185209,0.9998887100049629,0.00015382029806991336,4.792213439941406e-05,31,elitismo,100,10,1073736138,111111111111111110100111001010,3
0.9999894090277238,0.9996537456185209,0.9999134074183628,0.00013245496964516812,4.100799560546875e-05,32,elitismo,100,10,1073736138,111111111111111110100111001010,3
0.9999894090277238,0.9996537456185209,0.9999381048317627,0.00010103479307543916,4.744529724121094e-05,33,elitismo,100,10,1073736138,111111111111111110100111001010,3
0.9999894090277238,0.9996537456185209,0.9999292359042423,0.00010002961511029109,4.3392181396484375e-05,34,elitismo,100,10,1073736138,111111111111111110100111001010,3
0.9999894090277238,0.9996537456185209,0.9999134074183628,0.00013245496964516812,4.315376281738281e-05,35,elitismo,100,10,1073736138,111111111111111110100111001010,3
0.9999894090277238,0.9996537456185209,0.9999222763458832,0.00013426536368115193,4.1484832763671875e-05,36,elitismo,100,10,1073736138,111111111111111110100111001010,3
0.9999894090277238,0.9996537456185209,0.9999558426868035,0.00010069902276086396,5.0067901611328125e-05,37,elitismo,100,10,1073736138,111111111111111110100111001010,3
0.9999894090277238,0.9995908150020804,0.9999159832842391,0.00014752414158152136,4.291534423828125e-05,38,elitismo,100,10,1073736138,111111111111111110100111001010,3
0.9999894090277238,0.9995908150020804,0.9998362644791104,0.000188353122727999,4.315376281738281e-05,39,elitismo,100,10,1073736138,111111111111111110100111001010,3
0.9999894090277238,0.9995927219613535,0.9998761232501217,0.0001663830940172518,4.315376281738281e-05,40,elitismo,100,10,1073736138,111111111111111110100111001010,3
0.9999894090277238,0.9995927219613535,0.9998427476720675,0.00017432859410529734,4.482269287109375e-05,41,elitismo,100,10,1073736138,111111111111111110100111001010,3
0.9999894090277238,0.9996537456185209,0.9998795540582321,0.00013728356897473772,4.220008850097656e-05,42,elitismo,100,10,1073736138,111111111111111110100111001010,3
0.9999894090277238,0.9996537456185209,0.9998948105546006,0.00011454371691029695,4.267692565917969e-05,43,elitismo,100,10,1073736138,111111111111111110100111001010,3
0.9999894090277238,0.9996537456185209,0.9999253268069666,0.00011535334798510298,4.1961669921875e-05,44,elitismo,100,10,1073736138,111111111111111110100111001010,3
0.9999894090277238,0.9999588918440353,0.9999863573093549,9.155155106554958e-06,4.315376281738281e-05,45,elitismo,100,10,1073736138,111111111111111110100111001010,3
0.9999894090277238,0.9999588918440353,0.9999863573093549,9.155155106554958e-06,4.1484832763671875e-05,46,elitismo,100,10,1073736138,111111111111111110100111001010,3
0.9999894090277238,0.9999588918440353,0.9999863573093549,9.155155106554958e-06,5.221366882324219e-05,47,elitismo,100,10,1073736138,111111111111111110100111001010,3
0.9999894090277238,0.9999881573372036,0.9999892838586717,3.7550715606959886e-07,0.0001227855682373047,48,elitismo,100,10,1073736138,111111111111111110100111001010,3
0.9999894090277238,0.9999894090277238,0.9999894090277237,0.0,4.887580871582031e-05,49,elitismo,100,10,1073736138,111111111111111110100111001010,3
0.9999894090277238,0.6498815923241636,0.9649786273573678,0.10503234501106805,5.125999450683594e-05,50,elitismo,100,10,1073736138,111111111111111110100111001010,3
0.9999894090277238,0.9999894090277238,0.9999894090277237,0.0,4.38690185546875e-05,51,elitismo,100,10,1073736138,111111111111111110100111001010,3
0.9999894090277238,0.9999894090277238,0.9999894090277237,0.0,4.1484832763671875e-05,52,elitismo,100,10,1073736138,111111111111111110100111001010,3
0.9999894090277238,0.9999894090277238,0.9999894090277237,0.0,4.172325134277344e-05,53,elitismo,100,10,1073736138,111111111111111110100111001010,3
0.9999894090277238,0.9999894090277238,0.9999894090277237,0.0,4.0531158447265625e-05,54,elitismo,100,10,1073736138,111111111111111110100111001010,3
0.9999894090277238,0.9999894090277238,0.9999894090277237,0.0,4.863739013671875e-05,55,elitismo,100,10,1073736138,111111111111111110100111001010,3
0.9999915547847239,0.9999894090277238,0.9999896236034239,6.437271000248046e-07,4.4345855712890625e-05,56,elitismo,100,10,1073737290,111111111111111110111001001010,3
0.9999915547847239,0.9999894090277238,0.9999898381791239,8.583028000330728e-07,4.839897155761719e-05,57,elitismo,100,10,1073737290,111111111111111110111001001010,3
0.9999915547847239,0.9999894090277238,0.9999902673305238,1.0512019524415465e-06,4.792213439941406e-05,58,elitismo,100,10,1073737290,111111111111111110111001001010,3
0.9999915547847239,0.9999894090277238,0.9999906964819238,1.0512019524415465e-06,4.267692565917969e-05,59,elitismo,100,10,1073737290,111111111111111110111001001010,3
0.9999915547847239,0.9999894090277238,0.9999902673305238,1.0512019524415465e-06,4.553794860839844e-05,60,elitismo,100,10,1073737290,111111111111111110111001001010,3
0.9999915547847239,0.743569338748785,0.9743491186054299,0.07692659328820847,4.744529724121094e-05,61,elitismo,100,10,1073737290,111111111111111110111001001010,3
0.9999923296419841,0.7435686705832113,0.9742674015352251,0.07689996286457383,4.506111145019531e-05,62,elitismo,100,10,1073737706,111111111111111110111111101010,3
0.9999991841615911,0.7435620917382083,0.9742677211641115,0.07690226352849501,5.745887756347656e-05,63,elitismo,100,10,1073741386,111111111111111111111001001010,3
0.9999991841615911,0.9999891408082606,0.999992994233903,3.2050387405049593e-06,4.792213439941406e-05,64,elitismo,100,10,1073741386,111111111111111111111001001010,3
0.9999991841615911,0.9999891408082606,0.9999938346573158,3.609327880329562e-06,4.482269287109375e-05,65,elitismo,100,10,1073741386,111111111111111111111001001010,3
0.9999999590218072,0.9999915547847239,0.9999955244449051,3.827259472608987e-06,6.0558319091796875e-05,66,elitismo,100,10,1073741802,111111111111111111111111101010,3
0.9999999590218072,0.9999915547847239,0.99999483899324,3.878367345501265e-06,6.866455078125e-05,67,elitismo,100,10,1073741802,111111111111111111111111101010,3
0.9999999590218072,0.9999915547847239,0.9999950714510092,4.000702359944805e-06,5.602836608886719e-05,68,elitismo,100,10,1073741802,111111111111111111111111101010,3
0.9999999590218072,0.9999915547847239,0.999997324501418,3.5331760835225758e-06,4.291534423828125e-05,69,elitismo,100,10,1073741802,111111111111111111111111101010,3
0.9999999590218072,0.9999923296419841,0.9999991960838248,2.288813946904611e-06,4.1961669921875e-05,70,elitismo,100,10,1073741802,111111111111111111111111101010,3
0.9999999590218072,0.9999923296419841,0.9999991960838248,2.288813946904611e-06,4.220008850097656e-05,71,elitismo,100,10,1073741802,111111111111111111111111101010,3
0.9999999590218072,0.9999923296419841,0.9999991960838248,2.288813946904611e-06,4.9114227294921875e-05,72,elitismo,100,10,1073741802,111111111111111111111111101010,3
0.9999999590218072,0.9980477877361413,0.9998039789552582,0.0005854014922401207,4.410743713378906e-05,73,elitismo,100,10,1073741802,111111111111111111111111101010,3
0.9999999590218072,0.9999999590218072,0.999999959021807,0.0,4.291534423828125e-05,74,elitismo,100,10,1073741802,111111111111111111111111101010,3
0.9999999590218072,0.9999999590218072,0.999999959021807,0.0,0.00016999244689941406,75,elitismo,100,10,1073741802,111111111111111111111111101010,3
0.9999999590218072,0.9999999590218072,0.999999959021807,0.0,4.5299530029296875e-05,76,elitismo,100,10,1073741802,111111111111111111111111101010,3
0.9999999590218072,0.9999999590218072,0.999999959021807,0.0,4.363059997558594e-05,77,elitismo,100,10,1073741802,111111111111111111111111101010,3
0.9999999590218072,0.9999999590218072,0.999999959021807,0.0,4.9591064453125e-05,78,elitismo,100,10,1073741802,111111111111111111111111101010,3
0.9999999590218072,0.9998397872697424,0.9999839418466007,4.805152561941917e-05,4.839897155761719e-05,79,elitismo,100,10,1073741802,111111111111111111111111101010,3
0.9999999590218072,0.9999999590218072,0.999999959021807,0.0,4.1961669921875e-05,80,elitismo,100,10,1073741802,111111111111111111111111101010,3
0.9999999590218072,0.9999999590218072,0.999999959021807,0.0,4.1961669921875e-05,81,elitismo,100,10,1073741802,111111111111111111111111101010,3
0.9999999590218072,0.9999999590218072,0.999999959021807,0.0,4.839897155761719e-05,82,elitismo,100,10,1073741802,111111111111111111111111101010,3
0.9999999590218072,0.9999999590218072,0.999999959021807,0.0,4.8160552978515625e-05,83,elitismo,100,10,1073741802,111111111111111111111111101010,3
0.9999999590218072,0.9999999590218072,0.999999959021807,0.0,4.0531158447265625e-05,84,elitismo,100,10,1073741802,111111111111111111111111101010,3
0.9999999590218072,0.9999999590218072,0.999999959021807,0.0,4.291534423828125e-05,85,elitismo,100,10,1073741802,111111111111111111111111101010,3
0.9999999590218072,0.9999999590218072,0.999999959021807,0.0,4.839897155761719e-05,86,elitismo,100,10,1073741802,111111111111111111111111101010,3
0.9999999590218072,0.9999999590218072,0.999999959021807,0.0,4.673004150390625e-05,87,elitismo,100,10,1073741802,111111111111111111111111101010,3
0.9999999590218072,0.9999990351500454,0.9999998666346309,2.7716152852796936e-07,4.1484832763671875e-05,88,elitismo,100,10,1073741802,111111111111111111111111101010,3
0.9999999590218072,0.9999999590218072,0.999999959021807,0.0,4.8160552978515625e-05,89,elitismo,100,10,1073741802,111111111111111111111111101010,3
0.9999999590218072,0.9999990351500454,0.9999998666346309,2.7716152852796936e-07,4.3392181396484375e-05,90,elitismo,100,10,1073741802,111111111111111111111111101010,3
0.9999999888241291,0.9999990053477377,0.9999997742474577,3.846230903188305e-07,4.38690185546875e-05,91,elitismo,100,10,1073741818,111111111111111111111111111010,3
0.9999999888241291,0.9999990053477377,0.9999997831881542,3.89134246577698e-07,4.124641418457031e-05,92,elitismo,100,10,1073741818,111111111111111111111111111010,3
0.9999999888241291,0.9999999590218072,0.9999999769032003,1.4600096382397035e-08,4.315376281738281e-05,93,elitismo,100,10,1073741818,111111111111111111111111111010,3
0.9999999888241291,0.9999999590218072,0.9999999798834326,1.365713961920184e-08,4.792213439941406e-05,94,elitismo,100,10,1073741818,111111111111111111111111111010,3
0.9999999888241291,0.9999999590218072,0.9999999798834326,1.365713961920184e-08,5.316734313964844e-05,95,elitismo,100,10,1073741818,111111111111111111111111111010,3
0.9999999888241291,0.9999999590218072,0.9999999828636646,1.192092877744244e-08,4.935264587402344e-05,96,elitismo,100,10,1073741818,111111111111111111111111111010,3
0.9999999888241291,0.9999999590218072,0.9999999798834326,1.365713961920184e-08,7.390975952148438e-05,97,elitismo,100,10,1073741818,111111111111111111111111111010,3
0.9999999888241291,0.9999999590218072,0.9999999798834326,1.365713961920184e-08,4.220008850097656e-05,98,elitismo,100,10,1073741818,111111111111111111111111111010,3
0.9999999888241291,0.9999999888241291,0.9999999888241291,0.0,4.38690185546875e-05,99,elitismo,100,10,1073741818,111111111111111111111111111010,3
0.9999999888241291,0.9999999888241291,0.9999999888241291,0.0,4.839897155761719e-05,100,elitismo,100,10,1073741818,111111111111111111111111111010,3
0.79251883661702,0.002777908438989677,0.43114540109502986,0.3211363570498359,5.412101745605469e-05,1,ruleta,200,10,955882843,111000111110011001110101011011,1
0.79251883661702,0.4299575663128942,0.7155080400474699,0.10078019242598443,4.673004150390625e-05,2,ruleta,200,10,955882843,111000111110011001110101011011,1
0.7925190986114421,0.4299575663128942,0.6880321542283165,0.13261972480991574,5.650520324707031e-05,3,ruleta,200,10,955883001,111000111110011001110111111001,1
0.7925191002696348,0.4299575650915364,0.7289061286651709,0.10293330167160135,4.6253204345703125e-05,4,ruleta,200,10,955883002,111000111110011001110111111010,1
0.7925190986114421,0.4299574478411921,0.7234346216724713,0.10083661399624112,4.267692565917969e-05,5,ruleta,200,10,955883001,111000111110011001110111111001,1
0.9681692978154934,0.4299574478411921,0.7312444997724139,0.13400266139984654,5.507469177246094e-05,6,ruleta,200,10,1056514649,111110111110010010001001011001,1
0.9681692978154934,0.4299574478411921,0.7367106786067947,0.13526770112400044,4.601478576660156e-05,7,ruleta,200,10,1056514649,111110111110010010001001011001,1
0.9681699429473899,0.4294744340194318,0.7574155084227434,0.12621699946145803,4.57763671875e-05,8,ruleta,200,10,1056515001,111110111110010010001110111001,1
0.793123698070274,0.4301446779232298,0.7509503903966132,0.10817844207153637,4.3392181396484375e-05,9,ruleta,200,10,956247545,111000111111110010110111111001,1
0.7931232734111142,0.43011285766103585,0.7563243242815372,0.10873859593956973,4.363059997558594e-05,10,ruleta,200,10,956247289,111000111111110010110011111001,1
0.7931232734111142,0.43011285766103585,0.7563247542292324,0.1087387411541366,5.435943603515625e-05,11,ruleta,200,10,956247289,111000111111110010110011111001,1
0.8330565257233024,0.7915981010199918,0.7965958079480268,0.012166859989914276,5.7697296142578125e-05,12,ruleta,200,10,980024889,111010011010011111111000111001,1
0.7931232734111142,0.4295140042162735,0.7563411162865425,0.10894362506442552,5.0067901611328125e-05,13,ruleta,200,10,956247289,111000111111110010110011111001,1
0.793123167246342,0.7915856917386404,0.7924622499071917,0.0005829203911827592,4.291534423828125e-05,14,ruleta,200,10,956247225,111000111111110010110010111001,1
0.793123167246342,0.791601919279976,0.7927017007840621,0.0005331004827721802,4.935264587402344e-05,15,ruleta,200,10,956247225,111000111111110010110010111001,1
0.7931205131293464,0.791601919279976,0.7924248932682356,0.0006313653137927421,4.863739013671875e-05,16,ruleta,200,10,956245625,111000111111110010011001111001,1
0.8686509097717741,0.791601919279976,0.8002204065613554,0.022815222732160214,4.482269287109375e-05,17,ruleta,200,10,1000742881,111011101001100001111111100001,1
0.7931205131293464,0.7916389356666276,0.7924683027107957,0.00046658684933882145,4.291534423828125e-05,18,ruleta,200,10,956245625,111000111111110010011001111001,1
0.7931095782141634,0.7916389356666276,0.7922586681431667,0.0005139878072536179,4.9114227294921875e-05,19,ruleta,200,10,956239033,111000111111110000110010111001,1
0.7931095782141634,0.7793067531120468,0.7910254498877085,0.003934483404908139,4.4345855712890625e-05,20,ruleta,200,10,956239033,111000111111110000110010111001,1
0.7931095782141634,0.7916389356666276,0.792235312568073,0.0005089687196563426,5.364418029785156e-05,21,ruleta,200,10,956239033,111000111111110000110010111001,1
0.881763320349294,0.7916389356666276,0.8011091011432654,0.026888019110600275,4.506111145019531e-05,22,ruleta,200,10,1008267769,111100000110001111000111111001,1
0.7923164140986343,0.7916399963208332,0.7920084968870151,0.0003016865752687147,4.482269287109375e-05,23,ruleta,200,10,955760761,111000111101111100000001111001,1
0.7922917965934684,0.7915856917386404,0.7920006046782794,0.0003062584314051315,4.38690185546875e-05,24,ruleta,200,10,955745913,111000111101111000011001111001,1
0.7922917965934684,0.7916389356666276,0.7921326602319392,0.0002473428488854397,4.4345855712890625e-05,25,ruleta,200,10,955745913,111000111101111000011001111001,1
0.7922917965934684,0.7916399963208332,0.7921924393572563,0.00018523236652255,4.8160552978515625e-05,26,ruleta,200,10,955745913,111000111101111000011001111001,1
0.7922921198947015,0.7922374696595338,0.7922570468470146,1.8606513105454722e-05,4.982948303222656e-05,27,ruleta,200,10,955746108,111000111101111000011100111100,1
0.7922922210299725,0.7922374696595338,0.7922553384831253,1.420473513749082e-05,4.3392181396484375e-05,28,ruleta,200,10,955746169,111000111101111000011101111001,1
0.7922922210299725,0.7922374696595338,0.7922548291705753,1.413610894359733e-05,5.030632019042969e-05,29,ruleta,200,10,955746169,111000111101111000011101111001,1
0.7922544466262995,0.5305472622936696,0.7660837079664645,0.07851214855760845,4.38690185546875e-05,30,ruleta,200,10,955723385,111000111101110010111001111001,1
0.7922544466262995,0.7922543454934394,0.7922544061731556,4.954478068799005e-08,4.1484832763671875e-05,31,ruleta,200,10,955723385,111000111101110010111001111001,1
0.7922544466262995,0.7922543454934394,0.7922544263997275,4.045314403455791e-08,4.267692565917969e-05,32,ruleta,200,10,955723385,111000111101110010111001111001,1
0.7922544466262995,0.7922543454934394,0.7922544365130135,3.0339858025918434e-08,4.935264587402344e-05,33,ruleta,200,10,955723385,111000111101110010111001111001,1
0.7922547649461636,0.7922543454934394,0.7922544582317139,1.0974351472772454e-07,5.0067901611328125e-05,34,ruleta,200,10,955723577,111000111101110010111100111001,1
0.8724159190686411,0.7922543454934394,0.8002706155892341,0.024048434493356727,4.506111145019531e-05,35,ruleta,200,10,1002909305,111011110001110010111001111001,1
0.8724159190686411,0.7922544466262995,0.816302888359002,0.036734601528614706,4.220008850097656e-05,36,ruleta,200,10,1002909305,111011110001110010111001111001,1
0.8724159190686411,0.7922544466262995,0.816302888359002,0.036734601528614706,5.078315734863281e-05,37,ruleta,200,10,1002909305,111011110001110010111001111001,1
0.8724159242879521,0.7922544466262995,0.8243190361251672,0.0392709415420149,4.291534423828125e-05,38,ruleta,200,10,1002909308,111011110001110010111001111100,1
0.8724159190686411,0.7922544466262995,0.8323351828474703,0.04008073622117081,4.100799560546875e-05,39,ruleta,200,10,1002909305,111011110001110010111001111001,1
0.8724159190686411,0.7922544466262995,0.8403513300917045,0.039270940902782436,5.078315734863281e-05,40,ruleta,200,10,1002909305,111011110001110010111001111001,1
0.8724159190686411,0.7922544466262995,0.8445785434364158,0.03600554426886517,4.4345855712890625e-05,41,ruleta,200,10,1002909305,111011110001110010111001111001,1
0.8742411541414701,0.7905169495905799,0.8563923983838837,0.0325101556400693,4.38690185546875e-05,42,ruleta,200,10,1003957881,111011110101110010111001111001,1
0.8742411541414701,0.7922544466262995,0.8565661480874557,0.032160383097468534,4.267692565917969e-05,43,ruleta,200,10,1003957881,111011110101110010111001111001,1
0.8724159190686411,0.7922544466262995,0.864399771824407,0.024048441732702486,5.173683166503906e-05,44,ruleta,200,10,1002909305,111011110001110010111001111001,1
0.8724159190686411,0.7595681595638386,0.8530903598344285,0.03932589987488926,4.410743713378906e-05,45,ruleta,200,10,1002909305,111011110001110010111001111001,1
0.8724159190686411,0.7595681595638386,0.8418055838839482,0.047502344185218946,4.458427429199219e-05,46,ruleta,200,10,1002909305,111011110001110010111001111001,1
0.8724159190686411,0.7595681595638386,0.8192360319829877,0.05396562144382437,4.410743713378906e-05,47,ruleta,200,10,1002909305,111011110001110010111001111001,1
0.9930761785734437,0.6545329000590361,0.8514088671676806,0.08387703066159619,4.38690185546875e-05,48,ruleta,200,10,1070018169,111111110001110010111001111001,1
0.9930761785734437,0.7595681595638386,0.873978419068641,0.07386651205758944,4.363059997558594e-05,49,ruleta,200,10,1070018169,111111110001110010111001111001,1
0.9930761785734437,0.8724159190686411,0.8844819450191214,0.03619807785144076,5.269050598144531e-05,50,ruleta,200,10,1070018169,111111110001110010111001111001,1
0.9930761785734437,0.8724128014030208,0.8844816332525592,0.03619818178556221,4.792213439941406e-05,51,ruleta,200,10,1070018169,111111110001110010111001111001,1
0.9930761785734437,0.8724159190686411,0.8848768204263067,0.03608566232734484,4.38690185546875e-05,52,ruleta,200,10,1070018169,111111110001110010111001111001,1
0.9930761785734437,0.8724159190686411,0.8977325971911576,0.04770244491857987,4.935264587402344e-05,53,ruleta,200,10,1070018169,111111110001110010111001111001,1
0.9972888620123623,0.7467822830837683,0.8976880801693892,0.07364168565724846,4.482269287109375e-05,54,ruleta,200,10,1072285305,111111111010011100011001111001,1
0.9972888620123623,0.7467822830837683,0.9089560983046695,0.09610663019925669,5.245208740234375e-05,55,ruleta,200,10,1072285305,111111111010011100011001111001,1
0.9933917254948821,0.7238069391858282,0.8808816945597691,0.10557885329802814,4.315376281738281e-05,56,ruleta,200,10,1070188153,111111110010011100011001111001,1
0.9933917254948821,0.7238069391858282,0.8786414868107209,0.1086812242526219,4.267692565917969e-05,57,ruleta,200,10,1070188153,111111110010011100011001111001,1
0.9939654459337468,0.7238069391858282,0.8637559266060361,0.11829294572139097,4.38690185546875e-05,58,ruleta,200,10,1070497145,111111110011100111110101111001,1
0.9934026564822112,0.7237976086217739,0.8928737001579133,0.11079551959792026,5.2928924560546875e-05,59,ruleta,200,10,1070194041,111111110010011101110101111001,1
0.9934026564822112,0.7237961887586031,0.8939921910150698,0.10926641266032835,4.315376281738281e-05,60,ruleta,200,10,1070194041,111111110010011101110101111001,1
0.9934026564822112,0.7580379384464309,0.9220351124122652,0.09418805802845949,4.291534423828125e-05,61,ruleta,200,10,1070194041,111111110010011101110101111001,1
0.9933919631244019,0.758037283272109,0.9334605178263594,0.07955225446383896,4.315376281738281e-05,62,ruleta,200,10,1070188281,111111110010011100011011111001,1
0.9933919631244019,0.758037283272109,0.9214800004332252,0.0787359636424708,4.2438507080078125e-05,63,ruleta,200,10,1070188281,111111110010011100011011111001,1
0.9933919631244019,0.8727118999763728,0.9691763625388212,0.0482323680606432,4.9591064453125e-05,64,ruleta,200,10,1070188281,111111110010011100011011111001,1
0.9933919631244019,0.8153153337392705,0.9513421749544415,0.06569405804493793,4.4345855712890625e-05,65,ruleta,200,10,1070188281,111111110010011100011011111001,1
0.9933919631244019,0.8727118721353264,0.9690924092423001,0.0480251996354887,4.3392181396484375e-05,66,ruleta,200,10,1070188281,111111110010011100011011111001,1
0.993391955698479,0.9924188338600877,0.9929674155989721,0.0003714264683961241,4.863739013671875e-05,67,ruleta,200,10,1070188277,111111110010011100011011110101,1
0.993391955698479,0.9924188338600877,0.9930212433675967,0.0003240009532029714,5.459785461425781e-05,68,ruleta,200,10,1070188277,111111110010011100011011110101,1
0.9933919259947877,0.9924159837047626,0.9930099310398983,0.0003219401750111747,4.3392181396484375e-05,69,ruleta,200,10,1070188261,111111110010011100011011100101,1
0.9933919259947877,0.9924159837047626,0.9930189118642387,0.00034055890975683023,4.315376281738281e-05,70,ruleta,200,10,1070188261,111111110010011100011011100101,1
0.9933919259947877,0.9924159837047626,0.9931017285136452,0.0002957797987391156,5.030632019042969e-05,71,ruleta,200,10,1070188261,111111110010011100011011100101,1
0.9933919259947877,0.9924188338600877,0.9931160307002816,0.00028848519929939036,4.291534423828125e-05,72,ruleta,200,10,1070188261,111111110010011100011011100101,1
0.9934004806762708,0.9924188338600877,0.9930027052708802,0.00032031001393938835,4.363059997558594e-05,73,ruleta,200,10,1070192869,111111110010011101100011100101,1
0.9931267491387381,0.9930051027848059,0.9930633596315419,4.788371474270377e-05,5.269050598144531e-05,74,ruleta,200,10,1070045413,111111110001111001100011100101,1
0.9939318342187392,0.993035513674797,0.9931939193280821,0.00027673962417998024,4.887580871582031e-05,75,ruleta,200,10,1070479045,111111110011100011011011000101,1
0.9939318342187392,0.9929965498058968,0.9933198194153207,0.00032848756190694765,5.173683166503906e-05,76,ruleta,200,10,1070479045,111111110011100011011011000101,1
0.999444332818298,0.9929964904103387,0.9938914686440139,0.0018703652169203043,4.458427429199219e-05,77,ruleta,200,10,1073443461,111111111110110111001010000101,1
0.993475203894813,0.9929964904103387,0.9931610589773584,0.00016575490175431252,4.363059997558594e-05,78,ruleta,200,10,1070233118,111111110010100111011000011110,1
0.9934755733499918,0.9929961804397988,0.9930967984300738,0.00013760906846933127,4.410743713378906e-05,79,ruleta,200,10,1070233317,111111110010100111011011100101,1
0.9931187766344401,0.9929961804397988,0.9930444253386363,5.082431869972366e-05,4.9591064453125e-05,80,ruleta,200,10,1070041118,111111110001111000100000011110,1
0.9931187766344401,0.9929961804397988,0.9930690726568953,5.1321345113061364e-05,4.4345855712890625e-05,81,ruleta,200,10,1070041118,111111110001111000100000011110,1
0.9931187766344401,0.9929961804397988,0.9930407520705218,5.315970579148595e-05,4.291534423828125e-05,82,ruleta,200,10,1070041118,111111110001111000100000011110,1
0.9931187766344401,0.9929961804397988,0.9930329592865496,5.5767555480709156e-05,4.410743713378906e-05,83,ruleta,200,10,1070041118,111111110001111000100000011110,1
0.9931187766344401,0.9929961804397988,0.9930451238731143,5.975061948996828e-05,4.2438507080078125e-05,84,ruleta,200,10,1070041118,111111110001111000100000011110,1
0.9931187766344401,0.9929961804397988,0.9930328642594709,5.6035997440281216e-05,4.3392181396484375e-05,85,ruleta,200,10,1070041118,111111110001111000100000011110,1
0.9931216277987741,0.9929961804397988,0.9930694530351479,5.965258886042686e-05,4.887580871582031e-05,86,ruleta,200,10,1070042654,111111110001111000111000011110,1
0.9931216277987741,0.9756775411537671,0.991313164923799,0.0052121971722799585,4.363059997558594e-05,87,ruleta,200,10,1070042654,111111110001111000111000011110,1
0.9931178262472383,0.9756775411537671,0.9913248543164899,0.005216090041933548,4.172325134277344e-05,88,ruleta,200,10,1070040606,111111110001111000011000011110,1
0.9931178262472383,0.9756775411537671,0.9895811109055682,0.006951997734557546,4.8160552978515625e-05,89,ruleta,200,10,1070040606,111111110001111000011000011110,1
0.9931178262472383,0.8570171189062091,0.9777150686808124,0.04056497980669904,4.458427429199219e-05,90,ruleta,200,10,1070040606,111111110001111000011000011110,1
0.9950651724452325,0.856904115772262,0.948765954109275,0.06051271473539123,4.863739013671875e-05,91,ruleta,200,10,1071089182,111111110101111000011000011110,1
0.9931178262472383,0.856904115772262,0.9466232550227061,0.0592266074045562,4.458427429199219e-05,92,ruleta,200,10,1070040606,111111110001111000011000011110,1
0.9931178262472383,0.856904115772262,0.931462805382351,0.06120833218462104,4.76837158203125e-05,93,ruleta,200,10,1070040606,111111110001111000011000011110,1
0.998966368793514,0.856904115772262,0.9587011193918199,0.05179258591029118,4.9114227294921875e-05,94,ruleta,200,10,1073186754,111111111101111000011111000010,1
0.998966368793514,0.2744702423643588,0.911932196675787,0.21279789478903408,4.887580871582031e-05,95,ruleta,200,10,1073186754,111111111101111000011111000010,1
0.9989635986122372,0.9698984450646674,0.9785679475548055,0.0110145663325761,4.410743713378906e-05,96,ruleta,200,10,1073185266,111111111101111000000111110010,1
0.9931178262472383,0.9698984450646674,0.9779833703183055,0.01002749119870393,4.100799560546875e-05,97,ruleta,200,10,1070040606,111111110001111000011000011110,1
0.9931178262472383,0.9698984450646674,0.9783564072845945,0.009786267775074775,4.172325134277344e-05,98,ruleta,200,10,1070040606,111111110001111000011000011110,1
0.9931178262472383,0.9698984450646674,0.9779833703183055,0.01002749119870393,4.76837158203125e-05,99,ruleta,200,10,1070040606,111111110001111000011000011110,1
0.9931178262472383,0.7785221614641696,0.9572699016144345,0.060148870377327794,4.267692565917969e-05,100,ruleta,200,10,1070040606,111111110001111000011000011110,1
0.9931178262472383,0.7766148905236275,0.9377940700053639,0.08051822902428829,4.1484832763671875e-05,101,ruleta,200,10,1070040606,111111110001111000011000011110,1
0.9931178262472383,0.7766148905236275,0.941660642899809,0.08303164999405674,4.744529724121094e-05,102,ruleta,200,10,1070040606,111111110001111000011000011110,1
0.9931178262472383,0.7697453246098246,0.942905934492354,0.07707854651666272,4.3392181396484375e-05,103,ruleta,200,10,1070040606,111111110001111000011000011110,1
0.9931178262472383,0.7697453246098246,0.9205686843286127,0.09049025285837319,4.887580871582031e-05,104,ruleta,200,10,1070040606,111111110001111000011000011110,1
0.9931178262472383,0.7697453246098246,0.9171833389185974,0.09728602933393929,0.00010967254638671875,105,ruleta,200,10,1070040606,111111110001111000011000011110,1
0.9931178262472383,0.9698984450646674,0.9837679686433727,0.008704811707463227,4.9114227294921875e-05,106,ruleta,200,10,1070040606,111111110001111000011000011110,1
0.9931178262472383,0.9698984450646674,0.978069962431606,0.00897211186511992,0.00012135505676269531,107,ruleta,200,10,1070040606,111111110001111000011000011110,1
0.9931178262472383,0.9698984450646674,0.9757491568984962,0.0076911410884700025,5.269050598144531e-05,108,ruleta,200,10,1070040606,111111110001111000011000011110,1
0.9931178262472383,0.9698984450646674,0.9745135339060574,0.007675130124711659,5.2928924560546875e-05,109,ruleta,200,10,1070040606,111111110001111000011000011110,1
0.9931178262472383,0.015617736062689572,0.8791092728413128,0.28793439880142613,4.315376281738281e-05,110,ruleta,200,10,1070040606,111111110001111000011000011110,1
0.9931178262472383,0.9698984450646674,0.9776241059590826,0.007732578891232629,4.267692565917969e-05,111,ruleta,200,10,1070040606,111111110001111000011000011110,1
0.9931178262472383,0.9698984450646674,0.9760803249273444,0.007575989083916789,4.2438507080078125e-05,112,ruleta,200,10,1070040606,111111110001111000011000011110,1
0.9931178262472383,0.9698984450646674,0.9753086019324829,0.0069595132514027646,4.839897155761719e-05,113,ruleta,200,10,1070040606,111111110001111000011000011110,1
0.993117815109891,0.9698984450646674,0.9758991925723979,0.00736814941137537,4.506111145019531e-05,114,ruleta,200,10,1070040600,111111110001111000011000011000,1
0.9931178262472383,0.9695208089031578,0.9780330479908264,0.007051486476397682,4.267692565917969e-05,115,ruleta,200,10,1070040606,111111110001111000011000011110,1
0.9839054562640465,0.969520673184237,0.9774317796951613,0.0032365500132841654,4.267692565917969e-05,116,ruleta,200,10,1065066082,111111011110111001111001100010,1
0.9776190254334344,0.969520673184237,0.9768024032554241,0.0024272474563487123,4.76837158203125e-05,117,ruleta,200,10,1061658136,111111010001111001111000011000,1
0.9784527747621848,0.969520673184237,0.9760774505602354,0.0032878220335380796,4.2438507080078125e-05,118,ruleta,200,10,1062110750,111111010011101000011000011110,1
0.9784529995433489,0.9695204494314423,0.9754366283573083,0.003888585957753473,4.100799560546875e-05,119,ruleta,200,10,1062110872,111111010011101000011010011000,1
0.9784529995433489,0.969520673184237,0.9773068445307874,0.0026226046275891913,5.340576171875e-05,120,ruleta,200,10,1062110872,111111010011101000011010011000,1
0.9784527747621848,0.924285949458726,0.9727712752413058,0.016165996574134922,4.220008850097656e-05,121,ruleta,200,10,1062110750,111111010011101000011000011110,1
0.9785735264999528,0.924285949458726,0.9729395150923296,0.01622050081368998,4.1961669921875e-05,122,ruleta,200,10,1062176286,111111010011111000011000011110,1
0.9785735264999528,0.9783320304749975,0.9784406944456376,6.502307909572126e-05,4.3392181396484375e-05,123,ruleta,200,10,1062176286,111111010011111000011000011110,1
0.9785735264999528,0.9783320304749975,0.978428620016919,7.244585176791141e-05,4.172325134277344e-05,124,ruleta,200,10,1062176286,111111010011111000011000011110,1
0.9785735154444599,0.9784527637073741,0.9784769162657534,4.8299589543018075e-05,4.887580871582031e-05,125,ruleta,200,10,1062176280,111111010011111000011000011000,1
0.9785735154444599,0.5579794464071836,0.9364416574984809,0.12615408192184016,4.935264587402344e-05,126,ruleta,200,10,1062176280,111111010011111000011000011000,1
0.9785735154444599,0.9784527637073741,0.9785007990705618,5.8835552019824784e-05,4.410743713378906e-05,127,ruleta,200,10,1062176280,111111010011111000011000011000,1
0.9785735154444599,0.9784527637073741,0.9784766487231445,4.77737157634124e-05,4.696846008300781e-05,128,ruleta,200,10,1062176280,111111010011111000011000011000,1
0.9785735154444599,0.9784527637073741,0.9784766487231445,4.77737157634124e-05,4.315376281738281e-05,129,ruleta,200,10,1062176280,111111010011111000011000011000,1
0.9785735154444599,0.9784527637073741,0.9784648388810826,3.62255211257434e-05,4.220008850097656e-05,130,ruleta,200,10,1062176280,111111010011111000011000011000,1
0.9784527637073741,0.9784527637073741,0.978452763707374,0.0,4.100799560546875e-05,131,ruleta,200,10,1062110744,111111010011101000011000011000,1
0.9784527637073741,0.9784527637073741,0.978452763707374,0.0,4.3392181396484375e-05,132,ruleta,200,10,1062110744,111111010011101000011000011000,1
0.9784527637073741,0.9784527637073741,0.978452763707374,0.0,5.0067901611328125e-05,133,ruleta,200,10,1062110744,111111010011101000011000011000,1
0.9784527637073741,0.14490264060286911,0.8950977513969237,0.2500650369313515,5.030632019042969e-05,134,ruleta,200,10,1062110744,111111010011101000011000011000,1
0.9784527637073741,0.9784527637073741,0.978452763707374,0.0,4.1484832763671875e-05,135,ruleta,200,10,1062110744,111111010011101000011000011000,1
0.9784527637073741,0.9784527637073741,0.978452763707374,0.0,4.792213439941406e-05,136,ruleta,200,10,1062110744,111111010011101000011000011000,1
0.9784612538203707,0.9784527637073741,0.9784536127186737,2.5470338989919127e-06,4.9591064453125e-05,137,ruleta,200,10,1062115352,111111010011101001100000011000,1
0.9784612538203707,0.9719260056512888,0.9778017859243648,0.0019585962868083773,4.076957702636719e-05,138,ruleta,200,10,1062115352,111111010011101001100000011000,1
0.9784612538203707,0.9719260019786626,0.9778026349368956,0.0019588813319699598,4.792213439941406e-05,139,ruleta,200,10,1062115352,111111010011101001100000011000,1
0.9785562615814625,0.9719131515022484,0.977813838420122,0.0019671156307004447,4.887580871582031e-05,140,ruleta,200,10,1062166916,111111010011110110000110000100,1
0.9796304146449432,0.9707401534119088,0.9771450896672009,0.00293988149995802,5.53131103515625e-05,141,ruleta,200,10,1062749722,111111010110000100011000011010,1
0.9784612575053236,0.9719216095227527,0.9771441811893581,0.0026113187019459827,4.839897155761719e-05,142,ruleta,200,10,1062115354,111111010011101001100000011010,1
0.9784612575053236,0.9719216572667855,0.9777900421423901,0.00195623355902165,5.125999450683594e-05,143,ruleta,200,10,1062115354,111111010011101001100000011010,1
0.9784612575053236,0.9002596549387581,0.9699411086375855,0.023307646071790405,4.267692565917969e-05,144,ruleta,200,10,1062115354,111111010011101001100000011010,1
0.9914088085340828,0.8878769151584156,0.9622136507288092,0.03448416632749153,4.6253204345703125e-05,145,ruleta,200,10,1069119514,111111101110010111100000011010,1
0.9914088085340828,0.9784612538203707,0.9850992333502445,0.006323540289749813,4.839897155761719e-05,146,ruleta,200,10,1069119514,111111101110010111100000011010,1
0.9914088085340828,0.9694365182782841,0.9841997888338657,0.007700849755167785,4.2438507080078125e-05,147,ruleta,200,10,1069119514,111111101110010111100000011010,1
0.9914088085340828,0.9694365182782841,0.985330332924914,0.00784499119441719,4.291534423828125e-05,148,ruleta,200,10,1069119514,111111101110010111100000011010,1
0.9914088085340828,0.9784763511305178,0.9849425798323003,0.006466228701782484,5.054473876953125e-05,149,ruleta,200,10,1069119514,111111101110010111100000011010,1
0.9914391949710867,0.9784461639965448,0.9883105169440644,0.005152488707060263,4.172325134277344e-05,150,ruleta,200,10,1069135898,111111101110011011100000011010,1
0.9914391949710867,0.9784763511305178,0.9896067813978181,0.004012135779441179,4.363059997558594e-05,151,ruleta,200,10,1069135898,111111101110011011100000011010,1
0.9914088085340828,0.9862906081379977,0.9908969884944743,0.0015354601188255046,4.649162292480469e-05,152,ruleta,200,10,1069119514,111111101110010111100000011010,1
0.9914088085340828,0.9862906081379977,0.9908969884944743,0.0015354601188255046,4.8160552978515625e-05,153,ruleta,200,10,1069119514,111111101110010111100000011010,1
0.9914088085340828,0.9676634651159445,0.9885224529266615,0.007118134531608082,4.220008850097656e-05,154,ruleta,200,10,1069119514,111111101110010111100000011010,1
0.9914088085340828,0.9862953437167269,0.9903856407867397,0.0020451490172262886,4.76837158203125e-05,155,ruleta,200,10,1069119514,111111101110010111100000011010,1
0.9914088085340828,0.9862953437167269,0.9901227372529565,0.0020656016272467595,4.291534423828125e-05,156,ruleta,200,10,1069119514,111111101110010111100000011010,1
0.9914088085340828,0.988779773196249,0.9911444806486841,0.0007882386772737489,4.2438507080078125e-05,157,ruleta,200,10,1069119514,111111101110010111100000011010,1
0.9914088085340828,0.988779773196249,0.9908811023310289,0.00105066671288436,5.14984130859375e-05,158,ruleta,200,10,1069119514,111111101110010111100000011010,1
0.9914088085340828,0.1710432600286597,0.905954508242058,0.2451820515121654,4.863739013671875e-05,159,ruleta,200,10,1069119514,111111101110010111100000011010,1
0.9914088085340828,0.9784763511305178,0.9897806475055108,0.0038977485652868524,4.363059997558594e-05,160,ruleta,200,10,1069119514,111111101110010111100000011010,1
0.9914088085340828,0.9880644034906455,0.9910738932458673,0.0010031642504463709,4.0531158447265625e-05,161,ruleta,200,10,1069119514,111111101110010111100000011010,1
0.991464833889515,0.9880037346046239,0.9907394631723363,0.0013528665960539615,4.100799560546875e-05,162,ruleta,200,10,1069149722,111111101110011110111000011010,1
0.991464833889515,0.9880008907962937,0.9910739041667158,0.001024472591644856,4.744529724121094e-05,163,ruleta,200,10,1069149722,111111101110011110111000011010,1
0.9914769709468338,0.9880008907962937,0.9907452353791293,0.0013565949190781719,4.1961669921875e-05,164,ruleta,200,10,1069156266,111111101110100000011110101010,1
0.9914088085340828,0.9880008907962937,0.9903849139054477,0.00156071212053565,4.220008850097656e-05,165,ruleta,200,10,1069119514,111111101110010111100000011010,1
0.9914088085340828,0.9880008907962937,0.9907234254144276,0.0013593756760772423,5.0067901611328125e-05,166,ruleta,200,10,1069119514,111111101110010111100000011010,1
0.9914088085340828,0.7680426720828901,0.9668714030285234,0.06659849800198638,4.673004150390625e-05,167,ruleta,200,10,1069119514,111111101110010111100000011010,1
0.9982193781657506,0.7680426720828901,0.9675539792989885,0.06688071247795313,4.38690185546875e-05,168,ruleta,200,10,1072785434,111111111100010110100000011010,1
0.9982193781657506,0.785563387644992,0.9680191816318231,0.061535751041347994,4.673004150390625e-05,169,ruleta,200,10,1072785434,111111111100010110100000011010,1
0.9982270007792741,0.21958176977548108,0.8906113252419706,0.23185110051712754,4.267692565917969e-05,170,ruleta,200,10,1072789530,111111111100010111100000011010,1
0.9982270007792741,0.9914012119975913,0.9948250773863376,0.003396991890952392,4.863739013671875e-05,171,ruleta,200,10,1072789530,111111111100010111100000011010,1
0.9982270007792741,0.8058468411874832,0.9783029374355628,0.05752124060513651,4.172325134277344e-05,172,ruleta,200,10,1072789530,111111111100010111100000011010,1
0.9982305738893819,0.8058436308020523,0.97898652588188,0.05771429863751508,4.9114227294921875e-05,173,ruleta,200,10,1072791450,111111111100010111111110011010,1
0.9982305738893819,0.8058402599042325,0.9597503470050585,0.07695420083690788,4.76837158203125e-05,174,ruleta,200,10,1072791450,111111111100010111111110011010,1
0.9982305738893819,0.8058436308020523,0.9684611380476239,0.06263715943620453,4.220008850097656e-05,175,ruleta,200,10,1072791450,111111111100010111111110011010,1
0.9982270007792741,0.8058710262966079,0.9684604712581215,0.06262842905494007,4.220008850097656e-05,176,ruleta,200,10,1072789530,111111111100010111100000011010,1
0.9982270007792741,0.877240595326316,0.9679771698540304,0.0473097064991598,4.482269287109375e-05,177,ruleta,200,10,1072789530,111111111100010111100000011010,1
0.9992977906125479,0.8919397273464474,0.9770347084661732,0.03554128613644571,4.076957702636719e-05,178,ruleta,200,10,1073364762,111111111110100011111100011010,1
0.9994469938003695,0.936758994085516,0.9921872882027246,0.018479840865706438,4.482269287109375e-05,179,ruleta,200,10,1073444890,111111111110110111100000011010,1
0.9982270007792741,0.936758994085516,0.9859184882312393,0.024579786648326895,4.267692565917969e-05,180,ruleta,200,10,1072789530,111111111100010111100000011010,1
0.9982270007792741,0.936758994085516,0.9920802001098983,0.01844040200812742,4.839897155761719e-05,181,ruleta,200,10,1072789530,111111111100010111100000011010,1
0.9982288766612833,0.9982270007792741,0.998227188367475,5.627646027850375e-07,4.7206878662109375e-05,182,ruleta,200,10,1072790538,111111111100010111110000001010,1
0.9982270007792741,0.9982270007792741,0.9982270007792741,0.0,4.792213439941406e-05,183,ruleta,200,10,1072789530,111111111100010111100000011010,1
0.9990382310209404,0.9982270007792741,0.9983081238034407,0.00024336907249988826,5.125999450683594e-05,184,ruleta,200,10,1073225354,111111111110000001111010001010,1
0.9986844108506935,0.9982270007792741,0.998272741786416,0.0001372230214258252,4.2438507080078125e-05,185,ruleta,200,10,1073035290,111111111101010011100000011010,1
0.9986844108506935,0.9982270007792741,0.998318482793558,0.00018296402856776695,3.981590270996094e-05,186,ruleta,200,10,1073035290,111111111101010011100000011010,1
0.9986844108506935,0.9982270007792741,0.9984099648078418,0.00022408425563751676,4.220008850097656e-05,187,ruleta,200,10,1073035290,111111111101010011100000011010,1
0.9986844108506935,0.9982270007792741,0.998272741786416,0.0001372230214258252,4.1484832763671875e-05,188,ruleta,200,10,1073035290,111111111101010011100000011010,1
0.9986844108506935,0.9982270007792741,0.998272741786416,0.0001372230214258252,4.863739013671875e-05,189,ruleta,200,10,1073035290,111111111101010011100000011010,1
0.9986844108506935,0.2280426685073961,0.9212543085592282,0.23107058692638335,4.2438507080078125e-05,190,ruleta,200,10,1073035290,111111111101010011100000011010,1
0.9982270007792741,0.9982270007792741,0.9982270007792741,0.0,4.1484832763671875e-05,191,ruleta,200,10,1072789530,111111111100010111100000011010,1
0.9982270007792741,0.9982270007792741,0.9982270007792741,0.0,4.1484832763671875e-05,192,ruleta,200,10,1072789530,111111111100010111100000011010,1
0.9982270007792741,0.9982270007792741,0.9982270007792741,0.0,4.8160552978515625e-05,193,ruleta,200,10,1072789530,111111111100010111100000011010,1
0.9982270007792741,0.672909508142674,0.9656952515156141,0.09759524779098001,4.673004150390625e-05,194,ruleta,200,10,1072789530,111111111100010111100000011010,1
0.9982270007792741,0.672909508142674,0.9656802450306194,0.09759025588510242,4.57763671875e-05,195,ruleta,200,10,1072789530,111111111100010111100000011010,1
0.9982270007792741,0.9982270007792741,0.9982270007792741,0.0,4.124641418457031e-05,196,ruleta,200,10,1072789530,111111111100010111100000011010,1
0.9982270007792741,0.9982270007792741,0.9982270007792741,0.0,4.9114227294921875e-05,197,ruleta,200,10,1072789530,111111111100010111100000011010,1
0.9982270007792741,0.9982270007792741,0.9982270007792741,0.0,4.220008850097656e-05,198,ruleta,200,10,1072789530,111111111100010111100000011010,1
0.9982270007792741,0.9982270007792741,0.9982270007792741,0.0,5.0067901611328125e-05,199,ruleta,200,10,1072789530,111111111100010111100000011010,1
0.9982270007792741,0.9982270007792741,0.9982270007792741,0.0,4.267692565917969e-05,200,ruleta,200,10,1072789530,111111111100010111100000011010,1
0.9397947949605449,0.01501608786575626,0.3658747835886502,0.32178660081218163,5.53131103515625e-05,1,ruleta,200,10,1040917686,111110000010110010010010110110,2
0.9397947967662492,0.08178932324647904,0.45362503937313736,0.3340101031702536,4.863739013671875e-05,2,ruleta,200,10,1040917687,111110000010110010010010110111,2
0.9397947967662492,0.1757153244296214,0.806594404894116,0.2254430003857876,4.482269287109375e-05,3,ruleta,200,10,1040917687,111110000010110010010010110111,2
0.9397991864386456,0.6714257425328295,0.8929487837170761,0.08367493565450647,5.91278076171875e-05,4,ruleta,200,10,1040920118,111110000010110010111000110110,2
0.9592882828725678,0.8367540978359773,0.921754703833517,0.042099551892879956,4.6253204345703125e-05,5,ruleta,200,10,1051657782,111110101011110000011000110110,2
0.9593725526016318,0.8367540893167726,0.9356370365405017,0.03405710860545718,4.291534423828125e-05,6,ruleta,200,10,1051703973,111110101011111011101010100101,2
0.9593725526016318,0.9397947877377275,0.9498886315773614,0.009479530949871204,4.863739013671875e-05,7,ruleta,200,10,1051703973,111110101011111011101010100101,2
0.9593623687409362,0.9397948545487892,0.9489214997107231,0.008564630977084946,4.8160552978515625e-05,8,ruleta,200,10,1051698391,111110101011111010010011010111,2
0.9592882846969033,0.9397806960738863,0.9484962247274756,0.008132611945333204,4.38690185546875e-05,9,ruleta,200,10,1051657783,111110101011110000011000110111,2
0.9592882828725678,0.9397957194813976,0.951232382237268,0.0075440732902695646,4.696846008300781e-05,10,ruleta,200,10,1051657782,111110101011110000011000110110,2
0.9592882828725678,0.5737933459415092,0.9119004125307809,0.11295787931921267,4.8160552978515625e-05,11,ruleta,200,10,1051657782,111110101011110000011000110110,2
0.9592882828725678,0.9430970755770787,0.9535899686279212,0.007033709251330185,4.839897155761719e-05,12,ruleta,200,10,1051657782,111110101011110000011000110110,2
0.9592882828725678,0.9430970755770787,0.9511782597615346,0.007890251882898722,4.267692565917969e-05,13,ruleta,200,10,1051657782,111110101011110000011000110110,2
0.9591893334698913,0.9430970737682046,0.9493735458296539,0.007674855984812514,4.1961669921875e-05,14,ruleta,200,10,1051603542,111110101011100011001001010110,2
0.9591893334698913,0.9430964370446524,0.9509813539637125,0.007876099941985758,5.173683166503906e-05,15,ruleta,200,10,1051603542,111110101011100011001001010110,2
0.9869992288959154,0.9431177384583573,0.9596996942104246,0.010208069442854696,4.4345855712890625e-05,16,ruleta,200,10,1066739254,111111100101010010011000110110,2
0.9869992288959154,0.9583461064228402,0.9644982572038068,0.011256400298801178,4.267692565917969e-05,17,ruleta,200,10,1066739254,111111100101010010011000110110,2
0.9869992288959154,0.9583461064228402,0.9615490595893987,0.008492681956020367,4.744529724121094e-05,18,ruleta,200,10,1066739254,111111100101010010011000110110,2
0.9891824824933508,0.9251219570395695,0.9583984593157142,0.014365176288239438,4.363059997558594e-05,19,ruleta,200,10,1067918422,111111101001110010010001010110,2
0.9592453749827616,0.9250669213550797,0.9548008122814007,0.009996550198113428,4.267692565917969e-05,20,ruleta,200,10,1051634262,111110101011101010101001010110,2
0.986156233430717,0.898954513581754,0.9516004608984087,0.02229410435567074,4.076957702636719e-05,21,ruleta,200,10,1066283606,111111100011100011001001010110,2
0.9591893334698913,0.9250669213550797,0.9478523806819215,0.014961298614282208,4.982948303222656e-05,22,ruleta,200,10,1051603542,111110101011100011001001010110,2
0.9592294963879049,0.9250669213550797,0.9419642081953177,0.01687643746472561,4.38690185546875e-05,23,ruleta,200,10,1051625558,111110101011101000100001010110,2
0.9592491111418273,0.9250669213550797,0.9454648831290505,0.016633062883326503,4.76837158203125e-05,24,ruleta,200,10,1051636310,111110101011101011001001010110,2
0.9592491111418273,0.9250669213550797,0.9453212859332336,0.016519769281269154,4.792213439941406e-05,25,ruleta,200,10,1051636310,111110101011101011001001010110,2
0.986156233430717,0.8989562654880289,0.9453873119182618,0.024045809830343857,4.744529724121094e-05,26,ruleta,200,10,1066283606,111111100011100011001001010110,2
0.986156233430717,0.8989562654880289,0.9457616837446496,0.023748317706695544,4.1484832763671875e-05,27,ruleta,200,10,1066283606,111111100011100011001001010110,2
0.986156233430717,0.8989527051641641,0.9520195862130864,0.025919004844889886,4.076957702636719e-05,28,ruleta,200,10,1066283606,111111100011100011001001010110,2
0.9861580683411163,0.9241333987623517,0.9567631684665721,0.024103180210343557,4.124641418457031e-05,29,ruleta,200,10,1066284598,111111100011100011011000110110,2
0.9861619157394312,0.9241278980615395,0.9559542892059237,0.02778649992350766,4.220008850097656e-05,30,ruleta,200,10,1066286678,111111100011100011111001010110,2
0.9861600216347075,0.9241278407626589,0.9602691362160284,0.021514205641574472,5.0067901611328125e-05,31,ruleta,200,10,1066285654,111111100011100011101001010110,2
0.99003916528896,0.9241278407626589,0.9540768216938169,0.022628020568008646,5.14984130859375e-05,32,ruleta,200,10,1068380758,111111101011100011001001010110,2
0.9900926906212483,0.6449897794646596,0.9288660032945767,0.09728733313389093,4.363059997558594e-05,33,ruleta,200,10,1068409638,111111101011101010001100100110,2
0.9900926906212483,0.6449897794646596,0.9253598720205432,0.0967618349697136,4.2438507080078125e-05,34,ruleta,200,10,1068409638,111111101011101010001100100110,2
0.9900429609435311,0.6449897794646596,0.8881526934374007,0.12314615233464689,4.839897155761719e-05,35,ruleta,200,10,1068382806,111111101011100011101001010110,2
0.9900447994663296,0.9241315651935953,0.9571463919680511,0.014852454421104944,4.291534423828125e-05,36,ruleta,200,10,1068383798,111111101011100011111000110110,2
0.9591930695198176,0.9544168814219962,0.9568015018439535,0.001969603660119895,4.0531158447265625e-05,37,ruleta,200,10,1051605590,111110101011100011101001010110,2
0.9591893334698913,0.9553674367678984,0.9557499992980322,0.001146445262911991,4.8160552978515625e-05,38,ruleta,200,10,1051603542,111110101011100011001001010110,2
0.9856714033902396,0.9553674367678984,0.9587807688202009,0.009035645844436484,4.1961669921875e-05,39,ruleta,200,10,1066021462,111111100010100011001001010110,2
0.9856714033902396,0.9553674367678984,0.9587807688202009,0.009035645844436484,4.553794860839844e-05,40,ruleta,200,10,1066021462,111111100010100011001001010110,2
0.9553711653672441,0.6048306828765864,0.9203145070986363,0.10516127475096564,4.029273986816406e-05,41,ruleta,200,10,1049508438,111110100011100011101001010110,2
0.9553711653672441,0.9553674367678984,0.9553678096278329,1.118579803716102e-06,4.2438507080078125e-05,42,ruleta,200,10,1049508438,111110100011100011101001010110,2
0.9553711653672441,0.9553674367678984,0.9553678096278329,1.118579803716102e-06,4.7206878662109375e-05,43,ruleta,200,10,1049508438,111110100011100011101001010110,2
0.956197178416532,0.9553674367678984,0.9554507837926962,0.0002488006914185718,3.981590270996094e-05,44,ruleta,200,10,1049962042,111110100101010010011000111010,2
0.9553711653672441,0.9553674367678984,0.9553681824877674,1.4914397382881362e-06,4.0531158447265625e-05,45,ruleta,200,10,1049508438,111110100011100011101001010110,2
0.9553711653672441,0.9553674367678984,0.9553681824877674,1.4914397382881362e-06,4.3392181396484375e-05,46,ruleta,200,10,1049508438,111110100011100011101001010110,2
0.9553711653672441,0.9553674367678984,0.9553678096278329,1.118579803716102e-06,4.57763671875e-05,47,ruleta,200,10,1049508438,111110100011100011101001010110,2
0.9553674367678984,0.943947523029107,0.9542254453940192,0.0034259741216374094,4.744529724121094e-05,48,ruleta,200,10,1049506390,111110100011100011001001010110,2
0.9553674367678984,0.943947523029107,0.9542250201015448,0.0034258325921325567,4.696846008300781e-05,49,ruleta,200,10,1049506390,111110100011100011001001010110,2
0.9553674367678984,0.9553529885141574,0.9553655666499473,4.335388671242431e-06,4.291534423828125e-05,50,ruleta,200,10,1049506390,111110100011100011001001010110,2
0.9553679028424187,0.9553525224432751,0.9553655142169412,4.473751592100655e-06,4.2438507080078125e-05,51,ruleta,200,10,1049506646,111110100011100011001101010110,2
0.9553679028424187,0.9553525224432751,0.9553658288168588,4.450414153956999e-06,5.53131103515625e-05,52,ruleta,200,10,1049506646,111110100011100011001101010110,2
0.9597769167070809,0.7860748998646806,0.9388775739152709,0.050951203144464205,4.291534423828125e-05,53,ruleta,200,10,1051925590,111110101100110001110001010110,2
0.9553674367678984,0.7860748998646806,0.9384364760857038,0.050787192261875766,4.792213439941406e-05,54,ruleta,200,10,1049506390,111110100011100011001001010110,2
0.9553674367678984,0.9553666793970453,0.9553671920788418,2.83980464812209e-07,4.220008850097656e-05,55,ruleta,200,10,1049506390,111110100011100011001001010110,2
0.9553674950272072,0.9553666793970453,0.9553671454714043,2.9934169546773e-07,4.124641418457031e-05,56,ruleta,200,10,1049506422,111110100011100011001001110110,2
0.9553674950272072,0.9553666793970453,0.955367168775126,3.1069198621251505e-07,4.3392181396484375e-05,57,ruleta,200,10,1049506422,111110100011100011001001110110,2
0.9553674950272072,0.9553669124341989,0.9553671862529104,2.7456144014005936e-07,4.124641418457031e-05,58,ruleta,200,10,1049506422,111110100011100011001001110110,2
0.9553674950272072,0.9553669124341989,0.9553671279936096,2.644869568043159e-07,4.076957702636719e-05,59,ruleta,200,10,1049506422,111110100011100011001001110110,2
0.9553678445830974,0.9553665046191988,0.9553670173009587,3.4643471226411584e-07,4.1961669921875e-05,60,ruleta,200,10,1049506614,111110100011100011001100110110,2
0.9553678445830974,0.9553665046191988,0.9553671221677383,5.422811247437642e-07,4.839897155761719e-05,61,ruleta,200,10,1049506614,111110100011100011001100110110,2
0.9553678445830974,0.9552962306556221,0.9553601239010108,2.1301827853561952e-05,4.124641418457031e-05,62,ruleta,200,10,1049506614,111110100011100011001100110110,2
0.9553678445830974,0.9552962306556221,0.9553601239010108,2.1301827853561952e-05,5.078315734863281e-05,63,ruleta,200,10,1049506614,111110100011100011001100110110,2
0.9553678445830974,0.7876613038579976,0.9385893766133417,0.05030936200371821,4.792213439941406e-05,64,ruleta,200,10,1049506614,111110100011100011001100110110,2
0.9553669124341989,0.9502841445368101,0.9548445007446886,0.0015203736719542112,4.2438507080078125e-05,65,ruleta,200,10,1049506102,111110100011100011000100110110,2
0.9553671454713809,0.9552959976270892,0.9553386557441307,3.464308982048467e-05,4.8160552978515625e-05,66,ruleta,200,10,1049506230,111110100011100011000110110110,2
0.9553669124341989,0.9552963034770444,0.9553315963037635,3.5292832489292624e-05,4.267692565917969e-05,67,ruleta,200,10,1049506102,111110100011100011000100110110,2
0.9553669124341989,0.9552963034770444,0.9553174861299938,3.0270486378679777e-05,4.220008850097656e-05,68,ruleta,200,10,1049506102,111110100011100011000100110110,2
0.9553669124341989,0.9552963034770444,0.9553104252250014,2.5131063875033765e-05,4.935264587402344e-05,69,ruleta,200,10,1049506102,111110100011100011000100110110,2
0.9553669124341989,0.9552963034770444,0.9553089338364222,2.5479908946032422e-05,4.315376281738281e-05,70,ruleta,200,10,1049506102,111110100011100011000100110110,2
0.9552963034770444,0.9552963034770444,0.9552963034770444,0.0,4.839897155761719e-05,71,ruleta,200,10,1049467318,111110100011011001100110110110,2
0.9552971008718009,0.9552963034770444,0.9552963832165201,2.392184269339737e-07,4.267692565917969e-05,72,ruleta,200,10,1049467756,111110100011011001101101101100,2
0.9552963034770444,0.9552963034770444,0.9552963034770444,0.0,5.1021575927734375e-05,73,ruleta,200,10,1049467318,111110100011011001100110110110,2
0.9642655547856437,0.14953252990193575,0.8756168512503935,0.24204287950766995,4.291534423828125e-05,74,ruleta,200,10,1054382518,111110110110001001100110110110,2
0.964864994989003,0.9546998435059239,0.9579873768928481,0.004247255567179181,4.220008850097656e-05,75,ruleta,200,10,1054710198,111110110111011001100110110110,2
0.9642655547856437,0.9552963034770444,0.959780929131344,0.004484625654299634,4.2438507080078125e-05,76,ruleta,200,10,1054382518,111110110110001001100110110110,2
0.9642655547856437,0.9552963034770444,0.9588840040004841,0.0043940178161717015,4.291534423828125e-05,77,ruleta,200,10,1054382518,111110110110001001100110110110,2
0.9642655547856437,0.9552963034770444,0.960677854262204,0.0043940178161717015,5.173683166503906e-05,78,ruleta,200,10,1054382518,111110110110001001100110110110,2
0.9643854279251544,0.037378417347955085,0.7923288162957471,0.34316980436341393,5.412101745605469e-05,79,ruleta,200,10,1054448054,111110110110011001100110110110,2
0.9643854279251544,0.9552963034770444,0.962483691837875,0.0035938691127652776,4.410743713378906e-05,80,ruleta,200,10,1054448054,111110110110011001100110110110,2
0.9643854279251544,0.9552963034770444,0.9633806169687349,0.0026950081485671183,4.172325134277344e-05,81,ruleta,200,10,1054448054,111110110110011001100110110110,2
0.9643854279251544,0.9552963034770444,0.9633806169687349,0.0026950081485671183,4.291534423828125e-05,82,ruleta,200,10,1054448054,111110110110011001100110110110,2
0.9643854279251544,0.9552963034770444,0.962483691837875,0.0035938691127652776,4.2438507080078125e-05,83,ruleta,200,10,1054448054,111110110110011001100110110110,2
0.9643854279251544,0.9552963034770444,0.9633806169687349,0.0026950081485671183,4.315376281738281e-05,84,ruleta,200,10,1054448054,111110110110011001100110110110,2
0.964864994989003,0.9546998435059239,0.9624720025471477,0.003743545559480119,4.839897155761719e-05,85,ruleta,200,10,1054710198,111110110111011001100110110110,2
0.964864994989003,0.82623045022564,0.9477710424394135,0.04070094345147355,4.76837158203125e-05,86,ruleta,200,10,1054710198,111110110111011001100110110110,2
0.964864994989003,0.9552963034770444,0.9624000776035405,0.003580386048760541,5.245208740234375e-05,87,ruleta,200,10,1054710198,111110110111011001100110110110,2
0.99063947321753,0.9263483586545421,0.9602885955443987,0.01482595236618405,4.458427429199219e-05,88,ruleta,200,10,1068704614,111111101100110010001101100110,2
0.99063947321753,0.9552963034770444,0.9634472081257055,0.009842185530612755,4.38690185546875e-05,89,ruleta,200,10,1068704614,111111101100110010001101100110,2
0.9642679581747493,0.9552963034770444,0.9618392746657991,0.0037253581066822605,4.315376281738281e-05,90,ruleta,200,10,1054383832,111110110110001001111011011000,2
0.9642679581747493,0.9552963071181155,0.9618392746655486,0.0037253579784838928,4.935264587402344e-05,91,ruleta,200,10,1054383832,111110110110001001111011011000,2
0.9643854315835059,0.7377514513945775,0.9399535581879093,0.06748263749393052,4.4345855712890625e-05,92,ruleta,200,10,1054448056,111110110110011001100110111000,2
0.9643854901171323,0.7377514513945775,0.9416515491539028,0.06796671956750144,4.2438507080078125e-05,93,ruleta,200,10,1054448088,111110110110011001100111011000,2
0.9643854901171323,0.7377514513945775,0.94166330856696,0.0679706416274709,4.363059997558594e-05,94,ruleta,200,10,1054448088,111110110110011001100111011000,2
0.9643878314636445,0.7377514513945775,0.941651561241,0.06796672402295233,4.220008850097656e-05,95,ruleta,200,10,1054449368,111110110110011001111011011000,2
0.9643854901171323,0.7377514513945775,0.9189761700398551,0.090612366033968,4.8160552978515625e-05,96,ruleta,200,10,1054448088,111110110110011001100111011000,2
0.9643854901171323,0.9642655584437678,0.9642789914496932,3.551577402619075e-05,4.839897155761719e-05,97,ruleta,200,10,1054448088,111110110110011001100111011000,2
0.9642679581747493,0.9642655584437678,0.9642667583092586,1.1998654907419137e-06,4.172325134277344e-05,98,ruleta,200,10,1054383832,111110110110001001111011011000,2
0.9642679581747493,0.9642655584437678,0.9642662783630623,1.099694887018031e-06,4.172325134277344e-05,99,ruleta,200,10,1054383832,111110110110001001111011011000,2
0.9642679581747493,0.9642655584437678,0.9642665183361604,1.1756232849167287e-06,4.220008850097656e-05,100,ruleta,200,10,1054383832,111110110110001001111011011000,2
0.9642679581747493,0.9642655584437678,0.9642662783630623,1.099694887018031e-06,4.0531158447265625e-05,101,ruleta,200,10,1054383832,111110110110001001111011011000,2
0.9642679581747493,0.9642655584437678,0.9642662783630552,1.0871626962396666e-06,4.887580871582031e-05,102,ruleta,200,10,1054383832,111110110110001001111011011000,2
0.9642679581747493,0.9642643878443726,0.9642661671561216,1.2224789469668155e-06,4.696846008300781e-05,103,ruleta,200,10,1054383832,111110110110001001111011011000,2
0.9642679581747493,0.9604359468366588,0.9638833230553502,0.00114912590342698,4.2438507080078125e-05,104,ruleta,200,10,1054383832,111110110110001001111011011000,2
0.9642679581747493,0.9642655584437678,0.9642662959220587,1.0884696290026073e-06,4.76837158203125e-05,105,ruleta,200,10,1054383832,111110110110001001111011011000,2
0.9642679581747493,0.964249016476989,0.9642648758454803,5.40387774974352e-06,4.38690185546875e-05,106,ruleta,200,10,1054383832,111110110110001001111011011000,2
0.9642679581747493,0.9642655584437678,0.96426629006906,1.0922555648181051e-06,4.2438507080078125e-05,107,ruleta,200,10,1054383832,111110110110001001111011011000,2
0.9642679581747493,0.9642655584437678,0.9642667641622502,1.1825962041388737e-06,4.1961669921875e-05,108,ruleta,200,10,1054383832,111110110110001001111011011000,2
0.964268426415289,0.9642651487338987,0.9642672324025103,1.1992800263968261e-06,4.0531158447265625e-05,109,ruleta,200,10,1054384088,111110110110001001111111011000,2
0.9642680167048105,0.9642651487338987,0.9642671211954529,1.2185072720906903e-06,4.220008850097656e-05,110,ruleta,200,10,1054383864,111110110110001001111011111000,2
0.9642678996446898,0.9642651487338987,0.9642676245536107,8.252732373481563e-07,4.315376281738281e-05,111,ruleta,200,10,1054383800,111110110110001001111010111000,2
0.9642679581747493,0.9642650902039245,0.9642673494625402,1.1152080247339916e-06,4.2438507080078125e-05,112,ruleta,200,10,1054383832,111110110110001001111011011000,2
0.9642680167048105,0.9642650902039245,0.9642673494625491,1.1304629827953616e-06,6.937980651855469e-05,113,ruleta,200,10,1054383864,111110110110001001111011111000,2
0.9642680167048105,0.9642379324875288,0.9642640718027564,8.804579470311964e-06,5.745887756347656e-05,114,ruleta,200,10,1054383864,111110110110001001111011111000,2
0.9942531984687486,0.9642379324875288,0.9689964539636632,0.00988002606716967,6.031990051269531e-05,115,ruleta,200,10,1070652088,111111110100001101101010111000,2
0.9816063638995525,0.9642650316739521,0.9660003706148323,0.005201997942439783,4.935264587402344e-05,116,ruleta,200,10,1063820984,111111011010001001111010111000,2
0.9816063638995525,0.9642650316739521,0.9660006515589089,0.005201904292661367,4.887580871582031e-05,117,ruleta,200,10,1063820984,111111011010001001111010111000,2
0.9803552919491212,0.9642650902039245,0.9658752575667744,0.004826678316937944,4.792213439941406e-05,118,ruleta,200,10,1063142840,111111010111100100010110111000,2
0.9803974300279528,0.9642262266932393,0.9674843414042338,0.0064565332932811454,4.76837158203125e-05,119,ruleta,200,10,1063165688,111111010111101001111011111000,2
0.9803974300279528,0.9642262266932393,0.9690975577301293,0.0073974668671441205,4.935264587402344e-05,120,ruleta,200,10,1063165688,111111010111101001111011111000,2
0.9812813579889417,0.9642262266932393,0.9707989035645544,0.008021214219469391,4.792213439941406e-05,121,ruleta,200,10,1063644856,111111011001011110111010111000,2
0.9812813579889417,0.9642262266932393,0.9724074309293277,0.008032114212582847,4.291534423828125e-05,122,ruleta,200,10,1063644856,111111011001011110111010111000,2
0.9812813579889417,0.9642262266932393,0.9740206881323678,0.007852730201556078,4.267692565917969e-05,123,ruleta,200,10,1063644856,111111011001011110111010111000,2
0.9812813579889417,0.9642265778660342,0.9756377661149488,0.007307857632658831,4.172325134277344e-05,124,ruleta,200,10,1063644856,111111011001011110111010111000,2
0.9812813579889417,0.9642265778660342,0.9785619535591106,0.004805624171801548,4.9114227294921875e-05,125,ruleta,200,10,1063644856,111111011001011110111010111000,2
0.9812813579889417,0.9796305879411786,0.9801907591662339,0.0006384170111797478,4.1484832763671875e-05,126,ruleta,200,10,1063644856,111111011001011110111010111000,2
0.9812774610788804,0.9796305879411786,0.9798723370193615,0.0005211012303444833,4.220008850097656e-05,127,ruleta,200,10,1063642744,111111011001011110011001111000,2
0.9812774610788804,0.9796305879411786,0.9799603519325799,0.0006585555803073867,4.9114227294921875e-05,128,ruleta,200,10,1063642744,111111011001011110011001111000,2
0.9812774610788804,0.9796305879411786,0.980125024717718,0.0007156735221721637,4.7206878662109375e-05,129,ruleta,200,10,1063642744,111111011001011110011001111000,2
0.9812774610788804,0.9777134987018511,0.9796035663310161,0.0007987565717458111,4.935264587402344e-05,130,ruleta,200,10,1063642744,111111011001011110011001111000,2
0.9812774610788804,0.26889265095154796,0.9085027510218904,0.2132063549879961,4.7206878662109375e-05,131,ruleta,200,10,1063642744,111111011001011110011001111000,2
0.9812774610788804,0.9776984109615708,0.9795769576978003,0.0011315654769968196,4.220008850097656e-05,132,ruleta,200,10,1063642744,111111011001011110011001111000,2
0.9812774610788804,0.9776984109615708,0.9792194626827839,0.0011002615779296746,5.173683166503906e-05,133,ruleta,200,10,1063642744,111111011001011110011001111000,2
0.9811436571001855,0.9776984109615708,0.9790331759104822,0.0011676696920213565,4.9591064453125e-05,134,ruleta,200,10,1063570224,111111011001001100101100110000,2
0.9811566016645359,0.9776984109615708,0.9793819923977518,0.0012163923215628115,4.3392181396484375e-05,135,ruleta,200,10,1063577240,111111011001001110011010011000,2
0.9811436571001855,0.9777134987018511,0.9793834871307097,0.0012106856694370338,4.57763671875e-05,136,ruleta,200,10,1063570224,111111011001001100101100110000,2
0.9811436571001855,0.9777134987018511,0.9796520826599282,0.0007787897269815728,4.363059997558594e-05,137,ruleta,200,10,1063570224,111111011001001100101100110000,2
0.9811436571001855,0.9796455725927826,0.9798619168562425,0.0004343653022609987,4.863739013671875e-05,138,ruleta,200,10,1063570224,111111011001001100101100110000,2
0.9835157963900567,0.8091082876730502,0.9630453919681452,0.051324842616885163,4.363059997558594e-05,139,ruleta,200,10,1064855160,111111011110000110011001111000,2
0.9835255941183709,0.8090994010701618,0.9630620967546145,0.05133329582647448,4.8160552978515625e-05,140,ruleta,200,10,1064860464,111111011110000111101100110000,2
0.9798118273218872,0.972169071572571,0.9790142771991655,0.002282675104983935,5.245208740234375e-05,141,ruleta,200,10,1062848120,111111010110011100011001111000,2
0.987681636386574,0.4823882353918299,0.9300755243865393,0.14926942242919325,4.363059997558594e-05,142,ruleta,200,10,1067107960,111111100110101100011001111000,2
0.987681636386574,0.9720937307053346,0.9790536559024062,0.004187632921601682,4.172325134277344e-05,143,ruleta,200,10,1067107960,111111100110101100011001111000,2
0.979887348678167,0.9720937307053346,0.9790294231202946,0.002313434773805245,4.744529724121094e-05,144,ruleta,200,10,1062889080,111111010110100110011001111000,2
0.9800535059065307,0.9720937307053346,0.9790777570659823,0.002330239692054387,4.3392181396484375e-05,145,ruleta,200,10,1062979192,111111010110111100011001111000,2
0.9799326628889187,0.9720937307053346,0.9790611531438577,0.002323810832590831,4.1961669921875e-05,146,ruleta,200,10,1062913656,111111010110101100011001111000,2
0.9799326628889187,0.9720938482395152,0.9790294479775483,0.002314508146835912,4.38690185546875e-05,147,ruleta,200,10,1062913656,111111010110101100011001111000,2
0.9799477678586667,0.9720938482395152,0.9790490719174618,0.0023215267643678494,4.1961669921875e-05,148,ruleta,200,10,1062921848,111111010110101110011001111000,2
0.9799477678586667,0.9720938482395152,0.9783165666402649,0.003112400170745548,5.340576171875e-05,149,ruleta,200,10,1062921848,111111010110101110011001111000,2
0.9840493928841012,0.9720675207605236,0.9779613359968483,0.004024033197671843,4.4345855712890625e-05,150,ruleta,200,10,1065143984,111111011111001100111010110000,2
0.9840493928841012,0.9721540266731292,0.9795003899614347,0.002750490802625776,4.0531158447265625e-05,151,ruleta,200,10,1065143984,111111011111001100111010110000,2
0.9840493928841012,0.9797853955347673,0.9811121726883446,0.0019230940658286325,4.2438507080078125e-05,152,ruleta,200,10,1065143984,111111011111001100111010110000,2
0.9840493928841012,0.9797853955347673,0.9802722117115298,0.0012595288962858563,5.078315734863281e-05,153,ruleta,200,10,1065143984,111111011111001100111010110000,2
0.9840493928841012,0.791808168717406,0.9614007584839376,0.056582363812671906,4.410743713378906e-05,154,ruleta,200,10,1065143984,111111011111001100111010110000,2
0.9840493928841012,0.9798118273218872,0.9815310194284759,0.002055540098991128,4.839897155761719e-05,155,ruleta,200,10,1065143984,111111011111001100111010110000,2
0.9840493928841012,0.9784417236676133,0.9818059748435713,0.002202881887478467,5.0067901611328125e-05,156,ruleta,200,10,1065143984,111111011111001100111010110000,2
0.9841704894606507,0.7652973771480289,0.960125288029477,0.0649827738133576,4.410743713378906e-05,157,ruleta,200,10,1065209520,111111011111011100111010110000,2
0.9840645295487163,0.7649636989408306,0.9609450560842616,0.06536302306438689,4.839897155761719e-05,158,ruleta,200,10,1065152176,111111011111001110111010110000,2
0.9840645295487163,0.4787072993806485,0.9104573871919852,0.15788410679994547,5.364418029785156e-05,159,ruleta,200,10,1065152176,111111011111001110111010110000,2
0.9840645443306721,0.9784265271326458,0.9823374824853921,0.0025340788579995503,4.76837158203125e-05,160,ruleta,200,10,1065152184,111111011111001110111010111000,2
0.9839849598887352,0.9784870044404512,0.9834351569532277,0.0016493841709402165,4.220008850097656e-05,161,ruleta,200,10,1065109112,111111011111000100011001111000,2
0.9839849598887352,0.983984945107377,0.983984953976192,7.241357082823638e-09,4.267692565917969e-05,162,ruleta,200,10,1065109112,111111011111000100011001111000,2
0.9839849598887352,0.983984945107377,0.9839849524980562,7.390679124252841e-09,4.220008850097656e-05,163,ruleta,200,10,1065109112,111111011111000100011001111000,2
0.9839849598887352,0.983984945107377,0.9839849524980562,7.390679124252841e-09,4.1961669921875e-05,164,ruleta,200,10,1065109112,111111011111000100011001111000,2
0.9839849598887352,0.983984945107377,0.9839849554543278,6.773669304803717e-09,4.363059997558594e-05,165,ruleta,200,10,1065109112,111111011111000100011001111000,2
0.9839849598887352,0.983984945107377,0.9839849584105995,4.434407474551705e-09,4.315376281738281e-05,166,ruleta,200,10,1065109112,111111011111000100011001111000,2
0.9839849598887352,0.9839849598887352,0.9839849598887354,0.0,4.1484832763671875e-05,167,ruleta,200,10,1065109112,111111011111000100011001111000,2
0.9839849598887352,0.9839849598887352,0.9839849598887354,0.0,4.9591064453125e-05,168,ruleta,200,10,1065109112,111111011111000100011001111000,2
0.9839849598887352,0.9839849598887352,0.9839849598887354,0.0,4.4345855712890625e-05,169,ruleta,200,10,1065109112,111111011111000100011001111000,2
0.9839849598887352,0.9839849598887352,0.9839849598887354,0.0,4.363059997558594e-05,170,ruleta,200,10,1065109112,111111011111000100011001111000,2
0.9839849598887352,0.9839849598887352,0.9839849598887354,0.0,4.887580871582031e-05,171,ruleta,200,10,1065109112,111111011111000100011001111000,2
0.9839849598887352,0.9839849266306794,0.9839849565629297,9.977416759454627e-09,4.315376281738281e-05,172,ruleta,200,10,1065109112,111111011111000100011001111000,2
0.9839849598887352,0.9839849266306794,0.9839849532371241,1.3303222345939503e-08,4.100799560546875e-05,173,ruleta,200,10,1065109112,111111011111000100011001111000,2
0.9839849598887352,0.9839849266306794,0.9839849499113186,1.5240755846773946e-08,5.626678466796875e-05,174,ruleta,200,10,1065109112,111111011111000100011001111000,2
0.983990635938488,0.9226426869364359,0.9778512798741131,0.01840286439106989,4.76837158203125e-05,175,ruleta,200,10,1065112184,111111011111000101001001111000,2
0.9839849598887352,0.9226426869364359,0.9763068780602777,0.018470756559111345,4.792213439941406e-05,176,ruleta,200,10,1065109112,111111011111000100011001111000,2
0.9839849598887352,0.9226426869364359,0.9778507148558756,0.018402675973152913,4.2438507080078125e-05,177,ruleta,200,10,1065109112,111111011111000100011001111000,2
0.9839849598887352,0.9839849229353399,0.9839849377166979,1.532563830166891e-08,4.1961669921875e-05,178,ruleta,200,10,1065109112,111111011111000100011001111000,2
0.9839849598887352,0.9839849229353399,0.9839849351299603,1.4785976593294224e-08,4.267692565917969e-05,179,ruleta,200,10,1065109112,111111011111000100011001111000,2
0.9839849598887352,0.9839849229353399,0.9839849340213584,1.3925106326434876e-08,4.9114227294921875e-05,180,ruleta,200,10,1065109112,111111011111000100011001111000,2
0.9839999445477078,0.9839849229353399,0.9839864324872558,4.504038577583455e-06,4.458427429199219e-05,181,ruleta,200,10,1065117222,111111011111000110011000100110,2
0.9839999445477078,0.9839849229353399,0.9839864361825953,4.502808386515115e-06,4.673004150390625e-05,182,ruleta,200,10,1065117222,111111011111000110011000100110,2
0.9839999445477078,0.9839849229353399,0.9839897383496634,6.739295845157779e-06,5.2928924560546875e-05,183,ruleta,200,10,1065117222,111111011111000110011000100110,2
0.9839999445477078,0.3881322696843165,0.9243106396818062,0.1787263532013903,4.2438507080078125e-05,184,ruleta,200,10,1065117222,111111011111000110011000100110,2
0.9840000886670534,0.9830314053993323,0.9838932055601882,0.00028732377582836344,4.863739013671875e-05,185,ruleta,200,10,1065117300,111111011111000110011001110100,2
0.9839887069666184,0.8965647618361827,0.9752432146475805,0.02622615096337398,4.315376281738281e-05,186,ruleta,200,10,1065111140,111111011111000100111001100100,2
0.9839849229353399,0.9839842171256233,0.9839848523543683,2.117429149683936e-07,4.887580871582031e-05,187,ruleta,200,10,1065109092,111111011111000100011001100100,2
0.9839849229353399,0.9828706059502152,0.9838734206558557,0.0003342716347827168,4.291534423828125e-05,188,ruleta,200,10,1065109092,111111011111000100011001100100,2
0.9839849229353399,0.9839842171256233,0.9839848523543683,2.117429149683936e-07,4.1961669921875e-05,189,ruleta,200,10,1065109092,111111011111000100011001100100,2
0.9839849229353399,0.9839842171256233,0.9839848523543683,2.117429149683936e-07,4.220008850097656e-05,190,ruleta,200,10,1065109092,111111011111000100011001100100,2
0.9839849229353399,0.9839842171256233,0.9839848523543683,2.117429149683936e-07,4.744529724121094e-05,191,ruleta,200,10,1065109092,111111011111000100011001100100,2
0.9956437881225406,0.9839849229353399,0.98515080945406,0.0034976595561602153,4.506111145019531e-05,192,ruleta,200,10,1071400548,111111110111000100011001100100,2
0.9839849229353399,0.9839849229353399,0.9839849229353399,0.0,4.267692565917969e-05,193,ruleta,200,10,1065109092,111111011111000100011001100100,2
0.9839849229353399,0.9839849229353399,0.9839849229353399,0.0,5.507469177246094e-05,194,ruleta,200,10,1065109092,111111011111000100011001100100,2
0.9839849229353399,0.7620270145240988,0.9602067045912855,0.06621915718273742,4.2438507080078125e-05,195,ruleta,200,10,1065109092,111111011111000100011001100100,2
0.9839849229353399,0.7620270145240988,0.9586628703853359,0.06582559031880417,4.220008850097656e-05,196,ruleta,200,10,1065109092,111111011111000100011001100100,2
0.9958874113041725,0.7516198874833913,0.9381990431799545,0.09092599550846191,4.38690185546875e-05,197,ruleta,200,10,1071531620,111111110111100100011001100100,2
0.9958874113041725,0.7620270145240988,0.9638157106129052,0.06771084874229732,4.291534423828125e-05,198,ruleta,200,10,1071531620,111111110111100100011001100100,2
0.9958874113041725,0.761813908920592,0.9389129170189131,0.0889132811886344,4.2438507080078125e-05,199,ruleta,200,10,1071531620,111111110111100100011001100100,2
0.9958874113041725,0.7620270145240988,0.9611300184203879,0.06692319987745562,4.887580871582031e-05,200,ruleta,200,10,1071531620,111111110111100100011001100100,2
0.9318932416581611,0.0002724967519028296,0.3399530944750056,0.2656786056739837,6.580352783203125e-05,1,ruleta,200,10,1036532565,111101110010000011101101010101,3
0.931889618495474,0.09016837936170274,0.44155345143413055,0.25243995653938034,4.8160552978515625e-05,2,ruleta,200,10,1036530550,111101110010000011001101110110,3
0.93206623564382,0.18512577438798017,0.6008046003605452,0.20083128066410155,4.601478576660156e-05,3,ruleta,200,10,1036628770,111101110010011011001100100010,3
0.969435161148502,0.26286906437736823,0.6859231533140236,0.22680250391887255,5.1975250244140625e-05,4,ruleta,200,10,1057205110,111111000000111010101101110110,3
0.969435161148502,0.5466584015357108,0.8147174175329923,0.17322788691299182,5.125999450683594e-05,5,ruleta,200,10,1057205110,111111000000111010101101110110,3
0.9693839522009343,0.5466584015357108,0.7987797617081364,0.1811843971962277,4.267692565917969e-05,6,ruleta,200,10,1057177187,111111000000110011111001100011,3
0.9693839522009343,0.5465202537611861,0.7600112210803731,0.18200761596315426,5.269050598144531e-05,7,ruleta,200,10,1057177187,111111000000110011111001100011,3
0.9788401570821912,0.5466580682601722,0.7063560428385658,0.18115223101113875,5.3882598876953125e-05,8,ruleta,200,10,1062320981,111111010100011011101101010101,3
0.9788401570821912,0.5817230101004175,0.7794556897641868,0.19768946230269266,5.0067901611328125e-05,9,ruleta,200,10,1062320981,111111010100011011101101010101,3
0.9788401239111949,0.5817230101004175,0.8555788129158574,0.16033108674415944,5.054473876953125e-05,10,ruleta,200,10,1062320963,111111010100011011101101000011,3
0.9788401570821912,0.5817230101004175,0.919999712485498,0.12628961371838499,4.291534423828125e-05,11,ruleta,200,10,1062320981,111111010100011011101101010101,3
0.9788401570821912,0.5817228083676,0.9390907055517177,0.11912265390382068,4.410743713378906e-05,12,ruleta,200,10,1062320981,111111010100011011101101010101,3
0.9788401570821912,0.978655233825235,0.9788194231363458,5.47534319559705e-05,4.38690185546875e-05,13,ruleta,200,10,1062320981,111111010100011011101101010101,3
0.9788401570821912,0.978655233825235,0.9788012558861506,7.30284178856336e-05,4.315376281738281e-05,14,ruleta,200,10,1062320981,111111010100011011101101010101,3
0.9788401570821912,0.9788363829635487,0.9788382110522138,1.8309398630814644e-06,4.315376281738281e-05,15,ruleta,200,10,1062320981,111111010100011011101101010101,3
0.9788401570821912,0.9788363829635487,0.9788378336403495,1.7791539046339403e-06,4.76837158203125e-05,16,ruleta,200,10,1062320981,111111010100011011101101010101,3
0.9788401570821912,0.7606909943260285,0.957022598923525,0.06544386821609403,4.839897155761719e-05,17,ruleta,200,10,1062320981,111111010100011011101101010101,3
0.9943599970992687,0.7471209820274667,0.9572179620557684,0.07018507564278409,5.459785461425781e-05,18,ruleta,200,10,1070709589,111111110100011011101101010101,3
0.9943599970992687,0.9773914305682916,0.9803718552968007,0.004702157855885311,4.3392181396484375e-05,19,ruleta,200,10,1070709589,111111110100011011101101010101,3
0.9788401570821912,0.9773914305682916,0.9786926425477513,0.00043373988070809753,4.3392181396484375e-05,20,ruleta,200,10,1062320981,111111010100011011101101010101,3
0.9788401570821912,0.9773914305682916,0.9786930199596157,0.00043386641348541863,4.2438507080078125e-05,21,ruleta,200,10,1062320981,111111010100011011101101010101,3
0.9788401570821912,0.9788363829635487,0.9788378926110056,1.8489329805684681e-06,4.1484832763671875e-05,22,ruleta,200,10,1062320981,111111010100011011101101010101,3
0.9788401570821912,0.9788363829635487,0.9788378926110056,1.8489329805684681e-06,5.078315734863281e-05,23,ruleta,200,10,1062320981,111111010100011011101101010101,3
0.9788401570821912,0.5951628800855411,0.9404199756170012,0.11508579635027967,5.435943603515625e-05,24,ruleta,200,10,1062320981,111111010100011011101101010101,3
0.9788401570821912,0.8610004676180147,0.9554870530229707,0.04669506823777241,5.1021575927734375e-05,25,ruleta,200,10,1062320981,111111010100011011101101010101,3
0.9793799309613278,0.978804067370546,0.9788878836158906,0.00016431061910172356,5.030632019042969e-05,26,ruleta,200,10,1062613845,111111010101100011001101010101,3
0.9793799309613278,0.978804067370546,0.9788887799689829,0.00016403627544745163,5.078315734863281e-05,27,ruleta,200,10,1062613845,111111010101100011001101010101,3
0.9788401570821912,0.2947774795730845,0.9084097409438465,0.20463288356273035,5.14984130859375e-05,28,ruleta,200,10,1062320981,111111010100011011101101010101,3
0.9894606484334496,0.6981504262023823,0.945016000962665,0.08309313577768654,4.482269287109375e-05,29,ruleta,200,10,1068068565,111111101010010110111011010101,3
0.9894950367673023,0.6981215408207924,0.9470382545285723,0.08365523902978306,4.291534423828125e-05,30,ruleta,200,10,1068087125,111111101010011011011101010101,3
0.9991985173013369,0.6900145613838409,0.9442477199758776,0.08600286491994509,5.4836273193359375e-05,31,ruleta,200,10,1073311445,111111111110010110111011010101,3
0.9993398720533125,0.6900145598365953,0.9151738557000787,0.11327291761474688,4.673004150390625e-05,32,ruleta,200,10,1073387362,111111111110101001011101100010,3
0.9993551016567968,0.6900019065201807,0.9170866517290281,0.11419032168225482,4.506111145019531e-05,33,ruleta,200,10,1073395541,111111111110101011011101010101,3
0.9993551016567968,0.6899999059514279,0.9416331255546732,0.08494660916119126,4.363059997558594e-05,34,ruleta,200,10,1073395541,111111111110101011011101010101,3
0.9788363811207191,0.6899999059514279,0.9108738233838286,0.11078598694520786,4.4345855712890625e-05,35,ruleta,200,10,1062318932,111111010100011011001101010100,3
0.9788364069203336,0.6899622747569183,0.9170363318159496,0.11379436862608083,5.2928924560546875e-05,36,ruleta,200,10,1062318946,111111010100011011001101100010,3
0.9788363811207191,0.6900003221561345,0.8909984620402314,0.11954256190750116,4.863739013671875e-05,37,ruleta,200,10,1062318932,111111010100011011001101010100,3
0.9788232030906729,0.6899622747569183,0.921711061809788,0.10264641658366742,4.267692565917969e-05,38,ruleta,200,10,1062311781,111111010100011001011101100101,3
0.9788232030906729,0.7471094399895833,0.9510115536358977,0.06839769335596513,5.245208740234375e-05,39,ruleta,200,10,1062311781,111111010100011001011101100101,3
0.9804887286166271,0.7470682232933641,0.9252611088767821,0.089449094626029,4.1961669921875e-05,40,ruleta,200,10,1063215190,111111010111110110000001010110,3
0.9804887286166271,0.7470682232933641,0.9046378284476149,0.10340807615647969,4.744529724121094e-05,41,ruleta,200,10,1063215190,111111010111110110000001010110,3
0.9804887286166271,0.7471078203440299,0.9501414416335999,0.06831887534542841,4.1484832763671875e-05,42,ruleta,200,10,1063215190,111111010111110110000001010110,3
0.9804887212390897,0.7470399964451306,0.9326317180082349,0.0927798301037546,4.7206878662109375e-05,43,ruleta,200,10,1063215186,111111010111110110000001010010,3
0.9804887212390897,0.7470399964451306,0.9326317180595304,0.0927798312115573,4.124641418457031e-05,44,ruleta,200,10,1063215186,111111010111110110000001010010,3
0.9804887286166271,0.7471094432095564,0.9326286822451854,0.0927609755618926,4.673004150390625e-05,45,ruleta,200,10,1063215190,111111010111110110000001010110,3
0.9803942984116383,0.7471094432095564,0.9557906128257306,0.06956202230651906,4.267692565917969e-05,46,ruleta,200,10,1063163990,111111010111101001100001010110,3
0.9803942984116383,0.9787325993948779,0.9792763971266748,0.0007326384676773031,4.2438507080078125e-05,47,ruleta,200,10,1063163990,111111010111101001100001010110,3
0.9803942984116383,0.9787325993948779,0.9792854547320285,0.0007263927833889102,4.220008850097656e-05,48,ruleta,200,10,1063163990,111111010111101001100001010110,3
0.9804240434355942,0.9787028800405004,0.9799139064842756,0.000741004154175418,4.863739013671875e-05,49,ruleta,200,10,1063180118,111111010111101101011101010110,3
0.9803942984116383,0.9787028800405004,0.9797527280724723,0.0007072811674745109,5.030632019042969e-05,50,ruleta,200,10,1063163990,111111010111101001100001010110,3
0.9803942984116383,0.9637380358169946,0.977595837451436,0.00524768266677338,4.3392181396484375e-05,51,ruleta,200,10,1063163990,111111010111101001100001010110,3
0.9803957148311186,0.9788217601653486,0.9794877934436311,0.0006969561212782696,4.315376281738281e-05,52,ruleta,200,10,1063164758,111111010111101001101101010110,3
0.9803957148311186,0.9788231754484154,0.979645188910208,0.0007064322995843472,4.172325134277344e-05,53,ruleta,200,10,1063164758,111111010111101001101101010110,3
0.9805146977202279,0.978823647209665,0.979488222499104,0.000709023470545661,4.839897155761719e-05,54,ruleta,200,10,1063229270,111111010111111001011101010110,3
0.9805146977202279,0.978823647209665,0.979391552034586,0.0006412711935311717,4.3392181396484375e-05,55,ruleta,200,10,1063229270,111111010111111001011101010110,3
0.9803938262720389,0.978823647209665,0.9796692261347462,0.0006085592511709552,5.0067901611328125e-05,56,ruleta,200,10,1063163734,111111010111101001011101010110,3
0.9803938262720389,0.9592366621713341,0.9775780106268082,0.006141402116947076,4.315376281738281e-05,57,ruleta,200,10,1063163734,111111010111101001011101010110,3
0.9803938262720389,0.9787024083083546,0.9793797480514271,0.0006208589415251418,4.744529724121094e-05,58,ruleta,200,10,1063163734,111111010111101001011101010110,3
0.9803938262720389,0.35573318189987835,0.9169863323653484,0.18708538847931702,4.7206878662109375e-05,59,ruleta,200,10,1063163734,111111010111101001011101010110,3
0.9802729622744304,0.35573318189987835,0.916745086794619,0.18700462644474122,4.124641418457031e-05,60,ruleta,200,10,1063098198,111111010111011001011101010110,3
0.9802729622744304,0.9787028800405004,0.9790542748540408,0.0005019860904723248,6.270408630371094e-05,61,ruleta,200,10,1063098198,111111010111011001011101010110,3
0.9788477071841444,0.9786783501196681,0.9788004374802984,5.5589514945721046e-05,6.604194641113281e-05,62,ruleta,200,10,1062325078,111111010100011100101101010110,3
0.978825062494096,0.9787042952376199,0.9788128442400053,3.618546108110012e-05,4.935264587402344e-05,63,ruleta,200,10,1062312790,111111010100011001101101010110,3
0.978825062494096,0.48005823931272595,0.9289242267246637,0.14962200338553752,5.030632019042969e-05,64,ruleta,200,10,1062312790,111111010100011001101101010110,3
0.980637465410908,0.5466471211792199,0.9267935991973703,0.1295294499896862,4.792213439941406e-05,65,ruleta,200,10,1063295830,111111011000001001101101010110,3
0.9896994021383703,0.9787042952376199,0.980276452900914,0.0032283591129958094,4.220008850097656e-05,66,ruleta,200,10,1068197418,111111101010110110011000101010,3
0.9896994021383703,0.9787042952376199,0.981171302539565,0.004304060526074336,4.315376281738281e-05,67,ruleta,200,10,1068197418,111111101010110110011000101010,3
0.9807656714136168,0.9787042952376199,0.97899570264093,0.0005919464012733818,4.220008850097656e-05,68,ruleta,200,10,1063365334,111111011000011010101011010110,3
0.978825062494096,0.9787042952376199,0.9788129857684483,3.6230176942808614e-05,4.76837158203125e-05,69,ruleta,200,10,1062312790,111111010100011001101101010110,3
0.9885105828933123,0.978825062494096,0.9797936145340176,0.002905656119764899,5.1021575927734375e-05,70,ruleta,200,10,1067555670,111111101000011001101101010110,3
0.9909173043638624,0.978825062494096,0.981971390760916,0.004846102646646105,4.267692565917969e-05,71,ruleta,200,10,1068854466,111111101101010110110011000010,3
0.9885105828933123,0.978825062494096,0.9807621665739392,0.003874208159686532,4.1961669921875e-05,72,ruleta,200,10,1067555670,111111101000011001101101010110,3
0.9943447833164358,0.9730366384381599,0.9807667442106579,0.005748700844312849,4.2438507080078125e-05,73,ruleta,200,10,1070701398,111111110100011001101101010110,3
0.9943447833164358,0.9730366384381599,0.9801879018050643,0.006189583475763739,4.1961669921875e-05,74,ruleta,200,10,1070701398,111111110100011001101101010110,3
0.9943447833164358,0.9730366384381599,0.9780616649539555,0.006075009370904722,4.124641418457031e-05,75,ruleta,200,10,1070701398,111111110100011001101101010110,3
0.9943447833164358,0.9730366384381599,0.9823229124598841,0.008076991789010808,4.1484832763671875e-05,76,ruleta,200,10,1070701398,111111110100011001101101010110,3
0.9943447833164358,0.9730366384381599,0.9871719669099805,0.008926781843413924,4.1484832763671875e-05,77,ruleta,200,10,1070701398,111111110100011001101101010110,3
0.9943447833164358,0.9730366384381599,0.9860060804996722,0.008497907560712071,6.508827209472656e-05,78,ruleta,200,10,1070701398,111111110100011001101101010110,3
0.994374263725087,0.90073895098233,0.9802794987566745,0.027398144560116744,4.982948303222656e-05,79,ruleta,200,10,1070717270,111111110100011101100101010110,3
0.9943447833164358,0.7331163078080836,0.9525508571420765,0.07811038627527697,4.291534423828125e-05,80,ruleta,200,10,1070701398,111111110100011001101101010110,3
0.9943733127373415,0.90073895098233,0.9771735113951016,0.02744662433937637,5.078315734863281e-05,81,ruleta,200,10,1070716758,111111110100011101011101010110,3
0.9943733127373415,0.9788247676430885,0.9881397184444897,0.0076054493817809135,3.981590270996094e-05,82,ruleta,200,10,1070716758,111111110100011101011101010110,3
0.9943733127373415,0.978825062494096,0.989700226768423,0.007113302971122262,4.124641418457031e-05,83,ruleta,200,10,1070716758,111111110100011101011101010110,3
0.9943733127373415,0.978825062494096,0.9881481803112541,0.007594980553599999,4.76837158203125e-05,84,ruleta,200,10,1070716758,111111110100011101011101010110,3
0.9957032376676198,0.978825062494096,0.9898388968502182,0.007208656705817581,4.3392181396484375e-05,85,ruleta,200,10,1071432534,111111110111001100001101010110,3
0.9957143597954697,0.978825062494096,0.9915210159170764,0.006365141880442296,4.696846008300781e-05,86,ruleta,200,10,1071438518,111111110111001101101010110110,3
0.9957127539229058,0.978825062494096,0.9901081865573186,0.007394663481525464,4.458427429199219e-05,87,ruleta,200,10,1071437654,111111110111001101011101010110,3
0.9957127539229058,0.978825062494096,0.9920687254358354,0.006631167101442276,4.124641418457031e-05,88,ruleta,200,10,1071437654,111111110111001101011101010110,3
0.9957127539229058,0.978825062494096,0.9922027628585021,0.006689684081750226,4.2438507080078125e-05,89,ruleta,200,10,1071437654,111111110111001101011101010110,3
0.9957127539229058,0.9788684650467909,0.9936236437642701,0.004954486601995125,4.1961669921875e-05,90,ruleta,200,10,1071437654,111111110111001101011101010110,3
0.9957279800259509,0.9788533683975837,0.9937604497435653,0.00499712318657564,4.124641418457031e-05,91,ruleta,200,10,1071445846,111111110111001111011101010110,3
0.9957127539229058,0.9788533683975837,0.9938928712518171,0.0050290481566170955,4.792213439941406e-05,92,ruleta,200,10,1071437654,111111110111001101011101010110,3
0.9960173018205825,0.9788533683975837,0.992371331607609,0.006759581933176244,5.3882598876953125e-05,93,ruleta,200,10,1071601496,111111110111110101011101011000,3
0.9960173018205825,0.8177353037893662,0.9769674121351786,0.05316153363832129,4.3392181396484375e-05,94,ruleta,200,10,1071601496,111111110111110101011101011000,3
0.9960782125266159,0.8176801147799854,0.9769984390945888,0.05319106182760311,4.291534423828125e-05,95,ruleta,200,10,1071634262,111111110111111101011101010110,3
0.996017298102718,0.9857495173615443,0.9947834296122346,0.003013124099980736,4.8160552978515625e-05,96,ruleta,200,10,1071601494,111111110111110101011101010110,3
0.996017298102718,0.9861737576346132,0.994783220994193,0.002872936003950635,4.410743713378906e-05,97,ruleta,200,10,1071601494,111111110111110101011101010110,3
0.996017298102718,0.9957127539229058,0.9958223896405742,0.00013835768901205003,4.076957702636719e-05,98,ruleta,200,10,1071601494,111111110111110101011101010110,3
0.996017298102718,0.9957127539229058,0.9958650260128119,0.00015227208990609142,4.482269287109375e-05,99,ruleta,200,10,1071601494,111111110111110101011101010110,3
0.996017298102718,0.9957127539229058,0.9958650260128119,0.00015227208990609142,4.315376281738281e-05,100,ruleta,200,10,1071601494,111111110111110101011101010110,3
0.996017298102718,0.9957127539229058,0.9958650260128119,0.00015227208990609142,5.9604644775390625e-05,101,ruleta,200,10,1071601494,111111110111110101011101010110,3
0.996017298102718,0.9938284882548579,0.9956214042422111,0.0006244364454655664,4.6253204345703125e-05,102,ruleta,200,10,1071601494,111111110111110101011101010110,3
0.996017298102718,0.9938284882548579,0.9956228316890305,0.0006246599126627188,4.1961669921875e-05,103,ruleta,200,10,1071601494,111111110111110101011101010110,3
0.996017298102718,0.9954653460647587,0.9957879449030157,0.0002089808312004761,4.76837158203125e-05,104,ruleta,200,10,1071601494,111111110111110101011101010110,3
0.996017298102718,0.9954500625009856,0.9956802171616361,0.0002410722655230048,4.3392181396484375e-05,105,ruleta,200,10,1071601494,111111110111110101011101010110,3
0.996017298102718,0.9954500625009856,0.9956277797860824,0.000254857496006845,4.100799560546875e-05,106,ruleta,200,10,1071601494,111111110111110101011101010110,3
0.996017298102718,0.9954500625009856,0.9956262514296597,0.00025587047172388337,4.315376281738281e-05,107,ruleta,200,10,1071601494,111111110111110101011101010110,3
0.996017298102718,0.9954500625009856,0.9955696289936851,0.0002239382807985164,5.245208740234375e-05,108,ruleta,200,10,1071601494,111111110111110101011101010110,3
0.996017298102718,0.9954501219698779,0.9956697125741094,0.0002494778339948186,5.1021575927734375e-05,109,ruleta,200,10,1071601494,111111110111110101011101010110,3
0.996017298102718,0.9593747437259845,0.9920279612199197,0.010887120917662637,4.315376281738281e-05,110,ruleta,200,10,1071601494,111111110111110101011101010110,3
0.996017298102718,0.9593710073222648,0.9883656157604721,0.014497878896286386,4.172325134277344e-05,111,ruleta,200,10,1071601494,111111110111110101011101010110,3
0.99601349101307,0.9593747437259845,0.9883580128350262,0.01332974249526519,4.673004150390625e-05,112,ruleta,200,10,1071599446,111111110111110100111101010110,3
0.99601349101307,0.9592850720448747,0.9914830324562418,0.010856965090537248,5.1021575927734375e-05,113,ruleta,200,10,1071599446,111111110111110100111101010110,3
0.9960744053205526,0.9902234260261974,0.9950507789750519,0.0016258702528974954,4.4345855712890625e-05,114,ruleta,200,10,1071632214,111111110111111100111101010110,3
0.9960744053205526,0.9896354440870108,0.9944742340912998,0.0022875970096360204,4.935264587402344e-05,115,ruleta,200,10,1071632214,111111110111111100111101010110,3
0.9960626714382596,0.9896278543476564,0.9938889710120332,0.0025390022756950617,4.792213439941406e-05,116,ruleta,200,10,1071625902,111111110111111011011010101110,3
0.9960626863100565,0.7633100006177183,0.9707260231148087,0.06917984563184555,4.7206878662109375e-05,117,ruleta,200,10,1071625910,111111110111111011011010110110,3
0.9975119045490242,0.7633100006177183,0.948823992587959,0.09277413057806727,4.38690185546875e-05,118,ruleta,200,10,1072405206,111111111010111001101011010110,3
0.9973540360487159,0.7616112137616791,0.9018967836744045,0.11350062572420246,4.458427429199219e-05,119,ruleta,200,10,1072320342,111111111010100100111101010110,3
0.9973540360487159,0.7633100006177183,0.9259392579144816,0.10642243704313054,5.2928924560546875e-05,120,ruleta,200,10,1072320342,111111111010100100111101010110,3
0.9973540360487159,0.47251442230834706,0.8494269830597989,0.16622154594656838,4.38690185546875e-05,121,ruleta,200,10,1072320342,111111111010100100111101010110,3
0.9973902280249407,0.47251442230834706,0.8512667450643958,0.16765982993818804,4.673004150390625e-05,122,ruleta,200,10,1072339798,111111111010101001101101010110,3
0.9973902280249407,0.47251442230834706,0.8980646680291396,0.16924126461657268,4.315376281738281e-05,123,ruleta,200,10,1072339798,111111111010101001101101010110,3
0.9973902280249407,0.7633416626409402,0.9739559803916361,0.07020477344315862,5.054473876953125e-05,124,ruleta,200,10,1072339798,111111111010101001101101010110,3
0.9973902280249407,0.7633614126812287,0.9739554791403899,0.07019802352565994,4.3392181396484375e-05,125,ruleta,200,10,1072339798,111111111010101001101101010110,3
0.9973902280249407,0.9973292734959645,0.9973547414771385,1.3883939610007581e-05,4.935264587402344e-05,126,ruleta,200,10,1072339798,111111111010101001101101010110,3
0.9973540360487159,0.9473663801966519,0.9923548329495848,0.014996150942464186,4.172325134277344e-05,127,ruleta,200,10,1072320342,111111111010100100111101010110,3
0.9973540509301501,0.9473663801966519,0.9923546141926242,0.014996078030787402,4.029273986816406e-05,128,ruleta,200,10,1072320350,111111111010100100111101011110,3
0.9973540360487159,0.9973518484790926,0.9973535985347912,8.750278492897223e-07,4.3392181396484375e-05,129,ruleta,200,10,1072320342,111111111010100100111101010110,3
0.9973540360487159,0.9973518484790926,0.9973535985347641,8.111455883305346e-07,4.744529724121094e-05,130,ruleta,200,10,1072320342,111111111010100100111101010110,3
0.9973721952014163,0.9973521312260518,0.9973556332069966,5.549360111199599e-06,4.315376281738281e-05,131,ruleta,200,10,1072330104,111111111010100111010101111000,3
0.9973540360487159,0.9973521312260518,0.9973538172917266,5.683088221464426e-07,4.3392181396484375e-05,132,ruleta,200,10,1072320342,111111111010100100111101010110,3
0.9973540360487159,0.9973537533014867,0.997354007773993,8.482416875565946e-08,4.863739013671875e-05,133,ruleta,200,10,1072320342,111111111010100100111101010110,3
0.9973540360487159,0.997252071068038,0.9973438395506481,3.0589494203348e-05,4.172325134277344e-05,134,ruleta,200,10,1072320342,111111111010100100111101010110,3
0.9973540360487159,0.9973540360487159,0.9973540360487159,0.0,4.3392181396484375e-05,135,ruleta,200,10,1072320342,111111111010100100111101010110,3
0.9973540360487159,0.9973540360487159,0.9973540360487159,0.0,4.220008850097656e-05,136,ruleta,200,10,1072320342,111111111010100100111101010110,3
0.9973540360487159,0.9973540360487159,0.9973540360487159,0.0,4.887580871582031e-05,137,ruleta,200,10,1072320342,111111111010100100111101010110,3
0.9974060622210263,0.9973540360487159,0.9973592386659469,1.5607851693144604e-05,4.076957702636719e-05,138,ruleta,200,10,1072348310,111111111010101011110010010110,3
0.9973540360487159,0.9973540360487159,0.9973540360487159,0.0,4.9591064453125e-05,139,ruleta,200,10,1072320342,111111111010100100111101010110,3
0.9973540360487159,0.9973531431628656,0.9973539467601308,2.678657550769792e-07,4.315376281738281e-05,140,ruleta,200,10,1072320342,111111111010100100111101010110,3
0.9973540360487159,0.9973531431628656,0.9973538574715459,3.571543401026389e-07,5.078315734863281e-05,141,ruleta,200,10,1072320342,111111111010100100111101010110,3
0.9973578456995009,0.9973531431628656,0.9973539705708692,1.3585577399600622e-06,4.363059997558594e-05,142,ruleta,200,10,1072322390,111111111010100101011101010110,3
0.9973578456995009,0.9973531431628656,0.9973537919936992,1.3963712466094938e-06,4.3392181396484375e-05,143,ruleta,200,10,1072322390,111111111010100101011101010110,3
0.9973540360487159,0.9973531431628656,0.9973535003172056,4.3742294633595434e-07,4.38690185546875e-05,144,ruleta,200,10,1072320342,111111111010100100111101010110,3
0.9973540955744534,0.9973530836371565,0.9973534110286236,4.2280028183283584e-07,4.2438507080078125e-05,145,ruleta,200,10,1072320374,111111111010100100111101110110,3
0.9973540360487159,0.9973531431628656,0.9973534110286207,4.0917169957558623e-07,4.363059997558594e-05,146,ruleta,200,10,1072320342,111111111010100100111101010110,3
0.9973540360487159,0.9973531431628656,0.9973535003172056,4.3742294633595434e-07,4.863739013671875e-05,147,ruleta,200,10,1072320342,111111111010100100111101010110,3
0.9973540955744534,0.9973521330862293,0.9973535778867151,6.346072336346994e-07,4.9114227294921875e-05,148,ruleta,200,10,1072320374,111111111010100100111101110110,3
0.9973540379088951,0.9973521330862293,0.997353375685319,7.339520296475372e-07,5.030632019042969e-05,149,ruleta,200,10,1072320343,111111111010100100111101010111,3
0.9973540360487159,0.7650165188727469,0.974120189275981,0.06970122346832079,4.363059997558594e-05,150,ruleta,200,10,1072320342,111111111010100100111101010110,3
0.9973540360487159,0.7650165188727469,0.9508864375583841,0.09293495934324389,4.38690185546875e-05,151,ruleta,200,10,1072320342,111111111010100100111101010110,3
0.9973540360487159,0.9973540360487159,0.9973540360487159,0.0,5.030632019042969e-05,152,ruleta,200,10,1072320342,111111111010100100111101010110,3
0.9973540360487159,0.9972321310652996,0.9973418455503742,3.6571495024873e-05,4.673004150390625e-05,153,ruleta,200,10,1072320342,111111111010100100111101010110,3
0.9973540360487159,0.9972321310652996,0.9973418455503742,3.6571495024873e-05,4.506111145019531e-05,154,ruleta,200,10,1072320342,111111111010100100111101010110,3
0.9973540360487159,0.9972321310652996,0.9973418455503742,3.6571495024873e-05,4.100799560546875e-05,155,ruleta,200,10,1072320342,111111111010100100111101010110,3
0.9973540360487159,0.9972321310652996,0.9973296550520325,4.876199336649734e-05,4.839897155761719e-05,156,ruleta,200,10,1072320342,111111111010100100111101010110,3
0.9973540360487159,0.5430332823654014,0.9518975796837011,0.1362881075869718,4.220008850097656e-05,157,ruleta,200,10,1072320342,111111111010100100111101010110,3
0.9973540360487159,0.9972321310652996,0.9973296550520325,4.876199336649734e-05,4.267692565917969e-05,158,ruleta,200,10,1072320342,111111111010100100111101010110,3
0.9973540360487159,0.9973540360487159,0.9973540360487159,0.0,4.315376281738281e-05,159,ruleta,200,10,1072320342,111111111010100100111101010110,3
0.9973540360487159,0.9973540360487159,0.9973540360487159,0.0,4.9591064453125e-05,160,ruleta,200,10,1072320342,111111111010100100111101010110,3
0.9973540360487159,0.5619791769503417,0.9538165501388784,0.13061245772951224,5.1021575927734375e-05,161,ruleta,200,10,1072320342,111111111010100100111101010110,3
0.9973540360487159,0.4502966769863761,0.9425995426194638,0.16410101959674922,4.363059997558594e-05,162,ruleta,200,10,1072320342,111111111010100100111101010110,3
0.9973540360487159,0.9968664608185345,0.9972565210026796,0.00019503009207255673,4.38690185546875e-05,163,ruleta,200,10,1072320342,111111111010100100111101010110,3
0.9973540360487159,0.9968664608185345,0.9973052785256977,0.00014627256905441754,4.935264587402344e-05,164,ruleta,200,10,1072320342,111111111010100100111101010110,3
0.9973540360487159,0.7091037249648623,0.9684802474173123,0.08645896302306302,4.4345855712890625e-05,165,ruleta,200,10,1072320342,111111111010100100111101010110,3
0.9973543336774214,0.7091034740046036,0.9685290096071751,0.08647517853423606,4.2438507080078125e-05,166,ruleta,200,10,1072320502,111111111010100100111111110110,3
0.9973543336774214,0.7096818042599689,0.9685182807711156,0.08627906767634733,4.2438507080078125e-05,167,ruleta,200,10,1072320502,111111111010100100111111110110,3
0.9973543336774214,0.7096818042599689,0.9685868426327117,0.08630167945762658,4.839897155761719e-05,168,ruleta,200,10,1072320502,111111111010100100111111110110,3
0.9975469087592785,0.9973540360487159,0.9973733530826427,5.7851960265265727e-05,4.2438507080078125e-05,169,ruleta,200,10,1072424022,111111111010111110010001010110,3
0.9975469087592785,0.9973540360487159,0.9973733530826421,5.7851935766316755e-05,4.935264587402344e-05,170,ruleta,200,10,1072424022,111111111010111110010001010110,3
0.9975483970471354,0.9973526074315473,0.997373329286841,5.8357474482820056e-05,4.267692565917969e-05,171,ruleta,200,10,1072424822,111111111010111110011101110110,3
0.9973540360487159,0.9973526074315473,0.9973538931869991,4.285851505692051e-07,5.3882598876953125e-05,172,ruleta,200,10,1072320342,111111111010100100111101010110,3
0.9979436660654513,0.9973526074315473,0.9974128561886726,0.00017693713825456836,5.340576171875e-05,173,ruleta,200,10,1072637270,111111111011110010010101010110,3
0.9973540360487159,0.9870793496670667,0.9963256700607749,0.003082107108563514,4.410743713378906e-05,174,ruleta,200,10,1072320342,111111111010100100111101010110,3
0.9973540360487159,0.9870793496670667,0.9963262816871172,0.003082310724850615,4.9114227294921875e-05,175,ruleta,200,10,1072320342,111111111010100100111101010110,3
0.9987564788684831,0.32860642401285767,0.9294526287510629,0.20031362600544136,4.9591064453125e-05,176,ruleta,200,10,1073074006,111111111101011100111101010110,3
0.9987564788684831,0.9973540360487159,0.9975918311395157,0.00048507698779022465,4.1961669921875e-05,177,ruleta,200,10,1073074006,111111111101011100111101010110,3
0.9983295441369473,0.9973540360487159,0.9975491376663621,0.00039020323529257437,4.696846008300781e-05,178,ruleta,200,10,1072844630,111111111100100100111101010110,3
0.9983295441369473,0.9973531431628656,0.9974514975689539,0.00029268231039453717,4.76837158203125e-05,179,ruleta,200,10,1072844630,111111111100100100111101010110,3
0.9983295441369473,0.9973540360487159,0.9975491376663621,0.00039020323529257437,4.220008850097656e-05,180,ruleta,200,10,1072844630,111111111100100100111101010110,3
0.9983295441369473,0.9973540360487159,0.9976466884751852,0.00044703396553622156,5.269050598144531e-05,181,ruleta,200,10,1072844630,111111111100100100111101010110,3
0.9983295441369473,0.967350031038096,0.9946076763496432,0.0090943169920336,5.269050598144531e-05,182,ruleta,200,10,1072844630,111111111100100100111101010110,3
0.9984965168355258,0.967350031038096,0.9917246133580043,0.01195307042489505,4.887580871582031e-05,183,ruleta,200,10,1072934344,111111111100111010110111001000,3
0.9984965168355258,0.9683105226803372,0.9948754890375142,0.008890735826012255,4.696846008300781e-05,184,ruleta,200,10,1072934344,111111111100111010110111001000,3
0.9984965205580146,0.9683105190145483,0.9945167597264609,0.00878661742628324,4.8160552978515625e-05,185,ruleta,200,10,1072934346,111111111100111010110111001010,3
0.9993055253383404,0.9654300090440857,0.9916169635048548,0.012431447641785063,4.2438507080078125e-05,186,ruleta,200,10,1073368916,111111111110100100111101010100,3
0.9993055253383404,0.9683105190145483,0.9916932653202093,0.01173938886644396,4.7206878662109375e-05,187,ruleta,200,10,1073368916,111111111110100100111101010100,3
0.9993505526873968,0.9683105190145483,0.9947141028374519,0.008869597340690445,4.3392181396484375e-05,188,ruleta,200,10,1073393098,111111111110101010110111001010,3
0.9984967811322474,0.9683107352961028,0.9948404559392978,0.00889309806851092,4.1961669921875e-05,189,ruleta,200,10,1072934486,111111111100111010111001010110,3
0.9984965428929475,0.9963792427841882,0.9972305373374617,0.0010337110066031116,5.0067901611328125e-05,190,ruleta,200,10,1072934358,111111111100111010110111010110,3
0.9984974958503174,0.9963782685269472,0.9970188074324613,0.0009676490004961027,5.412101745605469e-05,191,ruleta,200,10,1072934870,111111111100111010111111010110,3
0.9987142533511812,0.9470092745089393,0.992734679217706,0.015272145858250121,4.38690185546875e-05,192,ruleta,200,10,1073051322,111111111101010111011010111010,3
0.9987142533511812,0.9470092745089393,0.9878222165128472,0.0204239041814197,4.792213439941406e-05,193,ruleta,200,10,1073051322,111111111101010111011010111010,3
0.9984974958503174,0.14060045466771934,0.8968404223929152,0.2531022712875514,4.982948303222656e-05,194,ruleta,200,10,1072934870,111111111100111010111111010110,3
0.9990226445172927,0.9464970533162462,0.9840088184977965,0.021655634803702622,4.935264587402344e-05,195,ruleta,200,10,1073216982,111111111101111111110111010110,3
0.9994223914895417,0.9464970533162462,0.9838496957343817,0.021721440272019388,4.6253204345703125e-05,196,ruleta,200,10,1073431678,111111111110110100010001111110,3
0.9994223914895417,0.9598458223923829,0.9892830985632027,0.01475658200711263,5.054473876953125e-05,197,ruleta,200,10,1073431678,111111111110110100010001111110,3
0.9994223170052579,0.562104474457495,0.9478322112058359,0.12936644490986637,4.220008850097656e-05,198,ruleta,200,10,1073431638,111111111110110100010001010110,3
0.9990226445172927,0.9598458223923829,0.9946840958952812,0.011613817016996784,4.9591064453125e-05,199,ruleta,200,10,1073216982,111111111101111111110111010110,3
0.9990226445172927,0.9984965428929475,0.9985498186374226,0.00015762019634464519,4.2438507080078125e-05,200,ruleta,200,10,1073216982,111111111101111111110111010110,3
0.79251883661702,0.002777908438989677,0.43114540109502986,0.3211363570498359,7.796287536621094e-05,1,torneo,200,10,955882843,111000111110011001110101011011,1
0.79251883661702,0.429957567534252,0.7247261578416947,0.10299544014099238,7.104873657226562e-05,2,torneo,200,10,955882843,111000111110011001110101011011,1
0.79251883661702,0.7378556947186748,0.7761095014108261,0.025042858224157742,7.128715515136719e-05,3,torneo,200,10,955882843,111000111110011001110101011011,1
0.7925212210994963,0.46413023231821554,0.7596747809978176,0.09851485090893222,7.653236389160156e-05,4,torneo,200,10,955884281,111000111110011010001011111001,1
0.7925222325987097,0.7840637150502507,0.791673838170917,0.0025367092523373882,7.104873657226562e-05,5,torneo,200,10,955884891,111000111110011010010101011011,1
0.7925222325987097,0.7849571373758547,0.7917648777286483,0.002269246975991472,6.270408630371094e-05,6,torneo,200,10,955884891,111000111110011010010101011011,1
0.7925222325987097,0.7925212210994963,0.7925220293039492,4.0327653810740037e-07,6.175041198730469e-05,7,torneo,200,10,955884891,111000111110011010010101011011,1
0.7925222325987097,0.7925222292823177,0.7925222319354314,1.326556775538279e-09,6.651878356933594e-05,8,torneo,200,10,955884891,111000111110011010010101011011,1
0.7925222325987097,0.7918703375262585,0.7924570430914646,0.00019556852173536755,6.175041198730469e-05,9,torneo,200,10,955884891,111000111110011010010101011011,1
0.7925222325987097,0.7925222325987097,0.7925222325987097,0.0,6.031990051269531e-05,10,torneo,200,10,955884891,111000111110011010010101011011,1
0.7925222325987097,0.7925222325987097,0.7925222325987097,0.0,6.198883056640625e-05,11,torneo,200,10,955884891,111000111110011010010101011011,1
0.7925222325987097,0.7925222325987097,0.7925222325987097,0.0,6.532669067382812e-05,12,torneo,200,10,955884891,111000111110011010010101011011,1
0.8563529960713613,0.7925222325987097,0.7989053089459748,0.01914922904179548,6.437301635742188e-05,13,torneo,200,10,993633627,111011001110011010010101011011,1
0.8563529960713613,0.7925222325987097,0.7989053089459748,0.01914922904179548,6.437301635742188e-05,14,torneo,200,10,993633627,111011001110011010010101011011,1
0.8635978910145031,0.6573470269240961,0.8045675349984339,0.058433253501713654,6.842613220214844e-05,15,torneo,200,10,997827931,111011011110011010010101011011,1
0.8635978910145031,0.7925222325987097,0.8442776258423977,0.025967651392556995,6.29425048828125e-05,16,torneo,200,10,997827931,111011011110011010010101011011,1
0.8635978910145031,0.8563529960713613,0.859250954048618,0.0035492591701535327,6.842613220214844e-05,17,torneo,200,10,997827931,111011011110011010010101011011,1
0.8635980468005084,0.4922324128710858,0.8257368692844478,0.1111891348986101,6.413459777832031e-05,18,torneo,200,10,997828021,111011011110011010010110110101,1
0.8635980468005084,0.8635978910145031,0.8635979065931038,4.6735801595421124e-08,6.0558319091796875e-05,19,torneo,200,10,997828021,111011011110011010010110110101,1
0.8635980468005084,0.8635978910145031,0.8635979221717042,6.231440212722816e-08,7.2479248046875e-05,20,torneo,200,10,997828021,111011011110011010010110110101,1
0.8635985522396448,0.8635978910145031,0.8635980194514195,1.9218100610757066e-07,7.009506225585938e-05,21,torneo,200,10,997828313,111011011110011010011011011001,1
0.8635985522396448,0.8632777389221342,0.8635661683367942,9.614340274552912e-05,6.318092346191406e-05,22,torneo,200,10,997828313,111011011110011010011011011001,1
0.8635985522396448,0.8635980468005084,0.8635984013002862,2.3057060938382e-07,6.628036499023438e-05,23,torneo,200,10,997828313,111011011110011010011011011001,1
0.8635985574325133,0.8635985522396448,0.8635985527589316,1.5578605738753026e-09,6.508827209472656e-05,24,torneo,200,10,997828316,111011011110011010011011011100,1
0.8635985574325133,0.8635985522396448,0.8635985558746528,2.3796713339903063e-09,8.893013000488281e-05,25,torneo,200,10,997828316,111011011110011010011011011100,1
0.8635985574325133,0.8621302234240258,0.8634517240316646,0.00044050020254626787,6.437301635742188e-05,26,torneo,200,10,997828316,111011011110011010011011011100,1
0.8635985574325133,0.8635985574325133,0.8635985574325133,0.0,6.413459777832031e-05,27,torneo,200,10,997828316,111011011110011010011011011100,1
0.8635985574325133,0.8635985574325133,0.8635985574325133,0.0,6.508827209472656e-05,28,torneo,200,10,997828316,111011011110011010011011011100,1
0.8635985574325133,0.8632241575739219,0.8635611174466542,0.00011231995757743363,6.222724914550781e-05,29,torneo,200,10,997828316,111011011110011010011011011100,1
0.8635985574325133,0.8635985574325133,0.8635985574325133,0.0,6.151199340820312e-05,30,torneo,200,10,997828316,111011011110011010011011011100,1
0.8635985574325133,0.8635985574325133,0.8635985574325133,0.0,6.031990051269531e-05,31,torneo,200,10,997828316,111011011110011010011011011100,1
0.8635985574325133,0.8635985574325133,0.8635985574325133,0.0,6.628036499023438e-05,32,torneo,200,10,997828316,111011011110011010011011011100,1
0.8635985574325133,0.8523869047156325,0.8624773921608252,0.0033634958150642546,6.198883056640625e-05,33,torneo,200,10,997828316,111011011110011010011011011100,1
0.8635985574325133,0.8635985574325133,0.8635985574325133,0.0,6.246566772460938e-05,34,torneo,200,10,997828316,111011011110011010011011011100,1
0.8635985574325133,0.8635985574325133,0.8635985574325133,0.0,6.198883056640625e-05,35,torneo,200,10,997828316,111011011110011010011011011100,1
0.8635985574325133,0.8635985574325133,0.8635985574325133,0.0,6.604194641113281e-05,36,torneo,200,10,997828316,111011011110011010011011011100,1
0.8635985574325133,0.8192605240052473,0.8591647540897867,0.013301410028179816,6.031990051269531e-05,37,torneo,200,10,997828316,111011011110011010011011011100,1
0.8635985574325133,0.8635985574325133,0.8635985574325133,0.0,6.246566772460938e-05,38,torneo,200,10,997828316,111011011110011010011011011100,1
0.8635985574325133,0.8635985574325133,0.8635985574325133,0.0,7.009506225585938e-05,39,torneo,200,10,997828316,111011011110011010011011011100,1
0.8635985574325133,0.8635985574325133,0.8635985574325133,0.0,6.842613220214844e-05,40,torneo,200,10,997828316,111011011110011010011011011100,1
0.8635985574325133,0.8583422575079169,0.8630729274400537,0.0015768899773789258,6.175041198730469e-05,41,torneo,200,10,997828316,111011011110011010011011011100,1
0.8635985574325133,0.8635985574325133,0.8635985574325133,0.0,6.771087646484375e-05,42,torneo,200,10,997828316,111011011110011010011011011100,1
0.8635985574325133,0.51604473353257,0.8288346672561289,0.10426331432664061,6.222724914550781e-05,43,torneo,200,10,997828316,111011011110011010011011011100,1
0.8635985574325133,0.8635985574325133,0.8635985574325133,0.0,6.270408630371094e-05,44,torneo,200,10,997828316,111011011110011010011011011100,1
0.8635985574325133,0.8635985574325133,0.8635985574325133,0.0,6.008148193359375e-05,45,torneo,200,10,997828316,111011011110011010011011011100,1
0.8635985574325133,0.8635985574325133,0.8635985574325133,0.0,6.842613220214844e-05,46,torneo,200,10,997828316,111011011110011010011011011100,1
0.8635985574325133,0.8105825772472628,0.8582645423393425,0.01589428221573405,6.246566772460938e-05,47,torneo,200,10,997828316,111011011110011010011011011100,1
0.8635985574325133,0.8635985574325133,0.8635985574325133,0.0,6.651878356933594e-05,48,torneo,200,10,997828316,111011011110011010011011011100,1
0.8635985574325133,0.8628223772843058,0.8635209394176926,0.00023285404446227176,6.341934204101562e-05,49,torneo,200,10,997828316,111011011110011010011011011100,1
0.8635985574325133,0.8635985574325133,0.8635985574325133,0.0,5.984306335449219e-05,50,torneo,200,10,997828316,111011011110011010011011011100,1
0.8635985574325133,0.8635985574325133,0.8635985574325133,0.0,6.151199340820312e-05,51,torneo,200,10,997828316,111011011110011010011011011100,1
0.8635985574325133,0.8635985574325133,0.8635985574325133,0.0,6.580352783203125e-05,52,torneo,200,10,997828316,111011011110011010011011011100,1
0.8635985574325133,0.8600005944776996,0.8632387611370319,0.0010793888864441214,6.747245788574219e-05,53,torneo,200,10,997828316,111011011110011010011011011100,1
0.8636298949479263,0.8635985574325133,0.8636016911840546,9.401254623886412e-06,6.341934204101562e-05,54,torneo,200,10,997846420,111011011110011110110110010100,1
0.8636298949479263,0.8635985574325133,0.8636110924386784,1.535218451366846e-05,6.532669067382812e-05,55,torneo,200,10,997846420,111011011110011110110110010100,1
0.8636298949479263,0.8586241878089762,0.8631167878431011,0.001497606222553117,6.079673767089844e-05,56,torneo,200,10,997846420,111011011110011110110110010100,1
0.8636298949479263,0.8635985574325133,0.863626761196385,9.401254623886412e-06,6.222724914550781e-05,57,torneo,200,10,997846420,111011011110011110110110010100,1
0.8636298949479263,0.8636298949479263,0.8636298949479263,0.0,6.175041198730469e-05,58,torneo,200,10,997846420,111011011110011110110110010100,1
0.8636298949479263,0.8636298949479263,0.8636298949479263,0.0,7.43865966796875e-05,59,torneo,200,10,997846420,111011011110011110110110010100,1
0.8636298949479263,0.8628933990988875,0.8635562453630226,0.00022094875471163623,6.318092346191406e-05,60,torneo,200,10,997846420,111011011110011110110110010100,1
0.8636298949479263,0.8636298949479263,0.8636298949479263,0.0,6.127357482910156e-05,61,torneo,200,10,997846420,111011011110011110110110010100,1
0.8636298949479263,0.8636298949479263,0.8636298949479263,0.0,6.0558319091796875e-05,62,torneo,200,10,997846420,111011011110011110110110010100,1
0.8636298949479263,0.8636298949479263,0.8636298949479263,0.0,6.747245788574219e-05,63,torneo,200,10,997846420,111011011110011110110110010100,1
0.8636338831479845,0.516068957955404,0.82887420006868,0.10426841404453846,6.461143493652344e-05,64,torneo,200,10,997848724,111011011110011111011010010100,1
0.8636343262818927,0.8636294518151549,0.8636314902280633,2.051855729184089e-06,6.198883056640625e-05,65,torneo,200,10,997848980,111011011110011111011110010100,1
0.8636343262818927,0.8636298949479263,0.8636335286413696,1.2184152807687961e-06,6.103515625e-05,66,torneo,200,10,997848980,111011011110011111011110010100,1
0.8636343262818927,0.8636338831479845,0.863634016088157,2.0306946774860833e-07,6.604194641113281e-05,67,torneo,200,10,997848980,111011011110011111011110010100,1
0.8638541347129619,0.8636338831479845,0.8636560855580455,6.601671547453307e-05,6.580352783203125e-05,68,torneo,200,10,997975956,111011011110111110011110010100,1
0.8638541347129619,0.8636338831479845,0.863698934576339,9.884371287792796e-05,6.127357482910156e-05,69,torneo,200,10,997975956,111011011110111110011110010100,1
0.8638541347129619,0.8636343262818927,0.8638282841054037,6.4909457314078e-05,6.67572021484375e-05,70,torneo,200,10,997975956,111011011110111110011110010100,1
0.8638541347129619,0.8638412822405085,0.8638528447914433,3.854208839811761e-06,6.198883056640625e-05,71,torneo,200,10,997975956,111011011110111110011110010100,1
0.8638541347129619,0.8638541347129619,0.8638541347129619,0.0,6.556510925292969e-05,72,torneo,200,10,997975956,111011011110111110011110010100,1
0.8638541347129619,0.8638530959858826,0.863854030840254,3.116181238049798e-07,6.151199340820312e-05,73,torneo,200,10,997975956,111011011110111110011110010100,1
0.8638541347129619,0.8638541347129619,0.8638541347129619,0.0,6.103515625e-05,74,torneo,200,10,997975956,111011011110111110011110010100,1
0.8638541347129619,0.8638541347129619,0.8638541347129619,0.0,6.127357482910156e-05,75,torneo,200,10,997975956,111011011110111110011110010100,1
0.8638541347129619,0.8638541347129619,0.8638541347129619,0.0,6.008148193359375e-05,76,torneo,200,10,997975956,111011011110111110011110010100,1
0.8638541347129619,0.8638541347129619,0.8638541347129619,0.0,6.0558319091796875e-05,77,torneo,200,10,997975956,111011011110111110011110010100,1
0.8638541347129619,0.8638541347129619,0.8638541347129619,0.0,6.461143493652344e-05,78,torneo,200,10,997975956,111011011110111110011110010100,1
0.8638541347129619,0.516242302804382,0.8290929515221039,0.10428354957257398,6.508827209472656e-05,79,torneo,200,10,997975956,111011011110111110011110010100,1
0.8638541347129619,0.8638541347129619,0.8638541347129619,0.0,6.628036499023438e-05,80,torneo,200,10,997975956,111011011110111110011110010100,1
0.8638621121577467,0.8638541347129619,0.8638549324574404,2.393233435427078e-06,6.723403930664062e-05,81,torneo,200,10,997980564,111011011110111111100110010100,1
0.8638621121577467,0.8638541347129619,0.8638549331499252,2.3930034977437475e-06,6.127357482910156e-05,82,torneo,200,10,997980564,111011011110111111100110010100,1
0.8638621121577467,0.8638541347129619,0.8638549345348953,2.3925429547945454e-06,6.723403930664062e-05,83,torneo,200,10,997980564,111011011110111111100110010100,1
0.8638621121577467,0.3899933206155838,0.8145242205118463,0.14162947037201937,6.0558319091796875e-05,84,torneo,200,10,997980564,111011011110111111100110010100,1
0.8638621121577467,0.8638621121577467,0.8638621121577467,0.0,6.580352783203125e-05,85,torneo,200,10,997980564,111011011110111111100110010100,1
0.9363462052911723,0.8638621121577467,0.8711105214710892,0.02174522794002769,6.651878356933594e-05,86,torneo,200,10,1039006100,111101111011011111100110010100,1
0.9363462052911723,0.8635587355131404,0.8928254117466563,0.03553468704817822,6.198883056640625e-05,87,torneo,200,10,1039006100,111101111011011111100110010100,1
0.9363462052911723,0.8638621121577467,0.9290977959778297,0.02174522794002769,6.389617919921875e-05,88,torneo,200,10,1039006100,111101111011011111100110010100,1
0.9363462052911723,0.936337899904426,0.9363453747524977,2.4916160239030203e-06,6.580352783203125e-05,89,torneo,200,10,1039006100,111101111011011111100110010100,1
0.9650298114866723,0.9363462052911723,0.9392145659107223,0.00860508185865001,6.699562072753906e-05,90,torneo,200,10,1054800276,111110110111101111100110010100,1
0.9650298114866723,0.9331918175411337,0.9446358483748185,0.013382885080096718,6.532669067382812e-05,91,torneo,200,10,1054800276,111110110111101111100110010100,1
0.9650298114866723,0.23272938821408162,0.8803263266812132,0.21628871990948656,6.031990051269531e-05,92,torneo,200,10,1054800276,111110110111101111100110010100,1
0.9668294032940844,0.9345752237132524,0.9621643118900716,0.009212000693340452,6.628036499023438e-05,93,torneo,200,10,1055783316,111110111011011111100110010100,1
0.9668294032940844,0.9632038169327112,0.9657470079349822,0.0011992998800523314,6.103515625e-05,94,torneo,200,10,1055783316,111110111011011111100110010100,1
0.9668294032940844,0.9650298114866723,0.9666494441133432,0.0005398775422236213,6.151199340820312e-05,95,torneo,200,10,1055783316,111110111011011111100110010100,1
0.9668294032940844,0.9668294032940844,0.9668294032940844,0.0,5.9604644775390625e-05,96,torneo,200,10,1055783316,111110111011011111100110010100,1
0.9668294032940844,0.9668294032940844,0.9668294032940844,0.0,6.461143493652344e-05,97,torneo,200,10,1055783316,111110111011011111100110010100,1
0.9684504692261976,0.9668294032940844,0.9669915098872958,0.0004863197796339591,6.651878356933594e-05,98,torneo,200,10,1056668052,111110111110110111100110010100,1
0.9684504692261976,0.8640890415677654,0.9570416869010865,0.03099269522004505,6.794929504394531e-05,99,torneo,200,10,1056668052,111110111110110111100110010100,1
0.9684504692261976,0.9668294032940844,0.9678020428533524,0.0007941568746173056,6.699562072753906e-05,100,torneo,200,10,1056668052,111110111110110111100110010100,1
0.9684504692261976,0.9684082367474035,0.9684462459783182,1.266974363822726e-05,6.699562072753906e-05,101,torneo,200,10,1056668052,111110111110110111100110010100,1
0.9684504692261976,0.8783884713478324,0.9594442694383611,0.027018599363509567,6.127357482910156e-05,102,torneo,200,10,1056668052,111110111110110111100110010100,1
0.9684504692261976,0.9684504692261976,0.9684504692261976,0.0,6.580352783203125e-05,103,torneo,200,10,1056668052,111110111110110111100110010100,1
0.9684504692261976,0.8105793976898951,0.9526633620725674,0.04736132146089076,6.175041198730469e-05,104,torneo,200,10,1056668052,111110111110110111100110010100,1
0.9684504692261976,0.9684504692261976,0.9684504692261976,0.0,6.127357482910156e-05,105,torneo,200,10,1056668052,111110111110110111100110010100,1
0.9684504692261976,0.9684504692261976,0.9684504692261976,0.0,6.246566772460938e-05,106,torneo,200,10,1056668052,111110111110110111100110010100,1
0.9684504692261976,0.9684504692261976,0.9684504692261976,0.0,6.031990051269531e-05,107,torneo,200,10,1056668052,111110111110110111100110010100,1
0.9684504692261976,0.9684504692261976,0.9684504692261976,0.0,6.532669067382812e-05,108,torneo,200,10,1056668052,111110111110110111100110010100,1
0.9687207788965247,0.9684504692261976,0.9684775001932303,8.109290109814538e-05,6.389617919921875e-05,109,torneo,200,10,1056815508,111110111111011011100110010100,1
0.9687207788965247,0.9684504692261976,0.9685856240613612,0.00013515483516357563,6.127357482910156e-05,110,torneo,200,10,1056815508,111110111111011011100110010100,1
0.9687207788965247,0.9684504692261976,0.968693747929492,8.109290109814538e-05,6.699562072753906e-05,111,torneo,200,10,1056815508,111110111111011011100110010100,1
0.9687207788965247,0.9679099630412361,0.9686261945547123,0.00024211419139569192,6.198883056640625e-05,112,torneo,200,10,1056815508,111110111111011011100110010100,1
0.9687207788965247,0.9687207788965247,0.9687207788965247,0.0,6.222724914550781e-05,113,torneo,200,10,1056815508,111110111111011011100110010100,1
0.9687207788965247,0.9687207788965247,0.9687207788965247,0.0,6.222724914550781e-05,114,torneo,200,10,1056815508,111110111111011011100110010100,1
0.9687207788965247,0.9687207788965247,0.9687207788965247,0.0,6.127357482910156e-05,115,torneo,200,10,1056815508,111110111111011011100110010100,1
0.9687207788965247,0.9687207788965247,0.9687207788965247,0.0,6.031990051269531e-05,116,torneo,200,10,1056815508,111110111111011011100110010100,1
0.9687207788965247,0.9687207788965247,0.9687207788965247,0.0,5.984306335449219e-05,117,torneo,200,10,1056815508,111110111111011011100110010100,1
0.9687207788965247,0.9687207788965247,0.9687207788965247,0.0,6.151199340820312e-05,118,torneo,200,10,1056815508,111110111111011011100110010100,1
0.9687207788965247,0.9687207788965247,0.9687207788965247,0.0,6.29425048828125e-05,119,torneo,200,10,1056815508,111110111111011011100110010100,1
0.9687207788965247,0.9687207788965247,0.9687207788965247,0.0,6.985664367675781e-05,120,torneo,200,10,1056815508,111110111111011011100110010100,1
0.9687207788965247,0.9379710777247533,0.965645765147225,0.009224895808407754,6.67572021484375e-05,121,torneo,200,10,1056815508,111110111111011011100110010100,1
0.9687207788965247,0.9675187532355339,0.9686005763304257,0.0003606076982972439,6.0558319091796875e-05,122,torneo,200,10,1056815508,111110111111011011100110010100,1
0.9687207788965247,0.9687207788965247,0.9687207788965247,0.0,6.127357482910156e-05,123,torneo,200,10,1056815508,111110111111011011100110010100,1
0.9687207788965247,0.9687207788965247,0.9687207788965247,0.0,6.031990051269531e-05,124,torneo,200,10,1056815508,111110111111011011100110010100,1
0.9687207788965247,0.9687207788965247,0.9687207788965247,0.0,6.127357482910156e-05,125,torneo,200,10,1056815508,111110111111011011100110010100,1
0.9687207788965247,0.9687207788965247,0.9687207788965247,0.0,6.413459777832031e-05,126,torneo,200,10,1056815508,111110111111011011100110010100,1
0.9687357972063774,0.9687207788965247,0.96872228072751,4.505492955786394e-06,6.771087646484375e-05,127,torneo,200,10,1056823700,111110111111011101100110010100,1
0.9687357972063774,0.9687207788965247,0.9687284288476115,7.37911237035364e-06,6.0558319091796875e-05,128,torneo,200,10,1056823700,111110111111011101100110010100,1
0.9687357972063774,0.9687357972063774,0.9687357972063774,0.0,6.151199340820312e-05,129,torneo,200,10,1056823700,111110111111011101100110010100,1
0.9687357972063774,0.9687357972063774,0.9687357972063774,0.0,6.031990051269531e-05,130,torneo,200,10,1056823700,111110111111011101100110010100,1
0.9687357972063774,0.9687357972063774,0.9687357972063774,0.0,6.341934204101562e-05,131,torneo,200,10,1056823700,111110111111011101100110010100,1
0.9687357972063774,0.6467300861230386,0.9365352260980435,0.09660171332500163,6.580352783203125e-05,132,torneo,200,10,1056823700,111110111111011101100110010100,1
0.9688259755119732,0.9687357972063774,0.968744815036937,2.7053491678763476e-05,6.413459777832031e-05,133,torneo,200,10,1056872888,111110111111101001100110111000,1
0.9688259681784445,0.9687357972063774,0.9687628506974081,4.129449576548568e-05,6.127357482910156e-05,134,torneo,200,10,1056872884,111110111111101001100110110100,1
0.9688259681784445,0.9687358045395649,0.9687989073525889,4.128489437924294e-05,6.246566772460938e-05,135,torneo,200,10,1056872884,111110111111101001100110110100,1
0.9688259681784445,0.9688259681784445,0.9688259681784445,0.0,6.532669067382812e-05,136,torneo,200,10,1056872884,111110111111101001100110110100,1
0.9688259681784445,0.5609995739414814,0.9280433287547482,0.12234791827108893,6.580352783203125e-05,137,torneo,200,10,1056872884,111110111111101001100110110100,1
0.9751315306017251,0.9688259681784445,0.9694565244207725,0.001891668726984186,6.413459777832031e-05,138,torneo,200,10,1060306612,111111001100101111111010110100,1
0.9751310597310564,0.9688259681784445,0.9694565242682958,0.0018915118260962244,6.556510925292969e-05,139,torneo,200,10,1060306356,111111001100101111110110110100,1
0.9765309892750708,0.9674315744158136,0.9713493880678034,0.003410402582967845,6.508827209472656e-05,140,torneo,200,10,1061067188,111111001111101001100110110100,1
0.9765309892750708,0.9688339470742197,0.973525804579231,0.0031066185882121225,6.198883056640625e-05,141,torneo,200,10,1061067188,111111001111101001100110110100,1
0.9765309892750708,0.9751310597310564,0.9761110104118664,0.0006415283103050797,6.127357482910156e-05,142,torneo,200,10,1061067188,111111001111101001100110110100,1
0.9765309892750708,0.9765309892750708,0.9765309892750708,0.0,6.031990051269531e-05,143,torneo,200,10,1061067188,111111001111101001100110110100,1
0.9765309892750708,0.9765309892750708,0.9765309892750708,0.0,6.461143493652344e-05,144,torneo,200,10,1061067188,111111001111101001100110110100,1
0.9765309892750708,0.9611215459680494,0.9749900449443686,0.004622832992106396,6.103515625e-05,145,torneo,200,10,1061067188,111111001111101001100110110100,1
0.9765309892750708,0.9765309892750708,0.9765309892750708,0.0,6.604194641113281e-05,146,torneo,200,10,1061067188,111111001111101001100110110100,1
0.9969018665683876,0.9765309892750708,0.9785680770044024,0.006111263187995064,6.604194641113281e-05,147,torneo,200,10,1072077236,111111111001101001100110110100,1
0.9969018665683876,0.9765309892750708,0.978568264751625,0.006111200631222798,6.079673767089844e-05,148,torneo,200,10,1072077236,111111111001101001100110110100,1
0.9969018665683876,0.9765309819124381,0.9826426279575118,0.009334862925231328,5.91278076171875e-05,149,torneo,200,10,1072077236,111111111001101001100110110100,1
0.9969018665683876,0.9765309892750708,0.9887538911455062,0.009979191129060096,6.031990051269531e-05,150,torneo,200,10,1072077236,111111111001101001100110110100,1
0.9969018665683876,0.9969018665683876,0.9969018665683876,0.0,6.67572021484375e-05,151,torneo,200,10,1072077236,111111111001101001100110110100,1
0.9969018665683876,0.9969018665683876,0.9969018665683876,0.0,6.580352783203125e-05,152,torneo,200,10,1072077236,111111111001101001100110110100,1
0.9969261477108017,0.9969018665683876,0.996904294682629,7.284342724211968e-06,6.341934204101562e-05,153,torneo,200,10,1072090292,111111111001101100110010110100,1
0.9969323370689068,0.9968956773048699,0.996911579034812,1.3387157932625303e-05,9.799003601074219e-05,154,torneo,200,10,1072093620,111111111001101101100110110100,1
0.9969323370689068,0.8096593322500262,0.9781958478078623,0.056178839507454864,6.4849853515625e-05,155,torneo,200,10,1072093620,111111111001101101100110110100,1
0.9969323370689068,0.9969261477108017,0.9969292423898543,3.0946790525732126e-06,6.0558319091796875e-05,156,torneo,200,10,1072093620,111111111001101101100110110100,1
0.9969323370689068,0.9969323370689068,0.9969323370689068,0.0,6.699562072753906e-05,157,torneo,200,10,1072093620,111111111001101101100110110100,1
0.9969323370689068,0.7332584562265296,0.9529879044611006,0.09005999849245545,6.842613220214844e-05,158,torneo,200,10,1072093620,111111111001101101100110110100,1
0.9969323370689068,0.8455503880352011,0.9817859486748401,0.04541186011686075,6.771087646484375e-05,159,torneo,200,10,1072093620,111111111001101101100110110100,1
0.9969323370689068,0.9969323370689068,0.9969323370689068,0.0,6.222724914550781e-05,160,torneo,200,10,1072093620,111111111001101101100110110100,1
0.9969323370689068,0.9969323370689068,0.9969323370689068,0.0,6.890296936035156e-05,161,torneo,200,10,1072093620,111111111001101101100110110100,1
0.9969323370689068,0.6600422354287417,0.9612062078831201,0.10057154811775115,6.127357482910156e-05,162,torneo,200,10,1072093620,111111111001101101100110110100,1
0.9969323370689068,0.9969323370689068,0.9969323370689068,0.0,6.175041198730469e-05,163,torneo,200,10,1072093620,111111111001101101100110110100,1
0.9969323370689068,0.9969323370689068,0.9969323370689068,0.0,6.222724914550781e-05,164,torneo,200,10,1072093620,111111111001101101100110110100,1
0.9969323370689068,0.9969323370689068,0.9969323370689068,0.0,6.0558319091796875e-05,165,torneo,200,10,1072093620,111111111001101101100110110100,1
0.9969323370689068,0.9969323370689068,0.9969323370689068,0.0,6.031990051269531e-05,166,torneo,200,10,1072093620,111111111001101101100110110100,1
0.9969323370689068,0.9969323370689068,0.9969323370689068,0.0,6.103515625e-05,167,torneo,200,10,1072093620,111111111001101101100110110100,1
0.9969323370689068,0.9969323370689068,0.9969323370689068,0.0,6.604194641113281e-05,168,torneo,200,10,1072093620,111111111001101101100110110100,1
0.9969323370689068,0.929507758195976,0.9901898791816137,0.020227373661879256,6.413459777832031e-05,169,torneo,200,10,1072093620,111111111001101101100110110100,1
0.9969323370689068,0.9969323370689068,0.9969323370689068,0.0,6.270408630371094e-05,170,torneo,200,10,1072093620,111111111001101101100110110100,1
0.9969323370689068,0.9969323370689068,0.9969323370689068,0.0,6.222724914550781e-05,171,torneo,200,10,1072093620,111111111001101101100110110100,1
0.9969323370689068,0.9969323370689068,0.9969323370689068,0.0,6.0558319091796875e-05,172,torneo,200,10,1072093620,111111111001101101100110110100,1
0.9969323370689068,0.9969323370689068,0.9969323370689068,0.0,6.127357482910156e-05,173,torneo,200,10,1072093620,111111111001101101100110110100,1
0.9969323370689068,0.9969323370689068,0.9969323370689068,0.0,6.508827209472656e-05,174,torneo,200,10,1072093620,111111111001101101100110110100,1
0.9983954687115016,0.9969323370689068,0.9970786502331663,0.0004389394927784451,6.198883056640625e-05,175,torneo,200,10,1072880052,111111111100101101100110110100,1
0.9969323370689068,0.9969323370689068,0.9969323370689068,0.0,6.771087646484375e-05,176,torneo,200,10,1072093620,111111111001101101100110110100,1
0.9969323370689068,0.996915539552773,0.996930649692171,5.036764437935505e-06,6.175041198730469e-05,177,torneo,200,10,1072093620,111111111001101101100110110100,1
0.9969323370689068,0.9969323370689068,0.9969323370689068,0.0,6.651878356933594e-05,178,torneo,200,10,1072093620,111111111001101101100110110100,1
0.9969347473529822,0.9969323370689068,0.9969325780973144,7.230852225981188e-07,6.103515625e-05,179,torneo,200,10,1072094916,111111111001101101111011000100,1
0.9969323370689068,0.9969323370689068,0.9969323370689068,0.0,6.341934204101562e-05,180,torneo,200,10,1072093620,111111111001101101100110110100,1
0.9969323370689068,0.9969323370689068,0.9969323370689068,0.0,6.246566772460938e-05,181,torneo,200,10,1072093620,111111111001101101100110110100,1
0.9969323370689068,0.9969323370689068,0.9969323370689068,0.0,6.270408630371094e-05,182,torneo,200,10,1072093620,111111111001101101100110110100,1
0.9969323370689068,0.9969323370689068,0.9969323370689068,0.0,6.0558319091796875e-05,183,torneo,200,10,1072093620,111111111001101101100110110100,1
0.9969323370689068,0.9969323370689068,0.9969323370689068,0.0,6.0558319091796875e-05,184,torneo,200,10,1072093620,111111111001101101100110110100,1
0.9969323370689068,0.9969323370689068,0.9969323370689068,0.0,6.0558319091796875e-05,185,torneo,200,10,1072093620,111111111001101101100110110100,1
0.9969323370689068,0.9969323370689068,0.9969323370689068,0.0,6.413459777832031e-05,186,torneo,200,10,1072093620,111111111001101101100110110100,1
0.9976637687797535,0.9969323370689068,0.9970054802399915,0.00021942951325399919,6.699562072753906e-05,187,torneo,200,10,1072486836,111111111011001101100110110100,1
0.9976637687797535,0.9965210246020689,0.9971837785065617,0.00040950205984891956,6.67572021484375e-05,188,torneo,200,10,1072486836,111111111011001101100110110100,1
0.9976637687797535,0.9969323370689068,0.9974443392664994,0.000335184118064589,9.608268737792969e-05,189,torneo,200,10,1072486836,111111111011001101100110110100,1
0.9976699604271705,0.9976637687797535,0.9976643879444952,1.8574942250992876e-06,6.628036499023438e-05,190,torneo,200,10,1072490164,111111111011001110011010110100,1
0.9976699604271705,0.9265964295147314,0.9905576540179929,0.021320408247669974,6.365776062011719e-05,191,torneo,200,10,1072490164,111111111011001110011010110100,1
0.9976699604271705,0.9976637687797535,0.9976650071092369,2.47665896679905e-06,6.723403930664062e-05,192,torneo,200,10,1072490164,111111111011001110011010110100,1
0.9979000175606046,0.9976637687797535,0.997690489481547,6.990365505387175e-05,6.365776062011719e-05,193,torneo,200,10,1072613812,111111111011101100100110110100,1
0.9979000175606046,0.9976699604271705,0.9977159718538573,9.202285337366334e-05,6.318092346191406e-05,194,torneo,200,10,1072613812,111111111011101100100110110100,1
0.9979000175606046,0.9976699604271705,0.9977389775672008,0.00010542542281265867,6.604194641113281e-05,195,torneo,200,10,1072613812,111111111011101100100110110100,1
0.9979004938968817,0.9204962564773923,0.990113630031099,0.023205969047633924,6.437301635742188e-05,196,torneo,200,10,1072614068,111111111011101100101010110100,1
0.9979004938968817,0.9979000175606046,0.9979001604614878,2.1828470460127132e-07,6.246566772460938e-05,197,torneo,200,10,1072614068,111111111011101100101010110100,1
0.9979004938968817,0.9979000175606046,0.9979003033623709,2.333561649688899e-07,6.270408630371094e-05,198,torneo,200,10,1072614068,111111111011101100101010110100,1
0.9979004938968817,0.9979004938968817,0.9979004938968817,0.0,7.486343383789062e-05,199,torneo,200,10,1072614068,111111111011101100101010110100,1
0.9979004938968817,0.8787679889601666,0.9859872434032102,0.035739751481014534,6.4849853515625e-05,200,torneo,200,10,1072614068,111111111011101100101010110100,1
0.9397947949605449,0.01501608786575626,0.3658747835886502,0.32178660081218163,7.724761962890625e-05,1,torneo,200,10,1040917686,111110000010110010010010110110,2
0.9397948870514687,0.3310616817422269,0.6428944720230606,0.19734585700738874,6.794929504394531e-05,2,torneo,200,10,1040917737,111110000010110010010011101001,2
0.9397948870514687,0.6768967810109064,0.8291442350731397,0.10889388009933593,6.628036499023438e-05,3,torneo,200,10,1040917737,111110000010110010010011101001,2
0.9397948870514687,0.8340764185800458,0.9291998005999869,0.031707869708828586,7.939338684082031e-05,4,torneo,200,10,1040917737,111110000010110010010011101001,2
0.9398455052397556,0.9397948870514687,0.9397999488702974,1.5185456486066506e-05,6.747245788574219e-05,5,torneo,200,10,1040945769,111110000010111001001001101001,2
0.9398455052397556,0.9397948870514687,0.9398100725079548,2.3196167936619295e-05,7.319450378417969e-05,6,torneo,200,10,1040945769,111110000010111001001001101001,2
0.9398455052397556,0.9201911666636495,0.9370760491037599,0.006091261990096192,6.699562072753906e-05,7,torneo,200,10,1040945769,111110000010111001001001101001,2
0.9477837033106657,0.9397948870514687,0.9406342632280179,0.0023831944774505985,6.508827209472656e-05,8,torneo,200,10,1045332585,111110010011101000001001101001,2
0.9477837033106657,0.9398455052397556,0.9414331448539377,0.0031752792283640473,6.29425048828125e-05,9,torneo,200,10,1045332585,111110010011101000001001101001,2
0.9477837033106657,0.9398455052397556,0.9446084240823017,0.0038889069501751093,6.771087646484375e-05,10,torneo,200,10,1045332585,111110010011101000001001101001,2
0.9477837033106657,0.9320438060286056,0.9462097135824598,0.004721969184618047,6.270408630371094e-05,11,torneo,200,10,1045332585,111110010011101000001001101001,2
0.9477837033106657,0.9477837033106657,0.9477837033106657,0.0,6.628036499023438e-05,12,torneo,200,10,1045332585,111110010011101000001001101001,2
0.9477837033106657,0.38685829241028435,0.8916911622206276,0.16827762327011442,6.794929504394531e-05,13,torneo,200,10,1045332585,111110010011101000001001101001,2
0.9477841530247371,0.3444940384126009,0.8874547817922664,0.18098691445993817,6.890296936035156e-05,14,torneo,200,10,1045332833,111110010011101000001101100001,2
0.9477837033106657,0.9477837033106657,0.9477837033106657,0.0,6.914138793945312e-05,15,torneo,200,10,1045332585,111110010011101000001001101001,2
0.9477837033106657,0.9477539934045074,0.94778073232005,8.912971847507833e-06,6.723403930664062e-05,16,torneo,200,10,1045332585,111110010011101000001001101001,2
0.9477837033106657,0.9477835546149076,0.94778368844109,4.4608727445272225e-08,6.413459777832031e-05,17,torneo,200,10,1045332585,111110010011101000001001101001,2
0.9477837033106657,0.9477837033106657,0.9477837033106657,0.0,6.318092346191406e-05,18,torneo,200,10,1045332585,111110010011101000001001101001,2
0.9477837033106657,0.9477837033106657,0.9477837033106657,0.0,6.175041198730469e-05,19,torneo,200,10,1045332585,111110010011101000001001101001,2
0.9477837033106657,0.9477837033106657,0.9477837033106657,0.0,6.890296936035156e-05,20,torneo,200,10,1045332585,111110010011101000001001101001,2
0.9477929152169643,0.6840240411353766,0.9214086582837666,0.07912820576379344,6.4849853515625e-05,21,torneo,200,10,1045337665,111110010011101001011001000001,2
0.9477929152169643,0.9477837033106657,0.9477864668825553,4.221425790792376e-06,6.413459777832031e-05,22,torneo,200,10,1045337665,111110010011101001011001000001,2
0.9477929152169643,0.9477837033106657,0.947788309263815,4.60595314927259e-06,6.985664367675781e-05,23,torneo,200,10,1045337665,111110010011101001011001000001,2
0.9866885085405236,0.9477837033106657,0.9516815533586904,0.011668985383820052,7.081031799316406e-05,24,torneo,200,10,1066571329,111111100100101001011001000001,2
0.9866885085405236,0.8833269851294238,0.9452358815405661,0.023671373238198568,6.818771362304688e-05,25,torneo,200,10,1066571329,111111100100101001011001000001,2
0.9862035476587742,0.3371964081845241,0.8944629334159409,0.1863701167592361,6.270408630371094e-05,26,torneo,200,10,1066309185,111111100011101001011001000001,2
0.9862035476587742,0.9477929152169643,0.9671408586794449,0.01906340039174621,6.461143493652344e-05,27,torneo,200,10,1066309185,111111100011101001011001000001,2
0.9862035476587742,0.9482683393555497,0.9786137880263276,0.014825654429797485,6.794929504394531e-05,28,torneo,200,10,1066309185,111111100011101001011001000001,2
0.9862035476587742,0.8193638498639891,0.9695195778792958,0.05005190933843551,6.389617919921875e-05,29,torneo,200,10,1066309185,111111100011101001011001000001,2
0.9862035476587742,0.9862035476587742,0.9862035476587743,0.0,6.651878356933594e-05,30,torneo,200,10,1066309185,111111100011101001011001000001,2
0.9862035476587742,0.9860330819204491,0.9861865010849418,5.113972149750623e-05,6.389617919921875e-05,31,torneo,200,10,1066309185,111111100011101001011001000001,2
0.9862035476587742,0.9862035476587742,0.9862035476587743,0.0,6.29425048828125e-05,32,torneo,200,10,1066309185,111111100011101001011001000001,2
0.9862035476587742,0.9862035476587742,0.9862035476587743,0.0,6.341934204101562e-05,33,torneo,200,10,1066309185,111111100011101001011001000001,2
0.9862035476587742,0.9862035476587742,0.9862035476587743,0.0,7.033348083496094e-05,34,torneo,200,10,1066309185,111111100011101001011001000001,2
0.9862035476587742,0.8193638498639891,0.9695195778792958,0.05005190933843551,6.127357482910156e-05,35,torneo,200,10,1066309185,111111100011101001011001000001,2
0.9862035476587742,0.9862035476587742,0.9862035476587743,0.0,6.318092346191406e-05,36,torneo,200,10,1066309185,111111100011101001011001000001,2
0.9862035476587742,0.9862035476587742,0.9862035476587743,0.0,6.151199340820312e-05,37,torneo,200,10,1066309185,111111100011101001011001000001,2
0.9862035476587742,0.9862035476587742,0.9862035476587743,0.0,6.127357482910156e-05,38,torneo,200,10,1066309185,111111100011101001011001000001,2
0.9862035476587742,0.9862035476587742,0.9862035476587743,0.0,6.580352783203125e-05,39,torneo,200,10,1066309185,111111100011101001011001000001,2
0.9862035476587742,0.00035505618550102456,0.8876186985114469,0.29575454744198193,6.151199340820312e-05,40,torneo,200,10,1066309185,111111100011101001011001000001,2
0.9862035476587742,0.9862035476587742,0.9862035476587743,0.0,6.723403930664062e-05,41,torneo,200,10,1066309185,111111100011101001011001000001,2
0.9862035476587742,0.9726730419413477,0.9848504970870315,0.004059151715227927,7.271766662597656e-05,42,torneo,200,10,1066309185,111111100011101001011001000001,2
0.9862035476587742,0.9862034440726887,0.9862035373001656,3.107582564609857e-08,6.270408630371094e-05,43,torneo,200,10,1066309185,111111100011101001011001000001,2
0.9862035476587742,0.9862035476587742,0.9862035476587743,0.0,6.604194641113281e-05,44,torneo,200,10,1066309185,111111100011101001011001000001,2
0.9862035476587742,0.9862025154976649,0.9862034444426632,3.0964833277469237e-07,6.29425048828125e-05,45,torneo,200,10,1066309185,111111100011101001011001000001,2
0.9862035476587742,0.9862035476587742,0.9862035476587743,0.0,6.389617919921875e-05,46,torneo,200,10,1066309185,111111100011101001011001000001,2
0.9913015824804595,0.9862035476587742,0.9867133511409427,0.001529410446505608,6.532669067382812e-05,47,torneo,200,10,1069061697,111111101110001001011001000001,2
0.9913015824804595,0.9862035476587742,0.9867133511409427,0.001529410446505608,6.341934204101562e-05,48,torneo,200,10,1069061697,111111101110001001011001000001,2
0.9920309460528777,0.9854763298535679,0.987733172682001,0.0025113703181575244,6.771087646484375e-05,49,torneo,200,10,1069454913,111111101111101001011001000001,2
0.9920309460528777,0.013727001768429337,0.8926703901594031,0.2929887342080062,6.532669067382812e-05,50,torneo,200,10,1069454913,111111101111101001011001000001,2
0.9920309460528777,0.9913015824804595,0.9918121369811523,0.00033423637797495837,6.29425048828125e-05,51,torneo,200,10,1069454913,111111101111101001011001000001,2
0.9920309460528777,0.9920309460528777,0.9920309460528778,0.0,6.270408630371094e-05,52,torneo,200,10,1069454913,111111101111101001011001000001,2
0.9920309460528777,0.9920309460528777,0.9920309460528778,0.0,6.222724914550781e-05,53,torneo,200,10,1069454913,111111101111101001011001000001,2
0.9920309460528777,0.9920309460528777,0.9920309460528778,0.0,6.341934204101562e-05,54,torneo,200,10,1069454913,111111101111101001011001000001,2
0.9920309460528777,0.9920309460528777,0.9920309460528778,0.0,6.270408630371094e-05,55,torneo,200,10,1069454913,111111101111101001011001000001,2
0.9920309460528777,0.9920309460528777,0.9920309460528778,0.0,6.437301635742188e-05,56,torneo,200,10,1069454913,111111101111101001011001000001,2
0.9920309460528777,0.9841437938399756,0.9912422308315876,0.0023661456638706113,6.461143493652344e-05,57,torneo,200,10,1069454913,111111101111101001011001000001,2
0.9920309460528777,0.9920309460528777,0.9920309460528778,0.0,6.103515625e-05,58,torneo,200,10,1069454913,111111101111101001011001000001,2
0.9920309460528777,0.9920309460528777,0.9920309460528778,0.0,6.031990051269531e-05,59,torneo,200,10,1069454913,111111101111101001011001000001,2
0.9920309460528777,0.9920309460528777,0.9920309460528778,0.0,6.651878356933594e-05,60,torneo,200,10,1069454913,111111101111101001011001000001,2
0.9920309460528777,0.9688243493026355,0.9889336813950329,0.007091735888026151,6.556510925292969e-05,61,torneo,200,10,1069454913,111111101111101001011001000001,2
0.9920309460528777,0.9920249500279236,0.9920303464503822,1.7988074862307357e-06,6.222724914550781e-05,62,torneo,200,10,1069454913,111111101111101001011001000001,2
0.9920309460528777,0.9920309460528777,0.9920309460528778,0.0,6.365776062011719e-05,63,torneo,200,10,1069454913,111111101111101001011001000001,2
0.9920309460528777,0.9920309460528777,0.9920309460528778,0.0,6.413459777832031e-05,64,torneo,200,10,1069454913,111111101111101001011001000001,2
0.9920309460528777,0.9920309460528777,0.9920309460528778,0.0,6.747245788574219e-05,65,torneo,200,10,1069454913,111111101111101001011001000001,2
0.9920309460528777,0.9920215216158572,0.9920300036091756,2.8273311061366433e-06,6.222724914550781e-05,66,torneo,200,10,1069454913,111111101111101001011001000001,2
0.9920309460528777,0.9920309460528777,0.9920309460528778,0.0,6.866455078125e-05,67,torneo,200,10,1069454913,111111101111101001011001000001,2
0.9920328457873363,0.9920309460528777,0.9920311360263236,5.699203375897355e-07,6.699562072753906e-05,68,torneo,200,10,1069455937,111111101111101001101001000001,2
0.9920328457873363,0.9920309460528777,0.9920312224790605,5.993566751919115e-07,6.842613220214844e-05,69,torneo,200,10,1069455937,111111101111101001101001000001,2
0.9920318105802476,0.9920281150066592,0.9920310087592037,1.0471452693393209e-06,6.270408630371094e-05,70,torneo,200,10,1069455379,111111101111101001100000010011,2
0.9920318105802476,0.9920309460528777,0.9920316376747736,3.4581094796592995e-07,7.176399230957031e-05,71,torneo,200,10,1069455379,111111101111101001100000010011,2
0.9920318105802476,0.9023991090876583,0.9830685404309886,0.026889810447776785,6.198883056640625e-05,72,torneo,200,10,1069455379,111111101111101001100000010011,2
0.9920318105802476,0.9920318105802476,0.9920318105802476,0.0,6.341934204101562e-05,73,torneo,200,10,1069455379,111111101111101001100000010011,2
0.9920318105802476,0.9920318105802476,0.9920318105802476,0.0,6.198883056640625e-05,74,torneo,200,10,1069455379,111111101111101001100000010011,2
0.9920318105802476,0.9920318105802476,0.9920318105802476,0.0,6.556510925292969e-05,75,torneo,200,10,1069455379,111111101111101001100000010011,2
0.9920318105802476,0.9920014150630475,0.9920287710285276,9.118655160023082e-06,6.389617919921875e-05,76,torneo,200,10,1069455379,111111101111101001100000010011,2
0.9920318105802476,0.9920318105802476,0.9920318105802476,0.0,6.341934204101562e-05,77,torneo,200,10,1069455379,111111101111101001100000010011,2
0.9920318105802476,0.9920318105802476,0.9920318105802476,0.0,6.365776062011719e-05,78,torneo,200,10,1069455379,111111101111101001100000010011,2
0.9920318105802476,0.9920318105802476,0.9920318105802476,0.0,6.270408630371094e-05,79,torneo,200,10,1069455379,111111101111101001100000010011,2
0.9920318105802476,0.9920318105802476,0.9920318105802476,0.0,6.079673767089844e-05,80,torneo,200,10,1069455379,111111101111101001100000010011,2
0.9920318105802476,0.9920318105802476,0.9920318105802476,0.0,6.628036499023438e-05,81,torneo,200,10,1069455379,111111101111101001100000010011,2
0.9920318105802476,0.9728911266482118,0.990117742187044,0.005742205179610748,7.009506225585938e-05,82,torneo,200,10,1069455379,111111101111101001100000010011,2
0.9920318105802476,0.39257231460971287,0.9274972060333735,0.17883211083950132,6.628036499023438e-05,83,torneo,200,10,1069455379,111111101111101001100000010011,2
0.9920318105802476,0.9920071141870522,0.9920293409409281,7.408917958606764e-06,6.079673767089844e-05,84,torneo,200,10,1069455379,111111101111101001100000010011,2
0.9920318105802476,0.9920318105802476,0.9920318105802476,0.0,6.341934204101562e-05,85,torneo,200,10,1069455379,111111101111101001100000010011,2
0.9920318105802476,0.9920318105802476,0.9920318105802476,0.0,6.246566772460938e-05,86,torneo,200,10,1069455379,111111101111101001100000010011,2
0.9920318105802476,0.9920318105802476,0.9920318105802476,0.0,5.984306335449219e-05,87,torneo,200,10,1069455379,111111101111101001100000010011,2
0.9920318105802476,0.9920318105802476,0.9920318105802476,0.0,6.175041198730469e-05,88,torneo,200,10,1069455379,111111101111101001100000010011,2
0.9920318105802476,0.9920318105802476,0.9920318105802476,0.0,6.127357482910156e-05,89,torneo,200,10,1069455379,111111101111101001100000010011,2
0.9920318105802476,0.9920318105802476,0.9920318105802476,0.0,6.508827209472656e-05,90,torneo,200,10,1069455379,111111101111101001100000010011,2
0.9920318105802476,0.9916670951074916,0.991995339032972,0.00010941464182678828,6.866455078125e-05,91,torneo,200,10,1069455379,111111101111101001100000010011,2
0.9920318105802476,0.9920281298483065,0.9920314425070534,1.104219582337418e-06,6.580352783203125e-05,92,torneo,200,10,1069455379,111111101111101001100000010011,2
0.999340201632695,0.9920318105802476,0.9927626496854923,0.0021925173157342215,6.318092346191406e-05,93,torneo,200,10,1073387539,111111111110101001100000010011,2
0.999340201632695,0.9920318105802476,0.9942243278959818,0.003349125520617821,6.699562072753906e-05,94,torneo,200,10,1073387539,111111111110101001100000010011,2
0.999340201632695,0.9767954858317052,0.9956240518421066,0.006906458408167532,6.198883056640625e-05,95,torneo,200,10,1073387539,111111111110101001100000010011,2
0.999340201632695,0.999340201632695,0.999340201632695,0.0,6.198883056640625e-05,96,torneo,200,10,1073387539,111111111110101001100000010011,2
0.999340201632695,0.999340201632695,0.999340201632695,0.0,6.198883056640625e-05,97,torneo,200,10,1073387539,111111111110101001100000010011,2
0.999340201632695,0.999340201632695,0.999340201632695,0.0,6.318092346191406e-05,98,torneo,200,10,1073387539,111111111110101001100000010011,2
0.999340201632695,0.9975105892986317,0.9991572403992887,0.0005488837002189939,6.890296936035156e-05,99,torneo,200,10,1073387539,111111111110101001100000010011,2
0.9993423131764685,0.999340201632695,0.9993404127870724,6.334631320492611e-07,6.699562072753906e-05,100,torneo,200,10,1073388673,111111111110101001110010000001,2
0.9993423466930543,0.9993401681161451,0.999341046250208,1.0413679077975987e-06,6.341934204101562e-05,101,torneo,200,10,1073388691,111111111110101001110010010011,2
0.9993423466930543,0.999340201632695,0.9993421053737498,6.34659024174259e-07,7.414817810058594e-05,102,torneo,200,10,1073388691,111111111110101001110010010011,2
0.9993595240172437,0.5623728970162737,0.9556470959961851,0.13109139976034825,6.532669067382812e-05,103,torneo,200,10,1073397916,111111111110101100000010011100,2
0.9993595240172437,0.9993423131764685,0.9993492109194129,8.420618011359033e-06,6.29425048828125e-05,104,torneo,200,10,1073397916,111111111110101100000010011100,2
0.9993595240172437,0.9993423466930543,0.9993560885524058,6.870929675750759e-06,6.580352783203125e-05,105,torneo,200,10,1073397916,111111111110101100000010011100,2
0.9993595240172437,0.9993220636752849,0.9993557779830479,1.1238102587651788e-05,6.222724914550781e-05,106,torneo,200,10,1073397916,111111111110101100000010011100,2
0.9993595240172437,0.9993595240172437,0.9993595240172437,0.0,6.222724914550781e-05,107,torneo,200,10,1073397916,111111111110101100000010011100,2
0.9993595240172437,0.9993595240172437,0.9993595240172437,0.0,6.532669067382812e-05,108,torneo,200,10,1073397916,111111111110101100000010011100,2
0.9993595240172437,0.9656388203314941,0.9959874536486687,0.010116211105724892,6.0558319091796875e-05,109,torneo,200,10,1073397916,111111111110101100000010011100,2
0.9993595240172437,0.9993595240172437,0.9993595240172437,0.0,6.127357482910156e-05,110,torneo,200,10,1073397916,111111111110101100000010011100,2
0.9993595240172437,0.9993595240172437,0.9993595240172437,0.0,6.747245788574219e-05,111,torneo,200,10,1073397916,111111111110101100000010011100,2
0.9993595240172437,0.9993595240172437,0.9993595240172437,0.0,6.175041198730469e-05,112,torneo,200,10,1073397916,111111111110101100000010011100,2
0.9993595240172437,0.9993595240172437,0.9993595240172437,0.0,6.532669067382812e-05,113,torneo,200,10,1073397916,111111111110101100000010011100,2
0.9993595240172437,0.999279442636954,0.9993515158792148,2.4024414086909475e-05,6.723403930664062e-05,114,torneo,200,10,1073397916,111111111110101100000010011100,2
0.9993595240172437,0.9988562086448025,0.9993046163618358,0.00015009062051193022,6.103515625e-05,115,torneo,200,10,1073397916,111111111110101100000010011100,2
0.9993595240172437,0.9993595240172437,0.9993595240172437,0.0,6.0558319091796875e-05,116,torneo,200,10,1073397916,111111111110101100000010011100,2
0.9993595240172437,0.9993595240172437,0.9993595240172437,0.0,6.079673767089844e-05,117,torneo,200,10,1073397916,111111111110101100000010011100,2
0.9993595240172437,0.9993595240172437,0.9993595240172437,0.0,6.008148193359375e-05,118,torneo,200,10,1073397916,111111111110101100000010011100,2
0.9993595240172437,0.9993595240172437,0.9993595240172437,0.0,6.008148193359375e-05,119,torneo,200,10,1073397916,111111111110101100000010011100,2
0.9993595240172437,0.9993595240172437,0.9993595240172437,0.0,6.222724914550781e-05,120,torneo,200,10,1073397916,111111111110101100000010011100,2
0.9993595240172437,0.9993595240172437,0.9993595240172437,0.0,6.031990051269531e-05,121,torneo,200,10,1073397916,111111111110101100000010011100,2
0.9993595240172437,0.9993595240172437,0.9993595240172437,0.0,6.532669067382812e-05,122,torneo,200,10,1073397916,111111111110101100000010011100,2
0.999573596583036,0.9993595240172437,0.9993809312738229,6.422176973769345e-05,6.413459777832031e-05,123,torneo,200,10,1073512876,111111111111001000000110101100,2
0.9998477084806365,0.9990854790511773,0.9994665669932934,0.00019548682313870298,6.461143493652344e-05,124,torneo,200,10,1073660060,111111111111101100000010011100,2
0.9998477084806365,0.9993600304945173,0.9996344228903254,0.0001529785381591251,6.413459777832031e-05,125,torneo,200,10,1073660060,111111111111101100000010011100,2
0.9998477382806897,0.7385125273700266,0.9736319568007039,0.07837323902519933,6.818771362304688e-05,126,torneo,200,10,1073660076,111111111111101100000010101100,2
0.9998477382806897,0.9955953614549669,0.9994224767580748,0.0012757051010669489,6.246566772460938e-05,127,torneo,200,10,1073660076,111111111111101100000010101100,2
0.9998477382806897,0.9998477084806365,0.9998477204006578,1.45989849309574e-08,7.224082946777344e-05,128,torneo,200,10,1073660076,111111111111101100000010101100,2
0.9998477382806897,0.43122500064464475,0.9357882144009665,0.16954105578660442,6.175041198730469e-05,129,torneo,200,10,1073660076,111111111111101100000010101100,2
0.9998477382806897,0.9998477382806897,0.9998477382806896,0.0,6.198883056640625e-05,130,torneo,200,10,1073660076,111111111111101100000010101100,2
0.9998477382806897,0.9998477382806897,0.9998477382806896,0.0,6.556510925292969e-05,131,torneo,200,10,1073660076,111111111111101100000010101100,2
0.9998477382806897,0.9995182960316765,0.9998147940557883,9.883267470396362e-05,6.103515625e-05,132,torneo,200,10,1073660076,111111111111101100000010101100,2
0.9998477382806897,0.9998477382806897,0.9998477382806896,0.0,6.103515625e-05,133,torneo,200,10,1073660076,111111111111101100000010101100,2
0.9998477382806897,0.9998477382806897,0.9998477382806896,0.0,6.604194641113281e-05,134,torneo,200,10,1073660076,111111111111101100000010101100,2
0.9998477382806897,0.9998477382806897,0.9998477382806896,0.0,6.532669067382812e-05,135,torneo,200,10,1073660076,111111111111101100000010101100,2
0.9998477382806897,0.0007476633473836453,0.8999377307873591,0.2997300224799918,6.103515625e-05,136,torneo,200,10,1073660076,111111111111101100000010101100,2
0.9998477382806897,0.9998477382806897,0.9998477382806896,0.0,6.151199340820312e-05,137,torneo,200,10,1073660076,111111111111101100000010101100,2
0.9998477382806897,0.9998477382806897,0.9998477382806896,0.0,6.0558319091796875e-05,138,torneo,200,10,1073660076,111111111111101100000010101100,2
0.9998477382806897,0.9998477382806897,0.9998477382806896,0.0,6.175041198730469e-05,139,torneo,200,10,1073660076,111111111111101100000010101100,2
0.9998477382806897,0.9998477382806897,0.9998477382806896,0.0,6.4849853515625e-05,140,torneo,200,10,1073660076,111111111111101100000010101100,2
0.9998477382806897,0.9990754700757848,0.9997705114601991,0.00023168046147148402,6.008148193359375e-05,141,torneo,200,10,1073660076,111111111111101100000010101100,2
0.9998477382806897,0.9998477382806897,0.9998477382806896,0.0,7.390975952148438e-05,142,torneo,200,10,1073660076,111111111111101100000010101100,2
0.9998477382806897,0.9930506134931932,0.99916802580194,0.00203913743624895,6.270408630371094e-05,143,torneo,200,10,1073660076,111111111111101100000010101100,2
0.9998477382806897,0.9998477382806897,0.9998477382806896,0.0,6.127357482910156e-05,144,torneo,200,10,1073660076,111111111111101100000010101100,2
0.9998477382806897,0.9998477382806897,0.9998477382806896,0.0,6.079673767089844e-05,145,torneo,200,10,1073660076,111111111111101100000010101100,2
0.9998477382806897,0.9998477382806897,0.9998477382806896,0.0,6.031990051269531e-05,146,torneo,200,10,1073660076,111111111111101100000010101100,2
0.9998477382806897,0.9998477382806897,0.9998477382806896,0.0,0.00010919570922851562,147,torneo,200,10,1073660076,111111111111101100000010101100,2
0.9998477382806897,0.9998477382806897,0.9998477382806896,0.0,6.508827209472656e-05,148,torneo,200,10,1073660076,111111111111101100000010101100,2
0.9998477382806897,0.9998477382806897,0.9998477382806896,0.0,8.368492126464844e-05,149,torneo,200,10,1073660076,111111111111101100000010101100,2
0.9998477382806897,0.9998477382806897,0.9998477382806896,0.0,7.843971252441406e-05,150,torneo,200,10,1073660076,111111111111101100000010101100,2
0.9998477382806897,0.9824843155559763,0.9981113960082183,0.005209026817414042,7.390975952148438e-05,151,torneo,200,10,1073660076,111111111111101100000010101100,2
0.9998477382806897,0.3642633404196616,0.9177262894594473,0.19261015904755224,6.556510925292969e-05,152,torneo,200,10,1073660076,111111111111101100000010101100,2
0.9998477382806897,0.9998477382806897,0.9998477382806896,0.0,6.794929504394531e-05,153,torneo,200,10,1073660076,111111111111101100000010101100,2
0.9998482076315862,0.9998477382806897,0.9998477852157794,1.408052689444439e-07,6.4849853515625e-05,154,torneo,200,10,1073660328,111111111111101100000110101000,2
0.9998482150816014,0.9998477308306765,0.9998477852157797,1.4330582174506017e-07,7.557868957519531e-05,155,torneo,200,10,1073660332,111111111111101100000110101100,2
0.9998482150816014,0.9538829076878986,0.9951937228215033,0.013770942961924274,6.437301635742188e-05,156,torneo,200,10,1073660332,111111111111101100000110101100,2
0.9998482150816014,0.9998477382806897,0.999848119721419,1.9072036465672683e-07,6.651878356933594e-05,157,torneo,200,10,1073660332,111111111111101100000110101100,2
0.999848930283182,0.9998482150816014,0.9998482866017595,2.145604741876639e-07,6.437301635742188e-05,158,torneo,200,10,1073660716,111111111111101100001100101100,2
0.9998491686837657,0.9998479766811313,0.9998485011622449,4.1015977718530534e-07,6.151199340820312e-05,159,torneo,200,10,1073660844,111111111111101100001110101100,2
0.9998491686837657,0.999848930283182,0.9998489779632986,9.536023348744038e-08,6.008148193359375e-05,160,torneo,200,10,1073660844,111111111111101100001110101100,2
0.9998491686837657,0.999848930283182,0.9998490256434154,1.1679195689844707e-07,6.413459777832031e-05,161,torneo,200,10,1073660844,111111111111101100001110101100,2
0.9998491686837657,0.999848930283182,0.9998491448437073,7.152017511558029e-08,7.367134094238281e-05,162,torneo,200,10,1073660844,111111111111101100001110101100,2
0.999858406728274,0.9998491686837657,0.9998500924882165,2.771413352475882e-06,6.532669067382812e-05,163,torneo,200,10,1073665804,111111111111101101011100001100,2
0.9998587047304203,0.9998488706830405,0.9998547115106128,4.588060890477411e-06,6.365776062011719e-05,164,torneo,200,10,1073665964,111111111111101101011110101100,2
0.9998587047304203,0.999858406728274,0.9998584961289179,1.3656173926462e-07,6.794929504394531e-05,165,torneo,200,10,1073665964,111111111111101101011110101100,2
0.9998587047304203,0.9997791974699889,0.9998506646037333,2.3822750692785745e-05,6.437301635742188e-05,166,torneo,200,10,1073665964,111111111111101101011110101100,2
0.9998587047304203,0.9998587047304203,0.9998587047304202,0.0,6.29425048828125e-05,167,torneo,200,10,1073665964,111111111111101101011110101100,2
0.9998587047304203,0.9998587047304203,0.9998587047304202,0.0,6.699562072753906e-05,168,torneo,200,10,1073665964,111111111111101101011110101100,2
0.9999615404727495,0.9998587047304203,0.9998689883046532,3.0850722698783085e-05,6.437301635742188e-05,169,torneo,200,10,1073721176,111111111111111010111101011000,2
0.9999616969319395,0.9998585482792879,0.9998895554539248,4.715943855054178e-05,7.200241088867188e-05,170,torneo,200,10,1073721260,111111111111111010111110101100,2
0.9999616969319395,0.9998585482792879,0.9999307366886135,4.719018802863768e-05,7.486343383789062e-05,171,torneo,200,10,1073721260,111111111111111010111110101100,2
0.9999616969319395,0.9998073279540612,0.9999459342640196,4.6212311075657e-05,6.771087646484375e-05,172,torneo,200,10,1073721260,111111111111111010111110101100,2
0.9999807701439271,0.9999616969319395,0.9999636042531381,5.721963596272417e-06,6.461143493652344e-05,173,torneo,200,10,1073731500,111111111111111101011110101100,2
0.9999807701439271,0.9999616969319395,0.9999693262167344,9.343927425098688e-06,6.4849853515625e-05,174,torneo,200,10,1073731500,111111111111111101011110101100,2
0.9999807701439271,0.9999616969319395,0.9999769555015294,7.629284795029889e-06,6.341934204101562e-05,175,torneo,200,10,1073731500,111111111111111101011110101100,2
0.9999807701439271,0.9999807701439271,0.999980770143927,0.0,6.556510925292969e-05,176,torneo,200,10,1073731500,111111111111111101011110101100,2
0.9999807701439271,0.9999807701439271,0.999980770143927,0.0,6.318092346191406e-05,177,torneo,200,10,1073731500,111111111111111101011110101100,2
0.9999807701439271,0.9999807701439271,0.999980770143927,0.0,6.222724914550781e-05,178,torneo,200,10,1073731500,111111111111111101011110101100,2
0.9999807701439271,0.9999807701439271,0.999980770143927,0.0,6.246566772460938e-05,179,torneo,200,10,1073731500,111111111111111101011110101100,2
0.9999807701439271,0.9999807701439271,0.999980770143927,0.0,6.604194641113281e-05,180,torneo,200,10,1073731500,111111111111111101011110101100,2
0.9999807701439271,0.9804130181006485,0.9980239949395993,0.005870325612983562,7.128715515136719e-05,181,torneo,200,10,1073731500,111111111111111101011110101100,2
0.9999807701439271,0.9999807701439271,0.999980770143927,0.0,6.937980651855469e-05,182,torneo,200,10,1073731500,111111111111111101011110101100,2
0.9999807701439271,0.848728545596714,0.9848555255239428,0.04537565997579108,6.246566772460938e-05,183,torneo,200,10,1073731500,111111111111111101011110101100,2
0.9999807701439271,0.9999807701439271,0.999980770143927,0.0,6.246566772460938e-05,184,torneo,200,10,1073731500,111111111111111101011110101100,2
0.9999807701439271,0.9999807701439271,0.999980770143927,0.0,6.556510925292969e-05,185,torneo,200,10,1073731500,111111111111111101011110101100,2
0.9999807701439271,0.9999807701439271,0.999980770143927,0.0,6.103515625e-05,186,torneo,200,10,1073731500,111111111111111101011110101100,2
0.9999807701439271,0.9999807701439271,0.999980770143927,0.0,6.198883056640625e-05,187,torneo,200,10,1073731500,111111111111111101011110101100,2
0.9999807701439271,0.9999807701439271,0.999980770143927,0.0,6.580352783203125e-05,188,torneo,200,10,1073731500,111111111111111101011110101100,2
0.9999807701439271,0.9980438613968862,0.999787079269223,0.0005810726241122666,6.389617919921875e-05,189,torneo,200,10,1073731500,111111111111111101011110101100,2
0.9999807701439271,0.923400728555868,0.992322765985121,0.022974012476417727,6.437301635742188e-05,190,torneo,200,10,1073731500,111111111111111101011110101100,2
0.9999807701439271,0.9999807701439271,0.999980770143927,0.0,6.151199340820312e-05,191,torneo,200,10,1073731500,111111111111111101011110101100,2
0.9999807701439271,0.9999807701439271,0.999980770143927,0.0,6.198883056640625e-05,192,torneo,200,10,1073731500,111111111111111101011110101100,2
0.9999807701439271,0.9999807701439271,0.999980770143927,0.0,6.175041198730469e-05,193,torneo,200,10,1073731500,111111111111111101011110101100,2
0.9999807701439271,0.9999807701439271,0.999980770143927,0.0,6.270408630371094e-05,194,torneo,200,10,1073731500,111111111111111101011110101100,2
0.9999807701439271,0.9999807701439271,0.999980770143927,0.0,6.985664367675781e-05,195,torneo,200,10,1073731500,111111111111111101011110101100,2
0.9999843463914252,0.9901822894829024,0.9990012797025744,0.002939663599921046,7.319450378417969e-05,196,torneo,200,10,1073733420,111111111111111101111100101100,2
0.9999845848081524,0.9995075698087666,0.9999352620758328,0.0001425743400570521,7.152557373046875e-05,197,torneo,200,10,1073733548,111111111111111101111110101100,2
0.9999845848081524,0.9999807701439271,0.999983924505955,1.1124974215379267e-06,6.556510925292969e-05,198,torneo,200,10,1073733548,111111111111111101111110101100,2
0.9999845848081524,0.4719850965811929,0.947184588302111,0.15839983057366727,6.175041198730469e-05,199,torneo,200,10,1073733548,111111111111111101111110101100,2
0.9999845848081524,0.9999843463914252,0.9999845609664797,7.152501817486722e-08,6.556510925292969e-05,200,torneo,200,10,1073733548,111111111111111101111110101100,2
0.9318932416581611,0.0002724967519028296,0.3399530944750056,0.2656786056739837,7.343292236328125e-05,1,torneo,200,10,1036532565,111101110010000011101101010101,3
0.9318932416581611,0.21206862517622593,0.5295757386814841,0.23404408432322923,6.604194641113281e-05,2,torneo,200,10,1036532565,111101110010000011101101010101,3
0.9694359460829088,0.5117201531038682,0.7367275024444365,0.2031057998523877,7.176399230957031e-05,3,torneo,200,10,1057205538,111111000000111010110100100010,3
0.9694360396148336,0.9318931499551973,0.9394001057609065,0.015013751604766925,6.461143493652344e-05,4,torneo,200,10,1057205589,111111000000111010110101010101,3
0.9694360781279805,0.9318932416581611,0.9544155477956127,0.01838938699028606,6.723403930664062e-05,5,torneo,200,10,1057205610,111111000000111010110101101010,3
0.9694361936674255,0.9694191764319058,0.9694343802557441,5.068139644541526e-06,8.440017700195312e-05,6,torneo,200,10,1057205673,111111000000111010110110101001,3
0.9694360781279805,0.9694351373070413,0.9694359838624906,2.8218567950499867e-07,6.413459777832031e-05,7,torneo,200,10,1057205610,111111000000111010110101101010,3
0.9694360781279805,0.9694360781279805,0.9694360781279805,0.0,6.318092346191406e-05,8,torneo,200,10,1057205610,111111000000111010110101101010,3
0.9694360781279805,0.9694360781279805,0.9694360781279805,0.0,6.222724914550781e-05,9,torneo,200,10,1057205610,111111000000111010110101101010,3
0.9694360781279805,0.9694360781279805,0.9694360781279805,0.0,6.151199340820312e-05,10,torneo,200,10,1057205610,111111000000111010110101101010,3
0.9694360781279805,0.9694360781279805,0.9694360781279805,0.0,6.151199340820312e-05,11,torneo,200,10,1057205610,111111000000111010110101101010,3
0.9694360781279805,0.9694360781279805,0.9694360781279805,0.0,6.437301635742188e-05,12,torneo,200,10,1057205610,111111000000111010110101101010,3
0.9922851277583753,0.9694360781279805,0.97172098309102,0.006854714889118441,6.365776062011719e-05,13,torneo,200,10,1069591914,111111110000001010110101101010,3
0.9922851277583753,0.9694360781279805,0.9785756979801384,0.011193702540399166,6.079673767089844e-05,14,torneo,200,10,1069591914,111111110000001010110101101010,3
0.9922851277583753,0.9694360781279805,0.9877153178322964,0.00913961985215792,6.508827209472656e-05,15,torneo,200,10,1069591914,111111110000001010110101101010,3
0.9922851277583753,0.8449162259428964,0.9775482375768274,0.04421067054464367,6.389617919921875e-05,16,torneo,200,10,1069591914,111111110000001010110101101010,3
0.9922851277583753,0.9922851277583753,0.9922851277583753,0.0,7.081031799316406e-05,17,torneo,200,10,1069591914,111111110000001010110101101010,3
0.9948402615518468,0.7034169810910944,0.9636537314721714,0.08674892871708462,6.532669067382812e-05,18,torneo,200,10,1070968128,111111110101011010110101000000,3
0.9948403395808576,0.9922850498296363,0.993051608309439,0.0010649668752917836,6.508827209472656e-05,19,torneo,200,10,1070968170,111111110101011010110101101010,3
0.9948403395808576,0.9922851277583753,0.9940006415834887,0.0010417768867577188,5.9604644775390625e-05,20,torneo,200,10,1070968170,111111110101011010110101101010,3
0.9948403395808576,0.9948402615518468,0.9948403239750554,3.1211604323289065e-08,6.198883056640625e-05,21,torneo,200,10,1070968170,111111110101011010110101101010,3
0.9948403395808576,0.9948403395808576,0.9948403395808576,0.0,6.651878356933594e-05,22,torneo,200,10,1070968170,111111110101011010110101101010,3
0.9948403395808576,0.9590964033936781,0.9912659459621397,0.010723180856153858,6.699562072753906e-05,23,torneo,200,10,1070968170,111111110101011010110101101010,3
0.9949660259951923,0.9948403395808576,0.994852908222291,3.7705924300424074e-05,6.222724914550781e-05,24,torneo,200,10,1071035820,111111110101101011010110101100,3
0.9949660259951923,0.9948403395808576,0.9948780455051345,5.7595939909008093e-05,6.794929504394531e-05,25,torneo,200,10,1071035820,111111110101101011010110101100,3
0.9949660259951923,0.9948403395808576,0.994928320070845,5.759512909591878e-05,6.222724914550781e-05,26,torneo,200,10,1071035820,111111110101101011010110101100,3
0.9949660259951923,0.9949660222792904,0.9949660256236023,1.1147705758496328e-09,6.270408630371094e-05,27,torneo,200,10,1071035820,111111110101101011010110101100,3
0.9949660259951923,0.9949660259951923,0.9949660259951922,0.0,6.532669067382812e-05,28,torneo,200,10,1071035820,111111110101101011010110101100,3
0.9949660259951923,0.9949659070863331,0.9949660141043065,3.5672657761054436e-08,6.175041198730469e-05,29,torneo,200,10,1071035820,111111110101101011010110101100,3
0.9949660259951923,0.9949660259951923,0.9949660259951922,0.0,6.198883056640625e-05,30,torneo,200,10,1071035820,111111110101101011010110101100,3
0.9949660259951923,0.9949660259951923,0.9949660259951922,0.0,6.246566772460938e-05,31,torneo,200,10,1071035820,111111110101101011010110101100,3
0.9949660259951923,0.9949660259951923,0.9949660259951922,0.0,6.175041198730469e-05,32,torneo,200,10,1071035820,111111110101101011010110101100,3
0.9949660259951923,0.9949660259951923,0.9949660259951922,0.0,6.0558319091796875e-05,33,torneo,200,10,1071035820,111111110101101011010110101100,3
0.9949660259951923,0.9949660259951923,0.9949660259951922,0.0,6.127357482910156e-05,34,torneo,200,10,1071035820,111111110101101011010110101100,3
0.9949660259951923,0.9949660259951923,0.9949660259951922,0.0,6.723403930664062e-05,35,torneo,200,10,1071035820,111111110101101011010110101100,3
0.9949660259951923,0.9949660259951923,0.9949660259951922,0.0,6.699562072753906e-05,36,torneo,200,10,1071035820,111111110101101011010110101100,3
0.9949660259951923,0.7036940269887663,0.9658388260945496,0.08738159970192783,6.580352783203125e-05,37,torneo,200,10,1071035820,111111110101101011010110101100,3
0.9949660259951923,0.9949317805373948,0.9949626014494125,1.0273637339253128e-05,6.246566772460938e-05,38,torneo,200,10,1071035820,111111110101101011010110101100,3
0.9949660259951923,0.9949660259951923,0.9949660259951922,0.0,6.175041198730469e-05,39,torneo,200,10,1071035820,111111110101101011010110101100,3
0.9949660259951923,0.9949660259951923,0.9949660259951922,0.0,6.556510925292969e-05,40,torneo,200,10,1071035820,111111110101101011010110101100,3
0.9949660259951923,0.964038925359518,0.9918733159316249,0.009278130190702316,6.151199340820312e-05,41,torneo,200,10,1071035820,111111110101101011010110101100,3
0.9949660259951923,0.9949660259951923,0.9949660259951922,0.0,6.389617919921875e-05,42,torneo,200,10,1071035820,111111110101101011010110101100,3
0.9949660259951923,0.9949660259951923,0.9949660259951922,0.0,6.175041198730469e-05,43,torneo,200,10,1071035820,111111110101101011010110101100,3
0.9949660259951923,0.9949660259951923,0.9949660259951922,0.0,5.841255187988281e-05,44,torneo,200,10,1071035820,111111110101101011010110101100,3
0.9949660259951923,0.9949660259951923,0.9949660259951922,0.0,7.557868957519531e-05,45,torneo,200,10,1071035820,111111110101101011010110101100,3
0.9949660259951923,0.987689331579026,0.9942321583364666,0.002181017460651842,6.365776062011719e-05,46,torneo,200,10,1071035820,111111110101101011010110101100,3
0.9949660259951923,0.9949660259951923,0.9949660259951922,0.0,6.628036499023438e-05,47,torneo,200,10,1071035820,111111110101101011010110101100,3
0.9949660259951923,0.9290057936753254,0.9883700027632056,0.019788069695960076,6.151199340820312e-05,48,torneo,200,10,1071035820,111111110101101011010110101100,3
0.9949660259951923,0.9949660259951923,0.9949660259951922,0.0,6.103515625e-05,49,torneo,200,10,1071035820,111111110101101011010110101100,3
0.9949660259951923,0.9949660259951923,0.9949660259951922,0.0,6.842613220214844e-05,50,torneo,200,10,1071035820,111111110101101011010110101100,3
0.9950801817776193,0.47254796620453987,0.9427356355943697,0.15672922682535922,6.723403930664062e-05,51,torneo,200,10,1071097260,111111110101111010010110101100,3
0.9950801817776193,0.9899162960224948,0.9944838841544079,0.0015231949427481019,6.127357482910156e-05,52,torneo,200,10,1071097260,111111110101111010010110101100,3
0.9950801817776193,0.9949660259951923,0.9950345194646484,5.5924683626818743e-05,6.723403930664062e-05,53,torneo,200,10,1071097260,111111110101111010010110101100,3
0.9950801817776193,0.9950801817776193,0.9950801817776191,0.0,6.389617919921875e-05,54,torneo,200,10,1071097260,111111110101111010010110101100,3
0.9950801817776193,0.9901773963040154,0.9945899032302588,0.0014708356420811697,6.151199340820312e-05,55,torneo,200,10,1071097260,111111110101111010010110101100,3
0.9950801817776193,0.9950801817776193,0.9950801817776191,0.0,6.103515625e-05,56,torneo,200,10,1071097260,111111110101111010010110101100,3
0.9950801817776193,0.9950801817776193,0.9950801817776191,0.0,7.05718994140625e-05,57,torneo,200,10,1071097260,111111110101111010010110101100,3
0.9950801817776193,0.9948402281108432,0.9950561864109417,7.198610003282813e-05,6.604194641113281e-05,58,torneo,200,10,1071097260,111111110101111010010110101100,3
0.9975170651013724,0.9950801817776193,0.9953238701099945,0.0007310649971259409,6.771087646484375e-05,59,torneo,200,10,1072407980,111111111010111010010110101100,3
0.9975170651013724,0.9004359179133087,0.9868341970530647,0.028822328225369502,6.246566772460938e-05,60,torneo,200,10,1072407980,111111111010111010010110101100,3
0.9975170651013724,0.9950801817776193,0.997273376768997,0.0007310649971259409,6.628036499023438e-05,61,torneo,200,10,1072407980,111111111010111010010110101100,3
0.9977042380920843,0.9975170651013724,0.9975357824004435,5.615189721357439e-05,6.365776062011719e-05,62,torneo,200,10,1072508588,111111111011010010111010101100,3
0.9977042380920843,0.9975170651013724,0.9975919342583669,9.083671165995427e-05,6.961822509765625e-05,63,torneo,200,10,1072508588,111111111011010010111010101100,3
0.9977042380920843,0.9975171767212534,0.9976855319550012,5.611841124927297e-05,6.127357482910156e-05,64,torneo,200,10,1072508588,111111111011010010111010101100,3
0.9977042380920843,0.9977042380920843,0.9977042380920842,0.0,6.866455078125e-05,65,torneo,200,10,1072508588,111111111011010010111010101100,3
0.9977042380920843,0.9650546821091134,0.9944392824937871,0.009794866794891277,6.723403930664062e-05,66,torneo,200,10,1072508588,111111111011010010111010101100,3
0.9977042380920843,0.9977028092241217,0.997704095205288,4.286603887848628e-07,6.699562072753906e-05,67,torneo,200,10,1072508588,111111111011010010111010101100,3
0.9977042380920843,0.9969118088570355,0.9976249951685794,0.0002377287705146558,6.341934204101562e-05,68,torneo,200,10,1072508588,111111111011010010111010101100,3
0.9977042380920843,0.9977042380920843,0.9977042380920842,0.0,6.270408630371094e-05,69,torneo,200,10,1072508588,111111111011010010111010101100,3
0.9977042380920843,0.9977042380920843,0.9977042380920842,0.0,6.151199340820312e-05,70,torneo,200,10,1072508588,111111111011010010111010101100,3
0.9977042380920843,0.9977042380920843,0.9977042380920842,0.0,6.127357482910156e-05,71,torneo,200,10,1072508588,111111111011010010111010101100,3
0.9977042380920843,0.9977042380920843,0.9977042380920842,0.0,6.246566772460938e-05,72,torneo,200,10,1072508588,111111111011010010111010101100,3
0.9977042380920843,0.9977042380920843,0.9977042380920842,0.0,5.8650970458984375e-05,73,torneo,200,10,1072508588,111111111011010010111010101100,3
0.9977042380920843,0.9977042380920843,0.9977042380920842,0.0,6.556510925292969e-05,74,torneo,200,10,1072508588,111111111011010010111010101100,3
0.9977042380920843,0.9977004315007957,0.9977038574329555,1.1419773865872784e-06,6.246566772460938e-05,75,torneo,200,10,1072508588,111111111011010010111010101100,3
0.9977042380920843,0.9977042380920843,0.9977042380920842,0.0,6.079673767089844e-05,76,torneo,200,10,1072508588,111111111011010010111010101100,3
0.9977042380920843,0.9977042380920843,0.9977042380920842,0.0,6.890296936035156e-05,77,torneo,200,10,1072508588,111111111011010010111010101100,3
0.9977042380920843,0.7072738850700379,0.9663429152713171,0.0866325054282162,6.222724914550781e-05,78,torneo,200,10,1072508588,111111111011010010111010101100,3
0.9977042380920843,0.9977042380920843,0.9977042380920842,0.0,6.556510925292969e-05,79,torneo,200,10,1072508588,111111111011010010111010101100,3
0.9977042380920843,0.9780870531607072,0.9957425195989466,0.0058851554794131285,6.532669067382812e-05,80,torneo,200,10,1072508588,111111111011010010111010101100,3
0.9977042380920843,0.9745213629064587,0.9953859505735216,0.006954862555687669,5.936622619628906e-05,81,torneo,200,10,1072508588,111111111011010010111010101100,3
0.9977042380920843,0.9977042380920843,0.9977042380920842,0.0,6.175041198730469e-05,82,torneo,200,10,1072508588,111111111011010010111010101100,3
0.9977042380920843,0.9977042380920843,0.9977042380920842,0.0,6.723403930664062e-05,83,torneo,200,10,1072508588,111111111011010010111010101100,3
0.9977042380920843,0.9967623896310962,0.9976100532459855,0.00028255453829643116,7.295608520507812e-05,84,torneo,200,10,1072508588,111111111011010010111010101100,3
0.9977042380920843,0.9977042380920843,0.9977042380920842,0.0,7.033348083496094e-05,85,torneo,200,10,1072508588,111111111011010010111010101100,3
0.9977042380920843,0.9977042380920843,0.9977042380920842,0.0,6.151199340820312e-05,86,torneo,200,10,1072508588,111111111011010010111010101100,3
0.9977042380920843,0.9977042380920843,0.9977042380920842,0.0,6.175041198730469e-05,87,torneo,200,10,1072508588,111111111011010010111010101100,3
0.9977042380920843,0.9977042380920843,0.9977042380920842,0.0,6.151199340820312e-05,88,torneo,200,10,1072508588,111111111011010010111010101100,3
0.9977042380920843,0.9977042380920843,0.9977042380920842,0.0,6.008148193359375e-05,89,torneo,200,10,1072508588,111111111011010010111010101100,3
0.9977042380920843,0.9977042380920843,0.9977042380920842,0.0,6.103515625e-05,90,torneo,200,10,1072508588,111111111011010010111010101100,3
0.9977042380920843,0.9977042380920843,0.9977042380920842,0.0,6.67572021484375e-05,91,torneo,200,10,1072508588,111111111011010010111010101100,3
0.9977042380920843,0.9976432739685074,0.9976981416797266,1.8289237073076946e-05,6.961822509765625e-05,92,torneo,200,10,1072508588,111111111011010010111010101100,3
0.9977042380920843,0.7653240680298418,0.9744662088065219,0.06971404692556969,6.222724914550781e-05,93,torneo,200,10,1072508588,111111111011010010111010101100,3
0.9977042380920843,0.9977042380920843,0.9977042380920842,0.0,8.177757263183594e-05,94,torneo,200,10,1072508588,111111111011010010111010101100,3
0.9977042380920843,0.9977042380920843,0.9977042380920842,0.0,7.987022399902344e-05,95,torneo,200,10,1072508588,111111111011010010111010101100,3
0.9977042380920843,0.9977042380920843,0.9977042380920842,0.0,7.104873657226562e-05,96,torneo,200,10,1072508588,111111111011010010111010101100,3
0.9977042380920843,0.1913625832409175,0.9101524392231957,0.24048265107062558,6.222724914550781e-05,97,torneo,200,10,1072508588,111111111011010010111010101100,3
0.9977042380920843,0.9977042380920843,0.9977042380920842,0.0,6.29425048828125e-05,98,torneo,200,10,1072508588,111111111011010010111010101100,3
0.9977042380920843,0.9977042380920843,0.9977042380920842,0.0,6.222724914550781e-05,99,torneo,200,10,1072508588,111111111011010010111010101100,3
0.9977042380920843,0.9977042380920843,0.9977042380920842,0.0,6.175041198730469e-05,100,torneo,200,10,1072508588,111111111011010010111010101100,3
0.9977042380920843,0.9977042380920843,0.9977042380920842,0.0,6.031990051269531e-05,101,torneo,200,10,1072508588,111111111011010010111010101100,3
0.9977042380920843,0.9977042380920843,0.9977042380920842,0.0,6.270408630371094e-05,102,torneo,200,10,1072508588,111111111011010010111010101100,3
0.9977042380920843,0.9977042380920843,0.9977042380920842,0.0,6.0558319091796875e-05,103,torneo,200,10,1072508588,111111111011010010111010101100,3
0.9977042380920843,0.9977042380920843,0.9977042380920842,0.0,6.437301635742188e-05,104,torneo,200,10,1072508588,111111111011010010111010101100,3
0.9977042380920843,0.12913645434072485,0.9108474597169482,0.26057033512540784,6.365776062011719e-05,105,torneo,200,10,1072508588,111111111011010010111010101100,3
0.9977042380920843,0.9977042380920843,0.9977042380920842,0.0,6.461143493652344e-05,106,torneo,200,10,1072508588,111111111011010010111010101100,3
0.9977042380920843,0.9950372536787006,0.997437539650746,0.0008000953240151265,6.67572021484375e-05,107,torneo,200,10,1072508588,111111111011010010111010101100,3
0.9977263856763442,0.9977042380920843,0.9977064528505103,6.644275277967182e-06,6.127357482910156e-05,108,torneo,200,10,1072520492,111111111011010101110100101100,3
0.9977263856763442,0.9977042380920843,0.9977086676089362,8.859033703956243e-06,6.318092346191406e-05,109,torneo,200,10,1072520492,111111111011010101110100101100,3
0.9977263856763442,0.9977042380920843,0.9977175266426401,1.0850056094405641e-05,6.0558319091796875e-05,110,torneo,200,10,1072520492,111111111011010101110100101100,3
0.9977263856763442,0.9977263856763442,0.9977263856763441,0.0,6.508827209472656e-05,111,torneo,200,10,1072520492,111111111011010101110100101100,3
0.9977263856763442,0.9976321708398734,0.9977169641926972,2.826445094122887e-05,6.651878356933594e-05,112,torneo,200,10,1072520492,111111111011010101110100101100,3
0.9977263856763442,0.900404357919982,0.9879941829007081,0.02919660832690867,6.29425048828125e-05,113,torneo,200,10,1072520492,111111111011010101110100101100,3
0.9977263856763442,0.9977263856763442,0.9977263856763441,0.0,6.246566772460938e-05,114,torneo,200,10,1072520492,111111111011010101110100101100,3
0.9977263856763442,0.9977263856763442,0.9977263856763441,0.0,6.079673767089844e-05,115,torneo,200,10,1072520492,111111111011010101110100101100,3
0.9977263856763442,0.9977263856763442,0.9977263856763441,0.0,6.318092346191406e-05,116,torneo,200,10,1072520492,111111111011010101110100101100,3
0.9977263856763442,0.9976931643921366,0.9977230635479234,9.966385262272226e-06,6.175041198730469e-05,117,torneo,200,10,1072520492,111111111011010101110100101100,3
0.9977263856763442,0.9977263856763442,0.9977263856763441,0.0,6.651878356933594e-05,118,torneo,200,10,1072520492,111111111011010101110100101100,3
0.9977263856763442,0.9972733189228087,0.9976810790009907,0.0001359200260606541,6.508827209472656e-05,119,torneo,200,10,1072520492,111111111011010101110100101100,3
0.9977263856763442,0.19137228291316422,0.9170909754000262,0.241906230828954,6.198883056640625e-05,120,torneo,200,10,1072520492,111111111011010101110100101100,3
0.9977263856763442,0.9977263856763442,0.9977263856763441,0.0,6.079673767089844e-05,121,torneo,200,10,1072520492,111111111011010101110100101100,3
0.9977263856763442,0.9977263856763442,0.9977263856763441,0.0,6.4849853515625e-05,122,torneo,200,10,1072520492,111111111011010101110100101100,3
0.9977263856763442,0.7653434656513695,0.9744880936738467,0.06971487600749242,6.67572021484375e-05,123,torneo,200,10,1072520492,111111111011010101110100101100,3
0.9977263856763442,0.84176917326522,0.9821298309211114,0.046786885951293364,6.151199340820312e-05,124,torneo,200,10,1072520492,111111111011010101110100101100,3
0.9977263856763442,0.9977263856763442,0.9977263856763441,0.0,6.246566772460938e-05,125,torneo,200,10,1072520492,111111111011010101110100101100,3
0.9977263856763442,0.9977263856763442,0.9977263856763441,0.0,6.103515625e-05,126,torneo,200,10,1072520492,111111111011010101110100101100,3
0.9977263856763442,0.9977263856763442,0.9977263856763441,0.0,6.0558319091796875e-05,127,torneo,200,10,1072520492,111111111011010101110100101100,3
0.9977263856763442,0.9977263856763442,0.9977263856763441,0.0,6.031990051269531e-05,128,torneo,200,10,1072520492,111111111011010101110100101100,3
0.9977263856763442,0.9977263856763442,0.9977263856763441,0.0,5.9604644775390625e-05,129,torneo,200,10,1072520492,111111111011010101110100101100,3
0.9977263856763442,0.9977263856763442,0.9977263856763441,0.0,6.079673767089844e-05,130,torneo,200,10,1072520492,111111111011010101110100101100,3
0.9977263856763442,0.9977263856763442,0.9977263856763441,0.0,6.556510925292969e-05,131,torneo,200,10,1072520492,111111111011010101110100101100,3
0.9977378167837542,0.9977263856763442,0.9977275287870851,3.429332222992798e-06,6.175041198730469e-05,132,torneo,200,10,1072526636,111111111011010111010100101100,3
0.9977378167837542,0.9977263856763442,0.9977286718978261,4.572442963990397e-06,6.008148193359375e-05,133,torneo,200,10,1072526636,111111111011010111010100101100,3
0.9977378167837542,0.9977263856763442,0.9977343874515311,5.238391498338559e-06,6.508827209472656e-05,134,torneo,200,10,1072526636,111111111011010111010100101100,3
0.9983807433453121,0.9977378167837542,0.99780210943991,0.00019287796846738646,6.651878356933594e-05,135,torneo,200,10,1072872140,111111111100101011101011001100,3
0.9983807433453121,0.9977375786350152,0.997866378281192,0.00025718254170803754,6.365776062011719e-05,136,torneo,200,10,1072872140,111111111100101011101011001100,3
0.9983807433453121,0.6283034173364402,0.9609872548074903,0.11089498523512051,6.628036499023438e-05,137,torneo,200,10,1072872140,111111111100101011101011001100,3
0.9983807433453121,0.9977381144697178,0.9983154948021589,0.00019248106575663008,6.008148193359375e-05,138,torneo,200,10,1072872140,111111111100101011101011001100,3
0.9983807433453121,0.9983807433453121,0.9983807433453121,0.0,6.151199340820312e-05,139,torneo,200,10,1072872140,111111111100101011101011001100,3
0.9983807433453121,0.9983807433453121,0.9983807433453121,0.0,6.151199340820312e-05,140,torneo,200,10,1072872140,111111111100101011101011001100,3
0.9983807433453121,0.9983807433453121,0.9983807433453121,0.0,6.031990051269531e-05,141,torneo,200,10,1072872140,111111111100101011101011001100,3
0.9983807433453121,0.9983807433453121,0.9983807433453121,0.0,5.936622619628906e-05,142,torneo,200,10,1072872140,111111111100101011101011001100,3
0.9983807433453121,0.9983807433453121,0.9983807433453121,0.0,6.699562072753906e-05,143,torneo,200,10,1072872140,111111111100101011101011001100,3
0.9993414994684185,0.9082994715589093,0.9894686917789824,0.027057922957563964,6.318092346191406e-05,144,torneo,200,10,1073388236,111111111110101001101011001100,3
0.9993414994684185,0.9983807433453121,0.9985728945699334,0.0003843024492425684,6.818771362304688e-05,145,torneo,200,10,1073388236,111111111110101001101011001100,3
0.9993414994684185,0.9983807433453121,0.9987650457945547,0.0004706724537730621,6.151199340820312e-05,146,torneo,200,10,1073388236,111111111110101001101011001100,3
0.9993414994684185,0.9983807433453121,0.9992454238561079,0.0002882268369319263,6.222724914550781e-05,147,torneo,200,10,1073388236,111111111110101001101011001100,3
0.9993414994684185,0.9993414994684185,0.9993414994684185,0.0,6.628036499023438e-05,148,torneo,200,10,1073388236,111111111110101001101011001100,3
0.9993414994684185,0.6437334503455645,0.9637806945561331,0.10668241473685622,6.246566772460938e-05,149,torneo,200,10,1073388236,111111111110101001101011001100,3
0.9993414994684185,0.9993414994684185,0.9993414994684185,0.0,6.508827209472656e-05,150,torneo,200,10,1073388236,111111111110101001101011001100,3
0.9993414994684185,0.9987290593580328,0.99928025545738,0.0001837320331157244,6.29425048828125e-05,151,torneo,200,10,1073388236,111111111110101001101011001100,3
0.9993414994684185,0.9993414994684185,0.9993414994684185,0.0,6.103515625e-05,152,torneo,200,10,1073388236,111111111110101001101011001100,3
0.9993414994684185,0.9993414994684185,0.9993414994684185,0.0,6.628036499023438e-05,153,torneo,200,10,1073388236,111111111110101001101011001100,3
0.9993416931197322,0.9993414994684185,0.9993415188335499,5.8095394095403205e-08,6.079673767089844e-05,154,torneo,200,10,1073388340,111111111110101001101100110100,3
0.9993416931197322,0.9993414994684185,0.9993415381986809,6.499958210288264e-08,6.151199340820312e-05,155,torneo,200,10,1073388340,111111111110101001101100110100,3
0.9993418122897807,0.9993413802983887,0.9993416082110805,1.1843225258958905e-07,6.890296936035156e-05,156,torneo,200,10,1073388404,111111111110101001101101110100,3
0.9993418122897807,0.9993415590534361,0.9993417154641172,7.455572260502864e-08,7.05718994140625e-05,157,torneo,200,10,1073388404,111111111110101001101101110100,3
0.9994379848354852,0.7329759145645768,0.9727147921038114,0.0799129643301567,6.532669067382812e-05,158,torneo,200,10,1073440052,111111111110110110010100110100,3
0.9994638461483688,0.9993159525557799,0.9993609992887904,4.596606849379994e-05,6.747245788574219e-05,159,torneo,200,10,1073453940,111111111110111001101101110100,3
0.9994638461483688,0.9993416931197322,0.9993732382464934,4.7606615347433596e-05,6.580352783203125e-05,160,torneo,200,10,1073453940,111111111110111001101101110100,3
0.9994638461483688,0.6252712588964188,0.9620250901490787,0.11225127763826188,6.604194641113281e-05,161,torneo,200,10,1073453940,111111111110111001101101110100,3
0.9994638461483688,0.9994333369852298,0.9994526303321859,1.3022330568188408e-05,6.341934204101562e-05,162,torneo,200,10,1073453940,111111111110111001101101110100,3
0.9994638461483688,0.9994379848354852,0.9994612600170804,7.758393865087144e-06,6.651878356933594e-05,163,torneo,200,10,1073453940,111111111110111001101101110100,3
0.9994638461483688,0.9977572408859708,0.999293185622129,0.0005119815787193894,6.175041198730469e-05,164,torneo,200,10,1073453940,111111111110111001101101110100,3
0.9994638461483688,0.9994638461483688,0.9994638461483689,0.0,7.152557373046875e-05,165,torneo,200,10,1073453940,111111111110111001101101110100,3
0.9994638461483688,0.9921550021607387,0.9987329617496059,0.0021926531962890294,6.270408630371094e-05,166,torneo,200,10,1073453940,111111111110111001101101110100,3
0.9994638461483688,0.9994638461483688,0.9994638461483689,0.0,6.103515625e-05,167,torneo,200,10,1073453940,111111111110111001101101110100,3
0.9994638461483688,0.9994638461483688,0.9994638461483689,0.0,5.9604644775390625e-05,168,torneo,200,10,1073453940,111111111110111001101101110100,3
0.9994638461483688,0.9994638461483688,0.9994638461483689,0.0,6.771087646484375e-05,169,torneo,200,10,1073453940,111111111110111001101101110100,3
0.9994638461483688,0.9994120735805554,0.9994586688915875,1.5531770344023865e-05,6.246566772460938e-05,170,torneo,200,10,1073453940,111111111110111001101101110100,3
0.9994638461483688,0.9994638461483688,0.9994638461483689,0.0,6.270408630371094e-05,171,torneo,200,10,1073453940,111111111110111001101101110100,3
0.9994638461483688,0.9994638461483688,0.9994638461483689,0.0,6.222724914550781e-05,172,torneo,200,10,1073453940,111111111110111001101101110100,3
0.9994638461483688,0.9994638461483688,0.9994638461483689,0.0,6.079673767089844e-05,173,torneo,200,10,1073453940,111111111110111001101101110100,3
0.9994638461483688,0.9994638461483688,0.9994638461483689,0.0,6.532669067382812e-05,174,torneo,200,10,1073453940,111111111110111001101101110100,3
0.9994638461483688,0.9527187642645841,0.9947893379599904,0.014023524565135403,6.270408630371094e-05,175,torneo,200,10,1073453940,111111111110111001101101110100,3
0.9994638461483688,0.9994638461483688,0.9994638461483689,0.0,6.222724914550781e-05,176,torneo,200,10,1073453940,111111111110111001101101110100,3
0.9994638461483688,0.9994638461483688,0.9994638461483689,0.0,6.151199340820312e-05,177,torneo,200,10,1073453940,111111111110111001101101110100,3
0.9994638461483688,0.9994638461483688,0.9994638461483689,0.0,6.29425048828125e-05,178,torneo,200,10,1073453940,111111111110111001101101110100,3
0.9994638461483688,0.9994638461483688,0.9994638461483689,0.0,6.0558319091796875e-05,179,torneo,200,10,1073453940,111111111110111001101101110100,3
0.9994638461483688,0.9994638461483688,0.9994638461483689,0.0,6.008148193359375e-05,180,torneo,200,10,1073453940,111111111110111001101101110100,3
0.9994638461483688,0.9994638461483688,0.9994638461483689,0.0,6.0558319091796875e-05,181,torneo,200,10,1073453940,111111111110111001101101110100,3
0.9994638461483688,0.9994638461483688,0.9994638461483689,0.0,5.984306335449219e-05,182,torneo,200,10,1073453940,111111111110111001101101110100,3
0.9994638461483688,0.9994638461483688,0.9994638461483689,0.0,6.175041198730469e-05,183,torneo,200,10,1073453940,111111111110111001101101110100,3
0.9994638461483688,0.9994638461483688,0.9994638461483689,0.0,7.200241088867188e-05,184,torneo,200,10,1073453940,111111111110111001101101110100,3
0.9996240268946038,0.8615406255455583,0.9856850632896592,0.0413815085311416,6.794929504394531e-05,185,torneo,200,10,1073539956,111111111111001110101101110100,3
0.9996240268946038,0.9802012581244696,0.9975549104166038,0.005784745191201571,7.319450378417969e-05,186,torneo,200,10,1073539956,111111111111001110101101110100,3
0.9996240268946038,0.9880707319137328,0.9983604857089977,0.0034303747922272776,6.461143493652344e-05,187,torneo,200,10,1073539956,111111111111001110101101110100,3
0.9996240268946038,0.9994768961083834,0.9995870741332595,5.614997456872137e-05,6.175041198730469e-05,188,torneo,200,10,1073539956,111111111111001110101101110100,3
0.9996240268946038,0.9995989382142695,0.9996215180265704,7.526604100305256e-06,6.198883056640625e-05,189,torneo,200,10,1073539956,111111111111001110101101110100,3
0.9996240268946038,0.9996240268946038,0.999624026894604,0.0,6.246566772460938e-05,190,torneo,200,10,1073539956,111111111111001110101101110100,3
0.9996240268946038,0.9996240268946038,0.999624026894604,0.0,6.198883056640625e-05,191,torneo,200,10,1073539956,111111111111001110101101110100,3
0.9996240268946038,0.9996240268946038,0.999624026894604,0.0,5.984306335449219e-05,192,torneo,200,10,1073539956,111111111111001110101101110100,3
0.9996240268946038,0.9996240268946038,0.999624026894604,0.0,5.936622619628906e-05,193,torneo,200,10,1073539956,111111111111001110101101110100,3
0.9996240268946038,0.9996240268946038,0.999624026894604,0.0,6.151199340820312e-05,194,torneo,200,10,1073539956,111111111111001110101101110100,3
0.9996240268946038,0.9996240268946038,0.999624026894604,0.0,6.103515625e-05,195,torneo,200,10,1073539956,111111111111001110101101110100,3
0.9996240268946038,0.9996240268946038,0.999624026894604,0.0,5.9604644775390625e-05,196,torneo,200,10,1073539956,111111111111001110101101110100,3
0.9996240268946038,0.9996240268946038,0.999624026894604,0.0,6.198883056640625e-05,197,torneo,200,10,1073539956,111111111111001110101101110100,3
0.9996240268946038,0.9996240268946038,0.999624026894604,0.0,6.508827209472656e-05,198,torneo,200,10,1073539956,111111111111001110101101110100,3
0.9997169948206813,0.9996240268946038,0.9996333236872117,2.7890377823247547e-05,6.29425048828125e-05,199,torneo,200,10,1073589876,111111111111011010111001110100,3
0.9997169948206813,0.9996240268946038,0.9996426204798194,3.718717043099673e-05,6.628036499023438e-05,200,torneo,200,10,1073589876,111111111111011010111001110100,3
0.79251883661702,0.002777908438989677,0.43114540109502986,0.3211363570498359,5.3882598876953125e-05,1,elitismo,200,10,955882843,111000111110011001110101011011,1
0.79251883661702,0.4299575663128942,0.7155080400474699,0.10078019242598443,4.839897155761719e-05,2,elitismo,200,10,955882843,111000111110011001110101011011,1
0.79251883661702,0.7378055680479227,0.7758466779944028,0.024915220512395763,4.553794860839844e-05,3,elitismo,200,10,955882843,111000111110011001110101011011,1
0.79251883661702,0.7378055712477836,0.7862729751135326,0.016196960098405412,4.410743713378906e-05,4,elitismo,200,10,955882843,111000111110011001110101011011,1
0.79251883661702,0.7378556947186748,0.7862724068505278,0.016170831708820534,4.38690185546875e-05,5,elitismo,200,10,955882843,111000111110011001110101011011,1
0.79251883661702,0.7907781094688028,0.7921654901955097,0.0006931249856930002,4.2438507080078125e-05,6,elitismo,200,10,955882843,111000111110011001110101011011,1
0.79251883661702,0.7907781094688028,0.7921657850218466,0.0006932745806923835,4.9591064453125e-05,7,elitismo,200,10,955882843,111000111110011001110101011011,1
0.79251883661702,0.7925188117441341,0.7925188291551543,1.1398188272365267e-08,4.38690185546875e-05,8,elitismo,200,10,955882843,111000111110011001110101011011,1
0.79251883661702,0.7925188117441341,0.7925188341297315,7.461865791924538e-09,4.291534423828125e-05,9,elitismo,200,10,955882843,111000111110011001110101011011,1
0.79251883661702,0.7925188117441341,0.7925188341297315,7.461865791924538e-09,4.1961669921875e-05,10,elitismo,200,10,955882843,111000111110011001110101011011,1
0.79251883661702,0.79251883661702,0.79251883661702,0.0,4.172325134277344e-05,11,elitismo,200,10,955882843,111000111110011001110101011011,1
0.79251883661702,0.79251883661702,0.79251883661702,0.0,4.1961669921875e-05,12,elitismo,200,10,955882843,111000111110011001110101011011,1
0.79251883661702,0.79251883661702,0.79251883661702,0.0,4.696846008300781e-05,13,elitismo,200,10,955882843,111000111110011001110101011011,1
0.805791518111744,0.79251883661702,0.7938461047664924,0.003981804448417181,6.103515625e-05,14,elitismo,200,10,963853915,111001011100110011111001011011,1
0.805791518111744,0.7909206150851131,0.7936862826133018,0.0040631156097642165,5.316734313964844e-05,15,elitismo,200,10,963853915,111001011100110011111001011011,1
0.8196984386894851,0.7925010078325206,0.796562282095289,0.008668336907309003,5.0067901611328125e-05,16,elitismo,200,10,972135771,111001111100011001110101011011,1
0.8196984386894851,0.7909578805885192,0.7964079693708889,0.008752587564992965,4.100799560546875e-05,17,elitismo,200,10,972135771,111001111100011001110101011011,1
0.8196984386894851,0.7909578805885192,0.8017804658770802,0.010726661074309902,4.792213439941406e-05,18,elitismo,200,10,972135771,111001111100011001110101011011,1
0.8196984386894851,0.79251883661702,0.8047279868761386,0.011282532860381273,4.172325134277344e-05,19,elitismo,200,10,972135771,111001111100011001110101011011,1
0.8196984386894851,0.79251883661702,0.810237406596195,0.01059056626131266,4.792213439941406e-05,20,elitismo,200,10,972135771,111001111100011001110101011011,1
0.8596950729960459,0.791649704654375,0.814242740322042,0.018350961332032335,4.553794860839844e-05,21,elitismo,200,10,995570659,111011010101110011001111100011,1
0.8596950729960459,0.791649704654375,0.8101066161856296,0.020197400736713656,4.291534423828125e-05,22,elitismo,200,10,995570659,111011010101110011001111100011,1
0.8596950868123642,0.7916496913961117,0.8141040607540428,0.02516929829370903,4.935264587402344e-05,23,elitismo,200,10,995570667,111011010101110011001111101011,1
0.8596950868123642,0.7786703664457068,0.8296919248715412,0.03177292429742192,4.3392181396484375e-05,24,elitismo,200,10,995570667,111011010101110011001111101011,1
0.8599685334953878,0.7786703664457068,0.822430593782282,0.03231735543781359,4.38690185546875e-05,25,elitismo,200,10,995728987,111011010110011001111001011011,1
0.8599685334953878,0.7786703664457068,0.8204856999141983,0.03349907196151843,4.8160552978515625e-05,26,elitismo,200,10,995728987,111011010110011001111001011011,1
0.8599685334953878,0.7786699456736837,0.8289074667875566,0.03217466791486117,4.887580871582031e-05,27,elitismo,200,10,995728987,111011010110011001111001011011,1
0.8599685334953878,0.7547562876592956,0.8338350920918222,0.035217377190565634,4.1961669921875e-05,28,elitismo,200,10,995728987,111011010110011001111001011011,1
0.8599685334953878,0.7547285324650633,0.8301733229657764,0.04094198270030325,4.267692565917969e-05,29,elitismo,200,10,995728987,111011010110011001111001011011,1
0.8626870670859003,0.7547285324650633,0.8201116983093643,0.044132110190434164,4.4345855712890625e-05,30,elitismo,200,10,997301595,111011011100011001110101011011,1
0.8745193324608894,0.747956673021375,0.8223539866366443,0.04780710840951066,4.410743713378906e-05,31,elitismo,200,10,1004117595,111011110110011001111001011011,1
0.8745193324608894,0.7479562606312552,0.8326719556207847,0.05129849143770769,4.100799560546875e-05,32,elitismo,200,10,1004117595,111011110110011001111001011011,1
0.8745193324608894,0.7615304933714665,0.8573043601535459,0.03240821976329515,5.078315734863281e-05,33,elitismo,200,10,1004117595,111011110110011001111001011011,1
0.8745197783787356,0.7615304933714665,0.8471845332163582,0.04315326365852773,4.4345855712890625e-05,34,elitismo,200,10,1004117851,111011110110011001111101011011,1
0.8745197783787356,0.760678111664051,0.8382577911051973,0.050608515829202345,4.124641418457031e-05,35,elitismo,200,10,1004117851,111011110110011001111101011011,1
0.8745197783787356,0.7615304933714665,0.8586690873725809,0.03282208209544572,4.291534423828125e-05,36,elitismo,200,10,1004117851,111011110110011001111101011011,1
0.8745197783787356,0.7615300772561701,0.8484627021076301,0.043752526785911225,4.863739013671875e-05,37,elitismo,200,10,1004117851,111011110110011001111101011011,1
0.8745197783787356,0.7439367483841576,0.847795873824885,0.04791341737945148,4.696846008300781e-05,38,elitismo,200,10,1004117851,111011110110011001111101011011,1
0.8745197783787356,0.7439367483841576,0.8376802194336965,0.05399421715905011,4.076957702636719e-05,39,elitismo,200,10,1004117851,111011110110011001111101011011,1
0.8745197783787356,0.7615300772561701,0.8632207190829098,0.03389688060936951,4.1484832763671875e-05,40,elitismo,200,10,1004117851,111011110110011001111101011011,1
0.8745197783787356,0.8745193324608894,0.8745196891951664,1.783671384814056e-07,4.1484832763671875e-05,41,elitismo,200,10,1004117851,111011110110011001111101011011,1
0.8745197783787356,0.8745193324608894,0.8745196891951664,1.783671384814056e-07,5.125999450683594e-05,42,elitismo,200,10,1004117851,111011110110011001111101011011,1
0.9672667965830019,0.8745189422828672,0.8837942628142216,0.027824177924311386,4.553794860839844e-05,43,elitismo,200,10,1056022107,111110111100011001111001011011,1
0.9672667965830019,0.8745193324608894,0.8837943018320237,0.02782416491778674,4.172325134277344e-05,44,elitismo,200,10,1056022107,111110111100011001111001011011,1
0.9672667965830019,0.8745193324608894,0.8837943018320237,0.02782416491778674,4.220008850097656e-05,45,elitismo,200,10,1056022107,111110111100011001111001011011,1
0.9672667965830019,0.8745193324608894,0.8837943464238084,0.02782415005377913,4.8160552978515625e-05,46,elitismo,200,10,1056022107,111110111100011001111001011011,1
0.9672667965830019,0.8745193324608894,0.8837943469463683,0.027824149879586955,4.1484832763671875e-05,47,elitismo,200,10,1056022107,111110111100011001111001011011,1
0.9672667965830019,0.8745193324608894,0.8837944356073777,0.027824120325525694,4.124641418457031e-05,48,elitismo,200,10,1056022107,111110111100011001111001011011,1
0.9672672655510818,0.8745193324608894,0.8930691843246124,0.03709892337159748,4.744529724121094e-05,49,elitismo,200,10,1056022363,111110111100011001111101011011,1
0.9672672655510818,0.8635952322688448,0.9012514761258344,0.043335463781565976,4.363059997558594e-05,50,elitismo,200,10,1056022363,111110111100011001111101011011,1
0.9672672655510818,0.8745197783787356,0.9023439776336314,0.0425021664125372,4.220008850097656e-05,51,elitismo,200,10,1056022363,111110111100011001111101011011,1
0.9672672655510818,0.8745197783787356,0.911618773247674,0.045436803699515256,4.172325134277344e-05,52,elitismo,200,10,1056022363,111110111100011001111101011011,1
0.9682279507137631,0.8736067769318746,0.9208982903364907,0.04656262119661532,4.458427429199219e-05,53,elitismo,200,10,1056546651,111110111110011001111101011011,1
0.9682279507137631,0.8736067769318746,0.9301730390537253,0.045628590576909316,4.2438507080078125e-05,54,elitismo,200,10,1056546651,111110111110011001111101011011,1
0.9682279507137631,0.8736067769318746,0.9303651760862616,0.04578613648037106,5.030632019042969e-05,55,elitismo,200,10,1056546651,111110111110011001111101011011,1
0.9682279507137631,0.8745197783787356,0.9492018564484475,0.03733399321954302,4.1484832763671875e-05,56,elitismo,200,10,1056546651,111110111110011001111101011011,1
0.9682279507137631,0.8745197783787356,0.9494900619972519,0.03747577836900339,4.2438507080078125e-05,57,elitismo,200,10,1056546651,111110111110011001111101011011,1
0.9682673639961129,0.8745197783787356,0.9494719470281175,0.036588721434654026,5.5789947509765625e-05,58,elitismo,200,10,1056568155,111110111110011111001101011011,1
0.9682673639961129,0.8781765525377617,0.9588467055898553,0.02691453974169681,5.745887756347656e-05,59,elitismo,200,10,1056568155,111110111110011111001101011011,1
0.9682692408390908,0.8781747651417687,0.9502413279926711,0.03603283786758459,4.315376281738281e-05,60,elitismo,200,10,1056569179,111110111110011111011101011011,1
0.9682692408390908,0.9682279507137631,0.9682600443925363,1.606740584126097e-05,4.482269287109375e-05,61,elitismo,200,10,1056569179,111110111110011111011101011011,1
0.9682692408390908,0.9682279507137631,0.9682562907485991,1.856917480664537e-05,5.054473876953125e-05,62,elitismo,200,10,1056569179,111110111110011111011101011011,1
0.9682692408390908,0.9682279507137631,0.9682601147745359,1.6149971816204875e-05,6.008148193359375e-05,63,elitismo,200,10,1056569179,111110111110011111011101011011,1
0.9682692408390908,0.9650624972450667,0.9679428714814581,0.0009602067015447484,4.172325134277344e-05,64,elitismo,200,10,1056569179,111110111110011111011101011011,1
0.9682692408390908,0.9650624972450667,0.9679431764680541,0.0009603092305300934,4.315376281738281e-05,65,elitismo,200,10,1056569179,111110111110011111011101011011,1
0.9682692408390908,0.9682258393105608,0.9682592115531298,1.6767371738333445e-05,4.363059997558594e-05,66,elitismo,200,10,1056569179,111110111110011111011101011011,1
0.9682692408390908,0.9682258393105608,0.9682590883858259,1.6759788758613284e-05,4.887580871582031e-05,67,elitismo,200,10,1056569179,111110111110011111011101011011,1
0.9682692408390908,0.6469296123685998,0.9361207912510461,0.09639706138630427,4.291534423828125e-05,68,elitismo,200,10,1056569179,111110111110011111011101011011,1
0.9682692408390908,0.9682258393105608,0.9682508948813894,2.0107744730460896e-05,5.14984130859375e-05,69,elitismo,200,10,1056569179,111110111110011111011101011011,1
0.9682692408390908,0.927084598523758,0.9623714453194131,0.012873790483021622,4.1961669921875e-05,70,elitismo,200,10,1056569179,111110111110011111011101011011,1
0.9682692408390908,0.9506908241970944,0.9647322790270669,0.007020751637175476,4.172325134277344e-05,71,elitismo,200,10,1056569179,111110111110011111011101011011,1
0.9682708830781886,0.9682241971096618,0.9682481734996063,2.1428071793985737e-05,4.482269287109375e-05,72,elitismo,200,10,1056570075,111110111110011111101011011011,1
0.9682708830781886,0.9682258393105608,0.9682565957447619,1.9687490064563887e-05,4.8160552978515625e-05,73,elitismo,200,10,1056570075,111110111110011111101011011011,1
0.976517396061859,0.9682241971096618,0.9690857514237117,0.002477274882543542,4.982948303222656e-05,74,elitismo,200,10,1061059803,111111001111100111110011011011,1
0.976517396061859,0.9678941649914249,0.9690529124445287,0.0024906502311101814,4.220008850097656e-05,75,elitismo,200,10,1061059803,111111001111100111110011011011,1
0.976517396061859,0.9682241971096618,0.969910895402539,0.0033033000901215594,4.1961669921875e-05,76,elitismo,200,10,1061059803,111111001111100111110011011011,1
0.976517396061859,0.9682241971096618,0.9707405906669001,0.003781832385607067,4.100799560546875e-05,77,elitismo,200,10,1061059803,111111001111100111110011011011,1
0.976517396061859,0.9682241971096618,0.9707357109248159,0.0037850433240847856,4.220008850097656e-05,78,elitismo,200,10,1061059803,111111001111100111110011011011,1
0.976517396061859,0.9682241971096618,0.970736133215279,0.0037847684119283465,4.1961669921875e-05,79,elitismo,200,10,1061059803,111111001111100111110011011011,1
0.976517396061859,0.9682241971096618,0.9723850135215499,0.004132415183846408,4.76837158203125e-05,80,elitismo,200,10,1061059803,111111001111100111110011011011,1
0.9941184736991838,0.9682708830781886,0.9758037610757219,0.0071322177087540534,4.410743713378906e-05,81,elitismo,200,10,1070579547,111111110011111011111101011011,1
0.9941184736991838,0.9682708830781886,0.9774528525272246,0.006074966027880639,4.220008850097656e-05,82,elitismo,200,10,1070579547,111111110011111011111101011011,1
0.9941184736991838,0.9682708830781886,0.9792128251327684,0.00780766823053748,4.7206878662109375e-05,83,elitismo,200,10,1070579547,111111110011111011111101011011,1
0.9941184736991838,0.976517396061859,0.9870319111338572,0.008554329390224932,4.57763671875e-05,84,elitismo,200,10,1070579547,111111110011111011111101011011,1
0.9941184736991838,0.976517396061859,0.9888012014053487,0.008022180508279454,4.8160552978515625e-05,85,elitismo,200,10,1070579547,111111110011111011111101011011,1
0.9959133288753542,0.97458829319799,0.9888031087539815,0.008476937045126007,4.1961669921875e-05,86,elitismo,200,10,1071545563,111111110111100111110011011011,1
0.9959133288753542,0.976517396061859,0.9925378514530683,0.005366896423906554,4.792213439941406e-05,87,elitismo,200,10,1071545563,111111110111100111110011011011,1
0.9959133288753542,0.976517396061859,0.987257528161871,0.008784574573786874,4.291534423828125e-05,88,elitismo,200,10,1071545563,111111110111100111110011011011,1
0.9959133288753542,0.976517396061859,0.9909570940487644,0.007216596221322371,4.76837158203125e-05,89,elitismo,200,10,1071545563,111111110111100111110011011011,1
0.9959145185302655,0.976517396061859,0.9911545742327512,0.007321829024300122,4.458427429199219e-05,90,elitismo,200,10,1071546203,111111110111100111111101011011,1
0.9959145185302655,0.976517396061859,0.9913367221978356,0.007414713982065522,4.291534423828125e-05,91,elitismo,200,10,1071546203,111111110111100111111101011011,1
0.9959145185302655,0.9766693656539994,0.9932825199182627,0.005599984385875624,4.8160552978515625e-05,92,elitismo,200,10,1071546203,111111110111100111111101011011,1
0.9959145185302655,0.9941450981156509,0.9950210301191541,0.0008740747408956149,4.744529724121094e-05,93,elitismo,200,10,1071546203,111111110111100111111101011011,1
0.9959145185302655,0.9909857558266829,0.9948813959616729,0.0015165262929494562,4.76837158203125e-05,94,elitismo,200,10,1071546203,111111110111100111111101011011,1
0.9959145185302655,0.9909857558266829,0.994891338781373,0.0015226409509348628,5.14984130859375e-05,95,elitismo,200,10,1071546203,111111110111100111111101011011,1
0.9959145185302655,0.994147713032924,0.9953053209521971,0.0007922092729006917,4.076957702636719e-05,96,elitismo,200,10,1071546203,111111110111100111111101011011,1
0.9959145185302655,0.994147713032924,0.9953847146010425,0.0008092889279061538,4.220008850097656e-05,97,elitismo,200,10,1071546203,111111110111100111111101011011,1
0.9959145185302655,0.994147713032924,0.9953847146010425,0.0008092889279061538,4.2438507080078125e-05,98,elitismo,200,10,1071546203,111111110111100111111101011011,1
0.995914756461333,0.9941474753130298,0.9955612763119042,0.0007065439949785183,4.4345855712890625e-05,99,elitismo,200,10,1071546331,111111110111100111111111011011,1
0.9960972579611062,0.9939663410159151,0.9953848930169258,0.0008927457586209917,4.863739013671875e-05,100,elitismo,200,10,1071644507,111111110111111111111101011011,1
0.9960972579611062,0.9939663410159151,0.995190051472384,0.0009654973915250195,4.172325134277344e-05,101,elitismo,200,10,1071644507,111111110111111111111101011011,1
0.9960972579611062,0.9939663410159151,0.9950500197874144,0.0009782433580301745,4.2438507080078125e-05,102,elitismo,200,10,1071644507,111111110111111111111101011011,1
0.9960972579611062,0.9939663410159151,0.9948917141593606,0.0009498054567884519,4.1961669921875e-05,103,elitismo,200,10,1071644507,111111110111111111111101011011,1
0.9960972579611062,0.9940880462312075,0.9951048114418152,0.0009688468643188279,4.220008850097656e-05,104,elitismo,200,10,1071644507,111111110111111111111101011011,1
0.9960972579611062,0.9940880462312075,0.9955005799822979,0.0009115760982575926,4.100799560546875e-05,105,elitismo,200,10,1071644507,111111110111111111111101011011,1
0.9960972579611062,0.9940880462312075,0.9954944884816721,0.000907764072747266,4.2438507080078125e-05,106,elitismo,200,10,1071644507,111111110111111111111101011011,1
0.9960972579611062,0.9940880462312075,0.995689318154036,0.0007858941768190361,4.7206878662109375e-05,107,elitismo,200,10,1071644507,111111110111111111111101011011,1
0.9960972579611062,0.9766995253667355,0.9941453017004174,0.005815308406630389,4.1961669921875e-05,108,elitismo,200,10,1071644507,111111110111111111111101011011,1
0.9960972579611062,0.9960363429548474,0.9960911664604802,1.8274501877613146e-05,4.1484832763671875e-05,109,elitismo,200,10,1071644507,111111110111111111111101011011,1
0.9960972579611062,0.9960972579611062,0.9960972579611062,0.0,4.0531158447265625e-05,110,elitismo,200,10,1071644507,111111110111111111111101011011,1
0.9960972579611062,0.9960972579611062,0.9960972579611062,0.0,4.553794860839844e-05,111,elitismo,200,10,1071644507,111111110111111111111101011011,1
0.9960972579611062,0.968993838090706,0.9933869159740661,0.00813102596112003,4.3392181396484375e-05,112,elitismo,200,10,1071644507,111111110111111111111101011011,1
0.9960972579611062,0.968993838090706,0.9933869159740661,0.00813102596112003,4.267692565917969e-05,113,elitismo,200,10,1071644507,111111110111111111111101011011,1
0.9960972579611062,0.9960972579611062,0.9960972579611062,0.0,4.8160552978515625e-05,114,elitismo,200,10,1071644507,111111110111111111111101011011,1
0.9960972579611062,0.9960970125722125,0.9960972334222168,7.361666809480027e-08,4.172325134277344e-05,115,elitismo,200,10,1071644507,111111110111111111111101011011,1
0.9960972579611062,0.9960970125722125,0.9960972334222168,7.361666809480027e-08,4.267692565917969e-05,116,elitismo,200,10,1071644507,111111110111111111111101011011,1
0.9960972579611062,0.9960970200082392,0.9960972334222167,7.117253012726714e-08,4.839897155761719e-05,117,elitismo,200,10,1071644507,111111110111111111111101011011,1
0.9960972579611062,0.5165960721933871,0.9481471148454448,0.14385034755070328,4.673004150390625e-05,118,elitismo,200,10,1071644507,111111110111111111111101011011,1
0.9960972579611062,0.5166011702386476,0.9481468260219756,0.1438485519440454,4.220008850097656e-05,119,elitismo,200,10,1071644507,111111110111111111111101011011,1
0.9960972579611062,0.9960899409234472,0.9960965255137374,2.1948645497870647e-06,4.3392181396484375e-05,120,elitismo,200,10,1071644507,111111110111111111111101011011,1
0.9960972579611062,0.9960899409234472,0.9960957938099716,2.9264440888654884e-06,4.172325134277344e-05,121,elitismo,200,10,1071644507,111111110111111111111101011011,1
0.9960972579611062,0.9960899409234472,0.9960957945535742,2.9268150635974875e-06,4.172325134277344e-05,122,elitismo,200,10,1071644507,111111110111111111111101011011,1
0.9960972579611062,0.9960972579611062,0.9960972579611062,0.0,4.0531158447265625e-05,123,elitismo,200,10,1071644507,111111110111111111111101011011,1
0.9960972579611062,0.9960972579611062,0.9960972579611062,0.0,4.76837158203125e-05,124,elitismo,200,10,1071644507,111111110111111111111101011011,1
0.9998776260951227,0.9960972579611062,0.9964752947745078,0.0011341104402049496,4.410743713378906e-05,125,elitismo,200,10,1073676123,111111111111101111111101011011,1
0.9998776260951227,0.9960972579611062,0.9972313684013111,0.0017323823128929567,4.1961669921875e-05,126,elitismo,200,10,1073676123,111111111111101111111101011011,1
0.9998776260951227,0.9960972579611062,0.9976094052147128,0.0018519945936435593,4.029273986816406e-05,127,elitismo,200,10,1073676123,111111111111101111111101011011,1
0.9998776260951227,0.9960972579611062,0.9979874420281144,0.0018901840670082493,4.7206878662109375e-05,128,elitismo,200,10,1073676123,111111111111101111111101011011,1
0.9998776260951227,0.9960972579611062,0.9979874420281144,0.0018901840670082493,4.315376281738281e-05,129,elitismo,200,10,1073676123,111111111111101111111101011011,1
0.9998776260951227,0.9960972579611062,0.998365478841516,0.0018519945936435593,5.030632019042969e-05,130,elitismo,200,10,1073676123,111111111111101111111101011011,1
0.9998776260951227,0.9960972579611062,0.998365478841516,0.0018519945936435593,5.650520324707031e-05,131,elitismo,200,10,1073676123,111111111111101111111101011011,1
0.9998776260951227,0.9960972579611062,0.9987435156549177,0.0017323823128929567,4.863739013671875e-05,132,elitismo,200,10,1073676123,111111111111101111111101011011,1
0.9998776260951227,0.9960972579611062,0.9994629737815339,0.0011272039435008,4.1484832763671875e-05,133,elitismo,200,10,1073676123,111111111111101111111101011011,1
0.9998776260951227,0.9960972579611062,0.9991215524683194,0.0015121472536065994,4.744529724121094e-05,134,elitismo,200,10,1073676123,111111111111101111111101011011,1
0.9998776260951227,0.9960972579611062,0.9994991787802711,0.0011339742668441796,4.673004150390625e-05,135,elitismo,200,10,1073676123,111111111111101111111101011011,1
0.9998776260951227,0.9998776260951227,0.9998776260951227,0.0,4.935264587402344e-05,136,elitismo,200,10,1073676123,111111111111101111111101011011,1
0.9998776260951227,0.9998735210806237,0.9998772155936727,1.2315043496968769e-06,4.887580871582031e-05,137,elitismo,200,10,1073676123,111111111111101111111101011011,1
0.9998776260951227,0.9998776260951227,0.9998776260951227,0.0,4.267692565917969e-05,138,elitismo,200,10,1073676123,111111111111101111111101011011,1
0.9998776260951227,0.9998776260951227,0.9998776260951227,0.0,4.029273986816406e-05,139,elitismo,200,10,1073676123,111111111111101111111101011011,1
0.9998776260951227,0.9998776260951227,0.9998776260951227,0.0,4.291534423828125e-05,140,elitismo,200,10,1073676123,111111111111101111111101011011,1
0.9998776260951227,0.9998776260951227,0.9998776260951227,0.0,4.696846008300781e-05,141,elitismo,200,10,1073676123,111111111111101111111101011011,1
0.9998776260951227,0.995488258621336,0.999438689347744,0.0013168102421359795,4.1961669921875e-05,142,elitismo,200,10,1073676123,111111111111101111111101011011,1
0.9998776931462461,0.9954881917175508,0.9994386893624778,0.0013168325484607538,4.5299530029296875e-05,143,elitismo,200,10,1073676159,111111111111101111111101111111,1
0.9998776931462461,0.9954881917175508,0.9994386960675902,0.0013168347836120058,4.363059997558594e-05,144,elitismo,200,10,1073676159,111111111111101111111101111111,1
0.9998776931462461,0.9954881917175508,0.9994387094778148,0.0013168392538007044,4.291534423828125e-05,145,elitismo,200,10,1073676159,111111111111101111111101111111,1
0.9998776931462461,0.9998776260951227,0.9998776663257967,3.2848207817414264e-08,4.1484832763671875e-05,146,elitismo,200,10,1073676159,111111111111101111111101111111,1
0.9998776931462461,0.9998776260951227,0.9998776663257967,3.146740823434368e-08,4.792213439941406e-05,147,elitismo,200,10,1073676159,111111111111101111111101111111,1
0.9998776931462461,0.9990234357546941,0.9997922472917539,0.00025627051410759044,4.220008850097656e-05,148,elitismo,200,10,1073676159,111111111111101111111101111111,1
0.9998776931462461,0.9998776260951227,0.9998776663257967,3.2848207817414264e-08,4.792213439941406e-05,149,elitismo,200,10,1073676159,111111111111101111111101111111,1
0.9998776931462461,0.9997556340242826,0.9998654671187127,3.661104375675607e-05,5.030632019042969e-05,150,elitismo,200,10,1073676159,111111111111101111111101111111,1
0.9998776931462461,0.9997556340242826,0.9998532679116288,4.881695058026955e-05,4.00543212890625e-05,151,elitismo,200,10,1073676159,111111111111101111111101111111,1
0.9998776931462461,0.9997556340242826,0.9998654805289373,3.661550700873657e-05,4.363059997558594e-05,152,elitismo,200,10,1073676159,111111111111101111111101111111,1
0.9998776931462461,0.9998776260951227,0.9998776797360215,2.6820449372522148e-08,4.3392181396484375e-05,153,elitismo,200,10,1073676159,111111111111101111111101111111,1
0.9998776931462461,0.9998776260951227,0.9998776596206843,3.3525561715652685e-08,4.315376281738281e-05,154,elitismo,200,10,1073676159,111111111111101111111101111111,1
0.9998776931462461,0.9998776260951227,0.9998776596206843,3.3525561715652685e-08,4.076957702636719e-05,155,elitismo,200,10,1073676159,111111111111101111111101111111,1
0.9998776931462461,0.9998776260951227,0.9998776663257967,3.2848207817414264e-08,4.792213439941406e-05,156,elitismo,200,10,1073676159,111111111111101111111101111111,1
0.9998776931462461,0.9998776260951227,0.9998776663257967,3.2848207817414264e-08,4.029273986816406e-05,157,elitismo,200,10,1073676159,111111111111101111111101111111,1
0.9998776931462461,0.9998776260951227,0.9998776797360215,2.6820449372522148e-08,4.863739013671875e-05,158,elitismo,200,10,1073676159,111111111111101111111101111111,1
0.9998776931462461,0.9998774547422618,0.9998776626007354,7.21124334721754e-08,4.363059997558594e-05,159,elitismo,200,10,1073676159,111111111111101111111101111111,1
0.9998776931462461,0.9998776931462461,0.9998776931462461,0.0,4.601478576660156e-05,160,elitismo,200,10,1073676159,111111111111101111111101111111,1
0.9998778123482489,0.9998776931462461,0.9998777050664464,3.576060084720112e-08,4.744529724121094e-05,161,elitismo,200,10,1073676223,111111111111101111111110111111,1
0.9998778123482489,0.9998776931462461,0.9998777169866466,4.768080112960149e-08,4.2438507080078125e-05,162,elitismo,200,10,1073676223,111111111111101111111110111111,1
0.9998778123482489,0.9998776931462461,0.9998777289068469,5.4625220093133686e-08,4.100799560546875e-05,163,elitismo,200,10,1073676223,111111111111101111111110111111,1
0.9998778123482489,0.9998776931462461,0.9998777646674478,5.8396816647321714e-08,4.267692565917969e-05,164,elitismo,200,10,1073676223,111111111111101111111110111111,1
0.9998778123482489,0.9998776931462461,0.9998777885078484,4.768080112960149e-08,4.267692565917969e-05,165,elitismo,200,10,1073676223,111111111111101111111110111111,1
0.9998778123482489,0.9998776931462461,0.9998778004280486,3.576060084720112e-08,4.8160552978515625e-05,166,elitismo,200,10,1073676223,111111111111101111111110111111,1
0.9998778123482489,0.9960974438618032,0.9994997635794041,0.0011341065730904548,4.315376281738281e-05,167,elitismo,200,10,1073676223,111111111111101111111110111111,1
0.9998778123482489,0.9960974438618032,0.9994997635794041,0.0011341065730904548,4.124641418457031e-05,168,elitismo,200,10,1073676223,111111111111101111111110111111,1
0.9998778123482489,0.9998776931462461,0.9998778004280486,3.576060084720112e-08,4.744529724121094e-05,169,elitismo,200,10,1073676223,111111111111101111111110111111,1
0.9998778123482489,0.9998776931462461,0.9998778004280486,3.576060084720112e-08,4.124641418457031e-05,170,elitismo,200,10,1073676223,111111111111101111111110111111,1
0.9998778123482489,0.9998776931462461,0.9998778004280486,3.576060084720112e-08,4.8160552978515625e-05,171,elitismo,200,10,1073676223,111111111111101111111110111111,1
0.9998778123482489,0.9997556340242826,0.9998655945158523,3.6653497189897966e-05,3.9577484130859375e-05,172,elitismo,200,10,1073676223,111111111111101111111110111111,1
0.9998778123482489,0.9998778123482489,0.999877812348249,0.0,4.792213439941406e-05,173,elitismo,200,10,1073676223,111111111111101111111110111111,1
0.9999961797184476,0.9998778123482489,0.9998896490852689,3.551021105959729e-05,4.887580871582031e-05,174,elitismo,200,10,1073739773,111111111111111111011111111101,1
0.9999961797184476,0.9998778123482489,0.9998896490852689,3.551021105959729e-05,4.887580871582031e-05,175,elitismo,200,10,1073739773,111111111111111111011111111101,1
0.9999980889269899,0.9998778123482489,0.9999016767431428,4.773069901524635e-05,4.3392181396484375e-05,176,elitismo,200,10,1073740798,111111111111111111101111111110,1
0.9999980889269899,0.9998778123482489,0.9999137044010169,5.4828232322390164e-05,4.76837158203125e-05,177,elitismo,200,10,1073740798,111111111111111111101111111110,1
0.999999878928069,0.9998760224564229,0.9999377599132495,6.0289956917748455e-05,4.38690185546875e-05,178,elitismo,200,10,1073741759,111111111111111111111110111111,1
0.999999878928069,0.9998778123482489,0.9999738076730342,4.801504667543888e-05,5.245208740234375e-05,179,elitismo,200,10,1073741759,111111111111111111111110111111,1
0.999999878928069,0.9922026381900687,0.9991465494557629,0.0023191253903054577,4.3392181396484375e-05,180,elitismo,200,10,1073741759,111111111111111111111110111111,1
0.999999878928069,0.9922026381900687,0.9991469191904608,0.002319261107173504,4.57763671875e-05,181,elitismo,200,10,1073741759,111111111111111111111110111111,1
0.999999878928069,0.9922026381900687,0.9991591260347074,0.002323393411486961,4.9114227294921875e-05,182,elitismo,200,10,1073741759,111111111111111111111110111111,1
0.999999878928069,0.9921951573560435,0.9975501076421252,0.0035069278931469175,4.267692565917969e-05,183,elitismo,200,10,1073741759,111111111111111111111110111111,1
0.999999878928069,0.9921951573560435,0.9975623143001071,0.0035152114105250058,4.315376281738281e-05,184,elitismo,200,10,1073741759,111111111111111111111110111111,1
0.999999878928069,0.9921951573560435,0.9968794864660637,0.003821685396745213,4.3392181396484375e-05,185,elitismo,200,10,1073741759,111111111111111111111110111111,1
0.999999878928069,0.9921951573560435,0.9960990113751951,0.003899366958426704,4.9591064453125e-05,186,elitismo,200,10,1073741759,111111111111111111111110111111,1
0.999999878928069,0.9921951573560435,0.9976599586232664,0.003574287827543086,4.291534423828125e-05,187,elitismo,200,10,1073741759,111111111111111111111110111111,1
0.999999878928069,0.9922026381900687,0.999220154854269,0.0023391722214000767,4.100799560546875e-05,188,elitismo,200,10,1073741759,111111111111111111111110111111,1
0.999999878928069,0.9922026381900687,0.999220154854269,0.0023391722214000767,4.172325134277344e-05,189,elitismo,200,10,1073741759,111111111111111111111110111111,1
0.999999878928069,0.9922026381900687,0.999220154854269,0.0023391722214000767,4.601478576660156e-05,190,elitismo,200,10,1073741759,111111111111111111111110111111,1
0.999999878928069,0.9922026381900687,0.999220154854269,0.0023391722214000767,4.76837158203125e-05,191,elitismo,200,10,1073741759,111111111111111111111110111111,1
0.999999878928069,0.999999878928069,0.9999998789280691,0.0,4.1484832763671875e-05,192,elitismo,200,10,1073741759,111111111111111111111110111111,1
0.999999878928069,0.999999878928069,0.9999998789280691,0.0,4.7206878662109375e-05,193,elitismo,200,10,1073741759,111111111111111111111110111111,1
0.999999878928069,0.999999878928069,0.9999998789280691,0.0,4.291534423828125e-05,194,elitismo,200,10,1073741759,111111111111111111111110111111,1
0.999999878928069,0.999999878928069,0.9999998789280691,0.0,4.2438507080078125e-05,195,elitismo,200,10,1073741759,111111111111111111111110111111,1
0.999999878928069,0.999999878928069,0.9999998789280691,0.0,4.5299530029296875e-05,196,elitismo,200,10,1073741759,111111111111111111111110111111,1
0.999999878928069,0.999999878928069,0.9999998789280691,0.0,5.1975250244140625e-05,197,elitismo,200,10,1073741759,111111111111111111111110111111,1
0.999999878928069,0.999999878928069,0.9999998789280691,0.0,4.315376281738281e-05,198,elitismo,200,10,1073741759,111111111111111111111110111111,1
0.999999878928069,0.999999878928069,0.9999998789280691,0.0,4.8160552978515625e-05,199,elitismo,200,10,1073741759,111111111111111111111110111111,1
0.999999878928069,0.999999878928069,0.9999998789280691,0.0,4.124641418457031e-05,200,elitismo,200,10,1073741759,111111111111111111111110111111,1
0.9397947949605449,0.01501608786575626,0.3658747835886502,0.32178660081218163,5.364418029785156e-05,1,elitismo,200,10,1040917686,111110000010110010010010110110,2
0.9397947949605449,0.08178932324647904,0.519439255273115,0.3375878079100948,4.649162292480469e-05,2,elitismo,200,10,1040917686,111110000010110010010010110110,2
0.9397947949605449,0.17557553829243247,0.7445183059062288,0.2602971643417578,4.6253204345703125e-05,3,elitismo,200,10,1040917686,111110000010110010010010110110,2
0.9398049322120825,0.8338574844543107,0.9192165496604685,0.04118148729334838,4.601478576660156e-05,4,elitismo,200,10,1040923300,111110000010110011101010100100,2
0.9398049647149364,0.8338574844543107,0.9086238323140534,0.0476447423858104,5.793571472167969e-05,5,elitismo,200,10,1040923318,111110000010110011101010110110,2
0.9430371069295344,0.8338574844543107,0.9083408745002497,0.0487700334245877,4.601478576660156e-05,6,elitismo,200,10,1042711734,111110001001101000010010110110,2
0.9430371069295344,0.8340066557123119,0.9304990702592788,0.03219949150661957,4.124641418457031e-05,7,elitismo,200,10,1042711734,111110001001101000010010110110,2
0.9520678617830182,0.8225222707923505,0.9200159926177136,0.04607021234211012,4.458427429199219e-05,8,elitismo,200,10,1047692470,111110011100101000010010110110,2
0.9520929246761737,0.8340066523102291,0.9227139628416069,0.04451870315846763,5.14984130859375e-05,9,elitismo,200,10,1047706260,111110011100101011101010010100,2
0.9520929246761737,0.8340066523102291,0.9039453439507824,0.05716383188872401,4.76837158203125e-05,10,elitismo,200,10,1047706260,111110011100101011101010010100,2
0.9520929246761737,0.8340070605602146,0.9376210616928035,0.034763230588580836,4.363059997558594e-05,11,elitismo,200,10,1047706260,111110011100101011101010010100,2
0.9520929864705167,0.9430370454297735,0.9486460774750141,0.004209231459016374,5.936622619628906e-05,12,elitismo,200,10,1047706294,111110011100101011101010110110,2
0.9520929864705167,0.8474049636370234,0.940768991932209,0.031222730985175185,4.124641418457031e-05,13,elitismo,200,10,1047706294,111110011100101011101010110110,2
0.9520929864705167,0.8474049636370234,0.9407689922957051,0.03122273111700883,4.792213439941406e-05,14,elitismo,200,10,1047706294,111110011100101011101010110110,2
0.9520929864705167,0.847405351148096,0.941604592739643,0.03139976526920621,5.030632019042969e-05,15,elitismo,200,10,1047706294,111110011100101011101010110110,2
0.9529865241337901,0.8465623881377321,0.9206798434562955,0.048155088094084954,4.5299530029296875e-05,16,elitismo,200,10,1048197814,111110011110100011101010110110,2
0.9529865241337901,0.8474030980982329,0.9209542980938069,0.04815139656309431,4.267692565917969e-05,17,elitismo,200,10,1048197814,111110011110100011101010110110,2
0.9529865241337901,0.8474018395465691,0.941981407887693,0.03152933502295127,5.841255187988281e-05,18,elitismo,200,10,1048197814,111110011110100011101010110110,2
0.9530460500240174,0.9520334321941263,0.9527184596326956,0.0004231037008735289,5.817413330078125e-05,19,elitismo,200,10,1048230550,111110011110101011101010010110,2
0.9530460500240174,0.9151763858436684,0.948839156043031,0.011230311121673725,4.458427429199219e-05,20,elitismo,200,10,1048230550,111110011110101011101010010110,2
0.9530460500240174,0.9151763894074619,0.9489433877294342,0.01126556577418844,4.363059997558594e-05,21,elitismo,200,10,1048230550,111110011110101011101010010110,2
0.9530460500240174,0.9151763894074619,0.9413989933801664,0.01714557213411261,4.2438507080078125e-05,22,elitismo,200,10,1048230550,111110011110101011101010010110,2
0.9530461045757225,0.9143591196985913,0.9449972536100295,0.01512152825640058,4.982948303222656e-05,23,elitismo,200,10,1048230580,111110011110101011101010110100,2
0.989747040333274,0.9520929828355552,0.9565017194511622,0.011087791598869037,4.38690185546875e-05,24,elitismo,200,10,1068223126,111111101010111100101010010110,2
0.9915619250090408,0.9512667791235039,0.9637740047032926,0.017413783923547276,4.506111145019531e-05,25,elitismo,200,10,1069202070,111111101110101011101010010110,2
0.9915619250090408,0.9512667791235039,0.9713048162028363,0.01881906507472351,4.100799560546875e-05,26,elitismo,200,10,1069202070,111111101110101011101010010110,2
0.9915619250090408,0.9530461045757225,0.9790994959910909,0.01704260544759632,4.863739013671875e-05,27,elitismo,200,10,1069202070,111111101110101011101010010110,2
0.9915619250090408,0.9530460500240174,0.9829513186885386,0.014973257720332256,4.3392181396484375e-05,28,elitismo,200,10,1069202070,111111101110101011101010010110,2
0.9915619250090408,0.9530534981645964,0.9868028858365087,0.01128221344291208,4.363059997558594e-05,29,elitismo,200,10,1069202070,111111101110101011101010010110,2
0.9915619250090408,0.9530534981645964,0.9792854794905601,0.01716224167164075,4.76837158203125e-05,30,elitismo,200,10,1069202070,111111101110101011101010010110,2
0.9915619250090408,0.9512300387003441,0.9792712007078013,0.01758450841111489,4.887580871582031e-05,31,elitismo,200,10,1069202070,111111101110101011101010010110,2
0.9915623998302001,0.9512295736362439,0.9794420648336744,0.017694701950362778,5.030632019042969e-05,32,elitismo,200,10,1069202326,111111101110101011101110010110,2
0.9993642796949338,0.9454344277613878,0.9794558365583261,0.019597510614651533,4.6253204345703125e-05,33,elitismo,200,10,1073400470,111111111110101100101010010110,2
0.9993642796949338,0.9530460500240174,0.9875164351573742,0.011830923821934396,5.173683166503906e-05,34,elitismo,200,10,1073400470,111111111110101100101010010110,2
0.9993647563805572,0.9895193479752926,0.9925341476208829,0.003519777807542971,4.315376281738281e-05,35,elitismo,200,10,1073400726,111111111110101100101110010110,2
0.9993647563805572,0.9895193479752926,0.9966152483702192,0.004232528310497151,4.220008850097656e-05,36,elitismo,200,10,1073400726,111111111110101100101110010110,2
0.9993647563805572,0.9895193479752926,0.9956307407476018,0.0045801931101050386,4.267692565917969e-05,37,elitismo,200,10,1073400726,111111111110101100101110010110,2
0.9993795336912719,0.9895193479752926,0.9956422783909649,0.004590377343980488,4.482269287109375e-05,38,elitismo,200,10,1073408662,111111111110101110101010010110,2
0.9993800103805333,0.9896256011493882,0.9983967041135277,0.002923709646074731,5.4836273193359375e-05,39,elitismo,200,10,1073408918,111111111110101110101110010110,2
0.999827131649922,0.9993642796949338,0.9994198602942863,0.00013592322573489145,5.507469177246094e-05,40,elitismo,200,10,1073649012,111111111111101001010101110100,2
0.999827131649922,0.9993642796949338,0.9994675867247065,0.00017982985577325364,4.267692565917969e-05,41,elitismo,200,10,1073649012,111111111111101001010101110100,2
0.999827131649922,0.999379168726133,0.9995139307615437,0.00020503834961209307,4.363059997558594e-05,42,elitismo,200,10,1073649012,111111111111101001010101110100,2
0.999827131649922,0.999379168726133,0.999469266303531,0.000178932970115108,4.839897155761719e-05,43,elitismo,200,10,1073649012,111111111111101001010101110100,2
0.9998271353748903,0.9993800066563979,0.9995680115328298,0.00021321486970206013,4.57763671875e-05,44,elitismo,200,10,1073649014,111111111111101001010101110110,2
0.9998271353748903,0.9993800103805333,0.9996127247573071,0.0002157822720421181,4.315376281738281e-05,45,elitismo,200,10,1073649014,111111111111101001010101110110,2
0.9998271353748903,0.9993800103805333,0.9996310300660916,0.00019865034246372698,4.076957702636719e-05,46,elitismo,200,10,1073649014,111111111111101001010101110110,2
0.9998271353748903,0.9993800103805333,0.9995599107286326,0.0001783263997618993,4.839897155761719e-05,47,elitismo,200,10,1073649014,111111111111101001010101110110,2
0.9998300557521693,0.9688643999173072,0.9965347569451943,0.009225371081563951,4.482269287109375e-05,48,elitismo,200,10,1073650582,111111111111101001101110010110,2
0.9998300557521693,0.9993800103805333,0.9996313225627809,0.00019980778823942927,4.076957702636719e-05,49,elitismo,200,10,1073650582,111111111111101001101110010110,2
0.9998300557521693,0.9993800103805333,0.9996222593357945,0.00020907309508520742,4.839897155761719e-05,50,elitismo,200,10,1073650582,111111111111101001101110010110,2
0.9998300557521693,0.3525372111495676,0.9349380807320248,0.19413371907617755,4.1961669921875e-05,51,elitismo,200,10,1073650582,111111111111101001101110010110,2
0.9998300557521693,0.9993800103805333,0.9996046397093634,0.00022463076687642035,4.3392181396484375e-05,52,elitismo,200,10,1073650582,111111111111101001101110010110,2
0.9998681998470564,0.9993389559346367,0.9995147329569232,0.0002153124171809143,4.410743713378906e-05,53,elitismo,200,10,1073671062,111111111111101110101110010110,2
0.9998681998470564,0.9993800103805333,0.9996126618853287,0.00023302643481064734,4.982948303222656e-05,54,elitismo,200,10,1073671062,111111111111101110101110010110,2
0.9998681998470564,0.9986479943714196,0.9994944557472538,0.0003586934068910787,4.124641418457031e-05,55,elitismo,200,10,1073671062,111111111111101110101110010110,2
0.9998682445475945,0.9986479496981664,0.9995227064518643,0.0004756435484527271,4.315376281738281e-05,56,elitismo,200,10,1073671086,111111111111101110101110101110,2
0.9998682445475945,0.9993800103805333,0.9997705664238057,0.00019527802208383688,5.1975250244140625e-05,57,elitismo,200,10,1073671086,111111111111101110101110101110,2
0.9998682445475945,0.9993800103805333,0.9997705664238057,0.00019527802208383688,4.8160552978515625e-05,58,elitismo,200,10,1073671086,111111111111101110101110101110,2
0.9998682445475945,0.9993800103805333,0.9998193943105654,0.00014646131137503632,4.7206878662109375e-05,59,elitismo,200,10,1073671086,111111111111101110101110101110,2
0.9998682445475945,0.9993779844519575,0.9998192006578156,0.00014707207012893406,4.4345855712890625e-05,60,elitismo,200,10,1073671086,111111111111101110101110101110,2
0.9998682445475945,0.9993781483137513,0.9998192095939057,0.00014702043478880347,4.315376281738281e-05,61,elitismo,200,10,1073671086,111111111111101110101110101110,2
0.9998682445475945,0.9998680806456266,0.9998682236873438,4.9508072706115675e-08,4.8160552978515625e-05,62,elitismo,200,10,1073671086,111111111111101110101110101110,2
0.999873012610721,0.9998681998470564,0.9998687124137995,1.4335073908674797e-06,4.506111145019531e-05,63,elitismo,200,10,1073673646,111111111111101111010110101110,2
0.999873012610721,0.9998681998470564,0.9998691936901659,1.909506058779794e-06,4.792213439941406e-05,64,elitismo,200,10,1073673646,111111111111101111010110101110,2
0.999873012610721,0.9998681998470564,0.9998691936901659,1.909506058779794e-06,5.245208740234375e-05,65,elitismo,200,10,1073673646,111111111111101111010110101110,2
0.999873012610721,0.9222135750774498,0.9921046848258307,0.02329703669122144,4.315376281738281e-05,66,elitismo,200,10,1073673646,111111111111101111010110101110,2
0.999873012610721,0.9998682445475945,0.9998696749665325,2.1850010195733433e-06,4.267692565917969e-05,67,elitismo,200,10,1073673646,111111111111101111010110101110,2
0.999873012610721,0.9998682445475945,0.9998706285791578,2.384031563273936e-06,4.935264587402344e-05,68,elitismo,200,10,1073673646,111111111111101111010110101110,2
0.9998739662247106,0.9998672909363334,0.9998711053857432,2.558811134430852e-06,4.38690185546875e-05,69,elitismo,200,10,1073674158,111111111111101111011110101110,2
0.9998739662247106,0.9998672909363334,0.9998710100246171,2.678615988900149e-06,4.220008850097656e-05,70,elitismo,200,10,1073674158,111111111111101111011110101110,2
0.9998739662247106,0.9998672909363334,0.9998720589983685,2.1745711814066443e-06,4.220008850097656e-05,71,elitismo,200,10,1073674158,111111111111101111011110101110,2
0.9998739662247106,0.9998672909363334,0.9998710100246171,2.678615988900149e-06,4.267692565917969e-05,72,elitismo,200,10,1073674158,111111111111101111011110101110,2
0.9998739662247106,0.9998682445475945,0.9998721543594946,1.975152650383534e-06,4.2438507080078125e-05,73,elitismo,200,10,1073674158,111111111111101111011110101110,2
0.9998739662247106,0.9998682445475945,0.9998721543594946,1.975152650383534e-06,4.076957702636719e-05,74,elitismo,200,10,1073674158,111111111111101111011110101110,2
0.9998739662247106,0.999873012610721,0.9998731079721199,2.8608419686548816e-07,4.267692565917969e-05,75,elitismo,200,10,1073674158,111111111111101111011110101110,2
0.9998739662247106,0.999873012610721,0.9998731079721199,2.8608419686548816e-07,4.291534423828125e-05,76,elitismo,200,10,1073674158,111111111111101111011110101110,2
0.9998739662247106,0.999873012610721,0.9998732033335189,3.8144559582065086e-07,4.6253204345703125e-05,77,elitismo,200,10,1073674158,111111111111101111011110101110,2
0.9998739662247106,0.9998464308037732,0.999870735875622,8.114152771957312e-06,4.363059997558594e-05,78,elitismo,200,10,1073674158,111111111111101111011110101110,2
0.9998739662247106,0.9998464308037732,0.9998680776949274,1.0831844260662808e-05,4.792213439941406e-05,79,elitismo,200,10,1073674158,111111111111101111011110101110,2
0.9998739662247106,0.8453300712372425,0.9844137835577387,0.04636123868322398,4.7206878662109375e-05,80,elitismo,200,10,1073674158,111111111111101111011110101110,2
0.9998739662247106,0.9839505307112054,0.9982731594042678,0.004774225139063218,5.269050598144531e-05,81,elitismo,200,10,1073674158,111111111111101111011110101110,2
0.9998739662247106,0.999846311603641,0.9998681611364721,1.0931974394220056e-05,4.839897155761719e-05,82,elitismo,200,10,1073674158,111111111111101111011110101110,2
0.9998739662247106,0.9987718026855252,0.9997554534844711,0.0003281167635642158,4.267692565917969e-05,83,elitismo,200,10,1073674158,111111111111101111011110101110,2
0.9998739662247106,0.999846311603641,0.9998601389141758,1.3827310534786363e-05,4.363059997558594e-05,84,elitismo,200,10,1073674158,111111111111101111011110101110,2
0.9998768270694077,0.9998434508025996,0.9998601389185413,1.4444873575171852e-05,4.3392181396484375e-05,85,elitismo,200,10,1073675694,111111111111101111110110101110,2
0.9998768270694077,0.9998434508025996,0.9998629043806483,1.4177678505031046e-05,4.3392181396484375e-05,86,elitismo,200,10,1073675694,111111111111101111110110101110,2
0.9998768270694077,0.9998434508025996,0.9998631904651181,1.4424715258594833e-05,4.267692565917969e-05,87,elitismo,200,10,1073675694,111111111111101111110110101110,2
0.9998768270694077,0.9998434508025996,0.9998698657272108,1.255760665868596e-05,4.2438507080078125e-05,88,elitismo,200,10,1073675694,111111111111101111110110101110,2
0.9998768270694077,0.9998434508025996,0.9998662420204258,1.4959484628208713e-05,4.839897155761719e-05,89,elitismo,200,10,1073675694,111111111111101111110110101110,2
0.9998777769601536,0.9998434508025996,0.9998691024672418,1.290308338278915e-05,4.458427429199219e-05,90,elitismo,200,10,1073676204,111111111111101111111110101100,2
0.9998777769601536,0.9998739662247106,0.9998758727096779,1.5948131378362533e-06,4.744529724121094e-05,91,elitismo,200,10,1073676204,111111111111101111111110101100,2
0.9998777806852163,0.999873962499655,0.999876062687828,1.7473558714125534e-06,4.982948303222656e-05,92,elitismo,200,10,1073676206,111111111111101111111110101110,2
0.9998777806852163,0.9922016567000688,0.9991088328530637,0.0023023927660975915,4.363059997558594e-05,93,elitismo,200,10,1073676206,111111111111101111111110101110,2
0.9998777806852163,0.999873012610721,0.9998760641782161,2.123801399994661e-06,4.267692565917969e-05,94,elitismo,200,10,1073676206,111111111111101111111110101110,2
0.9998777806852163,0.999873012610721,0.9998756827321655,2.1238014408321845e-06,4.2438507080078125e-05,95,elitismo,200,10,1073676206,111111111111101111111110101110,2
0.9998777806852163,0.999873012610721,0.9998764456240847,1.8686961538031864e-06,4.1961669921875e-05,96,elitismo,200,10,1073676206,111111111111101111111110101110,2
0.9998777806852163,0.9998739662247106,0.9998766363470646,1.748005400269821e-06,4.220008850097656e-05,97,elitismo,200,10,1073676206,111111111111101111111110101110,2
0.9998777806852163,0.9998739662247106,0.9998770177931151,1.525784202272007e-06,5.1975250244140625e-05,98,elitismo,200,10,1073676206,111111111111101111111110101110,2
0.9998777806852163,0.2499999236315547,0.8721594496937822,0.26023991246609784,4.291534423828125e-05,99,elitismo,200,10,1073676206,111111111111101111111110101110,2
0.9998777806852163,0.2499999236315547,0.9248899949798501,0.22496335711609847,4.363059997558594e-05,100,elitismo,200,10,1073676206,111111111111101111111110101110,2
0.9998777806852163,0.9998777806852163,0.9998777806852163,0.0,4.220008850097656e-05,101,elitismo,200,10,1073676206,111111111111101111111110101110,2
0.9998777806852163,0.9998777806852163,0.9998777806852163,0.0,4.2438507080078125e-05,102,elitismo,200,10,1073676206,111111111111101111111110101110,2
0.9998777806852163,0.9998777806852163,0.9998777806852163,0.0,4.506111145019531e-05,103,elitismo,200,10,1073676206,111111111111101111111110101110,2
0.9998777806852163,0.9998777806852163,0.9998777806852163,0.0,4.315376281738281e-05,104,elitismo,200,10,1073676206,111111111111101111111110101110,2
0.9998777806852163,0.9998777806852163,0.9998777806852163,0.0,4.2438507080078125e-05,105,elitismo,200,10,1073676206,111111111111101111111110101110,2
0.9998777806852163,0.9998777806852163,0.9998777806852163,0.0,5.507469177246094e-05,106,elitismo,200,10,1073676206,111111111111101111111110101110,2
0.9998777806852163,0.9998777806852163,0.9998777806852163,0.0,4.744529724121094e-05,107,elitismo,200,10,1073676206,111111111111101111111110101110,2
0.9998777806852163,0.9998776316827162,0.9998777657849663,4.4700750034820655e-08,4.839897155761719e-05,108,elitismo,200,10,1073676206,111111111111101111111110101110,2
0.9998777806852163,0.9613114857056786,0.9960211511872625,0.011569888493861303,4.935264587402344e-05,109,elitismo,200,10,1073676206,111111111111101111111110101110,2
0.9998777806852163,0.9384174031448541,0.99373174293118,0.018438113262108646,4.315376281738281e-05,110,elitismo,200,10,1073676206,111111111111101111111110101110,2
0.9998777806852163,0.9384174031448541,0.9814396674231076,0.02816468323192734,4.267692565917969e-05,111,elitismo,200,10,1073676206,111111111111101111111110101110,2
0.9998778998872243,0.9384172876644984,0.9752936300412367,0.030109336750776556,4.57763671875e-05,112,elitismo,200,10,1073676270,111111111111101111111111101110,2
0.9999389322484834,0.9383581626555101,0.9752938449890305,0.030121614193287755,4.410743713378906e-05,113,elitismo,200,10,1073709038,111111111111110111111111101110,2
0.9999389322484834,0.9383581626555101,0.9814400969461664,0.028190807485330625,5.054473876953125e-05,114,elitismo,200,10,1073709038,111111111111110111111111101110,2
0.9999389322484834,0.9384174031448541,0.9921938350833457,0.01851800827679715,4.458427429199219e-05,115,elitismo,200,10,1073709038,111111111111110111111111101110,2
0.9999389322484834,0.9384174031448541,0.9906375338994635,0.01846070100465012,4.0531158447265625e-05,116,elitismo,200,10,1073709038,111111111111110111111111101110,2
0.9999389322484834,0.9384174031448541,0.9876102015630531,0.024596414368195534,4.3392181396484375e-05,117,elitismo,200,10,1073709038,111111111111110111111111101110,2
0.9999389322484834,0.9384174031448541,0.9937562512369263,0.01844630511268269,4.1484832763671875e-05,118,elitismo,200,10,1073709038,111111111111110111111111101110,2
0.9999389322484834,0.9384174031448541,0.9937623544730523,0.01844833952663463,4.291534423828125e-05,119,elitismo,200,10,1073709038,111111111111110111111111101110,2
0.9999389322484834,0.9384174031448541,0.9937623663936168,0.01844834351764449,4.8160552978515625e-05,120,elitismo,200,10,1073709038,111111111111110111111111101110,2
0.9999389322484834,0.9998778998872243,0.9999206225401057,2.7968541531169137e-05,4.887580871582031e-05,121,elitismo,200,10,1073709038,111111111111110111111111101110,2
0.9999389322484834,0.9999389322484834,0.9999389322484834,0.0,4.363059997558594e-05,122,elitismo,200,10,1073709038,111111111111110111111111101110,2
0.9999389322484834,0.9999389322484834,0.9999389322484834,0.0,4.291534423828125e-05,123,elitismo,200,10,1073709038,111111111111110111111111101110,2
0.9999389322484834,0.9999389322484834,0.9999389322484834,0.0,4.1961669921875e-05,124,elitismo,200,10,1073709038,111111111111110111111111101110,2
0.9999389322484834,0.9999389322484834,0.9999389322484834,0.0,4.267692565917969e-05,125,elitismo,200,10,1073709038,111111111111110111111111101110,2
0.9999389322484834,0.9999389322484834,0.9999389322484834,0.0,4.124641418457031e-05,126,elitismo,200,10,1073709038,111111111111110111111111101110,2
0.9999389322484834,0.9999389322484834,0.9999389322484834,0.0,4.9114227294921875e-05,127,elitismo,200,10,1073709038,111111111111110111111111101110,2
0.9999389322484834,0.9999389322484834,0.9999389322484834,0.0,4.3392181396484375e-05,128,elitismo,200,10,1073709038,111111111111110111111111101110,2
0.9999389322484834,0.9999389322484834,0.9999389322484834,0.0,4.696846008300781e-05,129,elitismo,200,10,1073709038,111111111111110111111111101110,2
0.9999389322484834,0.9999389322484834,0.9999389322484834,0.0,4.291534423828125e-05,130,elitismo,200,10,1073709038,111111111111110111111111101110,2
0.9999389322484834,0.9999389322484834,0.9999389322484834,0.0,5.5789947509765625e-05,131,elitismo,200,10,1073709038,111111111111110111111111101110,2
0.9999389322484834,0.9997406080959337,0.9999190998332285,5.9497245764916776e-05,4.363059997558594e-05,132,elitismo,200,10,1073709038,111111111111110111111111101110,2
0.9999389322484834,0.9999389322484834,0.9999389322484834,0.0,4.4345855712890625e-05,133,elitismo,200,10,1073709038,111111111111110111111111101110,2
0.9999389322484834,0.9999389322484834,0.9999389322484834,0.0,4.267692565917969e-05,134,elitismo,200,10,1073709038,111111111111110111111111101110,2
0.9999389322484834,0.9999389322484834,0.9999389322484834,0.0,4.291534423828125e-05,135,elitismo,200,10,1073709038,111111111111110111111111101110,2
0.9999389322484834,0.9999389322484834,0.9999389322484834,0.0,4.076957702636719e-05,136,elitismo,200,10,1073709038,111111111111110111111111101110,2
0.9999389322484834,0.9999389322484834,0.9999389322484834,0.0,4.1961669921875e-05,137,elitismo,200,10,1073709038,111111111111110111111111101110,2
0.9999389322484834,0.9999389322484834,0.9999389322484834,0.0,4.2438507080078125e-05,138,elitismo,200,10,1073709038,111111111111110111111111101110,2
0.9999389322484834,0.9999389322484834,0.9999389322484834,0.0,4.3392181396484375e-05,139,elitismo,200,10,1073709038,111111111111110111111111101110,2
0.9999389322484834,0.9999389322484834,0.9999389322484834,0.0,4.220008850097656e-05,140,elitismo,200,10,1073709038,111111111111110111111111101110,2
0.9999389322484834,0.9999389322484834,0.9999389322484834,0.0,4.8160552978515625e-05,141,elitismo,200,10,1073709038,111111111111110111111111101110,2
0.9999694491276049,0.9999389322484834,0.9999419839363956,9.15506373644348e-06,5.459785461425781e-05,142,elitismo,200,10,1073725422,111111111111111011111111101110,2
0.9999694491276049,0.9990236424073377,0.9998565583281053,0.0002779738666590673,4.410743713378906e-05,143,elitismo,200,10,1073725422,111111111111111011111111101110,2
0.9999694491276049,0.9999389322484834,0.9999572423759563,1.4950156477963029e-05,4.38690185546875e-05,144,elitismo,200,10,1073725422,111111111111111011111111101110,2
0.9999694491276049,0.9999389322484834,0.9999602940638684,1.3984590854799165e-05,4.9114227294921875e-05,145,elitismo,200,10,1073725422,111111111111111011111111101110,2
0.9999694491276049,0.9999389322484834,0.9999633457517806,1.2206751648591307e-05,4.935264587402344e-05,146,elitismo,200,10,1073725422,111111111111111011111111101110,2
0.9999694491276049,0.9999389322484834,0.9999663974396927,9.15506373644348e-06,4.410743713378906e-05,147,elitismo,200,10,1073725422,111111111111111011111111101110,2
0.9999694491276049,0.9999389322484834,0.9999663974396927,9.15506373644348e-06,4.792213439941406e-05,148,elitismo,200,10,1073725422,111111111111111011111111101110,2
0.9999694491276049,0.9999692405145457,0.999969428266299,6.258391774816018e-08,4.863739013671875e-05,149,elitismo,200,10,1073725422,111111111111111011111111101110,2
0.9999694491276049,0.9999692405145457,0.9999693865436872,9.559851345594477e-08,4.982948303222656e-05,150,elitismo,200,10,1073725422,111111111111111011111111101110,2
0.9999694491276049,0.9990236424073377,0.9998748267329663,0.00028372812047277294,4.9114227294921875e-05,151,elitismo,200,10,1073725422,111111111111111011111111101110,2
0.9999997280538268,0.9999692405145457,0.9999724352976151,9.097957455709567e-06,4.458427429199219e-05,152,elitismo,200,10,1073741678,111111111111111111111101101110,2
0.9999997280538268,0.9999694491276049,0.9999755049128491,1.2111570488748669e-05,4.2438507080078125e-05,153,elitismo,200,10,1073741678,111111111111111111111101101110,2
0.9999997280538268,0.9999694491276049,0.9999785328054716,1.3875547137371019e-05,4.38690185546875e-05,154,elitismo,200,10,1073741678,111111111111111111111101101110,2
0.9999997280538268,0.9999694491276049,0.9999876164833379,1.4833583840592654e-05,4.291534423828125e-05,155,elitismo,200,10,1073741678,111111111111111111111101101110,2
0.9999997280538268,0.9999694491276049,0.9999845885907158,1.5139463110935836e-05,5.078315734863281e-05,156,elitismo,200,10,1073741678,111111111111111111111101101110,2
0.9999997280538268,0.9999694491276049,0.9999845885907158,1.5139463110935836e-05,4.2438507080078125e-05,157,elitismo,200,10,1073741678,111111111111111111111101101110,2
0.9999999664723876,0.999969210712682,0.999990644376324,1.3927884729974006e-05,4.38690185546875e-05,158,elitismo,200,10,1073741806,111111111111111111111111101110,2
0.9999999664723876,0.999969210712682,0.9999967716871365,9.18767894586785e-06,4.3392181396484375e-05,159,elitismo,200,10,1073741806,111111111111111111111111101110,2
0.9999999664723876,0.999969210712682,0.9999968193708488,9.203503704278349e-06,4.9591064453125e-05,160,elitismo,200,10,1073741806,111111111111111111111111101110,2
0.9999999664723876,0.999969210712682,0.999996843212705,9.211313323490897e-06,4.267692565917969e-05,161,elitismo,200,10,1073741806,111111111111111111111111101110,2
0.9999999664723876,0.9999999664723876,0.9999999664723876,0.0,5.221366882324219e-05,162,elitismo,200,10,1073741806,111111111111111111111111101110,2
0.9999999664723876,0.9999999664723876,0.9999999664723876,0.0,4.506111145019531e-05,163,elitismo,200,10,1073741806,111111111111111111111111101110,2
0.9999999664723876,0.9999999664723876,0.9999999664723876,0.0,4.76837158203125e-05,164,elitismo,200,10,1073741806,111111111111111111111111101110,2
0.9999999664723876,0.9999980889269899,0.999999778717848,5.632636193131369e-07,4.38690185546875e-05,165,elitismo,200,10,1073741806,111111111111111111111111101110,2
0.9999999664723876,0.9999999664723876,0.9999999664723876,0.0,5.14984130859375e-05,166,elitismo,200,10,1073741806,111111111111111111111111101110,2
0.9999999664723876,0.9999999664723876,0.9999999664723876,0.0,4.863739013671875e-05,167,elitismo,200,10,1073741806,111111111111111111111111101110,2
0.9999999664723876,0.9999999664723876,0.9999999664723876,0.0,4.38690185546875e-05,168,elitismo,200,10,1073741806,111111111111111111111111101110,2
0.9999999664723876,0.9999999664723876,0.9999999664723876,0.0,4.410743713378906e-05,169,elitismo,200,10,1073741806,111111111111111111111111101110,2
0.9999999664723876,0.9999999664723876,0.9999999664723876,0.0,4.363059997558594e-05,170,elitismo,200,10,1073741806,111111111111111111111111101110,2
0.9999999664723876,0.9999999664723876,0.9999999664723876,0.0,4.267692565917969e-05,171,elitismo,200,10,1073741806,111111111111111111111111101110,2
0.9999999664723876,0.9999999664723876,0.9999999664723876,0.0,4.9591064453125e-05,172,elitismo,200,10,1073741806,111111111111111111111111101110,2
0.9999999664723876,0.9999999664723876,0.9999999664723876,0.0,4.3392181396484375e-05,173,elitismo,200,10,1073741806,111111111111111111111111101110,2
0.9999999664723876,0.9999999664723876,0.9999999664723876,0.0,4.291534423828125e-05,174,elitismo,200,10,1073741806,111111111111111111111111101110,2
0.9999999664723876,0.9999999664723876,0.9999999664723876,0.0,4.935264587402344e-05,175,elitismo,200,10,1073741806,111111111111111111111111101110,2
0.9999999664723876,0.9999999664723876,0.9999999664723876,0.0,4.863739013671875e-05,176,elitismo,200,10,1073741806,111111111111111111111111101110,2
0.9999999664723876,0.9999999664723876,0.9999999664723876,0.0,4.9114227294921875e-05,177,elitismo,200,10,1073741806,111111111111111111111111101110,2
0.9999999664723876,0.9999999664723876,0.9999999664723876,0.0,4.315376281738281e-05,178,elitismo,200,10,1073741806,111111111111111111111111101110,2
0.9999999664723876,0.9999999664723876,0.9999999664723876,0.0,4.1961669921875e-05,179,elitismo,200,10,1073741806,111111111111111111111111101110,2
0.9999999664723876,0.9999999664723876,0.9999999664723876,0.0,4.696846008300781e-05,180,elitismo,200,10,1073741806,111111111111111111111111101110,2
0.9999999664723876,0.9999999664723876,0.9999999664723876,0.0,4.482269287109375e-05,181,elitismo,200,10,1073741806,111111111111111111111111101110,2
0.9999999664723876,0.9999999664723876,0.9999999664723876,0.0,4.2438507080078125e-05,182,elitismo,200,10,1073741806,111111111111111111111111101110,2
0.9999999664723876,0.9999999664723876,0.9999999664723876,0.0,4.291534423828125e-05,183,elitismo,200,10,1073741806,111111111111111111111111101110,2
0.9999999664723876,0.9999999664723876,0.9999999664723876,0.0,4.4345855712890625e-05,184,elitismo,200,10,1073741806,111111111111111111111111101110,2
0.9999999664723876,0.9999999664723876,0.9999999664723876,0.0,4.172325134277344e-05,185,elitismo,200,10,1073741806,111111111111111111111111101110,2
0.9999999664723876,0.9999999664723876,0.9999999664723876,0.0,4.744529724121094e-05,186,elitismo,200,10,1073741806,111111111111111111111111101110,2
0.9999999664723876,0.9980478249526641,0.9998047523204153,0.0005856424559170681,4.76837158203125e-05,187,elitismo,200,10,1073741806,111111111111111111111111101110,2
0.9999999664723876,0.9999999664723876,0.9999999664723876,0.0,4.3392181396484375e-05,188,elitismo,200,10,1073741806,111111111111111111111111101110,2
0.9999999664723876,0.9999999664723876,0.9999999664723876,0.0,4.1484832763671875e-05,189,elitismo,200,10,1073741806,111111111111111111111111101110,2
0.9999999664723876,0.9999999664723876,0.9999999664723876,0.0,4.1961669921875e-05,190,elitismo,200,10,1073741806,111111111111111111111111101110,2
0.9999999664723876,0.9999999664723876,0.9999999664723876,0.0,5.245208740234375e-05,191,elitismo,200,10,1073741806,111111111111111111111111101110,2
0.9999999664723876,0.8715972883001086,0.9750503266586751,0.04992603680285345,4.315376281738281e-05,192,elitismo,200,10,1073741806,111111111111111111111111101110,2
0.9999999664723876,0.8715972865611548,0.9364806952806249,0.062050742505510764,4.363059997558594e-05,193,elitismo,200,10,1073741806,111111111111111111111111101110,2
0.9999999981373549,0.8715972587378932,0.9486388954741416,0.06290422730482491,5.364418029785156e-05,194,elitismo,200,10,1073741823,111111111111111111111111111111,2
0.9999999981373549,0.8715972587378932,0.9486388954741416,0.06290422730482491,5.125999450683594e-05,195,elitismo,200,10,1073741823,111111111111111111111111111111,2
0.9999999981373549,0.5393066160031598,0.9282501053385206,0.1391878041160128,4.601478576660156e-05,196,elitismo,200,10,1073741823,111111111111111111111111111111,2
0.9999999981373549,0.8715972883001086,0.9871597208206367,0.038520810840178075,5.0067901611328125e-05,197,elitismo,200,10,1073741823,111111111111111111111111111111,2
0.9999999981373549,0.8715972883001086,0.9871597208206367,0.038520810840178075,5.316734313964844e-05,198,elitismo,200,10,1073741823,111111111111111111111111111111,2
0.9999999981373549,0.8789062482537702,0.9871108958621335,0.036143054182852456,4.482269287109375e-05,199,elitismo,200,10,1073741823,111111111111111111111111111111,2
0.9999999981373549,0.8789062482537702,0.9871108958745026,0.03614305486771212,4.76837158203125e-05,200,elitismo,200,10,1073741823,111111111111111111111111111111,2
0.9318932416581611,0.0002724967519028296,0.3399530944750056,0.2656786056739837,6.151199340820312e-05,1,elitismo,200,10,1036532565,111101110010000011101101010101,3
0.9318932416581611,0.09016837936170274,0.4415535274539894,0.2524405011713998,5.340576171875e-05,2,elitismo,200,10,1036532565,111101110010000011101101010101,3
0.9321598070765506,0.1885593704156237,0.6747423253167022,0.23701779468860504,4.7206878662109375e-05,3,elitismo,200,10,1036680803,111101110010100111111001100011,3
0.9321598070765506,0.5396363692459941,0.7841591234334712,0.18158195803678429,4.38690185546875e-05,4,elitismo,200,10,1036680803,111101110010100111111001100011,3
0.9321598070765506,0.5818625181395206,0.8970767650991697,0.10507146825233334,4.9114227294921875e-05,5,elitismo,200,10,1036680803,111101110010100111111001100011,3
0.953474887378142,0.5818432149833145,0.8992087828376019,0.10598041804436191,5.1975250244140625e-05,6,elitismo,200,10,1048466357,111110011111100101001110110101,3
0.9534785540808609,0.5818392395901996,0.903501371018058,0.1076450961449792,4.410743713378906e-05,7,elitismo,200,10,1048468373,111110011111100101101110010101,3
0.9534947596817803,0.9319044618195487,0.9449262513473778,0.010474124285570633,5.078315734863281e-05,8,elitismo,200,10,1048477283,111110011111100111111001100011,3
0.9534947596817803,0.9321399533482982,0.9470755360444334,0.009774379750278133,5.054473876953125e-05,9,elitismo,200,10,1048477283,111110011111100111111001100011,3
0.9534947596817803,0.9321268327395754,0.9470699951333181,0.00877020713465676,5.221366882324219e-05,10,elitismo,200,10,1048477283,111110011111100111111001100011,3
0.9534953744424164,0.9321541530584943,0.9433821345793835,0.00926512256099098,5.078315734863281e-05,11,elitismo,200,10,1048477621,111110011111100111111110110101,3
0.9535093175578744,0.9321401583585422,0.9491680265987703,0.007435468685052304,4.982948303222656e-05,12,elitismo,200,10,1048485287,111110011111101001110110100111,3
0.9535093175578744,0.9321401583585422,0.947659823797915,0.00903587419964098,4.220008850097656e-05,13,elitismo,200,10,1048485287,111110011111101001110110100111,3
0.9535093175578744,0.9321594689859303,0.9513665084891798,0.0064023531558187715,4.315376281738281e-05,14,elitismo,200,10,1048485287,111110011111101001110110100111,3
0.9535093175578744,0.9534798599816471,0.9534990568610432,1.1494851249353176e-05,4.363059997558594e-05,15,elitismo,200,10,1048485287,111110011111101001110110100111,3
0.9535093175578744,0.9534798599816471,0.9535006083071174,9.706620511532642e-06,4.315376281738281e-05,16,elitismo,200,10,1048485287,111110011111101001110110100111,3
0.9535093175578744,0.9534953744424164,0.9535051342594706,6.389300148722728e-06,4.3392181396484375e-05,17,elitismo,200,10,1048485287,111110011111101001110110100111,3
0.9535093175578744,0.9534953744424164,0.9535037399479247,6.830406726053462e-06,4.482269287109375e-05,18,elitismo,200,10,1048485287,111110011111101001110110100111,3
0.9535093175578744,0.9534953744424164,0.9535051342594706,6.389300148722728e-06,4.172325134277344e-05,19,elitismo,200,10,1048485287,111110011111101001110110100111,3
0.9535093175578744,0.9534953744424164,0.9535079228825621,4.182813522532063e-06,4.887580871582031e-05,20,elitismo,200,10,1048485287,111110011111101001110110100111,3
0.9535102742637682,0.6600189721572327,0.924156100083939,0.08804570954630243,5.030632019042969e-05,21,elitismo,200,10,1048485813,111110011111101001111110110101,3
0.9688278217287383,0.6473745049740456,0.9244248951841424,0.09246304354523911,5.1021575927734375e-05,22,elitismo,200,10,1056873895,111110111111101001110110100111,3
0.9688278217287383,0.9531527106819531,0.9580693994627202,0.00704381580255921,4.9114227294921875e-05,23,elitismo,200,10,1056873895,111110111111101001110110100111,3
0.9688278217287383,0.9535093175578744,0.9611688566550745,0.007658965080834104,4.38690185546875e-05,24,elitismo,200,10,1056873895,111110111111101001110110100111,3
0.9688287860889395,0.9535093175578744,0.962700804291073,0.007504431387100389,4.410743713378906e-05,25,elitismo,200,10,1056874421,111110111111101001111110110101,3
0.9688287897557093,0.9535093175578744,0.9642329418190693,0.007019848015538296,4.291534423828125e-05,26,elitismo,200,10,1056874423,111110111111101001111110110111,3
0.9688287897557093,0.9535093175578744,0.9627011899827049,0.007504545814100923,4.172325134277344e-05,27,elitismo,200,10,1056874423,111110111111101001111110110111,3
0.9688287897557093,0.9535093175578744,0.962701190349382,0.007504546113499319,5.125999450683594e-05,28,elitismo,200,10,1056874423,111110111111101001111110110111,3
0.9688287897557093,0.5580790373768143,0.9246284421240858,0.12233084053451816,4.863739013671875e-05,29,elitismo,200,10,1056874423,111110111111101001111110110111,3
0.9688287897557093,0.9535102779014342,0.9671061196994513,0.0045408789812215545,5.745887756347656e-05,30,elitismo,200,10,1056874423,111110111111101001111110110111,3
0.9688738438793556,0.8785048393520568,0.9578367910651645,0.02703861740273282,5.054473876953125e-05,31,elitismo,200,10,1056898997,111110111111101111111110110101,3
0.9688738438793556,0.9681680625351323,0.968767228312848,0.0002001729816884158,4.9591064453125e-05,32,elitismo,200,10,1056898997,111110111111101111111110110101,3
0.9688738438793556,0.9677777350870449,0.9687282029015789,0.0003171070240553721,5.0067901611328125e-05,33,elitismo,200,10,1056898997,111110111111101111111110110101,3
0.9688738438793556,0.9688213975620031,0.9688325757492603,1.3932674482599326e-05,5.173683166503906e-05,34,elitismo,200,10,1056898997,111110111111101111111110110101,3
0.9988557823431183,0.2480278237266493,0.8997551718049095,0.21742677112735367,5.602836608886719e-05,35,elitismo,200,10,1073127351,111111111101101001111110110111,3
0.9988557823431183,0.9679122115387971,0.974068828733207,0.010809944822368377,4.3392181396484375e-05,36,elitismo,200,10,1073127351,111111111101101001111110110111,3
0.9989008926398045,0.9678678064861306,0.9793930556870242,0.013312304907186047,4.553794860839844e-05,37,elitismo,200,10,1073151583,111111111101101111111001011111,3
0.9989008926398045,0.9678678028211798,0.9822996006621543,0.014049634304011927,5.2928924560546875e-05,38,elitismo,200,10,1073151583,111111111101101111111001011111,3
0.9989008926398045,0.9679129078955396,0.9830773659369644,0.014561275747160563,4.982948303222656e-05,39,elitismo,200,10,1073151583,111111111101101111111001011111,3
0.9989008926398045,0.9674325179281642,0.9776101831959499,0.013925630210108191,4.315376281738281e-05,40,elitismo,200,10,1073151583,111111111101101111111001011111,3
0.9998320244017596,0.9678678064861306,0.9837611709153476,0.015304895771066244,4.4345855712890625e-05,41,elitismo,200,10,1073651639,111111111111101001111110110111,3
0.9998320244017596,0.9688287897557093,0.9902562150077896,0.014013364309593233,4.124641418457031e-05,42,elitismo,200,10,1073651639,111111111111101001111110110111,3
0.9998320244017596,0.9688287897557093,0.984144175475725,0.015309947628734642,4.363059997558594e-05,43,elitismo,200,10,1073651639,111111111111101001111110110111,3
0.9998320244017596,0.9688287897557093,0.9905310540079444,0.014207466955400275,4.863739013671875e-05,44,elitismo,200,10,1073651639,111111111111101001111110110111,3
0.9998320244017596,0.5577493184778178,0.9494231068801554,0.13112929891411435,4.863739013671875e-05,45,elitismo,200,10,1073651639,111111111111101001111110110111,3
0.9998320244017596,0.9688287897557093,0.9899140797071115,0.013921246835977093,4.315376281738281e-05,46,elitismo,200,10,1073651639,111111111111101001111110110111,3
0.9998320244017596,0.9688287897557093,0.9967317009371545,0.009300970393815078,4.8160552978515625e-05,47,elitismo,200,10,1073651639,111111111111101001111110110111,3
0.9999312379111227,0.9998320244017596,0.9998419457526959,2.9764052808944895e-05,4.839897155761719e-05,48,elitismo,200,10,1073704907,111111111111110110111111001011,3
0.9999312379111227,0.9980230407629539,0.9996610473888152,0.0005468028654234848,4.673004150390625e-05,49,elitismo,200,10,1073704907,111111111111110110111111001011,3
0.9999312379111227,0.9960517425565076,0.9992830192042901,0.001206595577936674,4.172325134277344e-05,50,elitismo,200,10,1073704907,111111111111110110111111001011,3
0.9999312379111227,0.9980230407629539,0.9996610473888152,0.0005468028654234848,4.7206878662109375e-05,51,elitismo,200,10,1073704907,111111111111110110111111001011,3
0.9999312379111227,0.9980465019057054,0.9996633935030905,0.0005397749627850511,3.981590270996094e-05,52,elitismo,200,10,1073704907,111111111111110110111111001011,3
0.9999312379111227,0.9998320244017596,0.9998518671036323,3.9685403745259865e-05,4.9114227294921875e-05,53,elitismo,200,10,1073704907,111111111111110110111111001011,3
0.9999312379111227,0.9998320244017596,0.9998717097704096,4.7138437806166966e-05,4.076957702636719e-05,54,elitismo,200,10,1073704907,111111111111110110111111001011,3
0.9999312379111227,0.9998320244017596,0.9998907858704627,4.802955240359038e-05,4.220008850097656e-05,55,elitismo,200,10,1073704907,111111111111110110111111001011,3
0.9999312379111227,0.9998320244017596,0.9998999405842994,4.454760656084935e-05,4.1961669921875e-05,56,elitismo,200,10,1073704907,111111111111110110111111001011,3
0.9999312379111227,0.9998320244017596,0.9999098619352216,3.9021669462713006e-05,4.863739013671875e-05,57,elitismo,200,10,1073704907,111111111111110110111111001011,3
0.9999312379111227,0.9998320244017596,0.9999113877589257,3.968168120585945e-05,4.291534423828125e-05,58,elitismo,200,10,1073704907,111111111111110110111111001011,3
0.9999312379111227,0.9998320244017596,0.999911391484088,3.968354269405273e-05,4.1961669921875e-05,59,elitismo,200,10,1073704907,111111111111110110111111001011,3
0.9999313198646932,0.9998319424522583,0.999911395209657,3.970590295292003e-05,4.4345855712890625e-05,60,elitismo,200,10,1073704951,111111111111110110111111110111,3
0.9999540062321989,0.99980917552089,0.999891536256855,5.405359700952851e-05,4.9591064453125e-05,61,elitismo,200,10,1073717131,111111111111111001111110001011,3
0.9999540062321989,0.9998092574694583,0.9998999281379497,5.348260685379957e-05,4.76837158203125e-05,62,elitismo,200,10,1073717131,111111111111111001111110001011,3
0.9999540062321989,0.9980401081215102,0.999697095840838,0.0005554028310152129,4.863739013671875e-05,63,elitismo,200,10,1073717131,111111111111111001111110001011,3
0.9999540285834267,0.9960889965516424,0.9995072609856344,0.0011411008531877005,4.482269287109375e-05,64,elitismo,200,10,1073717143,111111111111111001111110010111,3
0.9999540285834267,0.9998092574694583,0.9998915172472422,6.606812774831501e-05,4.410743713378906e-05,65,elitismo,200,10,1073717143,111111111111111001111110010111,3
0.9999540285834267,0.99980917552089,0.9999189411623263,5.362158386513135e-05,4.38690185546875e-05,66,elitismo,200,10,1073717143,111111111111111001111110010111,3
0.9999540285834267,0.9998166850036346,0.999920433419278,5.2322510901153914e-05,4.3392181396484375e-05,67,elitismo,200,10,1073717143,111111111111111001111110010111,3
0.9999540285834267,0.9998166850036346,0.9999341655421345,3.981725694656232e-05,4.267692565917969e-05,68,elitismo,200,10,1073717143,111111111111111001111110010111,3
0.9999540285834267,0.999938710600491,0.9999479021352364,7.489662991838035e-06,4.792213439941406e-05,69,elitismo,200,10,1073717143,111111111111111001111110010111,3
0.9999540881867024,0.967064982325617,0.9966620536557361,0.009865692300182013,4.458427429199219e-05,70,elitismo,200,10,1073717175,111111111111111001111110110111,3
0.999961851528532,0.9670572671564889,0.9933746960760919,0.013156786885030717,4.363059997558594e-05,71,elitismo,200,10,1073721343,111111111111111010111111111111,3
0.999961851528532,0.9999386509976737,0.9999532842949763,5.405008021479774e-06,4.792213439941406e-05,72,elitismo,200,10,1073721343,111111111111111010111111111111,3
0.999961851528532,0.3906249150168197,0.9390226810707463,0.18279925537735617,4.8160552978515625e-05,73,elitismo,200,10,1073721343,111111111111111010111111111111,3
0.999969003962264,0.9999540062321989,0.9999586567894345,5.04834126218798e-06,4.410743713378906e-05,74,elitismo,200,10,1073725183,111111111111111011111011111111,3
0.999969003962264,0.9999540062321989,0.9999601684830962,5.624458203550673e-06,4.9114227294921875e-05,75,elitismo,200,10,1073725183,111111111111111011111011111111,3
0.999969003962264,0.9999540062321989,0.9999601073922865,6.524403363120085e-06,5.030632019042969e-05,76,elitismo,200,10,1073725183,111111111111111011111011111111,3
0.9999883380127214,0.9999540881867024,0.9999650321478437,9.918476908311386e-06,4.9591064453125e-05,77,elitismo,200,10,1073735563,111111111111111110011110001011,3
0.9999883380127214,0.9999540881867024,0.9999650664258102,1.1043281302668851e-05,4.76837158203125e-05,78,elitismo,200,10,1073735563,111111111111111110011110001011,3
0.9999883380127214,0.5624995403924034,0.9562223824911721,0.13124094806091582,4.1961669921875e-05,79,elitismo,200,10,1073735563,111111111111111110011110001011,3
0.9999993871898398,0.5624828325963094,0.956227113923202,0.13124809468990278,5.435943603515625e-05,80,elitismo,200,10,1073741495,111111111111111111111010110111,3
0.9999993871898398,0.5624828325963094,0.9562339266273933,0.13125036498977982,4.887580871582031e-05,81,elitismo,200,10,1073741495,111111111111111111111010110111,3
0.9999995213002539,0.9776199223334032,0.9977487584109641,0.006709622904215482,4.458427429199219e-05,82,elitismo,200,10,1073741567,111111111111111111111011111111,3
0.9999995213002539,0.9776199223334032,0.9977562700316703,0.00671212227509334,4.410743713378906e-05,83,elitismo,200,10,1073741567,111111111111111111111011111111,3
0.9999995213002539,0.9776199223334032,0.9955129712351903,0.007680605131410733,4.38690185546875e-05,84,elitismo,200,10,1073741567,111111111111111111111011111111,3
0.9999995213002539,0.9776199223334032,0.993963082831024,0.009383389980319812,4.267692565917969e-05,85,elitismo,200,10,1073741567,111111111111111111111011111111,3
0.9999997820705294,0.9844055178291884,0.9984356476382835,0.00467671297154042,5.078315734863281e-05,86,elitismo,200,10,1073741707,111111111111111111111110001011,3
0.9999997820705294,0.9844355601963461,0.9984378867170006,0.004667451376959531,4.7206878662109375e-05,87,elitismo,200,10,1073741707,111111111111111111111110001011,3
0.9999997820705294,0.999957858097493,0.9999912050336143,1.4441704995919346e-05,4.935264587402344e-05,88,elitismo,200,10,1073741707,111111111111111111111110001011,3
0.9999997820705294,0.999957858097493,0.9999912288751069,1.4405579263414945e-05,4.3392181396484375e-05,89,elitismo,200,10,1073741707,111111111111111111111110001011,3
0.9999997820705294,0.9999694807920889,0.9999953810392901,9.251405569346844e-06,4.291534423828125e-05,90,elitismo,200,10,1073741707,111111111111111111111110001011,3
0.9999999981373549,0.9999692423771622,0.9999955047192615,9.383445449481337e-06,4.57763671875e-05,91,elitismo,200,10,1073741823,111111111111111111111111111111,3
0.9999999981373549,0.999969003962264,0.999995506954799,9.461676379223463e-06,4.315376281738281e-05,92,elitismo,200,10,1073741823,111111111111111111111111111111,3
0.9999999981373549,0.999969003962264,0.9999954346841887,9.431573780008447e-06,4.267692565917969e-05,93,elitismo,200,10,1073741823,111111111111111111111111111111,3
0.9999999981373549,0.999969003962264,0.9999873441666223,1.4874026296989028e-05,4.363059997558594e-05,94,elitismo,200,10,1073741823,111111111111111111111111111111,3
0.9999999981373549,0.999969003962264,0.999984387800232,1.528486868329505e-05,4.9591064453125e-05,95,elitismo,200,10,1073741823,111111111111111111111111111111,3
0.9999999981373549,0.999969003962264,0.9999874842378759,1.5037158142643812e-05,4.172325134277344e-05,96,elitismo,200,10,1073741823,111111111111111111111111111111,3
0.9999999981373549,0.9999692721790265,0.9999936830721664,1.2157123983250977e-05,5.269050598144531e-05,97,elitismo,200,10,1073741823,111111111111111111111111111111,3
0.9999999981373549,0.9999692721790265,0.9999966871229944,9.146052243395145e-06,4.792213439941406e-05,98,elitismo,200,10,1073741823,111111111111111111111111111111,3
0.9999999981373549,0.9999692721790265,0.999996925541522,9.217787498494446e-06,5.030632019042969e-05,99,elitismo,200,10,1073741823,111111111111111111111111111111,3
0.9999999981373549,0.9999999981373549,0.9999999981373549,0.0,4.3392181396484375e-05,100,elitismo,200,10,1073741823,111111111111111111111111111111,3
0.9999999981373549,0.9999999981373549,0.9999999981373549,0.0,4.887580871582031e-05,101,elitismo,200,10,1073741823,111111111111111111111111111111,3
0.9999999981373549,0.9999999981373549,0.9999999981373549,0.0,4.1484832763671875e-05,102,elitismo,200,10,1073741823,111111111111111111111111111111,3
0.9999999981373549,0.9999999981373549,0.9999999981373549,0.0,4.029273986816406e-05,103,elitismo,200,10,1073741823,111111111111111111111111111111,3
0.9999999981373549,0.9999999981373549,0.9999999981373549,0.0,4.1484832763671875e-05,104,elitismo,200,10,1073741823,111111111111111111111111111111,3
0.9999999981373549,0.9999999981373549,0.9999999981373549,0.0,4.696846008300781e-05,105,elitismo,200,10,1073741823,111111111111111111111111111111,3
0.9999999981373549,0.9999999981373549,0.9999999981373549,0.0,4.220008850097656e-05,106,elitismo,200,10,1073741823,111111111111111111111111111111,3
0.9999999981373549,0.9999999981373549,0.9999999981373549,0.0,4.076957702636719e-05,107,elitismo,200,10,1073741823,111111111111111111111111111111,3
0.9999999981373549,0.9999999981373549,0.9999999981373549,0.0,4.76837158203125e-05,108,elitismo,200,10,1073741823,111111111111111111111111111111,3
0.9999999981373549,0.9999999981373549,0.9999999981373549,0.0,4.1961669921875e-05,109,elitismo,200,10,1073741823,111111111111111111111111111111,3
0.9999999981373549,0.9999999981373549,0.9999999981373549,0.0,4.0531158447265625e-05,110,elitismo,200,10,1073741823,111111111111111111111111111111,3
0.9999999981373549,0.9999999981373549,0.9999999981373549,0.0,4.0531158447265625e-05,111,elitismo,200,10,1073741823,111111111111111111111111111111,3
0.9999999981373549,0.9999999981373549,0.9999999981373549,0.0,4.029273986816406e-05,112,elitismo,200,10,1073741823,111111111111111111111111111111,3
0.9999999981373549,0.9999999981373549,0.9999999981373549,0.0,4.076957702636719e-05,113,elitismo,200,10,1073741823,111111111111111111111111111111,3
0.9999999981373549,0.9999999981373549,0.9999999981373549,0.0,4.00543212890625e-05,114,elitismo,200,10,1073741823,111111111111111111111111111111,3
0.9999999981373549,0.9999999981373549,0.9999999981373549,0.0,4.744529724121094e-05,115,elitismo,200,10,1073741823,111111111111111111111111111111,3
0.9999999981373549,0.9999999981373549,0.9999999981373549,0.0,4.696846008300781e-05,116,elitismo,200,10,1073741823,111111111111111111111111111111,3
0.9999999981373549,0.9999999981373549,0.9999999981373549,0.0,5.1021575927734375e-05,117,elitismo,200,10,1073741823,111111111111111111111111111111,3
0.9999999981373549,0.9999999981373549,0.9999999981373549,0.0,4.076957702636719e-05,118,elitismo,200,10,1073741823,111111111111111111111111111111,3
0.9999999981373549,0.9999999981373549,0.9999999981373549,0.0,4.220008850097656e-05,119,elitismo,200,10,1073741823,111111111111111111111111111111,3
0.9999999981373549,0.9999999981373549,0.9999999981373549,0.0,4.673004150390625e-05,120,elitismo,200,10,1073741823,111111111111111111111111111111,3
0.9999999981373549,0.9999999981373549,0.9999999981373549,0.0,4.410743713378906e-05,121,elitismo,200,10,1073741823,111111111111111111111111111111,3
0.9999999981373549,0.9999999981373549,0.9999999981373549,0.0,3.981590270996094e-05,122,elitismo,200,10,1073741823,111111111111111111111111111111,3
0.9999999981373549,0.9999999981373549,0.9999999981373549,0.0,3.9577484130859375e-05,123,elitismo,200,10,1073741823,111111111111111111111111111111,3
0.9999999981373549,0.9999999981373549,0.9999999981373549,0.0,4.458427429199219e-05,124,elitismo,200,10,1073741823,111111111111111111111111111111,3
0.9999999981373549,0.9999999981373549,0.9999999981373549,0.0,4.172325134277344e-05,125,elitismo,200,10,1073741823,111111111111111111111111111111,3
0.9999999981373549,0.9999999981373549,0.9999999981373549,0.0,4.601478576660156e-05,126,elitismo,200,10,1073741823,111111111111111111111111111111,3
0.9999999981373549,0.9999999981373549,0.9999999981373549,0.0,4.839897155761719e-05,127,elitismo,200,10,1073741823,111111111111111111111111111111,3
0.9999999981373549,0.9999999981373549,0.9999999981373549,0.0,4.1961669921875e-05,128,elitismo,200,10,1073741823,111111111111111111111111111111,3
0.9999999981373549,0.9999999981373549,0.9999999981373549,0.0,4.029273986816406e-05,129,elitismo,200,10,1073741823,111111111111111111111111111111,3
0.9999999981373549,0.9999999981373549,0.9999999981373549,0.0,4.601478576660156e-05,130,elitismo,200,10,1073741823,111111111111111111111111111111,3
0.9999999981373549,0.9999999981373549,0.9999999981373549,0.0,4.267692565917969e-05,131,elitismo,200,10,1073741823,111111111111111111111111111111,3
0.9999999981373549,0.9999999981373549,0.9999999981373549,0.0,4.00543212890625e-05,132,elitismo,200,10,1073741823,111111111111111111111111111111,3
0.9999999981373549,0.9999999981373549,0.9999999981373549,0.0,4.100799560546875e-05,133,elitismo,200,10,1073741823,111111111111111111111111111111,3
0.9999999981373549,0.9999999981373549,0.9999999981373549,0.0,4.172325134277344e-05,134,elitismo,200,10,1073741823,111111111111111111111111111111,3
0.9999999981373549,0.9999999981373549,0.9999999981373549,0.0,4.982948303222656e-05,135,elitismo,200,10,1073741823,111111111111111111111111111111,3
0.9999999981373549,0.9999999981373549,0.9999999981373549,0.0,4.601478576660156e-05,136,elitismo,200,10,1073741823,111111111111111111111111111111,3
0.9999999981373549,0.9999999981373549,0.9999999981373549,0.0,4.696846008300781e-05,137,elitismo,200,10,1073741823,111111111111111111111111111111,3
0.9999999981373549,0.9999999981373549,0.9999999981373549,0.0,4.124641418457031e-05,138,elitismo,200,10,1073741823,111111111111111111111111111111,3
0.9999999981373549,0.9999999981373549,0.9999999981373549,0.0,4.100799560546875e-05,139,elitismo,200,10,1073741823,111111111111111111111111111111,3
0.9999999981373549,0.9999999981373549,0.9999999981373549,0.0,4.57763671875e-05,140,elitismo,200,10,1073741823,111111111111111111111111111111,3
0.9999999981373549,0.9999999981373549,0.9999999981373549,0.0,4.863739013671875e-05,141,elitismo,200,10,1073741823,111111111111111111111111111111,3
0.9999999981373549,0.9999999981373549,0.9999999981373549,0.0,4.363059997558594e-05,142,elitismo,200,10,1073741823,111111111111111111111111111111,3
0.9999999981373549,0.9999999981373549,0.9999999981373549,0.0,4.1484832763671875e-05,143,elitismo,200,10,1073741823,111111111111111111111111111111,3
0.9999999981373549,0.9999999981373549,0.9999999981373549,0.0,4.9114227294921875e-05,144,elitismo,200,10,1073741823,111111111111111111111111111111,3
0.9999999981373549,0.9999999981373549,0.9999999981373549,0.0,4.76837158203125e-05,145,elitismo,200,10,1073741823,111111111111111111111111111111,3
0.9999999981373549,0.9999999981373549,0.9999999981373549,0.0,4.482269287109375e-05,146,elitismo,200,10,1073741823,111111111111111111111111111111,3
0.9999999981373549,0.9999999981373549,0.9999999981373549,0.0,4.291534423828125e-05,147,elitismo,200,10,1073741823,111111111111111111111111111111,3
0.9999999981373549,0.9999999981373549,0.9999999981373549,0.0,4.76837158203125e-05,148,elitismo,200,10,1073741823,111111111111111111111111111111,3
0.9999999981373549,0.9999999981373549,0.9999999981373549,0.0,4.076957702636719e-05,149,elitismo,200,10,1073741823,111111111111111111111111111111,3
0.9999999981373549,0.9999999981373549,0.9999999981373549,0.0,5.030632019042969e-05,150,elitismo,200,10,1073741823,111111111111111111111111111111,3
0.9999999981373549,0.9999999981373549,0.9999999981373549,0.0,4.172325134277344e-05,151,elitismo,200,10,1073741823,111111111111111111111111111111,3
0.9999999981373549,0.9999999981373549,0.9999999981373549,0.0,4.172325134277344e-05,152,elitismo,200,10,1073741823,111111111111111111111111111111,3
0.9999999981373549,0.9999999981373549,0.9999999981373549,0.0,4.57763671875e-05,153,elitismo,200,10,1073741823,111111111111111111111111111111,3
0.9999999981373549,0.9999999981373549,0.9999999981373549,0.0,4.1961669921875e-05,154,elitismo,200,10,1073741823,111111111111111111111111111111,3
0.9999999981373549,0.9999999981373549,0.9999999981373549,0.0,4.2438507080078125e-05,155,elitismo,200,10,1073741823,111111111111111111111111111111,3
0.9999999981373549,0.9999999981373549,0.9999999981373549,0.0,4.124641418457031e-05,156,elitismo,200,10,1073741823,111111111111111111111111111111,3
0.9999999981373549,0.9999999981373549,0.9999999981373549,0.0,4.839897155761719e-05,157,elitismo,200,10,1073741823,111111111111111111111111111111,3
0.9999999981373549,0.9999999981373549,0.9999999981373549,0.0,3.981590270996094e-05,158,elitismo,200,10,1073741823,111111111111111111111111111111,3
0.9999999981373549,0.9999999981373549,0.9999999981373549,0.0,4.0531158447265625e-05,159,elitismo,200,10,1073741823,111111111111111111111111111111,3
0.9999999981373549,0.9999999981373549,0.9999999981373549,0.0,3.9577484130859375e-05,160,elitismo,200,10,1073741823,111111111111111111111111111111,3
0.9999999981373549,0.9999999981373549,0.9999999981373549,0.0,4.1961669921875e-05,161,elitismo,200,10,1073741823,111111111111111111111111111111,3
0.9999999981373549,0.9999999981373549,0.9999999981373549,0.0,3.933906555175781e-05,162,elitismo,200,10,1073741823,111111111111111111111111111111,3
0.9999999981373549,0.9999999981373549,0.9999999981373549,0.0,4.601478576660156e-05,163,elitismo,200,10,1073741823,111111111111111111111111111111,3
0.9999999981373549,0.9999999981373549,0.9999999981373549,0.0,4.1961669921875e-05,164,elitismo,200,10,1073741823,111111111111111111111111111111,3
0.9999999981373549,0.9999999981373549,0.9999999981373549,0.0,4.172325134277344e-05,165,elitismo,200,10,1073741823,111111111111111111111111111111,3
0.9999999981373549,0.9999999981373549,0.9999999981373549,0.0,4.506111145019531e-05,166,elitismo,200,10,1073741823,111111111111111111111111111111,3
0.9999999981373549,0.9999999981373549,0.9999999981373549,0.0,4.100799560546875e-05,167,elitismo,200,10,1073741823,111111111111111111111111111111,3
0.9999999981373549,0.9999999981373549,0.9999999981373549,0.0,4.100799560546875e-05,168,elitismo,200,10,1073741823,111111111111111111111111111111,3
0.9999999981373549,0.9999999981373549,0.9999999981373549,0.0,4.076957702636719e-05,169,elitismo,200,10,1073741823,111111111111111111111111111111,3
0.9999999981373549,0.9999999981373549,0.9999999981373549,0.0,4.0531158447265625e-05,170,elitismo,200,10,1073741823,111111111111111111111111111111,3
0.9999999981373549,0.9999999981373549,0.9999999981373549,0.0,4.172325134277344e-05,171,elitismo,200,10,1073741823,111111111111111111111111111111,3
0.9999999981373549,0.9999999981373549,0.9999999981373549,0.0,4.482269287109375e-05,172,elitismo,200,10,1073741823,111111111111111111111111111111,3
0.9999999981373549,0.9999999981373549,0.9999999981373549,0.0,4.649162292480469e-05,173,elitismo,200,10,1073741823,111111111111111111111111111111,3
0.9999999981373549,0.9999999981373549,0.9999999981373549,0.0,4.291534423828125e-05,174,elitismo,200,10,1073741823,111111111111111111111111111111,3
0.9999999981373549,0.9999999981373549,0.9999999981373549,0.0,4.172325134277344e-05,175,elitismo,200,10,1073741823,111111111111111111111111111111,3
0.9999999981373549,0.9999999981373549,0.9999999981373549,0.0,5.125999450683594e-05,176,elitismo,200,10,1073741823,111111111111111111111111111111,3
0.9999999981373549,0.9999999981373549,0.9999999981373549,0.0,4.220008850097656e-05,177,elitismo,200,10,1073741823,111111111111111111111111111111,3
0.9999999981373549,0.9999999981373549,0.9999999981373549,0.0,4.172325134277344e-05,178,elitismo,200,10,1073741823,111111111111111111111111111111,3
0.9999999981373549,0.9999999981373549,0.9999999981373549,0.0,4.38690185546875e-05,179,elitismo,200,10,1073741823,111111111111111111111111111111,3
0.9999999981373549,0.9999999981373549,0.9999999981373549,0.0,4.1961669921875e-05,180,elitismo,200,10,1073741823,111111111111111111111111111111,3
0.9999999981373549,0.9999999981373549,0.9999999981373549,0.0,4.172325134277344e-05,181,elitismo,200,10,1073741823,111111111111111111111111111111,3
0.9999999981373549,0.9999999981373549,0.9999999981373549,0.0,4.1484832763671875e-05,182,elitismo,200,10,1073741823,111111111111111111111111111111,3
0.9999999981373549,0.9999999981373549,0.9999999981373549,0.0,4.220008850097656e-05,183,elitismo,200,10,1073741823,111111111111111111111111111111,3
0.9999999981373549,0.9999999981373549,0.9999999981373549,0.0,4.744529724121094e-05,184,elitismo,200,10,1073741823,111111111111111111111111111111,3
0.9999999981373549,0.9999999981373549,0.9999999981373549,0.0,4.315376281738281e-05,185,elitismo,200,10,1073741823,111111111111111111111111111111,3
0.9999999981373549,0.9999999981373549,0.9999999981373549,0.0,4.673004150390625e-05,186,elitismo,200,10,1073741823,111111111111111111111111111111,3
0.9999999981373549,0.9999999981373549,0.9999999981373549,0.0,4.267692565917969e-05,187,elitismo,200,10,1073741823,111111111111111111111111111111,3
0.9999999981373549,0.9999999981373549,0.9999999981373549,0.0,4.029273986816406e-05,188,elitismo,200,10,1073741823,111111111111111111111111111111,3
0.9999999981373549,0.9999999981373549,0.9999999981373549,0.0,4.2438507080078125e-05,189,elitismo,200,10,1073741823,111111111111111111111111111111,3
0.9999999981373549,0.9999999981373549,0.9999999981373549,0.0,4.744529724121094e-05,190,elitismo,200,10,1073741823,111111111111111111111111111111,3
0.9999999981373549,0.9999999981373549,0.9999999981373549,0.0,4.100799560546875e-05,191,elitismo,200,10,1073741823,111111111111111111111111111111,3
0.9999999981373549,0.9999999981373549,0.9999999981373549,0.0,4.792213439941406e-05,192,elitismo,200,10,1073741823,111111111111111111111111111111,3
0.9999999981373549,0.9999999981373549,0.9999999981373549,0.0,4.100799560546875e-05,193,elitismo,200,10,1073741823,111111111111111111111111111111,3
0.9999999981373549,0.9999999981373549,0.9999999981373549,0.0,4.744529724121094e-05,194,elitismo,200,10,1073741823,111111111111111111111111111111,3
0.9999999981373549,0.9999999981373549,0.9999999981373549,0.0,4.172325134277344e-05,195,elitismo,200,10,1073741823,111111111111111111111111111111,3
0.9999999981373549,0.9999999981373549,0.9999999981373549,0.0,4.124641418457031e-05,196,elitismo,200,10,1073741823,111111111111111111111111111111,3
0.9999999981373549,0.9999999981373549,0.9999999981373549,0.0,4.100799560546875e-05,197,elitismo,200,10,1073741823,111111111111111111111111111111,3
0.9999999981373549,0.9999999981373549,0.9999999981373549,0.0,4.076957702636719e-05,198,elitismo,200,10,1073741823,111111111111111111111111111111,3
0.9999999981373549,0.9999999981373549,0.9999999981373549,0.0,4.315376281738281e-05,199,elitismo,200,10,1073741823,111111111111111111111111111111,3
0.9999999981373549,0.9999999981373549,0.9999999981373549,0.0,4.744529724121094e-05,200,elitismo,200,10,1073741823,111111111111111111111111111111,3
