fitness_max,fitness_min,fitness_prom,desv_std,tiempo_gen_seg,generacion,metodo,n_generaciones,tam_poblacion,repeticion
4.752983424463664e-05,4.2287447306876296e-05,4.503484003777761e-05,1.4868760674432178e-06,0.0004711151123046875,1,ruleta,20,10,1
4.752983424463664e-05,4.2432295465792854e-05,4.49432607840574e-05,1.6600678671256995e-06,0.00042700767517089844,2,ruleta,20,10,1
4.729780670321359e-05,4.460965128184712e-05,4.5551755218133295e-05,1.0255440521946468e-06,0.0004019737243652344,3,ruleta,20,10,1
4.729658192497895e-05,4.465380081546797e-05,4.590019960768202e-05,1.0324097372171607e-06,0.0003991127014160156,4,ruleta,20,10,1
4.727384207260724e-05,4.250522336002737e-05,4.570213893530412e-05,1.452015607515283e-06,0.00039696693420410156,5,ruleta,20,10,1
4.7521240782370585e-05,4.395786441041557e-05,4.625296638382089e-05,1.1312791566864165e-06,0.000392913818359375,6,ruleta,20,10,1
4.709064883831162e-05,4.395786441041557e-05,4.58538958170255e-05,1.0132119426190223e-06,0.00038909912109375,7,ruleta,20,10,1
4.709064883831162e-05,4.395786441041557e-05,4.6098885805879e-05,9.41115052363577e-07,0.0003981590270996094,8,ruleta,20,10,1
4.683550913863777e-05,4.4674919530616865e-05,4.588847692424655e-05,7.268509309218377e-07,0.0003960132598876953,9,ruleta,20,10,1
4.6601094561990714e-05,4.506308383663779e-05,4.559959188224953e-05,5.413148818572695e-07,0.0004279613494873047,10,ruleta,20,10,1
4.685158338996833e-05,4.461491841585489e-05,4.549604114532367e-05,7.467106929050617e-07,0.0004010200500488281,11,ruleta,20,10,1
4.667141301904936e-05,4.3663263193773625e-05,4.518929868937131e-05,8.69324269679109e-07,0.0003941059112548828,12,ruleta,20,10,1
4.601378073992669e-05,4.1627519305924034e-05,4.4612006039396094e-05,1.3646916567434047e-06,0.0003948211669921875,13,ruleta,20,10,1
4.6092922003694596e-05,4.3225146746513385e-05,4.4668493401304514e-05,8.733335455229262e-07,0.0003998279571533203,14,ruleta,20,10,1
4.598317007748751e-05,4.432750138262459e-05,4.506249414317714e-05,4.6133682698902346e-07,0.0003972053527832031,15,ruleta,20,10,1
4.610459264280466e-05,4.344852849739027e-05,4.482520710515871e-05,8.558095127651464e-07,0.00039887428283691406,16,ruleta,20,10,1
4.610459264280466e-05,4.175888389562833e-05,4.4734261697831275e-05,1.1042232427933736e-06,0.0003972053527832031,17,ruleta,20,10,1
4.610459264280466e-05,4.102697646953457e-05,4.4286896147010164e-05,1.6678250295317874e-06,0.0003921985626220703,18,ruleta,20,10,1
4.610459264280466e-05,4.0262318893857286e-05,4.433029613648157e-05,1.921505788300967e-06,0.00039386749267578125,19,ruleta,20,10,1
4.680031619442835e-05,4.102697646953457e-05,4.4359008670670044e-05,1.9335770942073246e-06,0.0004150867462158203,20,ruleta,20,10,1
4.751841595788616e-05,4.278005518253386e-05,4.552080021492194e-05,1.841731433890088e-06,0.0004372596740722656,1,ruleta,20,10,2
4.7812357478357356e-05,4.3341617922280256e-05,4.5421333937991935e-05,1.5283748507352088e-06,0.0003960132598876953,2,ruleta,20,10,2
4.7563028087294194e-05,4.143579429421741e-05,4.472122344381019e-05,1.7735920100089464e-06,0.00038909912109375,3,ruleta,20,10,2
4.7551315790945544e-05,4.143579429421741e-05,4.438976054425939e-05,1.8413562530088738e-06,0.00039696693420410156,4,ruleta,20,10,2
4.609869467677811e-05,3.838308318332601e-05,4.370789446786198e-05,2.088855050071368e-06,0.0004067420959472656,5,ruleta,20,10,2
4.721243615856359e-05,4.0514901662312595e-05,4.312271659906491e-05,1.9539851813167664e-06,0.0004029273986816406,6,ruleta,20,10,2
4.4600555777648194e-05,4.143579429421741e-05,4.2508190231330885e-05,1.0371655563400246e-06,0.0003771781921386719,7,ruleta,20,10,2
4.4600555777648194e-05,4.143579429421741e-05,4.227174440119467e-05,9.347241953717858e-07,0.0003991127014160156,8,ruleta,20,10,2
4.5318113241485635e-05,4.143579429421741e-05,4.329688224083459e-05,1.3392012604506539e-06,0.000408172607421875,9,ruleta,20,10,2
4.65049397075958e-05,3.990171234144122e-05,4.298830163432001e-05,1.8247324674192504e-06,0.00038909912109375,10,ruleta,20,10,2
4.709802081026429e-05,4.0861129501042276e-05,4.3784550795483156e-05,2.0550359777132007e-06,0.0003848075866699219,11,ruleta,20,10,2
4.709802081026429e-05,4.278221357619086e-05,4.5429841882761504e-05,1.4906112547136696e-06,0.0003838539123535156,12,ruleta,20,10,2
4.709802081026429e-05,4.016731389198e-05,4.4524220598435226e-05,2.01745763372753e-06,0.0003879070281982422,13,ruleta,20,10,2
4.709802081026429e-05,4.073843391940499e-05,4.4866580357386985e-05,1.9611622838196937e-06,0.00038814544677734375,14,ruleta,20,10,2
4.679888371487214e-05,4.321136087126031e-05,4.489425566231323e-05,1.118512143365948e-06,0.00038814544677734375,15,ruleta,20,10,2
4.690492297973259e-05,4.321136087126031e-05,4.4689208570207456e-05,1.4590005448405603e-06,0.00039005279541015625,16,ruleta,20,10,2
4.681587330048161e-05,4.268839966513019e-05,4.4737614248635044e-05,1.3240558854414684e-06,0.00039315223693847656,17,ruleta,20,10,2
4.703969987381947e-05,4.2247369330225715e-05,4.498350126145736e-05,1.2355127331662618e-06,0.0003941059112548828,18,ruleta,20,10,2
4.7271074875135425e-05,4.1663491647681934e-05,4.498004652017723e-05,1.7171915915324717e-06,0.0003998279571533203,19,ruleta,20,10,2
4.701813480815256e-05,4.222787501392491e-05,4.508382574817762e-05,1.3170991219449097e-06,0.0003859996795654297,20,ruleta,20,10,2
4.837023524700592e-05,4.278933135666695e-05,4.5360546494873104e-05,2.0166984202797334e-06,0.0004200935363769531,1,ruleta,20,10,3
4.766847679577344e-05,4.278933135666695e-05,4.566801887686884e-05,1.60535518153455e-06,0.0004038810729980469,2,ruleta,20,10,3
4.7942703120236136e-05,4.287253703272191e-05,4.5633523696864034e-05,1.895593200645389e-06,0.00041103363037109375,3,ruleta,20,10,3
4.7942703120236136e-05,4.264060812190577e-05,4.627730007587783e-05,1.7204014898288369e-06,0.00039696693420410156,4,ruleta,20,10,3
4.7942703120236136e-05,4.1562379091590706e-05,4.5357543094709944e-05,2.308659397525041e-06,0.0004048347473144531,5,ruleta,20,10,3
4.745073268046125e-05,4.1562379091590706e-05,4.434380217113028e-05,2.0805539556572586e-06,0.00039887428283691406,6,ruleta,20,10,3
4.755929221512524e-05,4.1562379091590706e-05,4.511493512995085e-05,1.9895329009792684e-06,0.00039696693420410156,7,ruleta,20,10,3
4.647048157592524e-05,4.072576828517232e-05,4.432789853670642e-05,2.1657455847745537e-06,0.000392913818359375,8,ruleta,20,10,3
4.779212846695302e-05,4.0356829526557306e-05,4.441510355270501e-05,2.422356786689968e-06,0.00040602684020996094,9,ruleta,20,10,3
4.779212846695302e-05,4.1569288647873664e-05,4.528764185977565e-05,2.226847738850398e-06,0.00041174888610839844,10,ruleta,20,10,3
4.822489901830465e-05,4.329597003771109e-05,4.598154750951851e-05,1.7986936379269771e-06,0.0004112720489501953,11,ruleta,20,10,3
4.822489901830465e-05,4.3380343686111554e-05,4.64017040103732e-05,1.6547714804139563e-06,0.00040221214294433594,12,ruleta,20,10,3
4.779212846695302e-05,4.3380343686111554e-05,4.614767707453584e-05,1.785743639349468e-06,0.00039696693420410156,13,ruleta,20,10,3
4.779212846695302e-05,4.459672095759558e-05,4.680875718804756e-05,1.2340774188807876e-06,0.0004038810729980469,14,ruleta,20,10,3
4.874146508154791e-05,4.459672095759558e-05,4.756752137747676e-05,1.0299216335352142e-06,0.00038909912109375,15,ruleta,20,10,3
4.779212846695302e-05,4.459672095759558e-05,4.7384969920527e-05,9.654292382271203e-07,0.00038695335388183594,16,ruleta,20,10,3
4.779212846695302e-05,4.459672095759558e-05,4.7065429169591254e-05,1.2612702891336396e-06,0.00039124488830566406,17,ruleta,20,10,3
4.779212846695302e-05,4.459672095759558e-05,4.742744037710748e-05,9.531255606251252e-07,0.00039005279541015625,18,ruleta,20,10,3
4.779212846695302e-05,4.459672095759558e-05,4.741772900019202e-05,9.471755348375901e-07,0.00038504600524902344,19,ruleta,20,10,3
4.779212846695302e-05,4.459672095759558e-05,4.7170481591996436e-05,1.0861441781468192e-06,0.0003960132598876953,20,ruleta,20,10,3
4.752983424463664e-05,4.2287447306876296e-05,4.503484003777761e-05,1.4868760674432178e-06,0.0004248619079589844,1,torneo,20,10,1
4.8212344686698636e-05,4.1534877794505864e-05,4.66677080919376e-05,1.8771542944412834e-06,0.0003991127014160156,2,torneo,20,10,1
4.827469921134369e-05,4.591779058569357e-05,4.7595061789218206e-05,6.376874538683247e-07,0.0004639625549316406,3,torneo,20,10,1
4.825568667429607e-05,4.731942231755765e-05,4.778051725553925e-05,3.28993947403739e-07,0.0003981590270996094,4,torneo,20,10,1
4.825568667429607e-05,4.752983424463664e-05,4.798885913400971e-05,2.8584904044573234e-07,0.00039005279541015625,5,torneo,20,10,1
4.825568667429607e-05,4.5411971890682634e-05,4.780986032580142e-05,9.33052514566953e-07,0.00039505958557128906,6,torneo,20,10,1
4.825568667429607e-05,4.672064579817196e-05,4.810086889002338e-05,4.600910353389148e-07,0.0003859996795654297,7,torneo,20,10,1
4.825568667429607e-05,4.825568667429607e-05,4.825568667429607e-05,0.0,0.0003910064697265625,8,torneo,20,10,1
4.825568667429607e-05,4.720014941061412e-05,4.815013294792787e-05,3.166611791045853e-07,0.00038504600524902344,9,torneo,20,10,1
4.825568667429607e-05,4.825568667429607e-05,4.825568667429607e-05,0.0,0.0003910064697265625,10,torneo,20,10,1
4.825568667429607e-05,4.615467325946321e-05,4.804558533281278e-05,6.303040244498588e-07,0.0003910064697265625,11,torneo,20,10,1
4.825568667429607e-05,4.825568667429607e-05,4.825568667429607e-05,0.0,0.0003859996795654297,12,torneo,20,10,1
4.852668619157124e-05,4.825568667429607e-05,4.8282786626023586e-05,8.129985518255074e-08,0.0003876686096191406,13,torneo,20,10,1
4.852668619157124e-05,4.825568667429607e-05,4.8320907627746606e-05,1.0793058108669537e-07,0.00038814544677734375,14,torneo,20,10,1
4.852668619157124e-05,4.52176448700064e-05,4.777673838928516e-05,1.0059477962349673e-06,0.00038909912109375,15,torneo,20,10,1
4.852668619157124e-05,4.852668619157124e-05,4.852668619157124e-05,0.0,0.00039196014404296875,16,torneo,20,10,1
4.852668619157124e-05,4.773231727221847e-05,4.844724929963596e-05,2.3831067580583065e-07,0.0003871917724609375,17,torneo,20,10,1
4.893153380672687e-05,4.852668619157124e-05,4.85671709530868e-05,1.2145428454669001e-07,0.0003898143768310547,18,torneo,20,10,1
4.9234922493044996e-05,4.852668619157124e-05,4.863799458323417e-05,2.327240145916463e-07,0.0003917217254638672,19,torneo,20,10,1
4.8668539073292274e-05,4.7539106155105736e-05,4.8287118107690254e-05,4.073946761303092e-07,0.0003910064697265625,20,torneo,20,10,1
4.751841595788616e-05,4.278005518253386e-05,4.552080021492194e-05,1.841731433890088e-06,0.00043892860412597656,1,torneo,20,10,2
4.8206733900262135e-05,4.453687445427552e-05,4.6688908695925144e-05,1.065944486875705e-06,0.0004291534423828125,2,torneo,20,10,2
4.91143390541225e-05,4.213138166667115e-05,4.6625755662227665e-05,1.8370551575637314e-06,0.0003986358642578125,3,torneo,20,10,2
4.91143390541225e-05,4.669266509317274e-05,4.823141844124286e-05,7.447770732824392e-07,0.00039768218994140625,4,torneo,20,10,2
4.941760424370337e-05,4.3788350304488265e-05,4.836840204964144e-05,1.6141753404387326e-06,0.0003972053527832031,5,torneo,20,10,2
4.941760424370337e-05,4.91143390541225e-05,4.9235645129954854e-05,1.4856899424430894e-07,0.0003921985626220703,6,torneo,20,10,2
4.941760424370337e-05,4.832221220736704e-05,4.921708548319548e-05,3.2767595361078896e-07,0.0003981590270996094,7,torneo,20,10,2
4.941760424370337e-05,4.9037005583648756e-05,4.9367293207102685e-05,1.1599674740799271e-07,0.0003898143768310547,8,torneo,20,10,2
4.941760424370337e-05,4.941760424370337e-05,4.9417604243703377e-05,0.0,0.00039124488830566406,9,torneo,20,10,2
4.941760424370337e-05,4.941760424370337e-05,4.9417604243703377e-05,0.0,0.00039196014404296875,10,torneo,20,10,2
4.941760424370337e-05,4.883771269276743e-05,4.935961508860978e-05,1.7396746528078132e-07,0.00039696693420410156,11,torneo,20,10,2
4.941760424370337e-05,4.941760424370337e-05,4.9417604243703377e-05,0.0,0.0003941059112548828,12,torneo,20,10,2
4.941760424370337e-05,4.941760424370337e-05,4.9417604243703377e-05,0.0,0.0003960132598876953,13,torneo,20,10,2
4.941760424370337e-05,4.941760424370337e-05,4.9417604243703377e-05,0.0,0.00039196014404296875,14,torneo,20,10,2
4.941760424370337e-05,4.941760424370337e-05,4.9417604243703377e-05,0.0,0.00039386749267578125,15,torneo,20,10,2
4.941760424370337e-05,4.941760424370337e-05,4.9417604243703377e-05,0.0,0.00039696693420410156,16,torneo,20,10,2
4.941760424370337e-05,4.8749976455108716e-05,4.9350841464843896e-05,2.0028833657839624e-07,0.0004000663757324219,17,torneo,20,10,2
4.941760424370337e-05,4.941760424370337e-05,4.9417604243703377e-05,0.0,0.0003960132598876953,18,torneo,20,10,2
4.941760424370337e-05,4.780461627659367e-05,4.91871645028198e-05,5.048517065796333e-07,0.00039887428283691406,19,torneo,20,10,2
4.941760424370337e-05,4.8198391944415896e-05,4.929568301377462e-05,3.657636897862421e-07,0.0004050731658935547,20,torneo,20,10,2
4.837023524700592e-05,4.278933135666695e-05,4.5360546494873104e-05,2.0166984202797334e-06,0.00045108795166015625,1,torneo,20,10,3
4.837023524700592e-05,4.3941472327971424e-05,4.6004210907882835e-05,1.5887267489843192e-06,0.0004229545593261719,2,torneo,20,10,3
4.790412993715083e-05,4.2554880871376186e-05,4.5668427062677794e-05,1.5458442138800417e-06,0.0004150867462158203,3,torneo,20,10,3
4.790412993715083e-05,4.6352263427375765e-05,4.71597715972861e-05,6.968829412943595e-07,0.0004019737243652344,4,torneo,20,10,3
4.790412993715083e-05,4.790412993715083e-05,4.790412993715083e-05,0.0,0.0004067420959472656,5,torneo,20,10,3
4.790412993715083e-05,4.790412993715083e-05,4.790412993715083e-05,0.0,0.0004050731658935547,6,torneo,20,10,3
4.790412993715083e-05,4.790412993715083e-05,4.790412993715083e-05,0.0,0.0004992485046386719,7,torneo,20,10,3
4.790412993715083e-05,4.790412993715083e-05,4.790412993715083e-05,0.0,0.00042891502380371094,8,torneo,20,10,3
4.790412993715083e-05,4.790412993715083e-05,4.790412993715083e-05,0.0,0.000438690185546875,9,torneo,20,10,3
4.790412993715083e-05,4.644045688105486e-05,4.7757762631541235e-05,4.3910191682879005e-07,0.0004169940948486328,10,torneo,20,10,3
4.790412993715083e-05,4.790412993715083e-05,4.790412993715083e-05,0.0,0.0004627704620361328,11,torneo,20,10,3
4.790412993715083e-05,4.695766035923901e-05,4.780948297935965e-05,2.8394087337354606e-07,0.00041604042053222656,12,torneo,20,10,3
4.790412993715083e-05,4.790412993715083e-05,4.790412993715083e-05,0.0,0.0004191398620605469,13,torneo,20,10,3
4.790412993715083e-05,4.790412993715083e-05,4.790412993715083e-05,0.0,0.0004067420959472656,14,torneo,20,10,3
4.790412993715083e-05,4.790412993715083e-05,4.790412993715083e-05,0.0,0.0004100799560546875,15,torneo,20,10,3
4.794942162350043e-05,4.6882467617716145e-05,4.780649287384232e-05,3.083042767283569e-07,0.0004258155822753906,16,torneo,20,10,3
4.794942162350043e-05,4.4764015435561893e-05,4.752001396321097e-05,9.457239771702607e-07,0.000431060791015625,17,torneo,20,10,3
4.794942162350043e-05,4.790412993715083e-05,4.7913188274420746e-05,1.811667453983901e-08,0.0004487037658691406,18,torneo,20,10,3
4.794942162350043e-05,4.698010781008353e-05,4.783890273625386e-05,2.869806674770592e-07,0.0004069805145263672,19,torneo,20,10,3
4.794942162350043e-05,4.786914053934109e-05,4.793686434644953e-05,2.6305013318491363e-08,0.00041604042053222656,20,torneo,20,10,3
4.752983424463664e-05,4.2287447306876296e-05,4.503484003777761e-05,1.4868760674432178e-06,0.00047397613525390625,1,elitismo,20,10,1
4.752983424463664e-05,4.2432295465792854e-05,4.547548009848559e-05,1.6974826682006232e-06,0.000431060791015625,2,elitismo,20,10,1
4.752983424463664e-05,3.999206474122457e-05,4.47888058717781e-05,2.0247857062703108e-06,0.000431060791015625,3,elitismo,20,10,1
4.752983424463664e-05,3.999206474122457e-05,4.455657577693105e-05,2.6858726653593917e-06,0.00041604042053222656,4,elitismo,20,10,1
4.752983424463664e-05,3.999206474122457e-05,4.399055779107715e-05,2.9776329692659774e-06,0.0004189014434814453,5,elitismo,20,10,1
4.752983424463664e-05,3.999206474122457e-05,4.561202582381625e-05,2.85633872142993e-06,0.0004220008850097656,6,elitismo,20,10,1
4.752983424463664e-05,4.142155689921768e-05,4.594030225726002e-05,2.340215323015083e-06,0.0004067420959472656,7,elitismo,20,10,1
4.752983424463664e-05,4.2697882105258034e-05,4.607484591354885e-05,1.5142493777993745e-06,0.00041413307189941406,8,elitismo,20,10,1
4.752983424463664e-05,4.2697882105258034e-05,4.593075797517029e-05,1.7649109695442143e-06,0.0004019737243652344,9,elitismo,20,10,1
4.752983424463664e-05,4.2697882105258034e-05,4.565497077177947e-05,1.3697082777193515e-06,0.0003979206085205078,10,elitismo,20,10,1
4.752983424463664e-05,4.2697882105258034e-05,4.572829457840889e-05,1.6833272700692156e-06,0.0004360675811767578,11,elitismo,20,10,1
4.752983424463664e-05,4.2930456311342794e-05,4.6404695029383234e-05,1.4501198892051801e-06,0.0004189014434814453,12,elitismo,20,10,1
4.752983424463664e-05,4.5510438573116175e-05,4.732670882118559e-05,6.054279324900713e-07,0.00040793418884277344,13,elitismo,20,10,1
4.752983424463664e-05,4.752983424463664e-05,4.752983424463664e-05,0.0,0.00040721893310546875,14,elitismo,20,10,1
4.752983424463664e-05,4.752983424463664e-05,4.752983424463664e-05,0.0,0.0004191398620605469,15,elitismo,20,10,1
4.752983424463664e-05,4.752983424463664e-05,4.752983424463664e-05,0.0,0.0003981590270996094,16,elitismo,20,10,1
4.752983424463664e-05,4.752983424463664e-05,4.752983424463664e-05,0.0,0.00039887428283691406,17,elitismo,20,10,1
4.752983424463664e-05,4.4034778491575754e-05,4.7180328669330554e-05,1.0485167259182659e-06,0.00040912628173828125,18,elitismo,20,10,1
4.752983424463664e-05,4.4034778491575754e-05,4.6511541469794656e-05,1.4272456702233524e-06,0.00041103363037109375,19,elitismo,20,10,1
4.752983424463664e-05,4.5183245056821194e-05,4.688113663218807e-05,7.77889838068857e-07,0.0004088878631591797,20,elitismo,20,10,1
4.751841595788616e-05,4.278005518253386e-05,4.552080021492194e-05,1.841731433890088e-06,0.0004649162292480469,1,elitismo,20,10,2
4.7812357478357356e-05,4.3341617922280256e-05,4.565917616981134e-05,1.7053962026610334e-06,0.00043392181396484375,2,elitismo,20,10,2
4.7812357478357356e-05,4.3805644379479075e-05,4.630693325679766e-05,1.339195890960782e-06,0.0004138946533203125,3,elitismo,20,10,2
4.7812357478357356e-05,4.4706770236426074e-05,4.683651415358086e-05,9.598852914037366e-07,0.0004410743713378906,4,elitismo,20,10,2
4.7812357478357356e-05,4.656506705996868e-05,4.740404622833855e-05,3.079808192215574e-07,0.00042176246643066406,5,elitismo,20,10,2
4.825744939578804e-05,4.2552448843356405e-05,4.600354868315288e-05,1.9800941894789216e-06,0.00043892860412597656,6,elitismo,20,10,2
4.825744939578804e-05,4.22666777843056e-05,4.601201276332205e-05,2.104051763180302e-06,0.00045680999755859375,7,elitismo,20,10,2
4.825744939578804e-05,4.1934566167634946e-05,4.5821430315313134e-05,2.123871810445809e-06,0.0004572868347167969,8,elitismo,20,10,2
4.825744939578804e-05,4.091845149736083e-05,4.645137755519527e-05,2.2604774747608325e-06,0.0003991127014160156,9,elitismo,20,10,2
4.825744939578804e-05,4.439428692129686e-05,4.703564119494793e-05,1.5815393778595748e-06,0.0003972053527832031,10,elitismo,20,10,2
4.825744939578804e-05,4.439428692129686e-05,4.690760132023677e-05,1.6610154746665758e-06,0.00039887428283691406,11,elitismo,20,10,2
4.825744939578804e-05,4.439428692129686e-05,4.7198806220499226e-05,1.47060303597305e-06,0.00041174888610839844,12,elitismo,20,10,2
4.825744939578804e-05,4.351997447552761e-05,4.702061790801474e-05,1.7330965196363652e-06,0.00038886070251464844,13,elitismo,20,10,2
4.8441975748886575e-05,4.805070706909666e-05,4.825216258550449e-05,8.77397501235453e-08,0.00038623809814453125,14,elitismo,20,10,2
4.8441975748886575e-05,4.8242123331166714e-05,4.829128945348348e-05,7.557660447581383e-08,0.0004119873046875,15,elitismo,20,10,2
4.8441975748886575e-05,4.8242123331166714e-05,4.829128945348348e-05,7.557660447581383e-08,0.0003981590270996094,16,elitismo,20,10,2
4.8441975748886575e-05,4.8242123331166714e-05,4.832819472410319e-05,9.307022170423403e-08,0.0004038810729980469,17,elitismo,20,10,2
4.8441975748886575e-05,4.799142706400766e-05,4.83357434152636e-05,1.4311939960913053e-07,0.0003941059112548828,18,elitismo,20,10,2
4.8441975748886575e-05,4.825744939578804e-05,4.840231613198561e-05,7.289015035797602e-08,0.0004048347473144531,19,elitismo,20,10,2
4.8441975748886575e-05,4.6957022623108374e-05,4.810453607528844e-05,5.028130863714424e-07,0.00040602684020996094,20,elitismo,20,10,2
4.837023524700592e-05,4.278933135666695e-05,4.5360546494873104e-05,2.0166984202797334e-06,0.00041985511779785156,1,elitismo,20,10,3
4.837023524700592e-05,4.278933135666695e-05,4.599419689344131e-05,1.8139224788171085e-06,0.0004112720489501953,2,elitismo,20,10,3
4.837023524700592e-05,4.258450942056772e-05,4.573762577794647e-05,1.94866685513312e-06,0.0004181861877441406,3,elitismo,20,10,3
4.837023524700592e-05,4.148238847410778e-05,4.545993693481864e-05,2.093046610096139e-06,0.00041294097900390625,4,elitismo,20,10,3
4.837023524700592e-05,3.9451539993086954e-05,4.678771489978601e-05,2.5947391270979704e-06,0.0004119873046875,5,elitismo,20,10,3
4.837023524700592e-05,4.418355924042188e-05,4.6563142934128266e-05,1.4746950431387488e-06,0.00040912628173828125,6,elitismo,20,10,3
4.837023524700592e-05,4.2711348979622515e-05,4.662460563234601e-05,2.06368697916737e-06,0.000392913818359375,7,elitismo,20,10,3
4.837023524700592e-05,4.418355924042188e-05,4.725821180498166e-05,1.342550165893352e-06,0.0004191398620605469,8,elitismo,20,10,3
4.837023524700592e-05,4.4097675289545834e-05,4.716280266720158e-05,1.6677869569439977e-06,0.0004680156707763672,9,elitismo,20,10,3
4.837023524700592e-05,4.417681014324334e-05,4.795089273662966e-05,1.2580275311287743e-06,0.0004050731658935547,10,elitismo,20,10,3
4.837023524700592e-05,4.837023524700592e-05,4.837023524700592e-05,0.0,0.00039005279541015625,11,elitismo,20,10,3
4.837023524700592e-05,4.837023524700592e-05,4.837023524700592e-05,0.0,0.0003769397735595703,12,elitismo,20,10,3
4.837023524700592e-05,4.837023524700592e-05,4.837023524700592e-05,0.0,0.0003781318664550781,13,elitismo,20,10,3
4.837023524700592e-05,4.837023524700592e-05,4.837023524700592e-05,0.0,0.0003921985626220703,14,elitismo,20,10,3
4.837023524700592e-05,4.837023524700592e-05,4.837023524700592e-05,0.0,0.0003829002380371094,15,elitismo,20,10,3
4.837023524700592e-05,4.837023524700592e-05,4.837023524700592e-05,0.0,0.0003750324249267578,16,elitismo,20,10,3
4.837023524700592e-05,4.837023524700592e-05,4.837023524700592e-05,0.0,0.00042176246643066406,17,elitismo,20,10,3
4.851862615585869e-05,4.837023524700592e-05,4.83850743378912e-05,4.451727265582963e-08,0.0004017353057861328,18,elitismo,20,10,3
4.851862615585869e-05,4.519782905888303e-05,4.783110301909321e-05,1.1306497125149394e-06,0.00039386749267578125,19,elitismo,20,10,3
4.851862615585869e-05,4.600292824714896e-05,4.8132570481312966e-05,7.195170405402151e-07,0.0004048347473144531,20,elitismo,20,10,3
4.698154703928541e-05,4.1265588271455934e-05,4.510334528506102e-05,1.8955924599437437e-06,0.0004200935363769531,1,ruleta,100,10,1
4.698154703928541e-05,4.1265588271455934e-05,4.588105829245722e-05,1.7312116954346556e-06,0.00039196014404296875,2,ruleta,100,10,1
4.784240630697656e-05,4.1987632606536724e-05,4.567813407794644e-05,1.821623880911794e-06,0.000392913818359375,3,ruleta,100,10,1
4.784240630697656e-05,4.361851991612802e-05,4.586670643532983e-05,1.5323012830657266e-06,0.0003979206085205078,4,ruleta,100,10,1
4.858472209783877e-05,4.309159799485569e-05,4.6145213244408594e-05,1.5844855244023921e-06,0.0004019737243652344,5,ruleta,100,10,1
4.858472209783877e-05,4.303712267713879e-05,4.623925956739543e-05,1.4809753300452874e-06,0.0004153251647949219,6,ruleta,100,10,1
4.687945635057773e-05,4.130458788147211e-05,4.5073112266087086e-05,1.6135571229696928e-06,0.0004951953887939453,7,ruleta,100,10,1
4.888664029209597e-05,4.297560686342569e-05,4.5348309372869635e-05,1.8516841026713625e-06,0.0004150867462158203,8,ruleta,100,10,1
4.649395334917604e-05,4.260197738073298e-05,4.435689548210133e-05,1.1758238007575826e-06,0.0004038810729980469,9,ruleta,100,10,1
4.649395334917604e-05,4.260197738073298e-05,4.489405794290677e-05,1.1619692690631468e-06,0.0004470348358154297,10,ruleta,100,10,1
4.735883342149859e-05,4.260197738073298e-05,4.4747747876589315e-05,1.3841279512073756e-06,0.0005018711090087891,11,ruleta,100,10,1
4.755429556322309e-05,3.963400533208527e-05,4.431370030703343e-05,2.2424166419772435e-06,0.0004100799560546875,12,ruleta,100,10,1
4.885989741175914e-05,4.13613071187683e-05,4.453204704505241e-05,2.342008595607789e-06,0.0004177093505859375,13,ruleta,100,10,1
4.6709594269147166e-05,4.13613071187683e-05,4.368815900198178e-05,1.5248123681380204e-06,0.00041604042053222656,14,ruleta,100,10,1
4.723835281381346e-05,3.920944943819389e-05,4.358502202197891e-05,2.1669422389990458e-06,0.0004181861877441406,15,ruleta,100,10,1
4.723835281381346e-05,4.0717646058738215e-05,4.3906589723415326e-05,2.069512610243235e-06,0.0004150867462158203,16,ruleta,100,10,1
4.637466130666101e-05,4.0717646058738215e-05,4.3002579327865674e-05,1.856093994798597e-06,0.0004019737243652344,17,ruleta,100,10,1
4.637466130666101e-05,4.0717646058738215e-05,4.274764859537133e-05,1.9177683609494783e-06,0.00042700767517089844,18,ruleta,100,10,1
4.484021248145956e-05,4.0717646058738215e-05,4.282565022741971e-05,1.7626203056668565e-06,0.0004241466522216797,19,ruleta,100,10,1
4.484021248145956e-05,4.0717646058738215e-05,4.2485342576868746e-05,1.5739955956100514e-06,0.0004112720489501953,20,ruleta,100,10,1
4.484021248145956e-05,3.9578624611295614e-05,4.236954630091708e-05,1.9196842900623166e-06,0.000408172607421875,21,ruleta,100,10,1
4.613559135822808e-05,4.015913145031202e-05,4.349257335735061e-05,2.0604453506599985e-06,0.00040602684020996094,22,ruleta,100,10,1
4.488424053327997e-05,4.012727812146688e-05,4.219991449463861e-05,1.8398562193097835e-06,0.0004150867462158203,23,ruleta,100,10,1
4.488424053327997e-05,4.0391813946528924e-05,4.291599094463469e-05,1.6899750849107385e-06,0.00039887428283691406,24,ruleta,100,10,1
4.488424053327997e-05,4.0391813946528924e-05,4.3222934880516575e-05,1.7079174826465012e-06,0.0004019737243652344,25,ruleta,100,10,1
4.578606505106295e-05,4.0391813946528924e-05,4.243250089993044e-05,1.7622216979568803e-06,0.00040078163146972656,26,ruleta,100,10,1
4.55210658571349e-05,4.025010508312563e-05,4.2931941933329755e-05,1.8606945286615976e-06,0.00040078163146972656,27,ruleta,100,10,1
4.55210658571349e-05,4.025010508312563e-05,4.278606616445348e-05,2.076769795729705e-06,0.0003979206085205078,28,ruleta,100,10,1
4.55210658571349e-05,4.015573168692698e-05,4.309049592369898e-05,2.2348325892978495e-06,0.0004138946533203125,29,ruleta,100,10,1
4.595954298677311e-05,4.015573168692698e-05,4.369805281722109e-05,2.094559916738577e-06,0.0003998279571533203,30,ruleta,100,10,1
4.58674204957646e-05,4.012835787132411e-05,4.421319926396087e-05,1.801099335217181e-06,0.00039196014404296875,31,ruleta,100,10,1
4.58674204957646e-05,4.3254669379695434e-05,4.49982278161414e-05,8.941739432654351e-07,0.00038909912109375,32,ruleta,100,10,1
4.579349111107808e-05,4.30699428819274e-05,4.4745722580151996e-05,1.0334288766285614e-06,0.0004031658172607422,33,ruleta,100,10,1
4.55210658571349e-05,4.3254669379695434e-05,4.490236963309074e-05,9.582031013691098e-07,0.0004100799560546875,34,ruleta,100,10,1
4.55210658571349e-05,4.368049268576402e-05,4.5268586865780365e-05,5.673099451523851e-07,0.00039315223693847656,35,ruleta,100,10,1
4.55210658571349e-05,4.390600265224787e-05,4.525721925234858e-05,4.995476562307287e-07,0.00039196014404296875,36,ruleta,100,10,1
4.55210658571349e-05,4.55210658571349e-05,4.55210658571349e-05,0.0,0.0003972053527832031,37,ruleta,100,10,1
4.55210658571349e-05,4.55210658571349e-05,4.55210658571349e-05,0.0,0.0003948211669921875,38,ruleta,100,10,1
4.772543287536434e-05,4.173894192619382e-05,4.5363290165863734e-05,1.3753095539729957e-06,0.00041294097900390625,39,ruleta,100,10,1
4.55210658571349e-05,4.173894192619382e-05,4.507302375701707e-05,1.1207680671130973e-06,0.00041604042053222656,40,ruleta,100,10,1
4.55210658571349e-05,4.55210658571349e-05,4.55210658571349e-05,0.0,0.0003979206085205078,41,ruleta,100,10,1
4.55210658571349e-05,4.55210658571349e-05,4.55210658571349e-05,0.0,0.0003960132598876953,42,ruleta,100,10,1
4.55210658571349e-05,4.55210658571349e-05,4.55210658571349e-05,0.0,0.000392913818359375,43,ruleta,100,10,1
4.55210658571349e-05,4.55210658571349e-05,4.55210658571349e-05,0.0,0.0004000663757324219,44,ruleta,100,10,1
4.55210658571349e-05,4.55210658571349e-05,4.55210658571349e-05,0.0,0.00039505958557128906,45,ruleta,100,10,1
4.55210658571349e-05,4.55210658571349e-05,4.55210658571349e-05,0.0,0.00038933753967285156,46,ruleta,100,10,1
4.55210658571349e-05,4.55210658571349e-05,4.55210658571349e-05,0.0,0.00039005279541015625,47,ruleta,100,10,1
4.55210658571349e-05,4.55210658571349e-05,4.55210658571349e-05,0.0,0.000392913818359375,48,ruleta,100,10,1
4.55210658571349e-05,4.55210658571349e-05,4.55210658571349e-05,0.0,0.0003879070281982422,49,ruleta,100,10,1
4.55210658571349e-05,4.55210658571349e-05,4.55210658571349e-05,0.0,0.0004012584686279297,50,ruleta,100,10,1
4.55210658571349e-05,4.2407255654731376e-05,4.5209684836894544e-05,9.341430607210565e-07,0.00039005279541015625,51,ruleta,100,10,1
4.55210658571349e-05,4.55210658571349e-05,4.55210658571349e-05,0.0,0.0004019737243652344,52,ruleta,100,10,1
4.55210658571349e-05,4.4612442334460244e-05,4.5430203504867435e-05,2.725870568023959e-07,0.00039505958557128906,53,ruleta,100,10,1
4.55210658571349e-05,4.4612442334460244e-05,4.5430203504867435e-05,2.725870568023959e-07,0.00038814544677734375,54,ruleta,100,10,1
4.793822105876271e-05,4.55210658571349e-05,4.576278137729768e-05,7.251465604883447e-07,0.00038909912109375,55,ruleta,100,10,1
4.8221000471615685e-05,4.506974623456584e-05,4.574592735632607e-05,8.359251991657136e-07,0.00038695335388183594,56,ruleta,100,10,1
4.55210658571349e-05,4.506974623456584e-05,4.543080193262108e-05,1.805278490276237e-07,0.00039005279541015625,57,ruleta,100,10,1
4.55210658571349e-05,4.55210658571349e-05,4.55210658571349e-05,0.0,0.00039196014404296875,58,ruleta,100,10,1
4.55210658571349e-05,4.3518451802080515e-05,4.532080445162946e-05,6.007842165163146e-07,0.0004589557647705078,59,ruleta,100,10,1
4.55210658571349e-05,4.3518451802080515e-05,4.532080445162946e-05,6.007842165163146e-07,0.000415802001953125,60,ruleta,100,10,1
4.556205656049883e-05,4.287240315474299e-05,4.506003725172666e-05,9.435085400916633e-07,0.00039505958557128906,61,ruleta,100,10,1
4.558681908586772e-05,4.3442177026686694e-05,4.5332049507972536e-05,6.303864820275923e-07,0.0003948211669921875,62,ruleta,100,10,1
4.575285909655183e-05,4.451309986170674e-05,4.544913617968792e-05,3.227507146146144e-07,0.0003840923309326172,63,ruleta,100,10,1
4.702637534276824e-05,4.394118314896973e-05,4.5485163992975763e-05,8.020599931470791e-07,0.0003819465637207031,64,ruleta,100,10,1
4.6118185839932894e-05,4.394118314896973e-05,4.493596342155202e-05,7.539083367433682e-07,0.0003857612609863281,65,ruleta,100,10,1
4.6118185839932894e-05,4.394118314896973e-05,4.461341155704571e-05,7.652841547221172e-07,0.00039196014404296875,66,ruleta,100,10,1
4.758828950633945e-05,4.394118314896973e-05,4.5263494740092505e-05,1.1510910305436564e-06,0.0004000663757324219,67,ruleta,100,10,1
4.6384549743678783e-05,4.394118314896973e-05,4.5230970650081116e-05,8.649969376713272e-07,0.0003981590270996094,68,ruleta,100,10,1
4.6384549743678783e-05,4.394118314896973e-05,4.455126189736797e-05,6.771312297838718e-07,0.000392913818359375,69,ruleta,100,10,1
4.6384549743678783e-05,4.276617751837805e-05,4.4645400877098874e-05,9.483923866854478e-07,0.00039696693420410156,70,ruleta,100,10,1
4.6384549743678783e-05,4.394118314896973e-05,4.4911731110748206e-05,8.48251955038524e-07,0.0004019737243652344,71,ruleta,100,10,1
4.649674249027246e-05,4.33335961486338e-05,4.478160144406129e-05,1.0160564071884357e-06,0.0003979206085205078,72,ruleta,100,10,1
4.649674249027246e-05,4.270304508422224e-05,4.451043206342681e-05,1.1928382721319285e-06,0.00040411949157714844,73,ruleta,100,10,1
4.717161141623178e-05,4.270304508422224e-05,4.4571015668250474e-05,1.3601914895001641e-06,0.00040531158447265625,74,ruleta,100,10,1
4.717161141623178e-05,4.2845125246328785e-05,4.446724006660275e-05,1.406760809999558e-06,0.0004029273986816406,75,ruleta,100,10,1
4.6420663053977107e-05,4.304902466112375e-05,4.3797682875925986e-05,9.341142645999696e-07,0.0004100799560546875,76,ruleta,100,10,1
4.7966773918116165e-05,3.6730952611892644e-05,4.32692770072356e-05,3.409950809135769e-06,0.0004017353057861328,77,ruleta,100,10,1
4.639662235009525e-05,3.6730952611892644e-05,4.205571302517363e-05,2.950926834390855e-06,0.0004017353057861328,78,ruleta,100,10,1
4.6420663053977107e-05,3.981559478406587e-05,4.306275369238526e-05,2.6010683761030924e-06,0.0004019737243652344,79,ruleta,100,10,1
4.6420663053977107e-05,4.0166716715404054e-05,4.485483938613852e-05,2.4336188448114026e-06,0.0004076957702636719,80,ruleta,100,10,1
4.6420663053977107e-05,4.0166716715404054e-05,4.447874021634123e-05,2.3227706682001466e-06,0.0004150867462158203,81,ruleta,100,10,1
4.6420663053977107e-05,4.303550371867096e-05,4.472717938884932e-05,1.1475152090179347e-06,0.00040912628173828125,82,ruleta,100,10,1
4.568497127322018e-05,4.304376692447783e-05,4.4456405485769225e-05,8.114013210178333e-07,0.0004100799560546875,83,ruleta,100,10,1
4.568497127322018e-05,4.304376692447783e-05,4.4653600280426096e-05,7.614205948228263e-07,0.00040340423583984375,84,ruleta,100,10,1
4.5630189572467006e-05,4.351046132011177e-05,4.454348186948243e-05,6.521655644529051e-07,0.0003981590270996094,85,ruleta,100,10,1
4.496563671308863e-05,4.351046132011177e-05,4.415595192043121e-05,5.151829550770181e-07,0.00040411949157714844,86,ruleta,100,10,1
4.496563671308863e-05,4.351046132011177e-05,4.4234947612819183e-05,4.6860900347759e-07,0.00039505958557128906,87,ruleta,100,10,1
4.5146065764735154e-05,4.351046132011177e-05,4.431655438118813e-05,5.516189175514444e-07,0.0003960132598876953,88,ruleta,100,10,1
4.5146065764735154e-05,4.346820921256946e-05,4.418491583910425e-05,5.456444780546345e-07,0.00039505958557128906,89,ruleta,100,10,1
4.5146065764735154e-05,4.236343147630005e-05,4.406938855494597e-05,6.775769343985237e-07,0.000396728515625,90,ruleta,100,10,1
4.5146065764735154e-05,4.421080187098071e-05,4.433077011254919e-05,2.735459832999473e-07,0.00040912628173828125,91,ruleta,100,10,1
4.683519232471527e-05,4.2250482761045356e-05,4.4390566783880856e-05,1.06277702481778e-06,0.00040411949157714844,92,ruleta,100,10,1
4.683519232471527e-05,3.9749401734736625e-05,4.4641599096811916e-05,1.958955418555025e-06,0.0004012584686279297,93,ruleta,100,10,1
4.683519232471527e-05,4.421080187098071e-05,4.55065493895569e-05,1.2722826243819987e-06,0.0004010200500488281,94,ruleta,100,10,1
4.683519232471527e-05,4.421080187098071e-05,4.5741267908217496e-05,1.2398783040986809e-06,0.00040030479431152344,95,ruleta,100,10,1
4.683519232471527e-05,4.2196069702977894e-05,4.547378619351128e-05,1.65038601419895e-06,0.0004048347473144531,96,ruleta,100,10,1
4.683519232471527e-05,4.317263341317307e-05,4.5243209791952765e-05,1.3089305047012774e-06,0.00040078163146972656,97,ruleta,100,10,1
4.684044416307945e-05,4.22524337541713e-05,4.528073102207262e-05,1.5945731235318081e-06,0.00039887428283691406,98,ruleta,100,10,1
4.684044416307945e-05,4.0207595552409264e-05,4.4228624670266534e-05,2.4357653244218313e-06,0.00039577484130859375,99,ruleta,100,10,1
4.684044416307945e-05,4.0207595552409264e-05,4.534719713626029e-05,2.0926877864540192e-06,0.00040793418884277344,100,ruleta,100,10,1
4.7137819014833586e-05,4.1591909035899156e-05,4.447014820425008e-05,1.862294096366181e-06,0.0004329681396484375,1,ruleta,100,10,2
4.7916677095780695e-05,3.952352099614433e-05,4.468459643138492e-05,2.583064524591593e-06,0.0004119873046875,2,ruleta,100,10,2
4.7916677095780695e-05,4.036320483166184e-05,4.5092275727769224e-05,2.5395124726071243e-06,0.00040602684020996094,3,ruleta,100,10,2
4.7916677095780695e-05,4.285933025777702e-05,4.6491560756607916e-05,1.7949245504275575e-06,0.00045490264892578125,4,ruleta,100,10,2
4.8671188528125805e-05,4.298397916439151e-05,4.6730353902851504e-05,1.5157234965379363e-06,0.00044798851013183594,5,ruleta,100,10,2
4.955490602536598e-05,4.298397916439151e-05,4.622340841322622e-05,1.958778210321307e-06,0.00038814544677734375,6,ruleta,100,10,2
4.903030265740077e-05,4.3437576308080696e-05,4.68612224379971e-05,1.5019774611704415e-06,0.00038504600524902344,7,ruleta,100,10,2
4.955490602536598e-05,4.6676844330141256e-05,4.774818854846753e-05,8.256638648602023e-07,0.0003898143768310547,8,ruleta,100,10,2
4.888488172069687e-05,4.7367955080916103e-05,4.778771374045928e-05,5.428608437358175e-07,0.0003829002380371094,9,ruleta,100,10,2
4.888488172069687e-05,4.469821078459983e-05,4.763020085767728e-05,1.149816643050955e-06,0.0003790855407714844,10,ruleta,100,10,2
4.885504540294822e-05,4.469821078459983e-05,4.741107689185908e-05,1.321310541025516e-06,0.0003879070281982422,11,ruleta,100,10,2
4.874075103970803e-05,4.596582969455767e-05,4.7530481516966024e-05,7.831750319654313e-07,0.0004329681396484375,12,ruleta,100,10,2
4.801137502755547e-05,4.596582969455767e-05,4.6928725747757405e-05,7.347647175835025e-07,0.00038504600524902344,13,ruleta,100,10,2
4.809490388632656e-05,4.596582969455767e-05,4.686604231378239e-05,7.061983590428188e-07,0.0003960132598876953,14,ruleta,100,10,2
4.817370513934432e-05,4.596582969455767e-05,4.674187503816075e-05,7.617516028472953e-07,0.00038886070251464844,15,ruleta,100,10,2
4.817370513934432e-05,4.566606152230444e-05,4.6725197628029194e-05,8.732273450598862e-07,0.00039005279541015625,16,ruleta,100,10,2
4.817370513934432e-05,4.530619364009011e-05,4.7179209704640165e-05,1.135038671941567e-06,0.00038909912109375,17,ruleta,100,10,2
4.809686503011401e-05,4.530619364009011e-05,4.641987765999389e-05,9.514301892488665e-07,0.0003859996795654297,18,ruleta,100,10,2
4.8278509643378945e-05,4.544300825197921e-05,4.6964929689248545e-05,1.0204731479874531e-06,0.0003857612609863281,19,ruleta,100,10,2
4.8278509643378945e-05,4.544300825197921e-05,4.703168284614068e-05,1.0160110466928686e-06,0.0004279613494873047,20,ruleta,100,10,2
4.8278509643378945e-05,4.593028990428544e-05,4.725526993732703e-05,9.036683855840273e-07,0.00043702125549316406,21,ruleta,100,10,2
4.8278509643378945e-05,4.566398939920985e-05,4.755615547167866e-05,9.9706822342757e-07,0.00039386749267578125,22,ruleta,100,10,2
4.833836693905324e-05,4.5858582916066294e-05,4.723305849350831e-05,8.713247461448714e-07,0.0004069805145263672,23,ruleta,100,10,2
4.8278509643378945e-05,4.593028990428544e-05,4.716930882997266e-05,7.637926035809905e-07,0.00041294097900390625,24,ruleta,100,10,2
4.8278509643378945e-05,4.315265790648175e-05,4.6324297240309954e-05,1.4232692112597255e-06,0.00038886070251464844,25,ruleta,100,10,2
4.7817582132177816e-05,4.315265790648175e-05,4.645388889199201e-05,1.27428115736186e-06,0.000392913818359375,26,ruleta,100,10,2
4.825597623408221e-05,4.364315771540624e-05,4.662441796561814e-05,1.2060459528417238e-06,0.00039696693420410156,27,ruleta,100,10,2
4.825597623408221e-05,4.6312975797072884e-05,4.71199396572826e-05,6.146899690906639e-07,0.00045609474182128906,28,ruleta,100,10,2
4.728050221630674e-05,4.494051779970497e-05,4.6684523494779334e-05,6.372409629809107e-07,0.00039315223693847656,29,ruleta,100,10,2
4.727132527379474e-05,4.448684121908331e-05,4.6362375551143814e-05,9.834457048461213e-07,0.00038695335388183594,30,ruleta,100,10,2
4.724478364444753e-05,4.488867664520932e-05,4.6243705428664855e-05,7.374695778245992e-07,0.00038504600524902344,31,ruleta,100,10,2
4.704586949896753e-05,4.488352369905261e-05,4.640506723331432e-05,6.981144976497331e-07,0.00039076805114746094,32,ruleta,100,10,2
4.704586949896753e-05,4.358107515146376e-05,4.593674662283113e-05,1.0658734183937805e-06,0.0003840923309326172,33,ruleta,100,10,2
4.704586949896753e-05,4.575310951809137e-05,4.641843846160612e-05,5.962275580875263e-07,0.0003771781921386719,34,ruleta,100,10,2
4.704586949896753e-05,4.575310951809137e-05,4.629591026481974e-05,5.946539560848669e-07,0.0003960132598876953,35,ruleta,100,10,2
4.735675805267521e-05,4.487195181767322e-05,4.617618809364039e-05,6.828522606931386e-07,0.0004210472106933594,36,ruleta,100,10,2
4.689399717073271e-05,4.487195181767322e-05,4.624400077071027e-05,6.383294870732243e-07,0.0003857612609863281,37,ruleta,100,10,2
4.689399717073271e-05,4.575310951809137e-05,4.644586757871393e-05,4.0086433000064453e-07,0.0003859996795654297,38,ruleta,100,10,2
4.689399717073271e-05,4.61619493901053e-05,4.660117805848175e-05,3.5862870597480537e-07,0.00039696693420410156,39,ruleta,100,10,2
4.746697229848128e-05,4.4232867541936665e-05,4.6221361960665024e-05,1.0174759881851982e-06,0.00038886070251464844,40,ruleta,100,10,2
4.746697229848128e-05,4.362377664760007e-05,4.6337035675808885e-05,1.138231832699219e-06,0.0003910064697265625,41,ruleta,100,10,2
4.746697229848128e-05,4.514234296965576e-05,4.6351698789984174e-05,7.68303335483857e-07,0.0003921985626220703,42,ruleta,100,10,2
4.677049268848028e-05,4.514234296965576e-05,4.645160773886118e-05,4.986814092654498e-07,0.0003917217254638672,43,ruleta,100,10,2
4.8503497937399226e-05,4.377702067713142e-05,4.6412373373703275e-05,1.166781368843167e-06,0.00040984153747558594,44,ruleta,100,10,2
4.8503497937399226e-05,4.50193787365815e-05,4.695960095640084e-05,9.924381276246302e-07,0.0004200935363769531,45,ruleta,100,10,2
4.7938530515875405e-05,4.495304705404729e-05,4.65903146321632e-05,9.091883956907169e-07,0.0003981590270996094,46,ruleta,100,10,2
4.7938530515875405e-05,4.3847345173919885e-05,4.6543301298132885e-05,1.2943098495446658e-06,0.0003921985626220703,47,ruleta,100,10,2
4.7938530515875405e-05,4.3018129257463464e-05,4.639815827025958e-05,1.7163997088288692e-06,0.0003981590270996094,48,ruleta,100,10,2
4.769238624299451e-05,4.0363061959417e-05,4.5064847620345624e-05,2.5516726585063387e-06,0.0004076957702636719,49,ruleta,100,10,2
4.769238624299451e-05,4.1002264542484176e-05,4.529484728398994e-05,2.3582422747652574e-06,0.00039386749267578125,50,ruleta,100,10,2
4.775429316516327e-05,4.1186195474400814e-05,4.6310501015867135e-05,1.8260683727643939e-06,0.0003941059112548828,51,ruleta,100,10,2
4.769238624299451e-05,4.1186195474400814e-05,4.519507988140372e-05,2.6737655524215345e-06,0.0003960132598876953,52,ruleta,100,10,2
4.769238624299451e-05,4.1186195474400814e-05,4.455723052126492e-05,2.8101101370527852e-06,0.0003991127014160156,53,ruleta,100,10,2
4.769238624299451e-05,4.1186195474400814e-05,4.471341528981232e-05,2.409601587047538e-06,0.00039505958557128906,54,ruleta,100,10,2
4.734386960191866e-05,4.1186195474400814e-05,4.5229582126583947e-05,2.070670871766123e-06,0.00039196014404296875,55,ruleta,100,10,2
4.734386960191866e-05,4.1186195474400814e-05,4.486685770418174e-05,2.360606184441006e-06,0.00039005279541015625,56,ruleta,100,10,2
4.737078280068117e-05,4.1186195474400814e-05,4.3937937774711085e-05,1.935573579738466e-06,0.00039505958557128906,57,ruleta,100,10,2
4.6126010642893114e-05,4.120114461337629e-05,4.3937439908925486e-05,1.7824614093202926e-06,0.0003879070281982422,58,ruleta,100,10,2
4.6126010642893114e-05,4.120114461337629e-05,4.446266380801015e-05,1.6499119337822587e-06,0.00039196014404296875,59,ruleta,100,10,2
4.666618166507453e-05,4.347586583970541e-05,4.484167571880842e-05,1.1331763438619037e-06,0.0003910064697265625,60,ruleta,100,10,2
4.6126010642893114e-05,4.347586583970541e-05,4.49022739068816e-05,8.345422808986357e-07,0.0003962516784667969,61,ruleta,100,10,2
4.588319558467995e-05,4.3058818100341194e-05,4.482142511372027e-05,1.0335866537487703e-06,0.00038909912109375,62,ruleta,100,10,2
4.7211152639310926e-05,4.312190777902799e-05,4.5146709995880445e-05,1.0463713853115143e-06,0.00039005279541015625,63,ruleta,100,10,2
4.7211152639310926e-05,4.308757707645067e-05,4.573297516519932e-05,1.2001463154670982e-06,0.00041604042053222656,64,ruleta,100,10,2
4.7211152639310926e-05,4.213292642593604e-05,4.529031617932148e-05,1.379693905802399e-06,0.00039887428283691406,65,ruleta,100,10,2
4.7211152639310926e-05,4.213292642593604e-05,4.4504018558043814e-05,1.7501344403030114e-06,0.000392913818359375,66,ruleta,100,10,2
4.7211152639310926e-05,4.452091777434761e-05,4.585322146835602e-05,6.49490248856116e-07,0.0003898143768310547,67,ruleta,100,10,2
4.7211152639310926e-05,4.452091777434761e-05,4.6024398414888115e-05,6.887616223360536e-07,0.00041413307189941406,68,ruleta,100,10,2
4.7211152639310926e-05,4.507221264336894e-05,4.5971059669893935e-05,5.846176856940632e-07,0.00041294097900390625,69,ruleta,100,10,2
4.7211152639310926e-05,4.216707313702226e-05,4.5311872167080026e-05,1.321265541696662e-06,0.0004010200500488281,70,ruleta,100,10,2
4.6440294273767174e-05,4.162606391786022e-05,4.442291612599897e-05,1.6036290937214893e-06,0.00039386749267578125,71,ruleta,100,10,2
4.6440294273767174e-05,4.162606391786022e-05,4.405968484703656e-05,2.0722498193379685e-06,0.00039196014404296875,72,ruleta,100,10,2
4.6440294273767174e-05,3.949653059640227e-05,4.392936787045266e-05,2.418544509045109e-06,0.00039505958557128906,73,ruleta,100,10,2
4.6440294273767174e-05,3.949653059640227e-05,4.498408799324576e-05,2.3494103065084364e-06,0.0003910064697265625,74,ruleta,100,10,2
4.6440294273767174e-05,4.0686337951595836e-05,4.4806487181455155e-05,2.2373990069158823e-06,0.00039386749267578125,75,ruleta,100,10,2
4.693724832517404e-05,4.0686337951595836e-05,4.496328548451132e-05,2.23352391479192e-06,0.0004379749298095703,76,ruleta,100,10,2
4.6440294273767174e-05,4.1871931767783114e-05,4.587835895426974e-05,1.359687970835611e-06,0.0004000663757324219,77,ruleta,100,10,2
4.6440294273767174e-05,4.6440294273767174e-05,4.6440294273767174e-05,0.0,0.0003879070281982422,78,ruleta,100,10,2
4.6440294273767174e-05,4.6440294273767174e-05,4.6440294273767174e-05,0.0,0.00038123130798339844,79,ruleta,100,10,2
4.6440294273767174e-05,4.604506979710858e-05,4.640077182610132e-05,1.1856734299757815e-07,0.0003879070281982422,80,ruleta,100,10,2
4.6440294273767174e-05,4.533788694604439e-05,4.625100864566317e-05,3.4196727914374516e-07,0.0003859996795654297,81,ruleta,100,10,2
4.6440294273767174e-05,4.331737311174222e-05,4.5431116125382726e-05,1.0864661204499198e-06,0.0003821849822998047,82,ruleta,100,10,2
4.6440294273767174e-05,4.1936009387839355e-05,4.542658514518379e-05,1.4924960993018527e-06,0.00039005279541015625,83,ruleta,100,10,2
4.728552281625042e-05,4.1936009387839355e-05,4.519727118812068e-05,1.918575833959995e-06,0.00039005279541015625,84,ruleta,100,10,2
4.728552281625042e-05,4.1936009387839355e-05,4.59593901232148e-05,1.4109124474544487e-06,0.00038814544677734375,85,ruleta,100,10,2
4.728552281625042e-05,4.533788694604439e-05,4.6513821062604624e-05,5.03271222167048e-07,0.0003910064697265625,86,ruleta,100,10,2
4.6923334492803204e-05,4.1979904358750714e-05,4.546595205592619e-05,1.836980581268076e-06,0.0003960132598876953,87,ruleta,100,10,2
4.6923334492803204e-05,4.1979904358750714e-05,4.48556925531321e-05,2.0169968806921386e-06,0.000392913818359375,88,ruleta,100,10,2
4.683758913011244e-05,4.1979904358750714e-05,4.380278939012398e-05,1.8491288906079102e-06,0.0003921985626220703,89,ruleta,100,10,2
4.683758913011244e-05,4.1979904358750714e-05,4.424730898736598e-05,2.1288075479729124e-06,0.00041222572326660156,90,ruleta,100,10,2
4.689864363974552e-05,4.1979904358750714e-05,4.3537246543987096e-05,2.191286401565428e-06,0.0004050731658935547,91,ruleta,100,10,2
4.715505144502354e-05,4.1979904358750714e-05,4.363502744714003e-05,2.2212608468980233e-06,0.0004069805145263672,92,ruleta,100,10,2
4.683758913011244e-05,4.1979904358750714e-05,4.5866052175840096e-05,1.943073908544692e-06,0.0004012584686279297,93,ruleta,100,10,2
4.683758913011244e-05,4.1979904358750714e-05,4.5334554806298013e-05,2.0191964065529587e-06,0.00038504600524902344,94,ruleta,100,10,2
4.683758913011244e-05,4.1979904358750714e-05,4.480212763335815e-05,1.6436689368873962e-06,0.00038695335388183594,95,ruleta,100,10,2
4.683758913011244e-05,4.221132602545446e-05,4.4777956781013495e-05,1.2863218549657568e-06,0.0003857612609863281,96,ruleta,100,10,2
4.683758913011244e-05,4.415149923336079e-05,4.5198003728806485e-05,7.311045993012338e-07,0.00039005279541015625,97,ruleta,100,10,2
4.683758913011244e-05,4.415149923336079e-05,4.535981863715734e-05,6.421341532571753e-07,0.0003859996795654297,98,ruleta,100,10,2
4.683758913011244e-05,4.415149923336079e-05,4.586963216323686e-05,8.849969238377005e-07,0.00038814544677734375,99,ruleta,100,10,2
4.685211317176711e-05,4.415149923336079e-05,4.6145065812802907e-05,9.240610996006873e-07,0.00038814544677734375,100,ruleta,100,10,2
4.7855387367676525e-05,4.393317483721853e-05,4.58006044650517e-05,1.2818310324815224e-06,0.0004100799560546875,1,ruleta,100,10,3
4.7063231182151445e-05,4.278700853572671e-05,4.5484614832663236e-05,1.467588873023092e-06,0.0004138946533203125,2,ruleta,100,10,3
4.702451550726106e-05,4.1205206008817463e-05,4.431597742102107e-05,1.9354237707375185e-06,0.00040793418884277344,3,ruleta,100,10,3
4.702451550726106e-05,4.1724016166669256e-05,4.524592453475399e-05,1.4624350830758311e-06,0.000408172607421875,4,ruleta,100,10,3
4.7781685192624084e-05,4.2608169875836836e-05,4.555342136636891e-05,1.6975084828301165e-06,0.0004169940948486328,5,ruleta,100,10,3
4.793296212423862e-05,4.1648564821551406e-05,4.5231317922856445e-05,2.0538704565021363e-06,0.00039196014404296875,6,ruleta,100,10,3
4.7220834829314014e-05,4.011867245895182e-05,4.4941883723095186e-05,1.912221929654013e-06,0.00039386749267578125,7,ruleta,100,10,3
4.637503484408185e-05,4.011867245895182e-05,4.387509827851961e-05,2.162548678335636e-06,0.0004191398620605469,8,ruleta,100,10,3
4.637503484408185e-05,4.0224898923489004e-05,4.440728161684661e-05,1.963643857713286e-06,0.00041174888610839844,9,ruleta,100,10,3
4.715520769420449e-05,4.2685811291053416e-05,4.479520009032142e-05,1.380301054458669e-06,0.0004119873046875,10,ruleta,100,10,3
4.713263712048996e-05,4.0451106816599656e-05,4.5213168588027547e-05,1.996348242263825e-06,0.00039076805114746094,11,ruleta,100,10,3
4.699513728872995e-05,4.0451106816599656e-05,4.420874236493179e-05,2.208747514909105e-06,0.00039124488830566406,12,ruleta,100,10,3
4.638412960266811e-05,4.051792608843634e-05,4.425541866055936e-05,1.669885569279898e-06,0.00039505958557128906,13,ruleta,100,10,3
4.638412960266811e-05,4.073065690140474e-05,4.445835858495712e-05,1.6592752526574045e-06,0.00040912628173828125,14,ruleta,100,10,3
4.638412960266811e-05,4.334724361187739e-05,4.509979075757854e-05,7.126461627806867e-07,0.0004210472106933594,15,ruleta,100,10,3
4.537426069161e-05,4.334724361187739e-05,4.478499396035171e-05,8.964550457598405e-07,0.00038909912109375,16,ruleta,100,10,3
4.692334770541591e-05,4.334724361187739e-05,4.45997049589137e-05,1.1910555453691549e-06,0.00039196014404296875,17,ruleta,100,10,3
4.537426069161e-05,4.334724361187739e-05,4.453130731068897e-05,8.900198276909878e-07,0.00039315223693847656,18,ruleta,100,10,3
4.537426069161e-05,4.334724361187739e-05,4.4590605709549776e-05,6.868610533358865e-07,0.00039196014404296875,19,ruleta,100,10,3
4.679857880212282e-05,4.334724361187739e-05,4.4979904090750375e-05,9.11962795921845e-07,0.0004131793975830078,20,ruleta,100,10,3
4.679857880212282e-05,4.4212354143436076e-05,4.53858220930509e-05,7.041292217177863e-07,0.0003933906555175781,21,ruleta,100,10,3
4.679857880212282e-05,4.4212354143436076e-05,4.5204277840718636e-05,7.082307390704103e-07,0.00039386749267578125,22,ruleta,100,10,3
4.679857880212282e-05,4.441490689560997e-05,4.5420757123061276e-05,5.410566148248671e-07,0.00039315223693847656,23,ruleta,100,10,3
4.679857880212282e-05,4.537426069161e-05,4.565912431371256e-05,5.697272442051296e-07,0.00039505958557128906,24,ruleta,100,10,3
4.679857880212282e-05,4.537426069161e-05,4.558430524900354e-05,4.521773176335353e-07,0.0004203319549560547,25,ruleta,100,10,3
4.537426069161e-05,4.3668629188450794e-05,4.520369754129408e-05,5.116894509477614e-07,0.0004038810729980469,26,ruleta,100,10,3
4.537426069161e-05,4.537426069161e-05,4.537426069161e-05,0.0,0.00039315223693847656,27,ruleta,100,10,3
4.537426069161e-05,4.537426069161e-05,4.537426069161e-05,0.0,0.00039696693420410156,28,ruleta,100,10,3
4.537426069161e-05,4.4282357274717515e-05,4.526507034992075e-05,3.27571025067745e-07,0.0003879070281982422,29,ruleta,100,10,3
4.537426069161e-05,4.4282357274717515e-05,4.526507034992075e-05,3.27571025067745e-07,0.00039696693420410156,30,ruleta,100,10,3
4.537426069161e-05,4.4282357274717515e-05,4.5155880008231505e-05,4.3676136675699327e-07,0.00039196014404296875,31,ruleta,100,10,3
4.626835981093894e-05,4.326207053463293e-05,4.502765582192873e-05,8.116726939132886e-07,0.00040984153747558594,32,ruleta,100,10,3
4.537426069161e-05,4.326207053463293e-05,4.4762168485485176e-05,7.774736103770346e-07,0.00041103363037109375,33,ruleta,100,10,3
4.5650717025200646e-05,4.326207053463293e-05,4.504744948472508e-05,6.951024025446592e-07,0.00039076805114746094,34,ruleta,100,10,3
4.591627476963926e-05,4.31191047243052e-05,4.414734672968894e-05,1.0362371507003766e-06,0.0004038810729980469,35,ruleta,100,10,3
4.591627476963926e-05,4.31191047243052e-05,4.369085053242102e-05,7.923871189716661e-07,0.0003941059112548828,36,ruleta,100,10,3
4.591627476963926e-05,4.326207053463293e-05,4.382358455033395e-05,7.513486893367986e-07,0.0003960132598876953,37,ruleta,100,10,3
4.648911155028402e-05,4.1049816592812466e-05,4.3829786976158004e-05,1.369244918111336e-06,0.0004138946533203125,38,ruleta,100,10,3
4.5946548246916666e-05,4.2623242712205824e-05,4.426734462596615e-05,1.1071294894060582e-06,0.00039386749267578125,39,ruleta,100,10,3
4.524324522370946e-05,4.2623242712205824e-05,4.38914577998224e-05,7.160067682348399e-07,0.00042319297790527344,40,ruleta,100,10,3
4.46447684163415e-05,4.326207053463293e-05,4.369135200711434e-05,4.2010113985237535e-07,0.000431060791015625,41,ruleta,100,10,3
4.46447684163415e-05,4.3074155219625023e-05,4.367764238350339e-05,4.4425153784791745e-07,0.0005161762237548828,42,ruleta,100,10,3
4.3854257719033706e-05,4.3074155219625023e-05,4.350618482456696e-05,3.186179426266499e-07,0.0004000663757324219,43,ruleta,100,10,3
4.3854257719033706e-05,4.312844840119324e-05,4.346549968380295e-05,2.3988222164308145e-07,0.0003972053527832031,44,ruleta,100,10,3
4.3854257719033706e-05,4.326207053463293e-05,4.359729933402708e-05,2.3430790824986095e-07,0.0004069805145263672,45,ruleta,100,10,3
4.44230580633734e-05,4.326207053463293e-05,4.363435381103945e-05,3.299302792793653e-07,0.00041294097900390625,46,ruleta,100,10,3
4.4503674807653966e-05,4.326207053463293e-05,4.3854787433794e-05,4.0685681880379655e-07,0.00038504600524902344,47,ruleta,100,10,3
4.44230580633734e-05,4.0402978580113586e-05,4.352142340289553e-05,1.110015963615996e-06,0.0003859996795654297,48,ruleta,100,10,3
4.515900149254768e-05,3.9234303805955196e-05,4.307627509894675e-05,1.7172715383692324e-06,0.000392913818359375,49,ruleta,100,10,3
4.374572501193974e-05,3.985433389778941e-05,4.231246234020317e-05,1.5407935840819724e-06,0.0003879070281982422,50,ruleta,100,10,3
4.374572501193974e-05,3.9994342927520396e-05,4.2068337929232e-05,1.470517576216657e-06,0.0003857612609863281,51,ruleta,100,10,3
4.374572501193974e-05,4.0402978580113586e-05,4.250355005082088e-05,1.3474597872633785e-06,0.0003898143768310547,52,ruleta,100,10,3
4.365600214481771e-05,4.0161686807055595e-05,4.202375286054397e-05,1.404776005322817e-06,0.00039315223693847656,53,ruleta,100,10,3
4.3905305001013636e-05,4.0161686807055595e-05,4.213047022294046e-05,1.2541333564199853e-06,0.00040984153747558594,54,ruleta,100,10,3
4.3895500391444926e-05,3.980682210872807e-05,4.1949417737543336e-05,1.3041256939892863e-06,0.00041604042053222656,55,ruleta,100,10,3
4.258813139092249e-05,3.980682210872807e-05,4.1301176872602234e-05,1.0494505902526896e-06,0.0003991127014160156,56,ruleta,100,10,3
4.2436425911082774e-05,3.980682210872807e-05,4.1013019606906066e-05,1.0341589440604404e-06,0.0003960132598876953,57,ruleta,100,10,3
4.307072733460199e-05,3.980682210872807e-05,4.1465788475444905e-05,9.312824926093747e-07,0.00038886070251464844,58,ruleta,100,10,3
4.268649401127521e-05,4.0654870657752384e-05,4.159634015651841e-05,5.910544381668537e-07,0.0003871917724609375,59,ruleta,100,10,3
4.2436425911082774e-05,4.0654870657752384e-05,4.15901964490365e-05,6.197105068807404e-07,0.0004012584686279297,60,ruleta,100,10,3
4.2436425911082774e-05,4.0654870657752384e-05,4.15901964490365e-05,6.197105068807404e-07,0.00038933753967285156,61,ruleta,100,10,3
4.286684371775548e-05,4.120912706935636e-05,4.1635308018837985e-05,6.298091907018126e-07,0.00041985511779785156,62,ruleta,100,10,3
4.286684371775548e-05,4.120912706935636e-05,4.171253440605681e-05,6.384355592095881e-07,0.00040793418884277344,63,ruleta,100,10,3
4.2801461263795774e-05,4.120912706935636e-05,4.184921480995931e-05,6.172406239630211e-07,0.0004131793975830078,64,ruleta,100,10,3
4.294874630160514e-05,4.114886377766129e-05,4.179657705984836e-05,5.355933901125299e-07,0.0003972053527832031,65,ruleta,100,10,3
4.294874630160514e-05,3.988933591059218e-05,4.1580146122294405e-05,7.880901488113214e-07,0.00046181678771972656,66,ruleta,100,10,3
4.294874630160514e-05,4.11197112037346e-05,4.155768200960103e-05,5.141779216193992e-07,0.0004248619079589844,67,ruleta,100,10,3
4.294874630160514e-05,4.11197112037346e-05,4.146338411150386e-05,5.36742234880181e-07,0.00038886070251464844,68,ruleta,100,10,3
4.174824424655992e-05,4.114886377766129e-05,4.130043338377839e-05,2.343801663607561e-07,0.00037670135498046875,69,ruleta,100,10,3
4.174824424655992e-05,4.114886377766129e-05,4.125461760416477e-05,2.13852003604416e-07,0.0003790855407714844,70,ruleta,100,10,3
4.114886377766129e-05,4.0678012208310784e-05,4.110177862072624e-05,1.4125547080515118e-07,0.00038814544677734375,71,ruleta,100,10,3
4.154084924693731e-05,4.010635745323142e-05,4.103672653521085e-05,3.6557155708777077e-07,0.0003910064697265625,72,ruleta,100,10,3
4.53060517886793e-05,3.822086495216042e-05,4.122469753927795e-05,1.613058674922795e-06,0.0003829002380371094,73,ruleta,100,10,3
4.53060517886793e-05,3.778830065528315e-05,4.15418401683426e-05,1.9390777481339718e-06,0.0004210472106933594,74,ruleta,100,10,3
4.53060517886793e-05,4.1033075884562955e-05,4.187789648058041e-05,1.501208121836168e-06,0.0003898143768310547,75,ruleta,100,10,3
4.155050044545873e-05,3.9208728031579604e-05,4.089884258297572e-05,6.833977663042171e-07,0.00039505958557128906,76,ruleta,100,10,3
4.155050044545873e-05,4.0019222100539685e-05,4.1179338562187786e-05,4.443528023939527e-07,0.00038504600524902344,77,ruleta,100,10,3
4.155050044545873e-05,4.070616843725256e-05,4.123875780644589e-05,3.1572900133620597e-07,0.00041604042053222656,78,ruleta,100,10,3
4.265542846156035e-05,4.08224020242821e-05,4.147384747565641e-05,4.750350873993108e-07,0.0004291534423828125,79,ruleta,100,10,3
4.155050044545873e-05,4.0926697786456946e-05,4.1367629179219317e-05,2.320876549874926e-07,0.00038123130798339844,80,ruleta,100,10,3
4.155050044545873e-05,4.0066661362927747e-05,4.121786331380673e-05,4.238208403131084e-07,0.00038504600524902344,81,ruleta,100,10,3
4.3565039079604984e-05,4.114886377766129e-05,4.1567701085474455e-05,6.896625642896503e-07,0.0004131793975830078,82,ruleta,100,10,3
4.3565039079604984e-05,4.057870608809858e-05,4.188132721668257e-05,9.494677675740201e-07,0.0003991127014160156,83,ruleta,100,10,3
4.3565039079604984e-05,3.998966428937613e-05,4.131502554019901e-05,9.952356533261844e-07,0.0003829002380371094,84,ruleta,100,10,3
4.3565039079604984e-05,3.8881658134108344e-05,4.1438006802766214e-05,1.370440360856551e-06,0.00038695335388183594,85,ruleta,100,10,3
4.3565039079604984e-05,3.8881658134108344e-05,4.110674497454409e-05,1.062330662980612e-06,0.00040793418884277344,86,ruleta,100,10,3
4.1950558398202565e-05,3.8881658134108344e-05,4.098542144055358e-05,7.747179702454056e-07,0.00038814544677734375,87,ruleta,100,10,3
4.155010911915858e-05,4.114886377766129e-05,4.118898831181102e-05,1.2037360244918782e-07,0.00039005279541015625,88,ruleta,100,10,3
4.305540238967486e-05,4.114886377766129e-05,4.138326097616397e-05,5.698926574485616e-07,0.00039315223693847656,89,ruleta,100,10,3
4.164898879154536e-05,4.114886377766129e-05,4.1279125347349154e-05,2.0060905071397772e-07,0.0004227161407470703,90,ruleta,100,10,3
4.164898879154536e-05,4.114886377766129e-05,4.1198876279049696e-05,1.5003750416522099e-07,0.0003941059112548828,91,ruleta,100,10,3
4.164898879154536e-05,4.114886377766129e-05,4.1226173373189206e-05,1.6274840360254785e-07,0.00040435791015625,92,ruleta,100,10,3
4.164898879154536e-05,4.114886377766129e-05,4.1274923989251564e-05,2.008453762332518e-07,0.00041031837463378906,93,ruleta,100,10,3
4.164898879154536e-05,4.114886377766129e-05,4.1198876279049696e-05,1.5003750416522099e-07,0.0003998279571533203,94,ruleta,100,10,3
4.216028263549972e-05,4.019230987894589e-05,4.1204362774962e-05,4.644660493122738e-07,0.00040602684020996094,95,ruleta,100,10,3
4.114886377766129e-05,4.019230987894589e-05,4.086189760804667e-05,4.3834806471684247e-07,0.0004088878631591797,96,ruleta,100,10,3
4.114886377766129e-05,4.019230987894589e-05,4.086189760804667e-05,4.3834806471684247e-07,0.0003991127014160156,97,ruleta,100,10,3
4.114886377766129e-05,4.019230987894589e-05,4.067058682830359e-05,4.782769493576981e-07,0.0003979206085205078,98,ruleta,100,10,3
4.114886377766129e-05,4.019230987894589e-05,4.057493143843205e-05,4.6861379266452435e-07,0.0003960132598876953,99,ruleta,100,10,3
4.114886377766129e-05,4.0027018983679464e-05,4.0548182878462244e-05,4.7284044650499026e-07,0.0003960132598876953,100,ruleta,100,10,3
4.698154703928541e-05,4.1265588271455934e-05,4.510334528506102e-05,1.8955924599437437e-06,0.0004868507385253906,1,torneo,100,10,1
4.80961332164232e-05,4.2508980440467196e-05,4.6223106732958125e-05,1.4515673044261914e-06,0.0004279613494873047,2,torneo,100,10,1
4.8209763813647055e-05,4.6764938297401766e-05,4.7522831236197993e-05,5.333567655356108e-07,0.00041985511779785156,3,torneo,100,10,1
4.8209763813647055e-05,4.1259098899197004e-05,4.709215138635644e-05,2.097504394202438e-06,0.0004220008850097656,4,torneo,100,10,1
4.825213330981933e-05,4.741921159247476e-05,4.812175912111012e-05,2.3805627420006946e-07,0.00042319297790527344,5,torneo,100,10,1
4.825213330981933e-05,4.8209763813647055e-05,4.8214000763264285e-05,1.2710848851682933e-08,0.0004608631134033203,6,torneo,100,10,1
4.825213330981933e-05,4.8209763813647055e-05,4.821823771288151e-05,1.6947798468910576e-08,0.00045013427734375,7,torneo,100,10,1
4.838147269782949e-05,4.713573854104384e-05,4.8096076774207436e-05,3.5681505758719427e-07,0.0004260540008544922,8,torneo,100,10,1
4.8913960175927046e-05,4.8058374672167565e-05,4.8333504999450744e-05,2.1478475218467767e-07,0.0004520416259765625,9,torneo,100,10,1
4.8913960175927046e-05,4.723616351453673e-05,4.8410684674970425e-05,5.272359591071939e-07,0.0004699230194091797,10,torneo,100,10,1
4.8913960175927046e-05,4.7600623306617696e-05,4.864811567649619e-05,4.3852124611757644e-07,0.0004229545593261719,11,torneo,100,10,1
4.8913960175927046e-05,4.8913960175927046e-05,4.8913960175927046e-05,0.0,0.0005049705505371094,12,torneo,100,10,1
4.8913960175927046e-05,4.8913960175927046e-05,4.8913960175927046e-05,0.0,0.0004420280456542969,13,torneo,100,10,1
4.8913960175927046e-05,4.707280547337235e-05,4.870127599701203e-05,5.49465390227548e-07,0.00043511390686035156,14,torneo,100,10,1
4.8913960175927046e-05,4.8913960175927046e-05,4.8913960175927046e-05,0.0,0.00041413307189941406,15,torneo,100,10,1
4.8913960175927046e-05,4.8913960175927046e-05,4.8913960175927046e-05,0.0,0.0004138946533203125,16,torneo,100,10,1
4.8913960175927046e-05,4.7349272806674024e-05,4.8757491439001744e-05,4.694062107759066e-07,0.0008790493011474609,17,torneo,100,10,1
4.8913960175927046e-05,4.8913960175927046e-05,4.8913960175927046e-05,0.0,0.0008089542388916016,18,torneo,100,10,1
4.8913960175927046e-05,4.870761729712452e-05,4.8893325888046794e-05,6.190286364075716e-08,0.00041103363037109375,19,torneo,100,10,1
4.8913960175927046e-05,4.8913960175927046e-05,4.8913960175927046e-05,0.0,0.00041604042053222656,20,torneo,100,10,1
4.8913960175927046e-05,4.8913960175927046e-05,4.8913960175927046e-05,0.0,0.0004069805145263672,21,torneo,100,10,1
4.8913960175927046e-05,4.8913960175927046e-05,4.8913960175927046e-05,0.0,0.0003986358642578125,22,torneo,100,10,1
4.8913960175927046e-05,4.8913960175927046e-05,4.8913960175927046e-05,0.0,0.0004019737243652344,23,torneo,100,10,1
4.8913960175927046e-05,4.8913960175927046e-05,4.8913960175927046e-05,0.0,0.00040411949157714844,24,torneo,100,10,1
4.8913960175927046e-05,4.8913960175927046e-05,4.8913960175927046e-05,0.0,0.0004029273986816406,25,torneo,100,10,1
4.8913960175927046e-05,4.807457407703313e-05,4.883002156603766e-05,2.518158296681744e-07,0.0004010200500488281,26,torneo,100,10,1
4.8913960175927046e-05,4.8913960175927046e-05,4.8913960175927046e-05,0.0,0.000408172607421875,27,torneo,100,10,1
4.8913960175927046e-05,4.8913960175927046e-05,4.8913960175927046e-05,0.0,0.0003981590270996094,28,torneo,100,10,1
4.8913960175927046e-05,4.8913960175927046e-05,4.8913960175927046e-05,0.0,0.0003962516784667969,29,torneo,100,10,1
4.8913960175927046e-05,4.8913960175927046e-05,4.8913960175927046e-05,0.0,0.0004000663757324219,30,torneo,100,10,1
4.8913960175927046e-05,4.8913960175927046e-05,4.8913960175927046e-05,0.0,0.0003986358642578125,31,torneo,100,10,1
4.8913960175927046e-05,4.8913960175927046e-05,4.8913960175927046e-05,0.0,0.000408172607421875,32,torneo,100,10,1
4.8913960175927046e-05,4.8913960175927046e-05,4.8913960175927046e-05,0.0,0.00044274330139160156,33,torneo,100,10,1
4.8913960175927046e-05,4.8913960175927046e-05,4.8913960175927046e-05,0.0,0.0004811286926269531,34,torneo,100,10,1
4.8913960175927046e-05,4.860348898089161e-05,4.888291305642351e-05,9.314135851063159e-08,0.00043892860412597656,35,torneo,100,10,1
4.8913960175927046e-05,4.8913960175927046e-05,4.8913960175927046e-05,0.0,0.0004260540008544922,36,torneo,100,10,1
4.8913960175927046e-05,4.8913960175927046e-05,4.8913960175927046e-05,0.0,0.00041294097900390625,37,torneo,100,10,1
4.8913960175927046e-05,4.8913960175927046e-05,4.8913960175927046e-05,0.0,0.0005540847778320312,38,torneo,100,10,1
4.8913960175927046e-05,4.620496615001295e-05,4.864306077333564e-05,8.12698207774228e-07,0.00042700767517089844,39,torneo,100,10,1
4.8913960175927046e-05,4.805925507607387e-05,4.878978242948577e-05,2.6947072123116483e-07,0.0007548332214355469,40,torneo,100,10,1
4.8913960175927046e-05,4.769676425865267e-05,4.8792240584199606e-05,3.6515877518231185e-07,0.0005319118499755859,41,torneo,100,10,1
4.8913960175927046e-05,4.833743715185249e-05,4.885630787351959e-05,1.7295690722236599e-07,0.0004360675811767578,42,torneo,100,10,1
4.8913960175927046e-05,4.766473501983277e-05,4.856824392650216e-05,5.309541301220844e-07,0.00042128562927246094,43,torneo,100,10,1
4.8913960175927046e-05,4.8913960175927046e-05,4.8913960175927046e-05,0.0,0.0004210472106933594,44,torneo,100,10,1
4.8913960175927046e-05,4.8913960175927046e-05,4.8913960175927046e-05,0.0,0.00041794776916503906,45,torneo,100,10,1
4.91561559185332e-05,4.582798201037412e-05,4.862958193363237e-05,9.366541607818674e-07,0.00041604042053222656,46,torneo,100,10,1
4.922800192295115e-05,4.8913960175927046e-05,4.902262367641981e-05,1.25684248843643e-07,0.0005450248718261719,47,torneo,100,10,1
4.922800192295115e-05,4.8923070063502694e-05,4.913109254885248e-05,1.0856419837384356e-07,0.001010894775390625,48,torneo,100,10,1
4.9298836856337504e-05,4.775701688368324e-05,4.8925719111202866e-05,4.772719876180392e-07,0.0005178451538085938,49,torneo,100,10,1
4.9298836856337504e-05,4.91561559185332e-05,4.922051400119987e-05,5.9278551808653484e-08,0.0011410713195800781,50,torneo,100,10,1
4.9341968802782634e-05,4.922800192295115e-05,4.929606655764338e-05,2.6079123918276942e-08,0.00042700767517089844,51,torneo,100,10,1
4.9341968802782634e-05,4.8087779283336214e-05,4.91343001363217e-05,3.775907763433557e-07,0.0010161399841308594,52,torneo,100,10,1
4.9341968802782634e-05,4.7763297505239075e-05,4.9057361957105416e-05,5.125772330415678e-07,0.00042700767517089844,53,torneo,100,10,1
4.9341968802782634e-05,4.9298836856337504e-05,4.931608963491556e-05,2.1130252080723605e-08,0.0004189014434814453,54,torneo,100,10,1
4.9341968802782634e-05,4.9298836856337504e-05,4.933765560813812e-05,1.2939583933538844e-08,0.0004200935363769531,55,torneo,100,10,1
4.9341968802782634e-05,4.9341968802782634e-05,4.934196880278264e-05,0.0,0.0004086494445800781,56,torneo,100,10,1
4.9341968802782634e-05,4.7794937479380465e-05,4.918726567044242e-05,4.641093970206506e-07,0.0004088878631591797,57,torneo,100,10,1
4.9341968802782634e-05,4.9341968802782634e-05,4.934196880278264e-05,0.0,0.0004119873046875,58,torneo,100,10,1
4.955802945162083e-05,4.8715560274654806e-05,4.930093401485367e-05,2.0548267807382327e-07,0.00041794776916503906,59,torneo,100,10,1
4.955802945162083e-05,4.728852246500705e-05,4.9054872190375426e-05,6.713693419747829e-07,0.0004150867462158203,60,torneo,100,10,1
4.955802945162083e-05,4.830599038866922e-05,4.9281583091138935e-05,3.361772361053833e-07,0.00041294097900390625,61,torneo,100,10,1
4.955802945162083e-05,4.835348146893048e-05,4.93135652730693e-05,3.515394077521692e-07,0.00041222572326660156,62,torneo,100,10,1
4.955802945162083e-05,4.9341968802782634e-05,4.9536423386737014e-05,6.481819465145949e-08,0.0004150867462158203,63,torneo,100,10,1
4.955802945162083e-05,4.798170323282321e-05,4.936615355960866e-05,4.7264161091150776e-07,0.0004961490631103516,64,torneo,100,10,1
4.955802945162083e-05,4.955802945162083e-05,4.955802945162083e-05,0.0,0.0005681514739990234,65,torneo,100,10,1
4.955802945162083e-05,4.6452299266104094e-05,4.9247456433069154e-05,9.317190556550214e-07,0.00043010711669921875,66,torneo,100,10,1
4.955802945162083e-05,4.778894341103288e-05,4.932653402523909e-05,5.377486598568349e-07,0.000431060791015625,67,torneo,100,10,1
4.955802945162083e-05,4.941241832751494e-05,4.9543468339210244e-05,4.3683337231766796e-08,0.00040912628173828125,68,torneo,100,10,1
4.955802945162083e-05,4.955802945162083e-05,4.955802945162083e-05,0.0,0.0004260540008544922,69,torneo,100,10,1
4.955802945162083e-05,4.752872111879017e-05,4.9355098618337764e-05,6.087924998491978e-07,0.00041413307189941406,70,torneo,100,10,1
4.955802945162083e-05,4.955802945162083e-05,4.955802945162083e-05,0.0,0.00042319297790527344,71,torneo,100,10,1
4.955802945162083e-05,4.791271600873314e-05,4.939349810733206e-05,4.935940328663085e-07,0.00041103363037109375,72,torneo,100,10,1
4.955802945162083e-05,4.955802945162083e-05,4.955802945162083e-05,0.0,0.0004050731658935547,73,torneo,100,10,1
4.955802945162083e-05,4.955802945162083e-05,4.955802945162083e-05,0.0,0.0006687641143798828,74,torneo,100,10,1
4.955802945162083e-05,4.600105525547409e-05,4.920233203200616e-05,1.0670922588440232e-06,0.0004229545593261719,75,torneo,100,10,1
4.955802945162083e-05,4.955802945162083e-05,4.955802945162083e-05,0.0,0.0004172325134277344,76,torneo,100,10,1
4.955802945162083e-05,4.659154767145133e-05,4.926138127360388e-05,8.899445340508507e-07,0.00041985511779785156,77,torneo,100,10,1
4.955802945162083e-05,4.858315712939282e-05,4.9433610862409185e-05,2.9463638440595325e-07,0.0004642009735107422,78,torneo,100,10,1
4.955802945162083e-05,4.955802945162083e-05,4.955802945162083e-05,0.0,0.00042176246643066406,79,torneo,100,10,1
4.955802945162083e-05,4.955802945162083e-05,4.955802945162083e-05,0.0,0.00040912628173828125,80,torneo,100,10,1
4.955802945162083e-05,4.955802945162083e-05,4.955802945162083e-05,0.0,0.00040411949157714844,81,torneo,100,10,1
4.955802945162083e-05,4.955802945162083e-05,4.955802945162083e-05,0.0,0.0004019737243652344,82,torneo,100,10,1
4.955802945162083e-05,4.955802945162083e-05,4.955802945162083e-05,0.0,0.00040912628173828125,83,torneo,100,10,1
4.955802945162083e-05,4.863428645661378e-05,4.946565515212013e-05,2.771228985021148e-07,0.0004119873046875,84,torneo,100,10,1
4.955802945162083e-05,4.84954854209837e-05,4.945177504855711e-05,3.1876320919114e-07,0.0006630420684814453,85,torneo,100,10,1
4.955802945162083e-05,4.868281065073869e-05,4.9470507571532614e-05,2.625656402646433e-07,0.00041794776916503906,86,torneo,100,10,1
4.955802945162083e-05,4.955802945162083e-05,4.955802945162083e-05,0.0,0.0004241466522216797,87,torneo,100,10,1
4.955802945162083e-05,4.955802945162083e-05,4.955802945162083e-05,0.0,0.0004208087921142578,88,torneo,100,10,1
4.955802945162083e-05,4.908419692001304e-05,4.9510646198460056e-05,1.4214975948233832e-07,0.00042319297790527344,89,torneo,100,10,1
4.955802945162083e-05,4.955802945162083e-05,4.955802945162083e-05,0.0,0.0004100799560546875,90,torneo,100,10,1
4.955802945162083e-05,4.955802945162083e-05,4.955802945162083e-05,0.0,0.0004138946533203125,91,torneo,100,10,1
4.955802945162083e-05,4.955802945162083e-05,4.955802945162083e-05,0.0,0.000408172607421875,92,torneo,100,10,1
4.955802945162083e-05,4.955802945162083e-05,4.955802945162083e-05,0.0,0.0004169940948486328,93,torneo,100,10,1
4.955802945162083e-05,4.955802945162083e-05,4.955802945162083e-05,0.0,0.00041985511779785156,94,torneo,100,10,1
4.955802945162083e-05,4.9022960638922026e-05,4.950452257035096e-05,1.605206438096417e-07,0.000415802001953125,95,torneo,100,10,1
4.955802945162083e-05,4.856003171462867e-05,4.945822967792161e-05,2.9939932109764926e-07,0.00041294097900390625,96,torneo,100,10,1
4.955802945162083e-05,4.754441885902205e-05,4.9356668392360956e-05,6.040831777796349e-07,0.0004911422729492188,97,torneo,100,10,1
4.955802945162083e-05,4.955802945162083e-05,4.955802945162083e-05,0.0,0.0004210472106933594,98,torneo,100,10,1
4.955802945162083e-05,4.955802945162083e-05,4.955802945162083e-05,0.0,0.00041794776916503906,99,torneo,100,10,1
4.955802945162083e-05,4.955802945162083e-05,4.955802945162083e-05,0.0,0.00042510032653808594,100,torneo,100,10,1
4.7137819014833586e-05,4.1591909035899156e-05,4.447014820425008e-05,1.862294096366181e-06,0.00047898292541503906,1,torneo,100,10,2
4.7471384561623966e-05,4.3709351988731664e-05,4.604099734191586e-05,1.1581132624348483e-06,0.0004248619079589844,2,torneo,100,10,2
4.820468207187341e-05,4.4603289458261837e-05,4.703532206412802e-05,8.781507191877508e-07,0.0004241466522216797,3,torneo,100,10,2
4.9371297381282447e-05,4.68963814275883e-05,4.7594352709183446e-05,7.330650072638055e-07,0.00041985511779785156,4,torneo,100,10,2
4.9371297381282447e-05,4.727658105947216e-05,4.84247076786909e-05,8.06322656606213e-07,0.0004189014434814453,5,torneo,100,10,2
4.9371297381282447e-05,4.820468207187341e-05,4.9254635850341536e-05,3.499845928227113e-07,0.0004329681396484375,6,torneo,100,10,2
4.9371297381282447e-05,4.9371297381282447e-05,4.937129738128244e-05,0.0,0.0004169940948486328,7,torneo,100,10,2
4.9371297381282447e-05,4.9371297381282447e-05,4.937129738128244e-05,0.0,0.00046181678771972656,8,torneo,100,10,2
4.9371297381282447e-05,4.7974024761840214e-05,4.9231570119338224e-05,4.1918178583266975e-07,0.0004961490631103516,9,torneo,100,10,2
4.9371297381282447e-05,4.696724052951017e-05,4.913089169610522e-05,7.212170555316836e-07,0.00041294097900390625,10,torneo,100,10,2
4.9371297381282447e-05,4.9371297381282447e-05,4.937129738128244e-05,0.0,0.00040411949157714844,11,torneo,100,10,2
4.9371297381282447e-05,4.9371297381282447e-05,4.937129738128244e-05,0.0,0.00041794776916503906,12,torneo,100,10,2
4.996322080168363e-05,4.9371297381282447e-05,4.943048972332256e-05,1.7757702612035432e-07,0.00048804283142089844,13,torneo,100,10,2
4.996322080168363e-05,4.75021032221343e-05,4.926940812284763e-05,6.293910146958003e-07,0.0004210472106933594,14,torneo,100,10,2
5.017009048117194e-05,4.9244555120144566e-05,4.972421669563049e-05,2.851017981485939e-07,0.0004107952117919922,15,torneo,100,10,2
4.996322080168363e-05,4.9806676700075055e-05,4.99006031610402e-05,7.669063423668131e-08,0.0004220008850097656,16,torneo,100,10,2
4.996322080168363e-05,4.817680118901032e-05,4.9746581854509325e-05,5.288095898394312e-07,0.00040984153747558594,17,torneo,100,10,2
4.996322080168363e-05,4.996322080168363e-05,4.996322080168363e-05,0.0,0.0004119873046875,18,torneo,100,10,2
4.996322080168363e-05,4.996322080168363e-05,4.996322080168363e-05,0.0,0.0004169940948486328,19,torneo,100,10,2
4.996322080168363e-05,4.7074070814580054e-05,4.9674305802973275e-05,8.667449961310721e-07,0.0004596710205078125,20,torneo,100,10,2
4.996322080168363e-05,4.996322080168363e-05,4.996322080168363e-05,0.0,0.0004258155822753906,21,torneo,100,10,2
4.996322080168363e-05,4.897612213648341e-05,4.9864510935163606e-05,2.961295995600657e-07,0.00042176246643066406,22,torneo,100,10,2
4.996322080168363e-05,4.8364331573339606e-05,4.980333187884923e-05,4.796667685032066e-07,0.000408172607421875,23,torneo,100,10,2
4.996322080168363e-05,4.654749884640569e-05,4.9621648606155836e-05,1.024716586583381e-06,0.00040602684020996094,24,torneo,100,10,2
4.996322080168363e-05,4.904837574511375e-05,4.987173629602664e-05,2.7445351697096337e-07,0.0004010200500488281,25,torneo,100,10,2
4.996322080168363e-05,4.996322080168363e-05,4.996322080168363e-05,0.0,0.0003991127014160156,26,torneo,100,10,2
4.996322080168363e-05,4.996322080168363e-05,4.996322080168363e-05,0.0,0.0004019737243652344,27,torneo,100,10,2
4.996322080168363e-05,4.996322080168363e-05,4.996322080168363e-05,0.0,0.00041484832763671875,28,torneo,100,10,2
4.996322080168363e-05,4.929809781420189e-05,4.9896708502935456e-05,1.995368962445215e-07,0.00043773651123046875,29,torneo,100,10,2
4.996322080168363e-05,4.996322080168363e-05,4.996322080168363e-05,0.0,0.0006241798400878906,30,torneo,100,10,2
4.996322080168363e-05,4.996322080168363e-05,4.996322080168363e-05,0.0,0.0007870197296142578,31,torneo,100,10,2
4.996322080168363e-05,4.996322080168363e-05,4.996322080168363e-05,0.0,0.0006029605865478516,32,torneo,100,10,2
4.996322080168363e-05,4.996322080168363e-05,4.996322080168363e-05,0.0,0.0004200935363769531,33,torneo,100,10,2
4.996322080168363e-05,4.996322080168363e-05,4.996322080168363e-05,0.0,0.0004191398620605469,34,torneo,100,10,2
4.996322080168363e-05,4.992900999095217e-05,4.995979972061049e-05,1.0263243219438262e-08,0.000431060791015625,35,torneo,100,10,2
4.996322080168363e-05,4.996322080168363e-05,4.996322080168363e-05,0.0,0.0004119873046875,36,torneo,100,10,2
4.996322080168363e-05,4.996322080168363e-05,4.996322080168363e-05,0.0,0.00042891502380371094,37,torneo,100,10,2
4.996322080168363e-05,4.996322080168363e-05,4.996322080168363e-05,0.0,0.0004267692565917969,38,torneo,100,10,2
4.996322080168363e-05,4.996322080168363e-05,4.996322080168363e-05,0.0,0.0004589557647705078,39,torneo,100,10,2
4.996322080168363e-05,4.996322080168363e-05,4.996322080168363e-05,0.0,0.00040984153747558594,40,torneo,100,10,2
4.996322080168363e-05,4.996322080168363e-05,4.996322080168363e-05,0.0,0.00042700767517089844,41,torneo,100,10,2
4.996322080168363e-05,4.701131397566781e-05,4.9668030119082046e-05,8.855720478047444e-07,0.0004930496215820312,42,torneo,100,10,2
4.996322080168363e-05,4.839029614941888e-05,4.965454519405239e-05,6.174926100506028e-07,0.0007517337799072266,43,torneo,100,10,2
4.996322080168363e-05,4.92182193558054e-05,4.986270860388933e-05,2.2839939284242877e-07,0.0005099773406982422,44,torneo,100,10,2
4.996322080168363e-05,4.996322080168363e-05,4.996322080168363e-05,0.0,0.0004258155822753906,45,torneo,100,10,2
4.996322080168363e-05,4.926687996773832e-05,4.98935867182891e-05,2.0890225018359318e-07,0.0005109310150146484,46,torneo,100,10,2
4.996322080168363e-05,4.988958885287988e-05,4.995585760680326e-05,2.208958464112483e-08,0.0004169940948486328,47,torneo,100,10,2
4.996322080168363e-05,4.996322080168363e-05,4.996322080168363e-05,0.0,0.0004191398620605469,48,torneo,100,10,2
4.996322080168363e-05,4.879918286490505e-05,4.9846817008005774e-05,3.492113810335742e-07,0.0004138946533203125,49,torneo,100,10,2
4.996322080168363e-05,4.996322080168363e-05,4.996322080168363e-05,0.0,0.0004169940948486328,50,torneo,100,10,2
4.996322080168363e-05,4.823520532572074e-05,4.979041925408734e-05,5.184046427888657e-07,0.0004200935363769531,51,torneo,100,10,2
4.996322080168363e-05,4.759284373123547e-05,4.9726183094638814e-05,7.111131211344463e-07,0.0004189014434814453,52,torneo,100,10,2
4.996322080168363e-05,4.996322080168363e-05,4.996322080168363e-05,0.0,0.0004210472106933594,53,torneo,100,10,2
4.996322080168363e-05,4.835728634219504e-05,4.979604287224107e-05,4.799871279038393e-07,0.0004229545593261719,54,torneo,100,10,2
4.996322080168363e-05,4.996322080168363e-05,4.996322080168363e-05,0.0,0.0005090236663818359,55,torneo,100,10,2
4.996322080168363e-05,4.9610116685832615e-05,4.9912985383332716e-05,1.1032775115897255e-07,0.0004150867462158203,56,torneo,100,10,2
4.996322080168363e-05,4.996322080168363e-05,4.996322080168363e-05,0.0,0.0004150867462158203,57,torneo,100,10,2
4.996322080168363e-05,4.996322080168363e-05,4.996322080168363e-05,0.0,0.00041103363037109375,58,torneo,100,10,2
4.996322080168363e-05,4.996322080168363e-05,4.996322080168363e-05,0.0,0.00040984153747558594,59,torneo,100,10,2
4.996322080168363e-05,4.996322080168363e-05,4.996322080168363e-05,0.0,0.0006318092346191406,60,torneo,100,10,2
4.996322080168363e-05,4.996322080168363e-05,4.996322080168363e-05,0.0,0.0004248619079589844,61,torneo,100,10,2
4.996322080168363e-05,4.735901028663139e-05,4.953234584545406e-05,8.84919967637066e-07,0.0004189014434814453,62,torneo,100,10,2
4.996322080168363e-05,4.996322080168363e-05,4.996322080168363e-05,0.0,0.0004119873046875,63,torneo,100,10,2
4.996322080168363e-05,4.953501131299827e-05,4.9920399852815094e-05,1.284628466056082e-07,0.0004260540008544922,64,torneo,100,10,2
4.996322080168363e-05,4.8553252024221236e-05,4.969930836704025e-05,5.293711018329365e-07,0.0004088878631591797,65,torneo,100,10,2
4.996322080168363e-05,4.996322080168363e-05,4.996322080168363e-05,0.0,0.0004069805145263672,66,torneo,100,10,2
4.996322080168363e-05,4.996322080168363e-05,4.996322080168363e-05,0.0,0.0004038810729980469,67,torneo,100,10,2
4.996322080168363e-05,4.996322080168363e-05,4.996322080168363e-05,0.0,0.0004069805145263672,68,torneo,100,10,2
4.996322080168363e-05,4.996322080168363e-05,4.996322080168363e-05,0.0,0.0004100799560546875,69,torneo,100,10,2
4.996322080168363e-05,4.996322080168363e-05,4.996322080168363e-05,0.0,0.00040984153747558594,70,torneo,100,10,2
4.996322080168363e-05,4.996322080168363e-05,4.996322080168363e-05,0.0,0.0010190010070800781,71,torneo,100,10,2
4.996322080168363e-05,4.996322080168363e-05,4.996322080168363e-05,0.0,0.0016019344329833984,72,torneo,100,10,2
4.996322080168363e-05,4.996322080168363e-05,4.996322080168363e-05,0.0,0.0007698535919189453,73,torneo,100,10,2
4.996322080168363e-05,4.996322080168363e-05,4.996322080168363e-05,0.0,0.0007050037384033203,74,torneo,100,10,2
4.996322080168363e-05,4.996322080168363e-05,4.996322080168363e-05,0.0,0.00040912628173828125,75,torneo,100,10,2
4.996322080168363e-05,4.996322080168363e-05,4.996322080168363e-05,0.0,0.00041484832763671875,76,torneo,100,10,2
4.996322080168363e-05,4.627962206825283e-05,4.959486092834055e-05,1.10507962002924e-06,0.0006680488586425781,77,torneo,100,10,2
4.996322080168363e-05,4.996322080168363e-05,4.996322080168363e-05,0.0,0.0011348724365234375,78,torneo,100,10,2
4.996322080168363e-05,4.8991030777150846e-05,4.986600179923035e-05,2.9165700735983437e-07,0.0010559558868408203,79,torneo,100,10,2
4.996322080168363e-05,4.996322080168363e-05,4.996322080168363e-05,0.0,0.0006668567657470703,80,torneo,100,10,2
4.996322080168363e-05,4.996322080168363e-05,4.996322080168363e-05,0.0,0.0006000995635986328,81,torneo,100,10,2
4.996322080168363e-05,4.491819305888022e-05,4.945871802740329e-05,1.5135083228410217e-06,0.00046896934509277344,82,torneo,100,10,2
4.996322080168363e-05,4.996322080168363e-05,4.996322080168363e-05,0.0,0.0007600784301757812,83,torneo,100,10,2
4.996322080168363e-05,4.996322080168363e-05,4.996322080168363e-05,0.0,0.0006840229034423828,84,torneo,100,10,2
4.996322080168363e-05,4.9643248461902845e-05,4.993122356770555e-05,9.599170193423469e-08,0.0005140304565429688,85,torneo,100,10,2
4.996322080168363e-05,4.996322080168363e-05,4.996322080168363e-05,0.0,0.0004131793975830078,86,torneo,100,10,2
4.996322080168363e-05,4.996322080168363e-05,4.996322080168363e-05,0.0,0.00041294097900390625,87,torneo,100,10,2
4.996322080168363e-05,4.9702810459930354e-05,4.99371797675083e-05,7.812310252598201e-08,0.00041174888610839844,88,torneo,100,10,2
4.996322080168363e-05,4.996322080168363e-05,4.996322080168363e-05,0.0,0.00041174888610839844,89,torneo,100,10,2
4.996322080168363e-05,4.996322080168363e-05,4.996322080168363e-05,0.0,0.000408172607421875,90,torneo,100,10,2
4.996322080168363e-05,4.72512451147714e-05,4.9692023232992405e-05,8.135927060736679e-07,0.00040793418884277344,91,torneo,100,10,2
4.996322080168363e-05,4.996322080168363e-05,4.996322080168363e-05,0.0,0.00040602684020996094,92,torneo,100,10,2
4.996322080168363e-05,4.996322080168363e-05,4.996322080168363e-05,0.0,0.00040984153747558594,93,torneo,100,10,2
4.996322080168363e-05,4.996322080168363e-05,4.996322080168363e-05,0.0,0.0004169940948486328,94,torneo,100,10,2
4.996322080168363e-05,4.8429673862304966e-05,4.9689920194609175e-05,5.516825359590323e-07,0.00041294097900390625,95,torneo,100,10,2
4.996322080168363e-05,4.835243142350456e-05,4.974054136960535e-05,4.978195672590352e-07,0.00041222572326660156,96,torneo,100,10,2
4.996322080168363e-05,4.810185831322584e-05,4.977708455283784e-05,5.584087465373369e-07,0.00040984153747558594,97,torneo,100,10,2
4.996322080168363e-05,4.996322080168363e-05,4.996322080168363e-05,0.0,0.0004589557647705078,98,torneo,100,10,2
4.996322080168363e-05,4.710630744777742e-05,4.967752946629301e-05,8.570740061718621e-07,0.0004961490631103516,99,torneo,100,10,2
4.996322080168363e-05,4.8873755998400245e-05,4.985427432135529e-05,3.268394409850147e-07,0.00049591064453125,100,torneo,100,10,2
4.7855387367676525e-05,4.393317483721853e-05,4.58006044650517e-05,1.2818310324815224e-06,0.0004761219024658203,1,torneo,100,10,3
4.8487589306970645e-05,4.478230901050329e-05,4.7045683818953605e-05,1.3025581033688214e-06,0.00044274330139160156,2,torneo,100,10,3
4.803377704583152e-05,4.537369107589453e-05,4.746151278892806e-05,7.951735253788199e-07,0.0008308887481689453,3,torneo,100,10,3
4.8367098776597856e-05,4.765089845383151e-05,4.7945658400224303e-05,1.7924359896333863e-07,0.0004341602325439453,4,torneo,100,10,3
4.8367098776597856e-05,4.791570616361304e-05,4.821464541247195e-05,1.8209462629818232e-07,0.00045609474182128906,5,torneo,100,10,3
4.8367098776597856e-05,4.8367098776597856e-05,4.8367098776597856e-05,0.0,0.00043582916259765625,6,torneo,100,10,3
4.857706236876145e-05,4.8367098776597856e-05,4.838809513581421e-05,6.298907764907744e-08,0.00047326087951660156,7,torneo,100,10,3
4.857706236876145e-05,4.687946660120592e-05,4.811196467389435e-05,6.206013771283696e-07,0.0004391670227050781,8,torneo,100,10,3
4.857706236876145e-05,4.535736105742295e-05,4.807711034436007e-05,9.284546965947392e-07,0.000514984130859375,9,torneo,100,10,3
4.857706236876145e-05,4.732019596989252e-05,4.830257356221582e-05,4.5335056397012647e-07,0.0005118846893310547,10,torneo,100,10,3
4.857706236876145e-05,4.8367098776597856e-05,4.855606600954509e-05,6.298907764907744e-08,0.0004229545593261719,11,torneo,100,10,3
4.857706236876145e-05,4.857706236876145e-05,4.857706236876145e-05,0.0,0.00041294097900390625,12,torneo,100,10,3
4.857706236876145e-05,4.8391791311894216e-05,4.855853526307473e-05,5.558131706016932e-08,0.0004119873046875,13,torneo,100,10,3
4.857706236876145e-05,4.8503822621737404e-05,4.856973839405904e-05,2.1971924107212866e-08,0.0004169940948486328,14,torneo,100,10,3
4.857706236876145e-05,4.857706236876145e-05,4.857706236876145e-05,0.0,0.000492095947265625,15,torneo,100,10,3
4.857706236876145e-05,4.857706236876145e-05,4.857706236876145e-05,0.0,0.0005209445953369141,16,torneo,100,10,3
4.857706236876145e-05,4.857706236876145e-05,4.857706236876145e-05,0.0,0.0004458427429199219,17,torneo,100,10,3
4.857706236876145e-05,4.857706236876145e-05,4.857706236876145e-05,0.0,0.0005290508270263672,18,torneo,100,10,3
4.857706236876145e-05,4.857706236876145e-05,4.857706236876145e-05,0.0,0.0005099773406982422,19,torneo,100,10,3
4.857706236876145e-05,4.857706236876145e-05,4.857706236876145e-05,0.0,0.0004889965057373047,20,torneo,100,10,3
4.857706236876145e-05,4.675984098219249e-05,4.8395340230104554e-05,5.451664159706865e-07,0.00040602684020996094,21,torneo,100,10,3
4.857706236876145e-05,4.857706236876145e-05,4.857706236876145e-05,0.0,0.0004112720489501953,22,torneo,100,10,3
4.857706236876145e-05,4.823598584770762e-05,4.8542954716656064e-05,1.0232295631614762e-07,0.0004069805145263672,23,torneo,100,10,3
4.857706236876145e-05,4.857706236876145e-05,4.857706236876145e-05,0.0,0.0004107952117919922,24,torneo,100,10,3
4.857706236876145e-05,4.857706236876145e-05,4.857706236876145e-05,0.0,0.0004119873046875,25,torneo,100,10,3
4.857706236876145e-05,4.857706236876145e-05,4.857706236876145e-05,0.0,0.0004048347473144531,26,torneo,100,10,3
4.857706236876145e-05,4.857706236876145e-05,4.857706236876145e-05,0.0,0.00040721893310546875,27,torneo,100,10,3
4.857706236876145e-05,4.857706236876145e-05,4.857706236876145e-05,0.0,0.0004742145538330078,28,torneo,100,10,3
4.857706236876145e-05,4.857706236876145e-05,4.857706236876145e-05,0.0,0.0004086494445800781,29,torneo,100,10,3
4.857706236876145e-05,4.785306892002947e-05,4.850466302388825e-05,2.171980346195929e-07,0.0004069805145263672,30,torneo,100,10,3
4.857706236876145e-05,4.857706236876145e-05,4.857706236876145e-05,0.0,0.0004038810729980469,31,torneo,100,10,3
4.857706236876145e-05,4.857706236876145e-05,4.857706236876145e-05,0.0,0.0004019737243652344,32,torneo,100,10,3
4.857706236876145e-05,4.857706236876145e-05,4.857706236876145e-05,0.0,0.0003998279571533203,33,torneo,100,10,3
4.857706236876145e-05,4.857706236876145e-05,4.857706236876145e-05,0.0,0.00041222572326660156,34,torneo,100,10,3
4.857706236876145e-05,4.857706236876145e-05,4.857706236876145e-05,0.0,0.0004169940948486328,35,torneo,100,10,3
4.857706236876145e-05,4.857706236876145e-05,4.857706236876145e-05,0.0,0.0004642009735107422,36,torneo,100,10,3
4.857706236876145e-05,4.857706236876145e-05,4.857706236876145e-05,0.0,0.0004050731658935547,37,torneo,100,10,3
4.857706236876145e-05,4.857706236876145e-05,4.857706236876145e-05,0.0,0.00040411949157714844,38,torneo,100,10,3
4.857706236876145e-05,4.857706236876145e-05,4.857706236876145e-05,0.0,0.00044417381286621094,39,torneo,100,10,3
4.857706236876145e-05,4.857706236876145e-05,4.857706236876145e-05,0.0,0.0005028247833251953,40,torneo,100,10,3
4.857706236876145e-05,4.8472875453044394e-05,4.856664367718974e-05,3.125607471511592e-08,0.00043392181396484375,41,torneo,100,10,3
4.857706236876145e-05,4.857706236876145e-05,4.857706236876145e-05,0.0,0.00041794776916503906,42,torneo,100,10,3
4.857706236876145e-05,4.857706236876145e-05,4.857706236876145e-05,0.0,0.00041484832763671875,43,torneo,100,10,3
4.857706236876145e-05,4.7228639294976334e-05,4.8442220061382936e-05,4.045269221355339e-07,0.00040912628173828125,44,torneo,100,10,3
4.857706236876145e-05,4.857706236876145e-05,4.857706236876145e-05,0.0,0.0004150867462158203,45,torneo,100,10,3
4.857706236876145e-05,4.816130852524964e-05,4.853548698441027e-05,1.247261530535418e-07,0.000408172607421875,46,torneo,100,10,3
4.857706236876145e-05,4.857706236876145e-05,4.857706236876145e-05,0.0,0.000408172607421875,47,torneo,100,10,3
4.857706236876145e-05,4.742256896184046e-05,4.8389527154645775e-05,3.8740131337075367e-07,0.00040984153747558594,48,torneo,100,10,3
4.857706236876145e-05,4.723528188490938e-05,4.844288432037624e-05,4.0253414515562006e-07,0.0004119873046875,49,torneo,100,10,3
4.857706236876145e-05,4.812921827810243e-05,4.8532277959695546e-05,1.3435322719770608e-07,0.0004208087921142578,50,torneo,100,10,3
4.857706236876145e-05,4.8438530896456604e-05,4.856320922153096e-05,4.155944169145296e-08,0.0004630088806152344,51,torneo,100,10,3
4.857706236876145e-05,4.857706236876145e-05,4.857706236876145e-05,0.0,0.0004153251647949219,52,torneo,100,10,3
4.857706236876145e-05,4.857706236876145e-05,4.857706236876145e-05,0.0,0.0004067420959472656,53,torneo,100,10,3
4.857706236876145e-05,4.831245095785761e-05,4.8550601227671064e-05,7.938342327115064e-08,0.0004010200500488281,54,torneo,100,10,3
4.857706236876145e-05,4.857706236876145e-05,4.857706236876145e-05,0.0,0.00040602684020996094,55,torneo,100,10,3
4.857706236876145e-05,4.857706236876145e-05,4.857706236876145e-05,0.0,0.0004069805145263672,56,torneo,100,10,3
4.857706236876145e-05,4.851827432957527e-05,4.857118356484283e-05,1.7636411755853254e-08,0.0004057884216308594,57,torneo,100,10,3
4.857706236876145e-05,4.857706236876145e-05,4.857706236876145e-05,0.0,0.00041604042053222656,58,torneo,100,10,3
4.857706236876145e-05,4.857706236876145e-05,4.857706236876145e-05,0.0,0.00041604042053222656,59,torneo,100,10,3
4.857706236876145e-05,4.8096635107082277e-05,4.852901964259353e-05,1.441281785037512e-07,0.0004150867462158203,60,torneo,100,10,3
4.857706236876145e-05,4.857706236876145e-05,4.857706236876145e-05,0.0,0.0004830360412597656,61,torneo,100,10,3
4.857706236876145e-05,4.857706236876145e-05,4.857706236876145e-05,0.0,0.00041294097900390625,62,torneo,100,10,3
4.857706236876145e-05,4.857706236876145e-05,4.857706236876145e-05,0.0,0.00041604042053222656,63,torneo,100,10,3
4.857706236876145e-05,4.857706236876145e-05,4.857706236876145e-05,0.0,0.0004329681396484375,64,torneo,100,10,3
4.857706236876145e-05,4.857706236876145e-05,4.857706236876145e-05,0.0,0.0005359649658203125,65,torneo,100,10,3
4.857706236876145e-05,4.857706236876145e-05,4.857706236876145e-05,0.0,0.00047898292541503906,66,torneo,100,10,3
4.857706236876145e-05,4.857706236876145e-05,4.857706236876145e-05,0.0,0.0005078315734863281,67,torneo,100,10,3
4.857706236876145e-05,4.857706236876145e-05,4.857706236876145e-05,0.0,0.0004620552062988281,68,torneo,100,10,3
4.857706236876145e-05,4.857706236876145e-05,4.857706236876145e-05,0.0,0.0005371570587158203,69,torneo,100,10,3
4.857706236876145e-05,4.857706236876145e-05,4.857706236876145e-05,0.0,0.0004401206970214844,70,torneo,100,10,3
4.857706236876145e-05,4.799678180661507e-05,4.851903431254681e-05,1.7408416864391266e-07,0.0004248619079589844,71,torneo,100,10,3
4.857706236876145e-05,4.857706236876145e-05,4.857706236876145e-05,0.0,0.00042700767517089844,72,torneo,100,10,3
4.857706236876145e-05,4.857706236876145e-05,4.857706236876145e-05,0.0,0.00043320655822753906,73,torneo,100,10,3
4.857706236876145e-05,4.857706236876145e-05,4.857706236876145e-05,0.0,0.00048804283142089844,74,torneo,100,10,3
4.857706236876145e-05,4.857706236876145e-05,4.857706236876145e-05,0.0,0.00043582916259765625,75,torneo,100,10,3
4.857706236876145e-05,4.857706236876145e-05,4.857706236876145e-05,0.0,0.00044608116149902344,76,torneo,100,10,3
4.857706236876145e-05,4.808155945717875e-05,4.852751207760318e-05,1.4865087347481002e-07,0.00043487548828125,77,torneo,100,10,3
4.857706236876145e-05,4.857706236876145e-05,4.857706236876145e-05,0.0,0.0004279613494873047,78,torneo,100,10,3
4.857706236876145e-05,4.857706236876145e-05,4.857706236876145e-05,0.0,0.0004291534423828125,79,torneo,100,10,3
4.857706236876145e-05,4.857706236876145e-05,4.857706236876145e-05,0.0,0.00041985511779785156,80,torneo,100,10,3
4.857706236876145e-05,4.857706236876145e-05,4.857706236876145e-05,0.0,0.0004761219024658203,81,torneo,100,10,3
4.857706236876145e-05,4.857706236876145e-05,4.857706236876145e-05,0.0,0.00043582916259765625,82,torneo,100,10,3
4.857706236876145e-05,4.857706236876145e-05,4.857706236876145e-05,0.0,0.0004420280456542969,83,torneo,100,10,3
4.857706236876145e-05,4.857706236876145e-05,4.857706236876145e-05,0.0,0.0004279613494873047,84,torneo,100,10,3
4.857706236876145e-05,4.857706236876145e-05,4.857706236876145e-05,0.0,0.0004298686981201172,85,torneo,100,10,3
4.857706236876145e-05,4.857706236876145e-05,4.857706236876145e-05,0.0,0.00043010711669921875,86,torneo,100,10,3
4.877006975001424e-05,4.857706236876145e-05,4.859636310688673e-05,5.790221437583734e-08,0.0004439353942871094,87,torneo,100,10,3
4.877006975001424e-05,4.7757886128888986e-05,4.84672729748801e-05,2.985133930188934e-07,0.0004329681396484375,88,torneo,100,10,3
4.9578194792933884e-05,4.7269629249492496e-05,4.856676851317173e-05,5.87171477601274e-07,0.0004363059997558594,89,torneo,100,10,3
4.9578194792933884e-05,4.827352788658112e-05,4.9058451314061545e-05,4.6979833304223574e-07,0.0004317760467529297,90,torneo,100,10,3
4.9578194792933884e-05,4.9023117794928096e-05,4.94685747848634e-05,1.8285297573084773e-07,0.0004317760467529297,91,torneo,100,10,3
4.9578194792933884e-05,4.930763325158434e-05,4.9551138638798935e-05,8.116846240486242e-08,0.00042891502380371094,92,torneo,100,10,3
4.9578194792933884e-05,4.9578194792933884e-05,4.957819479293388e-05,0.0,0.0004322528839111328,93,torneo,100,10,3
4.960576803837741e-05,4.9578194792933884e-05,4.958095211747824e-05,8.271973633056952e-09,0.00044226646423339844,94,torneo,100,10,3
4.960576803837741e-05,4.5388263612605547e-05,4.89321469436195e-05,1.37556867207856e-06,0.0004329681396484375,95,torneo,100,10,3
4.960576803837741e-05,4.818971947482054e-05,4.9430207485791e-05,4.2014576879307834e-07,0.00043010711669921875,96,torneo,100,10,3
4.960576803837741e-05,4.9578194792933884e-05,4.960301071383305e-05,8.271973633056952e-09,0.00042700767517089844,97,torneo,100,10,3
4.960576803837741e-05,4.960576803837741e-05,4.9605768038377414e-05,0.0,0.00042510032653808594,98,torneo,100,10,3
4.960576803837741e-05,4.8611777270033675e-05,4.950636896154303e-05,2.9819723050311975e-07,0.0004253387451171875,99,torneo,100,10,3
4.960576803837741e-05,4.960576803837741e-05,4.9605768038377414e-05,0.0,0.0004229545593261719,100,torneo,100,10,3
4.698154703928541e-05,4.1265588271455934e-05,4.510334528506102e-05,1.8955924599437437e-06,0.0004558563232421875,1,elitismo,100,10,1
4.698154703928541e-05,4.440039732664021e-05,4.645265416924017e-05,8.131563716579074e-07,0.0004329681396484375,2,elitismo,100,10,1
4.698154703928541e-05,4.42560871292027e-05,4.611005451010968e-05,1.0238290859444657e-06,0.00043392181396484375,3,elitismo,100,10,1
4.698154703928541e-05,4.4220418426551654e-05,4.6321989468525634e-05,1.0384543981587361e-06,0.0004210472106933594,4,elitismo,100,10,1
4.793200802059556e-05,4.0773660516730325e-05,4.616086265299569e-05,1.9875602668192277e-06,0.0004639625549316406,5,elitismo,100,10,1
4.793200802059556e-05,4.661327843027839e-05,4.703976627651572e-05,3.1703360224686454e-07,0.0004239082336425781,6,elitismo,100,10,1
4.795347235583888e-05,4.661327843027839e-05,4.719621353994806e-05,5.061545881972961e-07,0.0004200935363769531,7,elitismo,100,10,1
4.8799538869595625e-05,4.521691317445743e-05,4.761271286726929e-05,9.043356443068934e-07,0.0004239082336425781,8,elitismo,100,10,1
4.8799538869595625e-05,4.484487348239324e-05,4.73687596362799e-05,1.2975736924057372e-06,0.0004222393035888672,9,elitismo,100,10,1
4.8822849116190644e-05,4.521691317445743e-05,4.769792832154102e-05,1.244365852355267e-06,0.00042438507080078125,10,elitismo,100,10,1
4.8822849116190644e-05,4.521691317445743e-05,4.715414123055121e-05,1.632701288627355e-06,0.0004191398620605469,11,elitismo,100,10,1
4.8822849116190644e-05,4.521691317445743e-05,4.763026766382466e-05,1.435848284448451e-06,0.00043487548828125,12,elitismo,100,10,1
4.882760638767541e-05,4.521691317445743e-05,4.7971332262312416e-05,1.2494947974223306e-06,0.00042891502380371094,13,elitismo,100,10,1
4.882760638767541e-05,4.521691317445743e-05,4.815068796941724e-05,1.1624563872763305e-06,0.0004189014434814453,14,elitismo,100,10,1
4.882760638767541e-05,4.521691317445743e-05,4.8327264046056734e-05,1.0479507307161322e-06,0.00042510032653808594,15,elitismo,100,10,1
4.882760638767541e-05,4.7552014388841174e-05,4.8582306829913605e-05,3.8849634594807815e-07,0.0004286766052246094,16,elitismo,100,10,1
4.882760638767541e-05,4.831359958274207e-05,4.87555254084187e-05,1.555281129913658e-07,0.0004222393035888672,17,elitismo,100,10,1
4.882760638767541e-05,4.831359958274207e-05,4.875241262393097e-05,1.6188097962728123e-07,0.0004322528839111328,18,elitismo,100,10,1
4.882760638767541e-05,4.819082995968283e-05,4.870512826409184e-05,2.2916239037719074e-07,0.0004229545593261719,19,elitismo,100,10,1
4.882760638767541e-05,4.382298623734834e-05,4.8062973296471726e-05,1.4560739353845512e-06,0.0004200935363769531,20,elitismo,100,10,1
4.882760638767541e-05,4.772791604076566e-05,4.861483599199777e-05,3.584707013625854e-07,0.00041484832763671875,21,elitismo,100,10,1
4.882760638767541e-05,4.831359958274207e-05,4.872480502668874e-05,2.0560272197333664e-07,0.0004260540008544922,22,elitismo,100,10,1
4.882760638767541e-05,4.831359958274207e-05,4.872480502668874e-05,2.0560272197333664e-07,0.00041794776916503906,23,elitismo,100,10,1
4.882760638767541e-05,4.831359958274207e-05,4.872480502668874e-05,2.0560272197333664e-07,0.0004169940948486328,24,elitismo,100,10,1
4.882760638767541e-05,4.831359958274207e-05,4.877620570718208e-05,1.5420204148000246e-07,0.0004258155822753906,25,elitismo,100,10,1
4.882760638767541e-05,4.8174965876138805e-05,4.870601930421115e-05,2.439946404147881e-07,0.0004260540008544922,26,elitismo,100,10,1
4.882760638767541e-05,4.831359958274207e-05,4.875149204663944e-05,1.6350705432672982e-07,0.0004181861877441406,27,elitismo,100,10,1
4.882760638767541e-05,4.831359958274207e-05,4.877620570718208e-05,1.5420204148000246e-07,0.0004181861877441406,28,elitismo,100,10,1
4.882760638767541e-05,4.683774200161329e-05,4.8628619949069195e-05,5.969593158186362e-07,0.00041174888610839844,29,elitismo,100,10,1
4.882760638767541e-05,4.882760638767541e-05,4.882760638767541e-05,0.0,0.0004010200500488281,30,elitismo,100,10,1
4.882760638767541e-05,4.882760638767541e-05,4.882760638767541e-05,0.0,0.00041103363037109375,31,elitismo,100,10,1
4.882760638767541e-05,4.750129841834171e-05,4.8596045901540334e-05,4.692119545239193e-07,0.0004038810729980469,32,elitismo,100,10,1
4.882760638767541e-05,4.750129841834171e-05,4.869497559074204e-05,3.978923908001091e-07,0.0004029273986816406,33,elitismo,100,10,1
4.882760638767541e-05,4.750129841834171e-05,4.869497559074204e-05,3.978923908001091e-07,0.00039887428283691406,34,elitismo,100,10,1
4.882760638767541e-05,4.750129841834171e-05,4.869497559074204e-05,3.978923908001091e-07,0.0004010200500488281,35,elitismo,100,10,1
4.882760638767541e-05,4.76256974436418e-05,4.8700719204056124e-05,3.588963032696183e-07,0.0004055500030517578,36,elitismo,100,10,1
4.882760638767541e-05,4.76256974436418e-05,4.864089747781682e-05,3.9223049059861946e-07,0.0004200935363769531,37,elitismo,100,10,1
4.882760638767541e-05,4.882760638767541e-05,4.882760638767541e-05,0.0,0.0004100799560546875,38,elitismo,100,10,1
4.882760638767541e-05,4.882760638767541e-05,4.882760638767541e-05,0.0,0.0003972053527832031,39,elitismo,100,10,1
4.882760638767541e-05,4.882760638767541e-05,4.882760638767541e-05,0.0,0.0004639625549316406,40,elitismo,100,10,1
4.882760638767541e-05,4.882760638767541e-05,4.882760638767541e-05,0.0,0.0004138946533203125,41,elitismo,100,10,1
4.882760638767541e-05,4.882760638767541e-05,4.882760638767541e-05,0.0,0.00040984153747558594,42,elitismo,100,10,1
4.882760638767541e-05,4.882760638767541e-05,4.882760638767541e-05,0.0,0.0004143714904785156,43,elitismo,100,10,1
4.882760638767541e-05,4.743399116562007e-05,4.868824486546987e-05,4.1808456661660175e-07,0.00040411949157714844,44,elitismo,100,10,1
4.882760638767541e-05,4.743399116562007e-05,4.868824486546987e-05,4.1808456661660175e-07,0.0004031658172607422,45,elitismo,100,10,1
4.882760638767541e-05,4.882760638767541e-05,4.882760638767541e-05,0.0,0.0004050731658935547,46,elitismo,100,10,1
4.882760638767541e-05,4.882760638767541e-05,4.882760638767541e-05,0.0,0.00041413307189941406,47,elitismo,100,10,1
4.88795127169491e-05,4.850009353715863e-05,4.8800045735551096e-05,1.0117462073915756e-07,0.00040793418884277344,48,elitismo,100,10,1
4.88795127169491e-05,4.882760638767541e-05,4.8837987653530154e-05,2.076253170947692e-08,0.0004150867462158203,49,elitismo,100,10,1
4.88795127169491e-05,4.819996041232649e-05,4.87501361468914e-05,2.0056094414820676e-07,0.00040912628173828125,50,elitismo,100,10,1
4.88795127169491e-05,4.8591980920750716e-05,4.882480637269242e-05,8.137446030488043e-08,0.00040912628173828125,51,elitismo,100,10,1
4.88795127169491e-05,4.882760638767541e-05,4.8853559552312255e-05,2.595316463684615e-08,0.00040912628173828125,52,elitismo,100,10,1
4.88795127169491e-05,4.882760638767541e-05,4.8853559552312255e-05,2.595316463684615e-08,0.0004050731658935547,53,elitismo,100,10,1
4.88795127169491e-05,4.882760638767541e-05,4.885875018523962e-05,2.5428804228287098e-08,0.0004057884216308594,54,elitismo,100,10,1
4.88795127169491e-05,4.882760638767541e-05,4.8863940818166994e-05,2.3786468294399713e-08,0.0004069805145263672,55,elitismo,100,10,1
4.88795127169491e-05,4.882760638767541e-05,4.885875018523962e-05,2.5428804228287098e-08,0.00040602684020996094,56,elitismo,100,10,1
4.88795127169491e-05,4.882760638767541e-05,4.8863940818166994e-05,2.3786468294399713e-08,0.0004069805145263672,57,elitismo,100,10,1
4.88795127169491e-05,4.882760638767541e-05,4.886913145109436e-05,2.076253170947692e-08,0.0004069805145263672,58,elitismo,100,10,1
4.88795127169491e-05,4.882760638767541e-05,4.887432208402173e-05,1.557189878210769e-08,0.0004143714904785156,59,elitismo,100,10,1
4.88795127169491e-05,4.88795127169491e-05,4.887951271694911e-05,0.0,0.0004038810729980469,60,elitismo,100,10,1
4.88795127169491e-05,4.88795127169491e-05,4.887951271694911e-05,0.0,0.00040602684020996094,61,elitismo,100,10,1
4.88795127169491e-05,4.88795127169491e-05,4.887951271694911e-05,0.0,0.00040793418884277344,62,elitismo,100,10,1
4.88795127169491e-05,4.754520090494273e-05,4.8746081535748467e-05,4.0029354360191043e-07,0.00040912628173828125,63,elitismo,100,10,1
4.88795127169491e-05,4.754520090494273e-05,4.8746081535748467e-05,4.0029354360191043e-07,0.0004067420959472656,64,elitismo,100,10,1
4.88795127169491e-05,4.697376119122636e-05,4.858608299984976e-05,6.187717699951894e-07,0.0004112720489501953,65,elitismo,100,10,1
4.88795127169491e-05,4.5517108720080374e-05,4.852084708868957e-05,1.0034759288026958e-06,0.0004069805145263672,66,elitismo,100,10,1
4.88795127169491e-05,4.5517108720080374e-05,4.854327231726223e-05,1.008721199060618e-06,0.0004076957702636719,67,elitismo,100,10,1
4.88795127169491e-05,4.5517108720080374e-05,4.840191983183974e-05,1.049898257575441e-06,0.00041103363037109375,68,elitismo,100,10,1
4.88795127169491e-05,4.483935085741703e-05,4.835769715925033e-05,1.2242410827536325e-06,0.0004069805145263672,69,elitismo,100,10,1
4.88795127169491e-05,4.88795127169491e-05,4.887951271694911e-05,0.0,0.0004038810729980469,70,elitismo,100,10,1
4.88795127169491e-05,4.88795127169491e-05,4.887951271694911e-05,0.0,0.0004069805145263672,71,elitismo,100,10,1
4.88795127169491e-05,4.88795127169491e-05,4.887951271694911e-05,0.0,0.0004050731658935547,72,elitismo,100,10,1
4.88795127169491e-05,4.8562739257753144e-05,4.884783537102951e-05,9.503203775878719e-08,0.00040602684020996094,73,elitismo,100,10,1
4.88795127169491e-05,4.88795127169491e-05,4.887951271694911e-05,0.0,0.00040078163146972656,74,elitismo,100,10,1
4.88795127169491e-05,4.88795127169491e-05,4.887951271694911e-05,0.0,0.00040793418884277344,75,elitismo,100,10,1
4.88795127169491e-05,4.645845712111961e-05,4.859400432116412e-05,7.235150569613739e-07,0.0004029273986816406,76,elitismo,100,10,1
4.88795127169491e-05,4.8445484354928765e-05,4.879270704454503e-05,1.7361134480813448e-07,0.00040602684020996094,77,elitismo,100,10,1
4.88795127169491e-05,4.8445484354928765e-05,4.8836109880747064e-05,1.3020850860610084e-07,0.0004088878631591797,78,elitismo,100,10,1
4.9181557910699365e-05,4.8445484354928765e-05,4.8786524740030694e-05,2.2669913848657488e-07,0.000408172607421875,79,elitismo,100,10,1
4.9181557910699365e-05,4.8445484354928765e-05,4.8896518919497115e-05,1.9182051713054101e-07,0.00040793418884277344,80,elitismo,100,10,1
4.9181557910699365e-05,4.886477179700262e-05,4.896865218307953e-05,1.394463150117594e-07,0.0004131793975830078,81,elitismo,100,10,1
4.9181557910699365e-05,4.88795127169491e-05,4.897012627507418e-05,1.3841449636581848e-07,0.0004048347473144531,82,elitismo,100,10,1
4.9181557910699365e-05,4.742151290342735e-05,4.885453081309703e-05,4.984423434359543e-07,0.0004050731658935547,83,elitismo,100,10,1
4.9181557910699365e-05,4.487072461383339e-05,4.8134411060716495e-05,1.5231803516420606e-06,0.0004258155822753906,84,elitismo,100,10,1
4.9181557910699365e-05,4.487072461383339e-05,4.822094194267124e-05,1.389382331176004e-06,0.00040411949157714844,85,elitismo,100,10,1
4.9181557910699365e-05,4.487072461383339e-05,4.826452941107155e-05,1.3376907869872456e-06,0.00039887428283691406,86,elitismo,100,10,1
4.9181557910699365e-05,4.684172573281322e-05,4.8810144631862715e-05,6.910461256328766e-07,0.0004038810729980469,87,elitismo,100,10,1
4.9181557910699365e-05,4.680455948339321e-05,4.885167000855975e-05,7.097385762530529e-07,0.0004029273986816406,88,elitismo,100,10,1
4.9181557910699365e-05,4.7734093176352776e-05,4.8899381376216666e-05,4.44862819851581e-07,0.0004029273986816406,89,elitismo,100,10,1
4.9181557910699365e-05,4.731071756393344e-05,4.882428116117467e-05,5.502077870351468e-07,0.0004010200500488281,90,elitismo,100,10,1
4.9181557910699365e-05,4.731071756393344e-05,4.8858160861741176e-05,5.415335433041762e-07,0.00040078163146972656,91,elitismo,100,10,1
4.9181557910699365e-05,4.731071756393344e-05,4.882538188957821e-05,5.682170054054374e-07,0.00040411949157714844,92,elitismo,100,10,1
4.9181557910699365e-05,4.608645196792254e-05,4.867833679350773e-05,9.128407101151362e-07,0.0004038810729980469,93,elitismo,100,10,1
4.9181557910699365e-05,4.61288899133283e-05,4.86316976807609e-05,9.252980863296011e-07,0.0004019737243652344,94,elitismo,100,10,1
4.9181557910699365e-05,4.61288899133283e-05,4.849330751298535e-05,9.514245875693912e-07,0.0004050731658935547,95,elitismo,100,10,1
4.9181557910699365e-05,4.589398714361805e-05,4.828302504010412e-05,9.659237776343213e-07,0.0004000663757324219,96,elitismo,100,10,1
4.9181557910699365e-05,4.796313541052838e-05,4.861774061775295e-05,5.72123714329104e-07,0.0004031658172607422,97,elitismo,100,10,1
4.9181557910699365e-05,4.575537501693916e-05,4.813407654148443e-05,9.514647239550955e-07,0.0003998279571533203,98,elitismo,100,10,1
4.9181557910699365e-05,4.2617918442297335e-05,4.783955810083848e-05,1.8678462489763414e-06,0.00039696693420410156,99,elitismo,100,10,1
4.9181557910699365e-05,4.2617918442297335e-05,4.787946903441218e-05,1.9306954069553812e-06,0.00040602684020996094,100,elitismo,100,10,1
4.7137819014833586e-05,4.1591909035899156e-05,4.447014820425008e-05,1.862294096366181e-06,0.0004558563232421875,1,elitismo,100,10,2
4.7916677095780695e-05,3.952352099614433e-05,4.471518668871976e-05,2.597088729440151e-06,0.0004191398620605469,2,elitismo,100,10,2
4.7916677095780695e-05,4.313742975957814e-05,4.643084523132078e-05,1.5465846841275226e-06,0.00040602684020996094,3,elitismo,100,10,2
4.7916677095780695e-05,4.538403740532656e-05,4.661038673670405e-05,1.0714589558117044e-06,0.00040793418884277344,4,elitismo,100,10,2
4.8305987704455956e-05,4.534850218235176e-05,4.753158239795043e-05,7.894936529846328e-07,0.0004563331604003906,5,elitismo,100,10,2
4.8305987704455956e-05,4.728084867527685e-05,4.778839988929333e-05,3.091777386863839e-07,0.0004112720489501953,6,elitismo,100,10,2
4.8305987704455956e-05,4.728084867527685e-05,4.790786079043711e-05,2.7567491956201e-07,0.0004000663757324219,7,elitismo,100,10,2
4.8305987704455956e-05,4.728084867527685e-05,4.7899044485093536e-05,3.896637885039087e-07,0.0004010200500488281,8,elitismo,100,10,2
4.8305987704455956e-05,4.728084867527685e-05,4.796262732714392e-05,3.310733683588712e-07,0.0004031658172607422,9,elitismo,100,10,2
4.8305987704455956e-05,4.7916677095780695e-05,4.819650514199747e-05,1.622758151357785e-07,0.0004038810729980469,10,elitismo,100,10,2
4.8305987704455956e-05,4.646044839349337e-05,4.8117887443688374e-05,5.525808459143066e-07,0.0004000663757324219,11,elitismo,100,10,2
4.8381807104578175e-05,4.818461321202309e-05,4.830143219522489e-05,4.502535086446976e-08,0.0003981590270996094,12,elitismo,100,10,2
4.8381807104578175e-05,4.818461321202309e-05,4.8296876685993826e-05,6.334871042277484e-08,0.0004029273986816406,13,elitismo,100,10,2
4.8381807104578175e-05,4.818461321202309e-05,4.8296876685993826e-05,6.334871042277484e-08,0.0003991127014160156,14,elitismo,100,10,2
4.8381807104578175e-05,4.648415736190923e-05,4.8102556202495866e-05,5.441428582859769e-07,0.0003986358642578125,15,elitismo,100,10,2
4.8381807104578175e-05,4.648415736190923e-05,4.8152603351800266e-05,5.615604869912745e-07,0.000453948974609375,16,elitismo,100,10,2
4.8381807104578175e-05,4.648415736190923e-05,4.817232274105577e-05,5.657846756062473e-07,0.0004069805145263672,17,elitismo,100,10,2
4.8381807104578175e-05,4.818461321202309e-05,4.834236832606716e-05,7.887755702203438e-08,0.00040078163146972656,18,elitismo,100,10,2
4.8381807104578175e-05,4.818461321202309e-05,4.834236832606716e-05,7.887755702203438e-08,0.0004253387451171875,19,elitismo,100,10,2
4.8381807104578175e-05,4.374573726706311e-05,4.784390050594722e-05,1.3719056301647556e-06,0.0004181861877441406,20,elitismo,100,10,2
4.8381807104578175e-05,4.8238726329733264e-05,4.8353190949609195e-05,5.723230993796423e-08,0.00040411949157714844,21,elitismo,100,10,2
4.8381807104578175e-05,4.8238726329733264e-05,4.8353190949609195e-05,5.723230993796423e-08,0.0004038810729980469,22,elitismo,100,10,2
4.8381807104578175e-05,4.667906924570505e-05,4.816860908623739e-05,5.006194752690032e-07,0.00040411949157714844,23,elitismo,100,10,2
4.8381807104578175e-05,4.4238536390657476e-05,4.7923789812485604e-05,1.2301447383256613e-06,0.00040030479431152344,24,elitismo,100,10,2
4.846248142851746e-05,4.4290312835220136e-05,4.795134296682029e-05,1.2221716253323175e-06,0.00040411949157714844,25,elitismo,100,10,2
4.846248142851746e-05,4.367597183974134e-05,4.75397990459702e-05,1.5004904059211158e-06,0.00041484832763671875,26,elitismo,100,10,2
4.846248142851746e-05,4.3623571545978696e-05,4.7512367909277616e-05,1.4118748832565013e-06,0.0004069805145263672,27,elitismo,100,10,2
4.846248142851746e-05,4.559415748476296e-05,4.7914739677230506e-05,8.539374263992303e-07,0.0003991127014160156,28,elitismo,100,10,2
4.855433773311397e-05,4.559415748476296e-05,4.7732318680021116e-05,1.1285096419730482e-06,0.00042438507080078125,29,elitismo,100,10,2
4.863255351517865e-05,4.35237338331325e-05,4.776757612193339e-05,1.5208059058569077e-06,0.0004112720489501953,30,elitismo,100,10,2
4.870589416026709e-05,4.633874787672197e-05,4.822416636251081e-05,6.844836917412538e-07,0.00041294097900390625,31,elitismo,100,10,2
4.870589416026709e-05,4.633874787672197e-05,4.8209900448824104e-05,6.854540322217385e-07,0.00039696693420410156,32,elitismo,100,10,2
4.870589416026709e-05,4.4339996959691556e-05,4.7863367013737603e-05,1.4976142803823848e-06,0.00039696693420410156,33,elitismo,100,10,2
4.870589416026709e-05,4.4339996959691556e-05,4.791093136202181e-05,1.5191887630649272e-06,0.00039505958557128906,34,elitismo,100,10,2
4.870589416026709e-05,4.855433773311397e-05,4.868340445304294e-05,4.826005752496016e-08,0.0004000663757324219,35,elitismo,100,10,2
4.870589416026709e-05,4.4300258931354805e-05,4.7987923036372596e-05,1.3283350203864707e-06,0.00039696693420410156,36,elitismo,100,10,2
4.870589416026709e-05,4.4300258931354805e-05,4.7321155293209224e-05,1.4412071709780618e-06,0.000396728515625,37,elitismo,100,10,2
4.870589416026709e-05,4.580782482277312e-05,4.782516486171442e-05,1.136962115869133e-06,0.0004019737243652344,38,elitismo,100,10,2
4.870589416026709e-05,4.580782482277312e-05,4.837433389922082e-05,8.645124551970318e-07,0.00040602684020996094,39,elitismo,100,10,2
4.870589416026709e-05,4.580782482277312e-05,4.8200805061525635e-05,1.0238308925117882e-06,0.00039505958557128906,40,elitismo,100,10,2
4.870589416026709e-05,4.655307251034654e-05,4.849061199527504e-05,6.458464949761646e-07,0.00039196014404296875,41,elitismo,100,10,2
4.870589416026709e-05,4.596672402719725e-05,4.838664116630074e-05,8.178852847784764e-07,0.00039124488830566406,42,elitismo,100,10,2
4.870589416026709e-05,4.596672402719725e-05,4.8431977146960105e-05,8.217510399209516e-07,0.0004029273986816406,43,elitismo,100,10,2
4.870589416026709e-05,4.870589416026709e-05,4.870589416026709e-05,0.0,0.00041794776916503906,44,elitismo,100,10,2
4.870589416026709e-05,4.6641273449501415e-05,4.849943208919053e-05,6.193862132297031e-07,0.0003910064697265625,45,elitismo,100,10,2
4.870589416026709e-05,4.5785772857459335e-05,4.822810368141587e-05,9.84663926731304e-07,0.0004017353057861328,46,elitismo,100,10,2
4.870589416026709e-05,4.5785772857459335e-05,4.8042325332845426e-05,1.0500757827588667e-06,0.0004029273986816406,47,elitismo,100,10,2
4.870589416026709e-05,4.870589416026709e-05,4.870589416026709e-05,0.0,0.0004222393035888672,48,elitismo,100,10,2
4.870589416026709e-05,4.870589416026709e-05,4.870589416026709e-05,0.0,0.0004000663757324219,49,elitismo,100,10,2
4.870589416026709e-05,4.7713991472505085e-05,4.8507664325249896e-05,3.964598132472463e-07,0.00039505958557128906,50,elitismo,100,10,2
4.870589416026709e-05,4.830296825983208e-05,4.866560157022359e-05,1.208777701305033e-07,0.0003998279571533203,51,elitismo,100,10,2
4.870589416026709e-05,4.870589416026709e-05,4.870589416026709e-05,0.0,0.000392913818359375,52,elitismo,100,10,2
4.870589416026709e-05,4.870589416026709e-05,4.870589416026709e-05,0.0,0.0004012584686279297,53,elitismo,100,10,2
4.870589416026709e-05,4.7575025301318066e-05,4.859280727437219e-05,3.3926065768470775e-07,0.00039768218994140625,54,elitismo,100,10,2
4.870589416026709e-05,4.570125489669627e-05,4.840543023391001e-05,9.013917790712471e-07,0.0003981590270996094,55,elitismo,100,10,2
4.870589416026709e-05,4.570125489669627e-05,4.837730828682718e-05,8.959494814285945e-07,0.00039386749267578125,56,elitismo,100,10,2
4.870589416026709e-05,4.570125489669627e-05,4.810496630755293e-05,1.2018557054283296e-06,0.0004031658172607422,57,elitismo,100,10,2
4.870589416026709e-05,4.570125489669627e-05,4.813785752530612e-05,1.1384514199813625e-06,0.0004031658172607422,58,elitismo,100,10,2
4.870589416026709e-05,4.603016707422819e-05,4.8338545615144343e-05,8.224887830693677e-07,0.00039386749267578125,59,elitismo,100,10,2
4.870589416026709e-05,4.603016707422819e-05,4.801055778027312e-05,9.712371915482747e-07,0.0004000663757324219,60,elitismo,100,10,2
4.870589416026709e-05,4.644353425765152e-05,4.79668986394589e-05,9.33318695416127e-07,0.0004031658172607422,61,elitismo,100,10,2
4.879416957377355e-05,4.4930479083518725e-05,4.786960600535488e-05,1.2928564722181527e-06,0.0003948211669921875,62,elitismo,100,10,2
4.879416957377355e-05,4.567882191302589e-05,4.7629426775554784e-05,1.0475264257196444e-06,0.00039696693420410156,63,elitismo,100,10,2
4.879416957377355e-05,4.656038643813093e-05,4.774485923027125e-05,9.019958142474373e-07,0.0004711151123046875,64,elitismo,100,10,2
4.879416957377355e-05,4.5142327692702315e-05,4.7534288199451834e-05,1.0791480933527103e-06,0.00041294097900390625,65,elitismo,100,10,2
4.879416957377355e-05,4.511466890911709e-05,4.7600163413628e-05,1.142004114358504e-06,0.00040602684020996094,66,elitismo,100,10,2
4.879416957377355e-05,4.6616547658108135e-05,4.8032322872103324e-05,9.130808393652639e-07,0.00040411949157714844,67,elitismo,100,10,2
4.879416957377355e-05,4.7266136288017565e-05,4.824906673059702e-05,6.670119745593395e-07,0.0004000663757324219,68,elitismo,100,10,2
4.879416957377355e-05,4.7266136288017565e-05,4.848856291662235e-05,6.112133143023935e-07,0.0004050731658935547,69,elitismo,100,10,2
4.879416957377355e-05,4.879416957377355e-05,4.879416957377355e-05,0.0,0.00040030479431152344,70,elitismo,100,10,2
4.879416957377355e-05,4.879416957377355e-05,4.879416957377355e-05,0.0,0.0003991127014160156,71,elitismo,100,10,2
4.879416957377355e-05,4.879416957377355e-05,4.879416957377355e-05,0.0,0.000396728515625,72,elitismo,100,10,2
4.879416957377355e-05,4.879416957377355e-05,4.879416957377355e-05,0.0,0.00039696693420410156,73,elitismo,100,10,2
4.879416957377355e-05,4.879416957377355e-05,4.879416957377355e-05,0.0,0.0004069805145263672,74,elitismo,100,10,2
4.879416957377355e-05,4.879416957377355e-05,4.879416957377355e-05,0.0,0.0004038810729980469,75,elitismo,100,10,2
4.879416957377355e-05,4.879416957377355e-05,4.879416957377355e-05,0.0,0.00040602684020996094,76,elitismo,100,10,2
4.895559117611876e-05,4.810108773520775e-05,4.8692875574846886e-05,2.5208031005215794e-07,0.00042319297790527344,77,elitismo,100,10,2
4.895559117611876e-05,4.810108773520775e-05,4.872515989531593e-05,2.7249588612392223e-07,0.0004000663757324219,78,elitismo,100,10,2
4.895559117611876e-05,4.810108773520775e-05,4.875744421578498e-05,2.8788709331374244e-07,0.0004100799560546875,79,elitismo,100,10,2
4.895559117611876e-05,4.731126209767678e-05,4.863943406238622e-05,5.641779331804752e-07,0.0004031658172607422,80,elitismo,100,10,2
4.895559117611876e-05,4.554496549810488e-05,4.830127679635029e-05,1.1841012316014918e-06,0.0003981590270996094,81,elitismo,100,10,2
4.895559117611876e-05,4.5455050357859834e-05,4.755626099131435e-05,1.489538420356488e-06,0.0004048347473144531,82,elitismo,100,10,2
4.895559117611876e-05,4.554496549810488e-05,4.692780891042486e-05,1.398669351835006e-06,0.0004050731658935547,83,elitismo,100,10,2
4.895559117611876e-05,4.5530064215304196e-05,4.703100749440317e-05,1.3507226648459698e-06,0.0004100799560546875,84,elitismo,100,10,2
4.895559117611876e-05,4.659899420978574e-05,4.7792925797843883e-05,1.162980637734235e-06,0.0004029273986816406,85,elitismo,100,10,2
4.895559117611876e-05,4.659899420978574e-05,4.826424519111049e-05,1.0562412708518506e-06,0.0004100799560546875,86,elitismo,100,10,2
4.895559117611876e-05,4.659899420978574e-05,4.818162532093256e-05,9.237981489384291e-07,0.0004210472106933594,87,elitismo,100,10,2
4.900559453914817e-05,4.4537703675059e-05,4.74600088124175e-05,1.6438239790055217e-06,0.0004100799560546875,88,elitismo,100,10,2
4.900559453914817e-05,4.414375828954568e-05,4.748723916491255e-05,1.8972773862349815e-06,0.0004069805145263672,89,elitismo,100,10,2
4.900559453914817e-05,4.414375828954568e-05,4.781544627643347e-05,1.8657248412364168e-06,0.0004010200500488281,90,elitismo,100,10,2
4.900559453914817e-05,4.454439978165493e-05,4.806878642090329e-05,1.4826288518419037e-06,0.000431060791015625,91,elitismo,100,10,2
4.900559453914817e-05,4.66771597342439e-05,4.875775004974892e-05,6.938905346217506e-07,0.0004010200500488281,92,elitismo,100,10,2
4.900559453914817e-05,4.8837112351496033e-05,4.897374531147413e-05,5.073807590407362e-08,0.00040602684020996094,93,elitismo,100,10,2
4.900559453914817e-05,4.895559117611876e-05,4.898559319393641e-05,2.4496544969038916e-08,0.0004131793975830078,94,elitismo,100,10,2
4.919504998235411e-05,4.8936974709984654e-05,4.90138839315359e-05,6.52385820812712e-08,0.0004248619079589844,95,elitismo,100,10,2
4.919504998235411e-05,4.2021754348597e-05,4.829860335864036e-05,2.0948018049120593e-06,0.0004050731658935547,96,elitismo,100,10,2
4.919504998235411e-05,4.901765621201239e-05,4.9124092474217424e-05,8.69048441771358e-08,0.00040912628173828125,97,elitismo,100,10,2
4.919504998235411e-05,4.8894225876276474e-05,4.910412645289489e-05,1.0394272663077252e-07,0.00040078163146972656,98,elitismo,100,10,2
4.919504998235411e-05,4.8542650734247144e-05,4.900458542665808e-05,2.0605466900227007e-07,0.0004048347473144531,99,elitismo,100,10,2
4.92478350130281e-05,4.811180506904098e-05,4.900457377786229e-05,3.3062121622252683e-07,0.00039696693420410156,100,elitismo,100,10,2
4.7855387367676525e-05,4.393317483721853e-05,4.58006044650517e-05,1.2818310324815224e-06,0.00043320655822753906,1,elitismo,100,10,3
4.7855387367676525e-05,4.278700853572671e-05,4.5923302948872464e-05,1.6150824856231061e-06,0.00041484832763671875,2,elitismo,100,10,3
4.7855387367676525e-05,4.1592366236468274e-05,4.5435730320425284e-05,1.9813449803489756e-06,0.0004248619079589844,3,elitismo,100,10,3
4.7855387367676525e-05,4.214192542698092e-05,4.613469308756673e-05,1.6455961849127575e-06,0.0004017353057861328,4,elitismo,100,10,3
4.791640613963224e-05,4.4987088300014085e-05,4.69137861440584e-05,9.073789396904404e-07,0.0004010200500488281,5,elitismo,100,10,3
4.795345458881944e-05,4.636612564356607e-05,4.745601891127575e-05,6.61778081028701e-07,0.00040721893310546875,6,elitismo,100,10,3
4.797366577281821e-05,4.636612564356607e-05,4.745923093503472e-05,7.143322595239114e-07,0.00041604042053222656,7,elitismo,100,10,3
4.797366577281821e-05,4.636612564356607e-05,4.769469626076847e-05,4.881033657083434e-07,0.00040078163146972656,8,elitismo,100,10,3
4.797366577281821e-05,4.636612564356607e-05,4.7704502982882764e-05,4.922013285910814e-07,0.00040078163146972656,9,elitismo,100,10,3
4.797366577281821e-05,4.636612564356607e-05,4.7766598758408295e-05,4.6810635981095205e-07,0.00039696693420410156,10,elitismo,100,10,3
4.813853997026658e-05,4.7634570106603004e-05,4.792710851441261e-05,1.2102704256278622e-07,0.0004029273986816406,11,elitismo,100,10,3
4.813853997026658e-05,4.647668018186807e-05,4.771807223534953e-05,5.884493369223725e-07,0.0003991127014160156,12,elitismo,100,10,3
4.882116858477415e-05,4.647668018186807e-05,4.76128148105204e-05,9.102146753185354e-07,0.0004031658172607422,13,elitismo,100,10,3
4.882116858477415e-05,4.4292632362365246e-05,4.728553190876204e-05,1.3107485200353177e-06,0.0003981590270996094,14,elitismo,100,10,3
4.882116858477415e-05,4.476179503303632e-05,4.755897723492867e-05,1.3505100293007449e-06,0.0004019737243652344,15,elitismo,100,10,3
4.882116858477415e-05,4.606656217237412e-05,4.780110250298389e-05,8.215238669001391e-07,0.00040912628173828125,16,elitismo,100,10,3
4.882116858477415e-05,4.791890399033522e-05,4.8372378000506415e-05,3.263082887493477e-07,0.000408172607421875,17,elitismo,100,10,3
4.882116858477415e-05,4.791890399033522e-05,4.84302438263051e-05,3.3713973738184114e-07,0.0004010200500488281,18,elitismo,100,10,3
4.882116858477415e-05,4.791890399033522e-05,4.8501539064885546e-05,3.906924823611838e-07,0.0004019737243652344,19,elitismo,100,10,3
4.882116858477415e-05,4.824196504619708e-05,4.856374700317141e-05,2.604340814386358e-07,0.0004019737243652344,20,elitismo,100,10,3
4.882116858477415e-05,4.824196504619708e-05,4.865640563322822e-05,2.527496330997087e-07,0.00040602684020996094,21,elitismo,100,10,3
4.882116858477415e-05,4.824196504619708e-05,4.865640563322822e-05,2.527496330997087e-07,0.0004000663757324219,22,elitismo,100,10,3
4.882116858477415e-05,4.824196504619708e-05,4.8647407523201034e-05,2.6542440583156877e-07,0.00040602684020996094,23,elitismo,100,10,3
4.882116858477415e-05,4.824196504619708e-05,4.870532787705874e-05,2.3168141543082707e-07,0.0003991127014160156,24,elitismo,100,10,3
4.882116858477415e-05,4.824196504619708e-05,4.876324823091645e-05,1.737610615731203e-07,0.0004029273986816406,25,elitismo,100,10,3
4.882116858477415e-05,4.882116858477415e-05,4.882116858477415e-05,0.0,0.0004076957702636719,26,elitismo,100,10,3
4.882116858477415e-05,4.7565796261030435e-05,4.8695631352399784e-05,3.766116971231147e-07,0.0004050731658935547,27,elitismo,100,10,3
4.882116858477415e-05,4.882116858477415e-05,4.882116858477415e-05,0.0,0.00040030479431152344,28,elitismo,100,10,3
4.882116858477415e-05,4.882116858477415e-05,4.882116858477415e-05,0.0,0.0004031658172607422,29,elitismo,100,10,3
4.882116858477415e-05,4.882116858477415e-05,4.882116858477415e-05,0.0,0.000408172607421875,30,elitismo,100,10,3
4.882116858477415e-05,4.810346426975108e-05,4.8749398153271844e-05,2.1531129450692158e-07,0.0003979206085205078,31,elitismo,100,10,3
4.882116858477415e-05,4.712636468939808e-05,4.865168819523655e-05,5.084411686128208e-07,0.000431060791015625,32,elitismo,100,10,3
4.882116858477415e-05,4.563946054551044e-05,4.827905566903204e-05,1.0175151141925676e-06,0.00044608116149902344,33,elitismo,100,10,3
4.882116858477415e-05,4.563946054551044e-05,4.844853605856965e-05,9.503327822720757e-07,0.0004127025604248047,34,elitismo,100,10,3
4.9075181733035555e-05,4.290983468625484e-05,4.820097478747023e-05,1.7736571144525273e-06,0.0004112720489501953,35,elitismo,100,10,3
4.9075181733035555e-05,4.4609766381949295e-05,4.799086046451158e-05,1.594246320506668e-06,0.0004076957702636719,36,elitismo,100,10,3
4.9075181733035555e-05,4.4609766381949295e-05,4.825110281763142e-05,1.24754465096905e-06,0.00040793418884277344,37,elitismo,100,10,3
4.9075181733035555e-05,4.824007904581953e-05,4.86322290746014e-05,3.986771368322951e-07,0.00041031837463378906,38,elitismo,100,10,3
4.9075181733035555e-05,4.824007904581953e-05,4.857412012070594e-05,4.0911509330126425e-07,0.000408172607421875,39,elitismo,100,10,3
4.9075181733035555e-05,4.824007904581953e-05,4.870230289381663e-05,3.9370507988137154e-07,0.00040411949157714844,40,elitismo,100,10,3
4.9075181733035555e-05,4.824007904581953e-05,4.8824650926870746e-05,3.826921277228464e-07,0.0004067420959472656,41,elitismo,100,10,3
4.911250418399802e-05,4.824007904581953e-05,4.8840030003883153e-05,3.687354009926456e-07,0.0004000663757324219,42,elitismo,100,10,3
4.911250418399802e-05,4.824007904581953e-05,4.867300946643995e-05,4.110947570682555e-07,0.00040411949157714844,43,elitismo,100,10,3
4.911250418399802e-05,4.824007904581953e-05,4.870376762046475e-05,3.9607998271913566e-07,0.00040984153747558594,44,elitismo,100,10,3
4.911250418399802e-05,4.824007904581953e-05,4.886287357108804e-05,3.584817308011073e-07,0.00040602684020996094,45,elitismo,100,10,3
4.911250418399802e-05,4.8356547364981095e-05,4.902571176680758e-05,2.236784235097661e-07,0.000408172607421875,46,elitismo,100,10,3
4.911250418399802e-05,4.705809650915192e-05,4.890333117141717e-05,6.151788656879295e-07,0.00040793418884277344,47,elitismo,100,10,3
4.911250418399802e-05,4.9075181733035555e-05,4.9108771938901775e-05,1.1196735288738824e-08,0.0004088878631591797,48,elitismo,100,10,3
4.911250418399802e-05,4.911250418399802e-05,4.911250418399802e-05,0.0,0.0004069805145263672,49,elitismo,100,10,3
4.911250418399802e-05,4.8002557908610924e-05,4.900150955645931e-05,3.3298388261612833e-07,0.000408172607421875,50,elitismo,100,10,3
4.911250418399802e-05,4.911250418399802e-05,4.911250418399802e-05,0.0,0.0004050731658935547,51,elitismo,100,10,3
4.911250418399802e-05,4.896815862850412e-05,4.9098069628448626e-05,4.330366664816938e-08,0.0004050731658935547,52,elitismo,100,10,3
4.911250418399802e-05,4.911250418399802e-05,4.911250418399802e-05,0.0,0.0004069805145263672,53,elitismo,100,10,3
4.911250418399802e-05,4.911250418399802e-05,4.911250418399802e-05,0.0,0.0004143714904785156,54,elitismo,100,10,3
4.911250418399802e-05,4.911250418399802e-05,4.911250418399802e-05,0.0,0.0003941059112548828,55,elitismo,100,10,3
4.911250418399802e-05,4.911250418399802e-05,4.911250418399802e-05,0.0,0.00040602684020996094,56,elitismo,100,10,3
4.911250418399802e-05,4.87825772249013e-05,4.907951148808835e-05,9.897808772901505e-08,0.0004119873046875,57,elitismo,100,10,3
4.911250418399802e-05,4.717963808206149e-05,4.891921757380436e-05,5.798598305809587e-07,0.0004000663757324219,58,elitismo,100,10,3
4.911250418399802e-05,4.717963808206149e-05,4.891921757380436e-05,5.798598305809587e-07,0.0004029273986816406,59,elitismo,100,10,3
4.911250418399802e-05,4.717963808206149e-05,4.8904651564290136e-05,5.766421001052453e-07,0.0004048347473144531,60,elitismo,100,10,3
4.911250418399802e-05,4.810078090374349e-05,4.901133185597256e-05,3.035169840763592e-07,0.00040078163146972656,61,elitismo,100,10,3
4.911250418399802e-05,4.911250418399802e-05,4.911250418399802e-05,0.0,0.00040602684020996094,62,elitismo,100,10,3
4.911250418399802e-05,4.8908771149120505e-05,4.9092130880510263e-05,6.111991046325391e-08,0.00040411949157714844,63,elitismo,100,10,3
4.911250418399802e-05,4.911250418399802e-05,4.911250418399802e-05,0.0,0.0004010200500488281,64,elitismo,100,10,3
4.911250418399802e-05,4.911250418399802e-05,4.911250418399802e-05,0.0,0.0003979206085205078,65,elitismo,100,10,3
4.911250418399802e-05,4.911250418399802e-05,4.911250418399802e-05,0.0,0.00040602684020996094,66,elitismo,100,10,3
4.947496133548195e-05,4.613670076083498e-05,4.885116955683011e-05,9.112531660521567e-07,0.0004000663757324219,67,elitismo,100,10,3
4.947496133548195e-05,4.613670076083498e-05,4.85898349296622e-05,1.2345740522812625e-06,0.0004048347473144531,68,elitismo,100,10,3
4.947496133548195e-05,4.613670076083498e-05,4.869857207510738e-05,1.2905150154965423e-06,0.0004012584686279297,69,elitismo,100,10,3
4.947496133548195e-05,4.3504424937325354e-05,4.8287432485391914e-05,1.85638028637373e-06,0.00040602684020996094,70,elitismo,100,10,3
4.947496133548195e-05,4.8358298413320916e-05,4.918206646752388e-05,3.234096439929863e-07,0.0004019737243652344,71,elitismo,100,10,3
4.947496133548195e-05,4.911250418399802e-05,4.9366224190036776e-05,1.6609873328531958e-07,0.00039696693420410156,72,elitismo,100,10,3
4.947496133548195e-05,4.911250418399802e-05,4.9366224190036776e-05,1.6609873328531958e-07,0.00040411949157714844,73,elitismo,100,10,3
4.947496133548195e-05,4.911250418399802e-05,4.9366224190036776e-05,1.6609873328531958e-07,0.0004000663757324219,74,elitismo,100,10,3
4.947496133548195e-05,4.911250418399802e-05,4.9366224190036776e-05,1.6609873328531958e-07,0.0004107952117919922,75,elitismo,100,10,3
4.947496133548195e-05,4.911250418399802e-05,4.9366224190036776e-05,1.6609873328531958e-07,0.0003991127014160156,76,elitismo,100,10,3
4.947496133548195e-05,4.911250418399802e-05,4.9402469905185156e-05,1.4498286059357297e-07,0.0004107952117919922,77,elitismo,100,10,3
4.947496133548195e-05,4.866977905606307e-05,4.924946024694649e-05,2.579363953440436e-07,0.00040721893310546875,78,elitismo,100,10,3
4.947496133548195e-05,4.866977905606307e-05,4.9241433449301386e-05,3.1843910615130737e-07,0.0003981590270996094,79,elitismo,100,10,3
4.947496133548195e-05,4.801900601730531e-05,4.917517836510846e-05,4.626935364045321e-07,0.00042510032653808594,80,elitismo,100,10,3
4.947496133548195e-05,4.9100726380826427e-05,4.94375378400164e-05,1.1227048639665719e-07,0.0003960132598876953,81,elitismo,100,10,3
4.947496133548195e-05,4.94589670480353e-05,4.947336190673729e-05,4.7982862339958464e-09,0.00039076805114746094,82,elitismo,100,10,3
4.947496133548195e-05,4.947496133548195e-05,4.9474961335481944e-05,0.0,0.000408172607421875,83,elitismo,100,10,3
4.947496133548195e-05,4.947496133548195e-05,4.9474961335481944e-05,0.0,0.00042891502380371094,84,elitismo,100,10,3
4.947496133548195e-05,4.947496133548195e-05,4.9474961335481944e-05,0.0,0.00039887428283691406,85,elitismo,100,10,3
4.947496133548195e-05,4.777515430464489e-05,4.930498063239825e-05,5.099421092511181e-07,0.00039076805114746094,86,elitismo,100,10,3
4.947496133548195e-05,4.947496133548195e-05,4.9474961335481944e-05,0.0,0.00040793418884277344,87,elitismo,100,10,3
4.947496133548195e-05,4.947496133548195e-05,4.9474961335481944e-05,0.0,0.0004067420959472656,88,elitismo,100,10,3
4.947496133548195e-05,4.306864553286454e-05,4.883432975522021e-05,1.9218947407852243e-06,0.0003933906555175781,89,elitismo,100,10,3
4.947496133548195e-05,4.4549533856337104e-05,4.891426376264506e-05,1.4690311836882073e-06,0.0003972053527832031,90,elitismo,100,10,3
4.947496133548195e-05,4.7049095289060194e-05,4.909606508099495e-05,7.333633744999865e-07,0.0003960132598876953,91,elitismo,100,10,3
4.947496133548195e-05,4.7049095289060194e-05,4.916421990591736e-05,7.337391723714871e-07,0.0004069805145263672,92,elitismo,100,10,3
4.947496133548195e-05,4.435561738422153e-05,4.839114444130812e-05,1.662224166549926e-06,0.00039386749267578125,93,elitismo,100,10,3
4.947496133548195e-05,4.435561738422153e-05,4.801602890072954e-05,1.930699292613532e-06,0.00039196014404296875,94,elitismo,100,10,3
4.947496133548195e-05,4.435561738422153e-05,4.7973823504484354e-05,1.686404072894151e-06,0.0004239082336425781,95,elitismo,100,10,3
4.947496133548195e-05,4.7049095289060194e-05,4.851307906103309e-05,1.1782884103079252e-06,0.00041103363037109375,96,elitismo,100,10,3
4.947496133548195e-05,4.5343168793674766e-05,4.7828159435206184e-05,1.410505032942114e-06,0.0003948211669921875,97,elitismo,100,10,3
4.947496133548195e-05,4.431326270947117e-05,4.790683828639551e-05,1.6903731691111374e-06,0.00039315223693847656,98,elitismo,100,10,3
4.947496133548195e-05,4.514074135441108e-05,4.787385916801046e-05,1.3376182498092901e-06,0.00039076805114746094,99,elitismo,100,10,3
4.947496133548195e-05,4.726456510758689e-05,4.8521756320974096e-05,8.706425681132023e-07,0.00039505958557128906,100,elitismo,100,10,3
4.826624310559647e-05,4.088172778600505e-05,4.3915800374209667e-05,2.3830451871965557e-06,0.00043082237243652344,1,ruleta,200,10,1
4.7903314672780995e-05,3.9918138512661843e-05,4.475312653103172e-05,2.783240983663516e-06,0.0004680156707763672,2,ruleta,200,10,1
4.858124335682438e-05,3.863339848325544e-05,4.533510331740859e-05,2.5024939795563453e-06,0.0004119873046875,3,ruleta,200,10,1
4.887807832312279e-05,4.345198597893123e-05,4.703788508349155e-05,1.6524038708509531e-06,0.0004100799560546875,4,ruleta,200,10,1
4.887807832312279e-05,4.184222374549404e-05,4.6339652884479334e-05,2.24417583116292e-06,0.0003981590270996094,5,ruleta,200,10,1
4.887807832312279e-05,4.444669613091218e-05,4.678537631108049e-05,1.523670517523673e-06,0.00040912628173828125,6,ruleta,200,10,1
4.752757803974694e-05,4.450630210925135e-05,4.625214440738959e-05,1.0286722908258695e-06,0.00041103363037109375,7,ruleta,200,10,1
4.752757803974694e-05,4.450630210925135e-05,4.601857139014428e-05,8.865513019849952e-07,0.00039696693420410156,8,ruleta,200,10,1
4.6949918635271355e-05,4.5299288585198945e-05,4.5899396479578785e-05,4.978439221357751e-07,0.00041294097900390625,9,ruleta,200,10,1
4.6460985701484505e-05,4.04690679122042e-05,4.5179804254609676e-05,1.6201165799312632e-06,0.0004169940948486328,10,ruleta,200,10,1
4.6460985701484505e-05,4.04690679122042e-05,4.4884517598605164e-05,1.6558634992798664e-06,0.00041413307189941406,11,ruleta,200,10,1
4.736772300923782e-05,4.437173526902502e-05,4.519862630732912e-05,1.0017476729640398e-06,0.00039696693420410156,12,ruleta,200,10,1
4.6460985701484505e-05,4.3204279801043807e-05,4.468468192746378e-05,8.296831242267921e-07,0.00040602684020996094,13,ruleta,200,10,1
4.70214332635835e-05,4.2243678794075136e-05,4.497969353844515e-05,1.2793017649432735e-06,0.00041985511779785156,14,ruleta,200,10,1
4.6460985701484505e-05,4.247414498558606e-05,4.473923385014696e-05,1.0375930230976384e-06,0.00040602684020996094,15,ruleta,200,10,1
4.6460985701484505e-05,4.247414498558606e-05,4.501695010807796e-05,1.0594753476309271e-06,0.0003941059112548828,16,ruleta,200,10,1
4.6460985701484505e-05,4.2243678794075136e-05,4.426448089764354e-05,1.37141168577536e-06,0.0004029273986816406,17,ruleta,200,10,1
4.6460985701484505e-05,4.2243678794075136e-05,4.502686640726665e-05,1.2544978335753752e-06,0.0003981590270996094,18,ruleta,200,10,1
4.582293940900338e-05,4.356152119729375e-05,4.5146315930523975e-05,7.670471170046119e-07,0.0003960132598876953,19,ruleta,200,10,1
4.7512953996151006e-05,4.356152119729375e-05,4.492527210443277e-05,1.112446344963485e-06,0.00039505958557128906,20,ruleta,200,10,1
4.600892580323624e-05,4.356152119729375e-05,4.465017249374799e-05,8.64588241594547e-07,0.0003960132598876953,21,ruleta,200,10,1
4.481057613911081e-05,4.356152119729375e-05,4.403225424311865e-05,5.191337254810657e-07,0.0003960132598876953,22,ruleta,200,10,1
4.481057613911081e-05,4.356152119729375e-05,4.425806109066212e-05,5.587372048470631e-07,0.0003981590270996094,23,ruleta,200,10,1
4.514155533074612e-05,4.38015626054932e-05,4.448536612843627e-05,4.7551054929721013e-07,0.00039386749267578125,24,ruleta,200,10,1
4.687728134881827e-05,4.018196766657003e-05,4.437570145324306e-05,1.662126961238814e-06,0.0004532337188720703,25,ruleta,200,10,1
4.481057613911081e-05,3.968235580264871e-05,4.2669098427269476e-05,2.1655046592760136e-06,0.0004100799560546875,26,ruleta,200,10,1
4.6243012255927946e-05,3.968235580264871e-05,4.336515294302985e-05,1.9870015646679235e-06,0.0003960132598876953,27,ruleta,200,10,1
4.583121463641315e-05,3.968235580264871e-05,4.365792217422858e-05,1.5741706099808187e-06,0.00038886070251464844,28,ruleta,200,10,1
4.6243012255927946e-05,4.342585354894613e-05,4.4209939371605495e-05,8.043838935373524e-07,0.0003879070281982422,29,ruleta,200,10,1
4.687270273686881e-05,4.342585354894613e-05,4.451705338474305e-05,1.1158262170901276e-06,0.0003979206085205078,30,ruleta,200,10,1
4.687270273686881e-05,4.342585354894613e-05,4.472326604451885e-05,1.322436127749746e-06,0.00040912628173828125,31,ruleta,200,10,1
4.687270273686881e-05,4.38015626054932e-05,4.440264354345579e-05,1.0967140889940894e-06,0.00039076805114746094,32,ruleta,200,10,1
4.7106014461371336e-05,4.283744307301459e-05,4.494525967703491e-05,1.5469854617840404e-06,0.0004200935363769531,33,ruleta,200,10,1
4.738008735300387e-05,4.283744307301459e-05,4.542288548814868e-05,1.7767968946824405e-06,0.00041174888610839844,34,ruleta,200,10,1
4.840964405175267e-05,4.3039927923048396e-05,4.558360866489372e-05,1.7371640880622163e-06,0.0004069805145263672,35,ruleta,200,10,1
4.773650222619972e-05,4.3039927923048396e-05,4.521720503205871e-05,1.4372076044950042e-06,0.00039005279541015625,36,ruleta,200,10,1
4.773650222619972e-05,4.3039927923048396e-05,4.54545444195062e-05,1.498355590418087e-06,0.00043010711669921875,37,ruleta,200,10,1
4.773650222619972e-05,4.3064909231041944e-05,4.545704255030556e-05,1.494343195379725e-06,0.0003960132598876953,38,ruleta,200,10,1
4.805059671111002e-05,4.33806627550879e-05,4.581076331171933e-05,1.4282975347192264e-06,0.0004508495330810547,39,ruleta,200,10,1
4.773650222619972e-05,4.279165699888381e-05,4.516058479934192e-05,1.4109434885789774e-06,0.0004277229309082031,40,ruleta,200,10,1
4.773650222619972e-05,4.242279926284612e-05,4.523035864949721e-05,1.4290518139441152e-06,0.00040411949157714844,41,ruleta,200,10,1
4.773650222619972e-05,4.242279926284612e-05,4.469551784411026e-05,1.5329675580961116e-06,0.0003898143768310547,42,ruleta,200,10,1
4.773650222619972e-05,4.242279926284612e-05,4.526747646598723e-05,1.5203709934060113e-06,0.0003910064697265625,43,ruleta,200,10,1
4.773650222619972e-05,4.380800114496981e-05,4.4736965492325845e-05,1.2182582995960106e-06,0.0003898143768310547,44,ruleta,200,10,1
4.773650222619972e-05,4.025653447295586e-05,4.4675864126928977e-05,2.33571022680579e-06,0.00039505958557128906,45,ruleta,200,10,1
4.773650222619972e-05,4.025653447295586e-05,4.380116068490689e-05,2.691249193703902e-06,0.00038909912109375,46,ruleta,200,10,1
4.773650222619972e-05,4.025653447295586e-05,4.4005300862317166e-05,2.670036304397485e-06,0.0004029273986816406,47,ruleta,200,10,1
4.77580009533087e-05,4.025653447295586e-05,4.503526309949624e-05,2.307696895056662e-06,0.00039505958557128906,48,ruleta,200,10,1
4.773650222619972e-05,4.0351950422551126e-05,4.4977259643313434e-05,2.244625254255711e-06,0.00039505958557128906,49,ruleta,200,10,1
4.773650222619972e-05,4.2432016434782615e-05,4.625439614206656e-05,1.6191487216039823e-06,0.0003902912139892578,50,ruleta,200,10,1
4.773650222619972e-05,4.5310031423790156e-05,4.687728718625037e-05,8.006730829493622e-07,0.00038814544677734375,51,ruleta,200,10,1
4.773650222619972e-05,4.60270084772894e-05,4.683251287585673e-05,6.33442390337656e-07,0.00039076805114746094,52,ruleta,200,10,1
4.773650222619972e-05,4.4394063149402817e-05,4.6619370386571953e-05,1.0774962077856603e-06,0.0003917217254638672,53,ruleta,200,10,1
4.77580009533087e-05,4.445345939556725e-05,4.650753381176934e-05,1.237081965890793e-06,0.00043010711669921875,54,ruleta,200,10,1
4.77580009533087e-05,4.445345939556725e-05,4.665911963264086e-05,1.3745358979295977e-06,0.0003998279571533203,55,ruleta,200,10,1
4.77580009533087e-05,4.445345939556725e-05,4.6331047199739384e-05,1.4597322254923179e-06,0.00038886070251464844,56,ruleta,200,10,1
4.773650222619972e-05,4.445345939556725e-05,4.6660398927718554e-05,1.370238989708725e-06,0.0003960132598876953,57,ruleta,200,10,1
4.773650222619972e-05,4.445345939556725e-05,4.624090419536389e-05,1.2956152517034466e-06,0.0004019737243652344,58,ruleta,200,10,1
4.840179103875327e-05,4.443513019710814e-05,4.625343702921909e-05,1.4206727589266651e-06,0.0004031658172607422,59,ruleta,200,10,1
4.840179103875327e-05,4.170206967434914e-05,4.6421199006011026e-05,1.9580246837309916e-06,0.0004329681396484375,60,ruleta,200,10,1
4.840179103875327e-05,4.170206967434914e-05,4.573467113805507e-05,1.7988943805871205e-06,0.00040602684020996094,61,ruleta,200,10,1
4.840179103875327e-05,4.511739728888392e-05,4.598292854907477e-05,1.2317239031204292e-06,0.00038909912109375,62,ruleta,200,10,1
4.563902856442638e-05,4.511739728888392e-05,4.537668467276611e-05,2.470822224137584e-07,0.00038886070251464844,63,ruleta,200,10,1
4.563902856442638e-05,4.511739728888392e-05,4.5420196126291445e-05,2.3563722544818642e-07,0.0004138946533203125,64,ruleta,200,10,1
4.563902856442638e-05,4.511739728888392e-05,4.5381343230821746e-05,2.2481821519661552e-07,0.00038814544677734375,65,ruleta,200,10,1
4.563902856442638e-05,4.511739728888392e-05,4.5299915490021886e-05,2.0437777289004658e-07,0.00039124488830566406,66,ruleta,200,10,1
4.563902856442638e-05,4.467175460853441e-05,4.5231516099483124e-05,2.679947727422184e-07,0.000396728515625,67,ruleta,200,10,1
4.563902856442638e-05,4.348815733837504e-05,4.506526390718918e-05,5.921535575721535e-07,0.0003972053527832031,68,ruleta,200,10,1
4.769331812398079e-05,4.1659249517285043e-05,4.5257754525636344e-05,1.5180287831711814e-06,0.000392913818359375,69,ruleta,200,10,1
4.753817424739204e-05,4.281840740558852e-05,4.525695556166829e-05,1.384483143717206e-06,0.00039386749267578125,70,ruleta,200,10,1
4.762783981113853e-05,4.281840740558852e-05,4.557004592193653e-05,1.5117092067101668e-06,0.0004019737243652344,71,ruleta,200,10,1
4.7680917480670604e-05,4.1851855375918746e-05,4.505681386319173e-05,1.987939358846222e-06,0.0003898143768310547,72,ruleta,200,10,1
4.7535884938524265e-05,4.281840740558852e-05,4.514018657383003e-05,2.11101466180482e-06,0.00040411949157714844,73,ruleta,200,10,1
4.7535884938524265e-05,4.281840740558852e-05,4.532948720687272e-05,2.1732288574050725e-06,0.0004031658172607422,74,ruleta,200,10,1
4.7535884938524265e-05,4.281840740558852e-05,4.526501100592804e-05,2.1156129145079417e-06,0.0003991127014160156,75,ruleta,200,10,1
4.6891122929077476e-05,4.1934636037224294e-05,4.4010963541145926e-05,1.8535928853808572e-06,0.00039076805114746094,76,ruleta,200,10,1
4.7023602225899025e-05,4.2024813044339634e-05,4.468563717575639e-05,1.6856139917268396e-06,0.0003998279571533203,77,ruleta,200,10,1
4.606023136051241e-05,4.281840740558852e-05,4.4315743726954444e-05,1.2465215982206415e-06,0.00041294097900390625,78,ruleta,200,10,1
4.5606410717634446e-05,4.281840740558852e-05,4.433751811078649e-05,1.2353374557291256e-06,0.0003898143768310547,79,ruleta,200,10,1
4.5606410717634446e-05,4.281840740558852e-05,4.458029630653866e-05,1.2222208348966474e-06,0.0003941059112548828,80,ruleta,200,10,1
4.5606410717634446e-05,4.31786287601127e-05,4.438619324132868e-05,1.207697053430169e-06,0.00039887428283691406,81,ruleta,200,10,1
4.5606410717634446e-05,4.195266037417888e-05,4.369442980019096e-05,1.1387183075870116e-06,0.0004029273986816406,82,ruleta,200,10,1
4.5606410717634446e-05,4.195266037417888e-05,4.33290547658454e-05,1.0492804385782927e-06,0.00039696693420410156,83,ruleta,200,10,1
4.470704363178564e-05,4.195266037417888e-05,4.2841082892906466e-05,8.490390938294684e-07,0.0003948211669921875,84,ruleta,200,10,1
4.6239579353517514e-05,4.1344713916071255e-05,4.2649746906616245e-05,1.3618361825917484e-06,0.00040411949157714844,85,ruleta,200,10,1
4.6239579353517514e-05,4.1344713916071255e-05,4.277234374520963e-05,1.3486832250414488e-06,0.00039505958557128906,86,ruleta,200,10,1
4.6239579353517514e-05,4.1344713916071255e-05,4.3056138657862274e-05,1.2485439882353366e-06,0.00039315223693847656,87,ruleta,200,10,1
4.6239579353517514e-05,3.950091250312543e-05,4.311824413248946e-05,1.925989447371995e-06,0.00039196014404296875,88,ruleta,200,10,1
4.319048078403322e-05,4.003102884109017e-05,4.219228267879668e-05,1.084964020063471e-06,0.00039505958557128906,89,ruleta,200,10,1
4.319048078403322e-05,3.951237647996394e-05,4.2379690388500805e-05,1.1653819008572914e-06,0.00038886070251464844,90,ruleta,200,10,1
4.47437921190398e-05,4.1344713916071255e-05,4.238092977634017e-05,9.763738356711264e-07,0.00039076805114746094,91,ruleta,200,10,1
4.323421470777007e-05,4.1108114085200075e-05,4.212873001323365e-05,7.418759226106188e-07,0.00039386749267578125,92,ruleta,200,10,1
4.483260957113559e-05,3.9215627285543024e-05,4.225290459082635e-05,1.4921039454125676e-06,0.0003960132598876953,93,ruleta,200,10,1
4.532100297497239e-05,3.9215627285543024e-05,4.2747771028824936e-05,1.7032673773723258e-06,0.0004153251647949219,94,ruleta,200,10,1
4.3767520257196213e-05,4.171109466625042e-05,4.2245728885122106e-05,7.726124286625096e-07,0.0004069805145263672,95,ruleta,200,10,1
4.435405819219456e-05,4.027157291895654e-05,4.277865521963365e-05,1.2169136935978002e-06,0.0003998279571533203,96,ruleta,200,10,1
4.391331582807709e-05,3.9491826065107565e-05,4.261096745382296e-05,1.3666783248621568e-06,0.000392913818359375,97,ruleta,200,10,1
4.3767520257196213e-05,3.9491826065107565e-05,4.233270789990165e-05,1.4211894274284868e-06,0.0004279613494873047,98,ruleta,200,10,1
4.4703231782151444e-05,3.974387410394831e-05,4.2039212733857496e-05,1.3518240257880766e-06,0.0004010200500488281,99,ruleta,200,10,1
4.371385797700549e-05,4.055340283418681e-05,4.1923088833578716e-05,1.044195443463871e-06,0.0003979206085205078,100,ruleta,200,10,1
4.502175698344844e-05,3.757950004635095e-05,4.1559972428374647e-05,1.8883711220523003e-06,0.0003981590270996094,101,ruleta,200,10,1
4.5303169888927385e-05,4.124707724072178e-05,4.281040867992637e-05,1.5534351704125814e-06,0.0004169940948486328,102,ruleta,200,10,1
4.533908348209445e-05,4.2075795763526796e-05,4.367085506069838e-05,1.530844372564318e-06,0.0004031658172607422,103,ruleta,200,10,1
4.533908348209445e-05,4.107665867314202e-05,4.312298167928869e-05,1.540898353319604e-06,0.00039887428283691406,104,ruleta,200,10,1
4.502175698344844e-05,4.179443971066653e-05,4.35083899837066e-05,9.8813833835316e-07,0.0004069805145263672,105,ruleta,200,10,1
4.533908348209445e-05,4.267904799036834e-05,4.3835148227344654e-05,1.0643354031158086e-06,0.0004119873046875,106,ruleta,200,10,1
4.502175698344844e-05,4.278620842219682e-05,4.4254835152928245e-05,8.235745360797147e-07,0.000392913818359375,107,ruleta,200,10,1
4.502175698344844e-05,4.2102737124053126e-05,4.365328584035839e-05,1.0018748823136813e-06,0.0003871917724609375,108,ruleta,200,10,1
4.502175698344844e-05,4.1591771736282554e-05,4.340637808577137e-05,1.163167705424107e-06,0.0004069805145263672,109,ruleta,200,10,1
4.502175698344844e-05,4.1591771736282554e-05,4.298827772799764e-05,9.903299891688828e-07,0.00040602684020996094,110,ruleta,200,10,1
4.437242308256554e-05,4.1591771736282554e-05,4.271996295863248e-05,9.663857474557127e-07,0.000408172607421875,111,ruleta,200,10,1
4.494016514243551e-05,4.125505441247327e-05,4.258443922116788e-05,1.1395448681765883e-06,0.0003898143768310547,112,ruleta,200,10,1
4.494016514243551e-05,4.125505441247327e-05,4.254963284781566e-05,1.3008568301246623e-06,0.000408172607421875,113,ruleta,200,10,1
4.494016514243551e-05,4.125505441247327e-05,4.2220241078569724e-05,1.0145500000767347e-06,0.0004048347473144531,114,ruleta,200,10,1
4.2720754979283224e-05,4.125505441247327e-05,4.191263925343175e-05,5.179769917313884e-07,0.00039696693420410156,115,ruleta,200,10,1
4.226159566630753e-05,4.125505441247327e-05,4.190874037505897e-05,3.5287680909737447e-07,0.0003960132598876953,116,ruleta,200,10,1
4.2912262168672715e-05,4.121167704122048e-05,4.206693070441487e-05,4.449600662751188e-07,0.00039124488830566406,117,ruleta,200,10,1
4.25904524017905e-05,4.153978227388496e-05,4.2076288529780995e-05,3.2758336716662447e-07,0.0003848075866699219,118,ruleta,200,10,1
4.25904524017905e-05,4.153978227388496e-05,4.20434028562327e-05,2.8849058854022276e-07,0.00038909912109375,119,ruleta,200,10,1
4.267669524536148e-05,4.1504528222486186e-05,4.2090080658262836e-05,3.424492395832433e-07,0.000392913818359375,120,ruleta,200,10,1
4.2452687609379e-05,3.9490781918251457e-05,4.183239199410014e-05,8.115013250625882e-07,0.0004000663757324219,121,ruleta,200,10,1
4.2452687609379e-05,3.9490781918251457e-05,4.160812443107664e-05,8.970803290233874e-07,0.0004019737243652344,122,ruleta,200,10,1
4.25904524017905e-05,3.9490781918251457e-05,4.1787030509518196e-05,8.171522281901979e-07,0.00039505958557128906,123,ruleta,200,10,1
4.25904524017905e-05,3.9490781918251457e-05,4.186068051386037e-05,8.403564313122168e-07,0.00039505958557128906,124,ruleta,200,10,1
4.289223980389221e-05,3.998519496896828e-05,4.1603099723203146e-05,9.273564536756861e-07,0.00039505958557128906,125,ruleta,200,10,1
4.289223980389221e-05,4.011973736101975e-05,4.159509184894758e-05,6.859492587769265e-07,0.0004279613494873047,126,ruleta,200,10,1
4.289223980389221e-05,4.011973736101975e-05,4.1728388503198156e-05,7.958152535047358e-07,0.0004050731658935547,127,ruleta,200,10,1
4.484347970429787e-05,4.075307971885576e-05,4.178621702749897e-05,1.1968602647335197e-06,0.0004050731658935547,128,ruleta,200,10,1
4.289223980389221e-05,4.075307971885576e-05,4.180932565602152e-05,7.408172061731296e-07,0.0004000663757324219,129,ruleta,200,10,1
4.289223980389221e-05,4.073112652486565e-05,4.1726515553345295e-05,8.026165185177983e-07,0.0004050731658935547,130,ruleta,200,10,1
4.289223980389221e-05,4.0302605510181764e-05,4.172230570572776e-05,8.836662894109175e-07,0.00041103363037109375,131,ruleta,200,10,1
4.284578710312607e-05,3.973988894244152e-05,4.1354713713733124e-05,8.292076546971298e-07,0.0003979206085205078,132,ruleta,200,10,1
4.24297510645466e-05,4.015216504453939e-05,4.159326615058808e-05,6.16523025863596e-07,0.0004107952117919922,133,ruleta,200,10,1
4.184642497983083e-05,4.075307971885576e-05,4.1529888999117514e-05,4.29981146948227e-07,0.0004048347473144531,134,ruleta,200,10,1
4.184642497983083e-05,4.06940597953014e-05,4.126479630505245e-05,5.264470375425749e-07,0.00039696693420410156,135,ruleta,200,10,1
4.184642497983083e-05,3.8819512336421235e-05,4.0968007033066923e-05,8.641678995810308e-07,0.0003917217254638672,136,ruleta,200,10,1
4.184642497983083e-05,4.072462218896954e-05,4.103491208639972e-05,4.508927174756299e-07,0.00038909912109375,137,ruleta,200,10,1
4.184642497983083e-05,4.072462218896954e-05,4.085956849196464e-05,3.290615600038268e-07,0.00039386749267578125,138,ruleta,200,10,1
4.35866071355539e-05,3.943458576894434e-05,4.122974089083833e-05,1.052723448892075e-06,0.00039196014404296875,139,ruleta,200,10,1
4.35866071355539e-05,3.943458576894434e-05,4.133907541693584e-05,1.0543158732203218e-06,0.0004169940948486328,140,ruleta,200,10,1
4.33570567073079e-05,3.943458576894434e-05,4.146245408919155e-05,1.0162429554372104e-06,0.00039005279541015625,141,ruleta,200,10,1
4.184642497983083e-05,4.075307971885576e-05,4.1409086875440804e-05,5.356276004158083e-07,0.00039076805114746094,142,ruleta,200,10,1
4.199964253521589e-05,4.075307971885576e-05,4.142440863097931e-05,5.499193641876124e-07,0.000392913818359375,143,ruleta,200,10,1
4.199964253521589e-05,4.075307971885576e-05,4.164307768317432e-05,4.473010292964212e-07,0.0004038810729980469,144,ruleta,200,10,1
4.220525984423148e-05,4.075307971885576e-05,4.1788295695711894e-05,3.624709370642641e-07,0.00038886070251464844,145,ruleta,200,10,1
4.220525984423148e-05,4.075307971885576e-05,4.1788295695711894e-05,3.624709370642641e-07,0.00043892860412597656,146,ruleta,200,10,1
4.2969777362624624e-05,4.0626341740813884e-05,4.1908518867088644e-05,5.449304632271514e-07,0.0004019737243652344,147,ruleta,200,10,1
4.2969777362624624e-05,4.100908032062653e-05,4.208719539033376e-05,6.29862775752647e-07,0.0003991127014160156,148,ruleta,200,10,1
4.2969777362624624e-05,4.100908032062653e-05,4.1881952038662235e-05,6.613294237446873e-07,0.0003857612609863281,149,ruleta,200,10,1
4.2969777362624624e-05,4.100908032062653e-05,4.176233408630174e-05,6.991322207451329e-07,0.00038814544677734375,150,ruleta,200,10,1
4.2969777362624624e-05,4.100908032062653e-05,4.189532434849967e-05,6.02071992497567e-07,0.00038814544677734375,151,ruleta,200,10,1
4.2969777362624624e-05,4.1374119050486294e-05,4.1839791579516145e-05,5.995111517367939e-07,0.0003921985626220703,152,ruleta,200,10,1
4.2969777362624624e-05,4.1374119050486294e-05,4.1996932866830566e-05,6.655232800578281e-07,0.0004169940948486328,153,ruleta,200,10,1
4.2969777362624624e-05,4.1374119050486294e-05,4.234211530738923e-05,6.074032610758158e-07,0.0004229545593261719,154,ruleta,200,10,1
4.30687308892753e-05,4.1374119050486294e-05,4.26702611039884e-05,5.469085820247845e-07,0.00039505958557128906,155,ruleta,200,10,1
4.2969777362624624e-05,4.1374119050486294e-05,4.2660365751323333e-05,5.404667066786629e-07,0.0004000663757324219,156,ruleta,200,10,1
4.2969777362624624e-05,4.02990872348113e-05,4.2543142518629455e-05,8.86483970909113e-07,0.00041484832763671875,157,ruleta,200,10,1
4.2969777362624624e-05,4.1374119050486294e-05,4.256540674276575e-05,5.874437616508689e-07,0.0004279613494873047,158,ruleta,200,10,1
4.2969777362624624e-05,4.1374119050486294e-05,4.261873489962114e-05,5.203844874774196e-07,0.00041294097900390625,159,ruleta,200,10,1
4.2969777362624624e-05,4.1374119050486294e-05,4.2329072216889946e-05,6.851111476549454e-07,0.000392913818359375,160,ruleta,200,10,1
4.2969777362624624e-05,4.1374119050486294e-05,4.193406154029447e-05,6.057850920502114e-07,0.0004017353057861328,161,ruleta,200,10,1
4.292058546889171e-05,4.142068706066677e-05,4.2145607590956325e-05,4.78230304980674e-07,0.00039505958557128906,162,ruleta,200,10,1
4.292058546889171e-05,4.142068706066677e-05,4.229559743177881e-05,4.6229359270635163e-07,0.0003943443298339844,163,ruleta,200,10,1
4.292058546889171e-05,4.1962662019386456e-05,4.236974610233334e-05,3.653090639687587e-07,0.00039386749267578125,164,ruleta,200,10,1
4.292058546889171e-05,4.2162173766211964e-05,4.2312461070073665e-05,2.9911379387229203e-07,0.00039505958557128906,165,ruleta,200,10,1
4.292058546889171e-05,4.2162173766211964e-05,4.238570773590258e-05,3.414926214092976e-07,0.0004017353057861328,166,ruleta,200,10,1
4.292058546889171e-05,4.1748238113683035e-05,4.2418160570361e-05,4.155990641602714e-07,0.0003991127014160156,167,ruleta,200,10,1
4.2900637763325155e-05,4.073326389712618e-05,4.2125582013473136e-05,5.736196235124005e-07,0.00039505958557128906,168,ruleta,200,10,1
4.2162173766211964e-05,4.073326389712618e-05,4.197788921405049e-05,4.3284156186204655e-07,0.00041413307189941406,169,ruleta,200,10,1
4.2162173766211964e-05,4.073326389712618e-05,4.1849908521754924e-05,4.64661822278542e-07,0.00041103363037109375,170,ruleta,200,10,1
4.27087978037194e-05,4.12963024957852e-05,4.199300868611951e-05,4.205556654647654e-07,0.00039887428283691406,171,ruleta,200,10,1
4.2162173766211964e-05,3.9763014845991595e-05,4.152568884688957e-05,7.695902902177063e-07,0.0003917217254638672,172,ruleta,200,10,1
4.2162173766211964e-05,3.6321893703179413e-05,4.051348988349206e-05,1.6382658493585018e-06,0.00038695335388183594,173,ruleta,200,10,1
4.12963024957852e-05,3.9763014845991595e-05,4.031966924338973e-05,5.005757835635742e-07,0.0004210472106933594,174,ruleta,200,10,1
4.12963024957852e-05,3.9763014845991595e-05,4.023900411690597e-05,5.18464869495477e-07,0.0003979206085205078,175,ruleta,200,10,1
4.172803017783617e-05,3.9763014845991595e-05,4.025643794534387e-05,6.066604563142721e-07,0.00039577484130859375,176,ruleta,200,10,1
4.172803017783617e-05,3.9763014845991595e-05,4.0285226116040535e-05,5.776079509363782e-07,0.00040411949157714844,177,ruleta,200,10,1
4.172803017783617e-05,3.9763014845991595e-05,4.034015230275709e-05,5.508327980626454e-07,0.00040912628173828125,178,ruleta,200,10,1
4.056966611082914e-05,3.9763014845991595e-05,4.019897603254188e-05,3.0152843281449175e-07,0.0004088878631591797,179,ruleta,200,10,1
4.056966611082914e-05,3.9675475829410354e-05,4.032581344408407e-05,2.4544466602488423e-07,0.0004131793975830078,180,ruleta,200,10,1
4.1920537567089826e-05,3.698767484304111e-05,4.0250859751097574e-05,1.1777958273649492e-06,0.0004169940948486328,181,ruleta,200,10,1
4.1920537567089826e-05,4.0312276713157145e-05,4.0609058877876374e-05,4.5190991537802094e-07,0.00039386749267578125,182,ruleta,200,10,1
4.1920537567089826e-05,4.0312276713157145e-05,4.058331993810918e-05,4.6066567586115e-07,0.0003960132598876953,183,ruleta,200,10,1
4.1920537567089826e-05,4.0312276713157145e-05,4.0897710728405746e-05,6.780247981388025e-07,0.00039458274841308594,184,ruleta,200,10,1
4.1920537567089826e-05,4.0312276713157145e-05,4.0594341339563695e-05,4.6727267670403573e-07,0.00040078163146972656,185,ruleta,200,10,1
4.141838104889079e-05,4.0312276713157145e-05,4.076707204854841e-05,4.39194605941417e-07,0.0004019737243652344,186,ruleta,200,10,1
4.423962087733476e-05,3.7889198134516195e-05,4.090263370434976e-05,1.466694545053089e-06,0.0003981590270996094,187,ruleta,200,10,1
4.423962087733476e-05,3.7889198134516195e-05,4.096739694510721e-05,1.4621301588469862e-06,0.00039887428283691406,188,ruleta,200,10,1
4.2339600822918214e-05,3.576093638389915e-05,4.0333923122880127e-05,1.9304728126787796e-06,0.00039887428283691406,189,ruleta,200,10,1
4.128470777188487e-05,3.685772660611338e-05,4.0647523443562175e-05,1.3202033134124345e-06,0.0003960132598876953,190,ruleta,200,10,1
4.128470777188487e-05,4.0312276713157145e-05,4.109022156013932e-05,3.8897242349108966e-07,0.00039696693420410156,191,ruleta,200,10,1
4.128470777188487e-05,4.0312276713157145e-05,4.11874646660121e-05,2.9172931761831726e-07,0.0004100799560546875,192,ruleta,200,10,1
4.134028771730538e-05,4.0874241848583175e-05,4.124921917409675e-05,1.2608608122833807e-07,0.0004067420959472656,193,ruleta,200,10,1
4.134028771730538e-05,4.128470777188487e-05,4.1290265766426925e-05,1.6673983626152704e-08,0.00040602684020996094,194,ruleta,200,10,1
4.128470777188487e-05,4.128470777188487e-05,4.128470777188487e-05,0.0,0.00039386749267578125,195,ruleta,200,10,1
4.128470777188487e-05,4.128470777188487e-05,4.128470777188487e-05,0.0,0.00040912628173828125,196,ruleta,200,10,1
4.128470777188487e-05,4.128470777188487e-05,4.128470777188487e-05,0.0,0.00039505958557128906,197,ruleta,200,10,1
4.128470777188487e-05,4.128470777188487e-05,4.128470777188487e-05,0.0,0.00039315223693847656,198,ruleta,200,10,1
4.128470777188487e-05,4.128470777188487e-05,4.128470777188487e-05,0.0,0.0004000663757324219,199,ruleta,200,10,1
4.128470777188487e-05,3.937205941869164e-05,4.095968225481661e-05,6.626461992429946e-07,0.0004010200500488281,200,ruleta,200,10,1
4.722299358842194e-05,4.0943242786314874e-05,4.5047576688551355e-05,2.0139237749001313e-06,0.0004177093505859375,1,ruleta,200,10,2
4.758781957521895e-05,4.421316180623088e-05,4.6247445814153226e-05,1.0521438460776357e-06,0.0004210472106933594,2,ruleta,200,10,2
4.7898518945278854e-05,4.366261850986265e-05,4.615769905756959e-05,1.4377964709482785e-06,0.0004298686981201172,3,ruleta,200,10,2
4.732692168983853e-05,3.960233035137907e-05,4.4593008359116986e-05,2.435524681028408e-06,0.0004329681396484375,4,ruleta,200,10,2
4.734208897336404e-05,4.2877301072463174e-05,4.468514346698689e-05,1.4214969783302767e-06,0.0004019737243652344,5,ruleta,200,10,2
4.734208897336404e-05,4.0616471496152877e-05,4.430290367122983e-05,2.2429749485101736e-06,0.0003986358642578125,6,ruleta,200,10,2
4.734208897336404e-05,4.276831008011287e-05,4.49027252603023e-05,1.662068129595568e-06,0.00040411949157714844,7,ruleta,200,10,2
4.783073311738877e-05,4.249416144533487e-05,4.4781458197781864e-05,1.824480691186401e-06,0.0004048347473144531,8,ruleta,200,10,2
4.724197936574976e-05,4.0897503475128327e-05,4.410392016337916e-05,1.951765287887331e-06,0.0004169940948486328,9,ruleta,200,10,2
4.761013847704088e-05,4.0897503475128327e-05,4.4886263296088664e-05,2.2613181803569724e-06,0.0004100799560546875,10,ruleta,200,10,2
4.800979134837387e-05,4.0897503475128327e-05,4.5277627178239045e-05,2.1065222262741693e-06,0.00040411949157714844,11,ruleta,200,10,2
4.800979134837387e-05,4.080694009508856e-05,4.456070660502809e-05,2.5534909716317173e-06,0.0004191398620605469,12,ruleta,200,10,2
4.6217228160210446e-05,4.031316309391079e-05,4.357776551763349e-05,2.346893884825249e-06,0.0004088878631591797,13,ruleta,200,10,2
4.6004463661998446e-05,3.92075956396181e-05,4.401733852663291e-05,2.0777174226386416e-06,0.0003979206085205078,14,ruleta,200,10,2
4.615049137545156e-05,4.357151314930339e-05,4.554206376935905e-05,7.439990817812775e-07,0.00044608116149902344,15,ruleta,200,10,2
4.692083699809569e-05,4.427263045092782e-05,4.571676612014545e-05,6.658694955289792e-07,0.0004029273986816406,16,ruleta,200,10,2
4.692083699809569e-05,4.303828793398233e-05,4.5300142891354975e-05,1.0271043746079245e-06,0.0003943443298339844,17,ruleta,200,10,2
4.692083699809569e-05,4.427263045092782e-05,4.567464066688597e-05,9.049830326955834e-07,0.00039505958557128906,18,ruleta,200,10,2
4.6004463661998446e-05,4.360658507674739e-05,4.537857662196325e-05,7.01968258725267e-07,0.00039696693420410156,19,ruleta,200,10,2
4.7280383158580596e-05,4.427263045092782e-05,4.571560067830323e-05,7.289254970065764e-07,0.00039005279541015625,20,ruleta,200,10,2
4.615049137545156e-05,4.4479111266981684e-05,4.561335375754413e-05,5.841516500816342e-07,0.000392913818359375,21,ruleta,200,10,2
4.6109172017821084e-05,4.4479111266981684e-05,4.553526947015205e-05,5.711729190893598e-07,0.0004239082336425781,22,ruleta,200,10,2
4.67246630584094e-05,4.393101710642966e-05,4.568724719544426e-05,7.021400516269417e-07,0.0004189014434814453,23,ruleta,200,10,2
4.6109172017821084e-05,4.417670080454557e-05,4.547639046625835e-05,5.215137198070412e-07,0.0004138946533203125,24,ruleta,200,10,2
4.6109172017821084e-05,4.358214504155527e-05,4.54579446885629e-05,6.98512290993464e-07,0.0004012584686279297,25,ruleta,200,10,2
4.6109172017821084e-05,4.358214504155527e-05,4.5416789278230406e-05,6.832279050584923e-07,0.0004279613494873047,26,ruleta,200,10,2
4.6109172017821084e-05,4.358214504155527e-05,4.548478705461524e-05,7.245863403985884e-07,0.00040793418884277344,27,ruleta,200,10,2
4.6109172017821084e-05,4.358214504155527e-05,4.5633459960846946e-05,7.60303768622982e-07,0.0004317760467529297,28,ruleta,200,10,2
4.6109172017821084e-05,4.536580748666256e-05,4.596049911158938e-05,2.9734581246340945e-07,0.0006587505340576172,29,ruleta,200,10,2
4.6109172017821084e-05,4.536580748666256e-05,4.603483556470523e-05,2.230093593475571e-07,0.00044083595275878906,30,ruleta,200,10,2
4.6109172017821084e-05,4.536580748666256e-05,4.603483556470523e-05,2.230093593475571e-07,0.00041103363037109375,31,ruleta,200,10,2
4.6109172017821084e-05,4.6109172017821084e-05,4.6109172017821084e-05,0.0,0.0004100799560546875,32,ruleta,200,10,2
4.6109172017821084e-05,4.6109172017821084e-05,4.6109172017821084e-05,0.0,0.00041484832763671875,33,ruleta,200,10,2
4.6109172017821084e-05,4.6109172017821084e-05,4.6109172017821084e-05,0.0,0.0004153251647949219,34,ruleta,200,10,2
4.6109172017821084e-05,4.515973407603361e-05,4.601422822364234e-05,2.8483138253624293e-07,0.0004138946533203125,35,ruleta,200,10,2
4.671491745337811e-05,4.515973407603361e-05,4.602118792099276e-05,3.845000778177309e-07,0.00040411949157714844,36,ruleta,200,10,2
4.671491745337811e-05,4.515973407603361e-05,4.5979858973019295e-05,4.475012522608558e-07,0.0003859996795654297,37,ruleta,200,10,2
4.6109172017821084e-05,4.6109172017821084e-05,4.6109172017821084e-05,0.0,0.000392913818359375,38,ruleta,200,10,2
4.661095487905542e-05,4.6109172017821084e-05,4.615935030394452e-05,1.5053485837030063e-07,0.0003848075866699219,39,ruleta,200,10,2
4.6109172017821084e-05,4.6109172017821084e-05,4.6109172017821084e-05,0.0,0.00039005279541015625,40,ruleta,200,10,2
4.611934804977803e-05,4.6109172017821084e-05,4.6110189621016775e-05,3.0528095870830253e-09,0.00039315223693847656,41,ruleta,200,10,2
4.719285024058302e-05,4.6109172017821084e-05,4.628906996621718e-05,3.671554047889359e-07,0.0004203319549560547,42,ruleta,200,10,2
4.6109172017821084e-05,4.5104697843330147e-05,4.600060342820722e-05,2.996151405461346e-07,0.00039887428283691406,43,ruleta,200,10,2
4.6109172017821084e-05,4.60279602961734e-05,4.610105084565632e-05,2.4363516494304556e-08,0.00040078163146972656,44,ruleta,200,10,2
4.611934804977803e-05,4.5534545566641554e-05,4.603486969987429e-05,1.7063565895459906e-07,0.0004200935363769531,45,ruleta,200,10,2
4.6109172017821084e-05,4.5534545566641554e-05,4.60322371649836e-05,1.7028334805774653e-07,0.0004191398620605469,46,ruleta,200,10,2
4.6109172017821084e-05,4.5534545566641554e-05,4.6022501061123833e-05,1.683788961115551e-07,0.0004019737243652344,47,ruleta,200,10,2
4.7094090794684535e-05,4.471310396703136e-05,4.6038848778849155e-05,5.383358557229345e-07,0.00040602684020996094,48,ruleta,200,10,2
4.7094090794684535e-05,4.471310396703136e-05,4.609422715782489e-05,5.702588458199801e-07,0.00038886070251464844,49,ruleta,200,10,2
4.701974733409221e-05,4.377440854202351e-05,4.567163473939908e-05,9.206196054640855e-07,0.00041794776916503906,50,ruleta,200,10,2
4.638318124759131e-05,4.377440854202351e-05,4.497237756002813e-05,8.070820559129499e-07,0.00040721893310546875,51,ruleta,200,10,2
4.638318124759131e-05,4.368807323033925e-05,4.502183674118232e-05,8.444978922369972e-07,0.0003941059112548828,52,ruleta,200,10,2
4.6109172017821084e-05,3.9352014444665284e-05,4.4100286013866475e-05,1.7598082899277774e-06,0.000396728515625,53,ruleta,200,10,2
4.6109172017821084e-05,3.9352014444665284e-05,4.380667248080493e-05,1.8472174284646734e-06,0.0003898143768310547,54,ruleta,200,10,2
4.6109172017821084e-05,4.063229657084845e-05,4.4461394153146814e-05,1.6261159731325003e-06,0.00038886070251464844,55,ruleta,200,10,2
4.6109172017821084e-05,4.3759331234964545e-05,4.509387588259334e-05,9.308504769659463e-07,0.0003917217254638672,56,ruleta,200,10,2
4.634227319708235e-05,4.3759331234964545e-05,4.53239744442029e-05,8.864162243244351e-07,0.0003941059112548828,57,ruleta,200,10,2
4.634227319708235e-05,4.3759331234964545e-05,4.543198220690538e-05,6.783787720086059e-07,0.0003910064697265625,58,ruleta,200,10,2
4.634227319708235e-05,4.533331226689412e-05,4.550199160891623e-05,3.4538845362003606e-07,0.0004029273986816406,59,ruleta,200,10,2
4.533331226689412e-05,4.533331226689412e-05,4.533331226689412e-05,0.0,0.00039887428283691406,60,ruleta,200,10,2
4.535409195003231e-05,4.533331226689412e-05,4.5335390235207936e-05,6.233904941457509e-09,0.0003898143768310547,61,ruleta,200,10,2
4.535409195003231e-05,4.306463739095911e-05,4.5084229884489256e-05,6.77193582040402e-07,0.0004401206970214844,62,ruleta,200,10,2
4.544216037554098e-05,4.3107607205616644e-05,4.496546671239902e-05,7.577006220749101e-07,0.0003960132598876953,63,ruleta,200,10,2
4.533331226689412e-05,4.3107607205616644e-05,4.487524156270127e-05,8.846443371521994e-07,0.00039005279541015625,64,ruleta,200,10,2
4.533331226689412e-05,4.3107607205616644e-05,4.464945465644672e-05,8.841459008095505e-07,0.00038886070251464844,65,ruleta,200,10,2
4.5497016006814894e-05,4.3107607205616644e-05,4.487779118720873e-05,7.816333532348422e-07,0.0003867149353027344,66,ruleta,200,10,2
4.533331226689412e-05,4.430567425110825e-05,4.5230548465315535e-05,3.0829140473576074e-07,0.0003829002380371094,67,ruleta,200,10,2
4.533331226689412e-05,4.533331226689412e-05,4.533331226689412e-05,0.0,0.00039196014404296875,68,ruleta,200,10,2
4.533331226689412e-05,4.235783828083083e-05,4.4922654323693394e-05,9.190454563537604e-07,0.0003871917724609375,69,ruleta,200,10,2
4.533331226689412e-05,4.160659933970222e-05,4.4717099874446494e-05,1.1260554805086837e-06,0.00043010711669921875,70,ruleta,200,10,2
4.533331226689412e-05,4.160659933970222e-05,4.4038308598403234e-05,1.48820460115269e-06,0.00041985511779785156,71,ruleta,200,10,2
4.58718733635609e-05,4.021078594127412e-05,4.389684163764577e-05,1.9115191336025615e-06,0.00040030479431152344,72,ruleta,200,10,2
4.6634362312186927e-05,4.024650126960985e-05,4.381555342010897e-05,2.1380791888185136e-06,0.0004029273986816406,73,ruleta,200,10,2
4.640358945724866e-05,3.912170456760752e-05,4.24698363484543e-05,2.2442336770839386e-06,0.00040602684020996094,74,ruleta,200,10,2
4.7161955807766164e-05,4.053304717309298e-05,4.355939144525526e-05,2.2818606772972113e-06,0.0003981590270996094,75,ruleta,200,10,2
4.640358945724866e-05,4.0974476521289046e-05,4.378738310444176e-05,1.4878954011004021e-06,0.00039458274841308594,76,ruleta,200,10,2
4.640358945724866e-05,4.1543500131717994e-05,4.411124136280832e-05,1.5002167648659742e-06,0.0003948211669921875,77,ruleta,200,10,2
4.640358945724866e-05,4.1543500131717994e-05,4.3964681640836726e-05,1.5369122276636648e-06,0.0003981590270996094,78,ruleta,200,10,2
4.6956230487223676e-05,4.1543500131717994e-05,4.474713295584024e-05,1.631731867524433e-06,0.000396728515625,79,ruleta,200,10,2
4.6956230487223676e-05,4.1543500131717994e-05,4.457654584150019e-05,1.6327077503590725e-06,0.0004010200500488281,80,ruleta,200,10,2
4.6956230487223676e-05,4.1543500131717994e-05,4.432083484947515e-05,2.0823554866736206e-06,0.0003960132598876953,81,ruleta,200,10,2
4.71917985477589e-05,4.189310177434476e-05,4.428763362141059e-05,1.5263508528891825e-06,0.0003960132598876953,82,ruleta,200,10,2
4.71917985477589e-05,4.189310177434476e-05,4.382594453810793e-05,1.7982347870016213e-06,0.0004076957702636719,83,ruleta,200,10,2
4.423953659248322e-05,4.074157912099208e-05,4.302589626131465e-05,1.145960733870976e-06,0.00040078163146972656,84,ruleta,200,10,2
4.423953659248322e-05,4.074157912099208e-05,4.319558940047392e-05,1.245649730438096e-06,0.0004076957702636719,85,ruleta,200,10,2
4.425037470953739e-05,4.001605296948072e-05,4.2884717797416365e-05,1.5356455018214834e-06,0.00045180320739746094,86,ruleta,200,10,2
4.620556462116718e-05,3.972589253513025e-05,4.218369124373199e-05,1.7651645466495313e-06,0.00041103363037109375,87,ruleta,200,10,2
4.620556462116718e-05,3.972589253513025e-05,4.2712477969876765e-05,1.7071585509340674e-06,0.00039505958557128906,88,ruleta,200,10,2
4.2453655789892464e-05,3.972589253513025e-05,4.156323029606595e-05,9.344808325935862e-07,0.0004000663757324219,89,ruleta,200,10,2
4.2453655789892464e-05,3.972589253513025e-05,4.1491157625712057e-05,9.029135986163833e-07,0.0003838539123535156,90,ruleta,200,10,2
4.289640995793596e-05,3.917740600527523e-05,4.1351416566374424e-05,1.2486012857081419e-06,0.00038909912109375,91,ruleta,200,10,2
4.425578644463256e-05,4.1454015994613206e-05,4.220451246337556e-05,7.660670703455362e-07,0.00039005279541015625,92,ruleta,200,10,2
4.454959424718185e-05,3.8425503989934454e-05,4.142572573021938e-05,1.6450346786490317e-06,0.00039386749267578125,93,ruleta,200,10,2
4.4201913175386544e-05,3.923921009859392e-05,4.1551253365055494e-05,1.2270506334033124e-06,0.0003941059112548828,94,ruleta,200,10,2
4.3851934308556876e-05,3.922028691910257e-05,4.155767457061379e-05,1.4464463862553605e-06,0.0003960132598876953,95,ruleta,200,10,2
4.3851934308556876e-05,3.9431085036309424e-05,4.2608142764716826e-05,1.604323757619544e-06,0.0003941059112548828,96,ruleta,200,10,2
4.3851934308556876e-05,3.923921009859392e-05,4.206158326312003e-05,1.7161352904489455e-06,0.00040984153747558594,97,ruleta,200,10,2
4.468611816665995e-05,3.909593779341085e-05,4.2991309312761726e-05,1.4913174757208595e-06,0.00042176246643066406,98,ruleta,200,10,2
4.520967475945293e-05,3.909593779341085e-05,4.308617530718904e-05,1.6048240933714768e-06,0.00041174888610839844,99,ruleta,200,10,2
4.3961547709030576e-05,4.187890268846626e-05,4.284137674710628e-05,5.716372899435522e-07,0.00039768218994140625,100,ruleta,200,10,2
4.446166239233206e-05,3.983248053457062e-05,4.263247179066058e-05,1.250535268738251e-06,0.00039315223693847656,101,ruleta,200,10,2
4.576356570740345e-05,4.203861549936269e-05,4.327416018473545e-05,1.1528005439126362e-06,0.0003960132598876953,102,ruleta,200,10,2
4.4435168868691346e-05,4.20269371263343e-05,4.2735186576843666e-05,8.506997319553335e-07,0.00039696693420410156,103,ruleta,200,10,2
4.563539282428387e-05,4.065578968596217e-05,4.296029619339179e-05,1.4989570507155159e-06,0.0003960132598876953,104,ruleta,200,10,2
4.4332980590193444e-05,4.065578968596217e-05,4.286691675426082e-05,1.3004202181407309e-06,0.00039696693420410156,105,ruleta,200,10,2
4.4332980590193444e-05,4.065578968596217e-05,4.250640281730125e-05,8.327837697230266e-07,0.0004642009735107422,106,ruleta,200,10,2
4.479139638813969e-05,3.9456999350343726e-05,4.274507484382176e-05,1.4195773346489817e-06,0.00042700767517089844,107,ruleta,200,10,2
4.7057960442407714e-05,3.9456999350343726e-05,4.345416848075033e-05,1.955528845196499e-06,0.0004208087921142578,108,ruleta,200,10,2
4.4806368043563634e-05,3.898471913966076e-05,4.319060157002214e-05,1.686541210616522e-06,0.0004119873046875,109,ruleta,200,10,2
4.464184837435169e-05,4.2453655789892464e-05,4.343598974131383e-05,7.297459492249968e-07,0.0004119873046875,110,ruleta,200,10,2
4.519583336232406e-05,4.2453655789892464e-05,4.345501597205695e-05,8.284703761964871e-07,0.0004279613494873047,111,ruleta,200,10,2
4.6647471185212804e-05,4.258419796562604e-05,4.420231817513493e-05,1.14997949368594e-06,0.0004107952117919922,112,ruleta,200,10,2
4.6647471185212804e-05,4.226055926508565e-05,4.422936841339457e-05,1.4357810982898874e-06,0.00040793418884277344,113,ruleta,200,10,2
4.55453808404988e-05,4.226055926508565e-05,4.4099096731901364e-05,1.1668018325297235e-06,0.0008630752563476562,114,ruleta,200,10,2
4.513102218030046e-05,4.226055926508565e-05,4.4152225407284316e-05,8.473702066527501e-07,0.0003910064697265625,115,ruleta,200,10,2
4.504314617093447e-05,4.192214388252246e-05,4.364947223930765e-05,1.0197220074469662e-06,0.0003879070281982422,116,ruleta,200,10,2
4.504314617093447e-05,4.192214388252246e-05,4.350227919681089e-05,1.1002032838236093e-06,0.00042510032653808594,117,ruleta,200,10,2
4.534895518591471e-05,4.17426996046904e-05,4.333264880448142e-05,1.242418658727427e-06,0.00040602684020996094,118,ruleta,200,10,2
4.752131047987387e-05,4.181839867317558e-05,4.4040034618050585e-05,1.6838833993887268e-06,0.00040912628173828125,119,ruleta,200,10,2
4.689551210657097e-05,4.020888062644919e-05,4.394618423116024e-05,2.0039575312944333e-06,0.00040411949157714844,120,ruleta,200,10,2
4.753360551641401e-05,4.181839867317558e-05,4.4384551756802195e-05,1.7695225854066915e-06,0.0003960132598876953,121,ruleta,200,10,2
4.74286924552767e-05,4.181839867317558e-05,4.412578180757998e-05,1.8308485923396892e-06,0.0003960132598876953,122,ruleta,200,10,2
4.74286924552767e-05,4.181839867317558e-05,4.4145592469439786e-05,1.967613338438512e-06,0.0004119873046875,123,ruleta,200,10,2
4.6128367512210784e-05,4.08664914997644e-05,4.4042453064115504e-05,1.9432411747886092e-06,0.0004029273986816406,124,ruleta,200,10,2
4.6128367512210784e-05,4.253801544069384e-05,4.495529935600943e-05,1.5381612472914952e-06,0.000408172607421875,125,ruleta,200,10,2
4.660398627453065e-05,4.253801544069384e-05,4.5161810038389186e-05,1.3163724406730757e-06,0.00041675567626953125,126,ruleta,200,10,2
4.660398627453065e-05,4.4390784951045244e-05,4.544083733320685e-05,6.451145255969798e-07,0.0004050731658935547,127,ruleta,200,10,2
4.660398627453065e-05,4.4390784951045244e-05,4.527256318256378e-05,6.684209607385726e-07,0.00040793418884277344,128,ruleta,200,10,2
4.660398627453065e-05,4.4390784951045244e-05,4.54699149596384e-05,8.447808043325645e-07,0.0004241466522216797,129,ruleta,200,10,2
4.660398627453065e-05,4.4390784951045244e-05,4.52101997411625e-05,8.736953158844001e-07,0.00043582916259765625,130,ruleta,200,10,2
4.660398627453065e-05,4.4390784951045244e-05,4.575576416685625e-05,8.236416143750958e-07,0.00040912628173828125,131,ruleta,200,10,2
4.660398627453065e-05,4.4390784951045244e-05,4.603782232391425e-05,8.437682503535165e-07,0.0004227161407470703,132,ruleta,200,10,2
4.660398627453065e-05,4.4390784951045244e-05,4.582006007166546e-05,9.140716027368147e-07,0.000701904296875,133,ruleta,200,10,2
4.742944098917627e-05,4.329258230799552e-05,4.62712710657573e-05,1.055124757192001e-06,0.0004909038543701172,134,ruleta,200,10,2
4.826438437397054e-05,4.412189386821872e-05,4.634785349983866e-05,1.028036410105652e-06,0.0004191398620605469,135,ruleta,200,10,2
4.692481078835633e-05,4.412189386821872e-05,4.612906531324021e-05,7.891093360019489e-07,0.0007381439208984375,136,ruleta,200,10,2
4.692481078835633e-05,4.515249110325404e-05,4.618817053960487e-05,6.469024325523479e-07,0.00042510032653808594,137,ruleta,200,10,2
4.806490579407851e-05,4.339628212903367e-05,4.5798264183599846e-05,1.2907886303346335e-06,0.00042700767517089844,138,ruleta,200,10,2
4.664991507858858e-05,4.47751164102854e-05,4.528106893173999e-05,6.76288809838027e-07,0.0004241466522216797,139,ruleta,200,10,2
4.664991507858858e-05,4.3520646858715684e-05,4.529185028115043e-05,1.1953821365904303e-06,0.0021338462829589844,140,ruleta,200,10,2
4.5749188708252534e-05,4.2880159266057424e-05,4.409812497727206e-05,8.362623910651798e-07,0.0005810260772705078,141,ruleta,200,10,2
4.7332257545326544e-05,4.191253213363432e-05,4.423646296095015e-05,1.4988150754305571e-06,0.0005481243133544922,142,ruleta,200,10,2
4.5749188708252534e-05,4.0998101695344335e-05,4.374489813745813e-05,1.4352259905773303e-06,0.0005121231079101562,143,ruleta,200,10,2
4.593423083988897e-05,4.0998101695344335e-05,4.361389473120009e-05,1.7294460810633626e-06,0.0004601478576660156,144,ruleta,200,10,2
4.697101708364785e-05,4.0998101695344335e-05,4.320430617010526e-05,1.8215892019805742e-06,0.0006620883941650391,145,ruleta,200,10,2
4.647068455372678e-05,4.123559651035374e-05,4.4007086532167784e-05,1.598038620921594e-06,0.0007390975952148438,146,ruleta,200,10,2
4.697101708364785e-05,4.1878095527192427e-05,4.381328494775274e-05,1.6172347422714867e-06,0.00044274330139160156,147,ruleta,200,10,2
4.697101708364785e-05,4.1878095527192427e-05,4.339082211921496e-05,1.512365512160958e-06,0.0007619857788085938,148,ruleta,200,10,2
4.5509696687219505e-05,4.049900296958441e-05,4.298472541372887e-05,1.558538360883067e-06,0.0006439685821533203,149,ruleta,200,10,2
4.479315522629917e-05,4.1878095527192427e-05,4.319330295007172e-05,1.3754330046468927e-06,0.0004177093505859375,150,ruleta,200,10,2
4.479315522629917e-05,4.1878095527192427e-05,4.35448951352993e-05,1.3093219136093069e-06,0.0006480216979980469,151,ruleta,200,10,2
4.479315522629917e-05,4.1878095527192427e-05,4.35448951352993e-05,1.3093219136093069e-06,0.00084686279296875,152,ruleta,200,10,2
4.491162566671945e-05,4.1717496800111866e-05,4.3560938311036355e-05,1.2123877833507249e-06,0.0004591941833496094,153,ruleta,200,10,2
4.491162566671945e-05,4.1767581501816834e-05,4.422964708858683e-05,1.0028901867594573e-06,0.001146078109741211,154,ruleta,200,10,2
4.5668924089653875e-05,4.336993095955836e-05,4.4453764832612394e-05,7.544411606661386e-07,0.0008902549743652344,155,ruleta,200,10,2
4.5668924089653875e-05,4.3799458328415766e-05,4.4885493140238776e-05,4.963381667437524e-07,0.00045180320739746094,156,ruleta,200,10,2
4.667825675489054e-05,4.277898528899764e-05,4.489927250988183e-05,9.118352330522323e-07,0.0005190372467041016,157,ruleta,200,10,2
4.667825675489054e-05,4.277898528899764e-05,4.5104336493797975e-05,1.0507005564881985e-06,0.0007512569427490234,158,ruleta,200,10,2
4.667825675489054e-05,4.302831529899982e-05,4.485484287959938e-05,8.192937735141015e-07,0.0004951953887939453,159,ruleta,200,10,2
4.73881649905579e-05,4.174839110244188e-05,4.4948716103327654e-05,1.611972329076801e-06,0.0005998611450195312,160,ruleta,200,10,2
4.73881649905579e-05,4.479315522629917e-05,4.5500667332010054e-05,1.0961763238192716e-06,0.0004980564117431641,161,ruleta,200,10,2
4.73881649905579e-05,4.479315522629917e-05,4.557165815557679e-05,1.1891828673865134e-06,0.0007708072662353516,162,ruleta,200,10,2
4.73881649905579e-05,4.479315522629917e-05,4.5052656202725047e-05,7.785029292776186e-07,0.0006327629089355469,163,ruleta,200,10,2
4.73881649905579e-05,4.479315522629917e-05,4.5312157179150916e-05,1.0380039057034915e-06,0.00041794776916503906,164,ruleta,200,10,2
4.73881649905579e-05,4.479315522629917e-05,4.5052656202725047e-05,7.785029292776186e-07,0.00046515464782714844,165,ruleta,200,10,2
4.73881649905579e-05,4.4500348524242063e-05,4.502337553251933e-05,7.930824388048603e-07,0.00042700767517089844,166,ruleta,200,10,2
4.73881649905579e-05,4.374766140279465e-05,4.497947293037966e-05,8.70538536121809e-07,0.0008780956268310547,167,ruleta,200,10,2
4.73881649905579e-05,4.2927394361247967e-05,4.4897446226225e-05,1.010185945318213e-06,0.0006020069122314453,168,ruleta,200,10,2
4.73881649905579e-05,4.3594315572280604e-05,4.5268915433558074e-05,1.182925206769319e-06,0.0009720325469970703,169,ruleta,200,10,2
4.73881649905579e-05,4.3594315572280604e-05,4.5711275166600805e-05,1.4122350007928975e-06,0.0008249282836914062,170,ruleta,200,10,2
4.73881649905579e-05,4.479315522629917e-05,4.5312157179150916e-05,1.0380039057034915e-06,0.0004248619079589844,171,ruleta,200,10,2
4.809664116329807e-05,4.422399227576097e-05,4.597920637420411e-05,1.3757390863163587e-06,0.0006639957427978516,172,ruleta,200,10,2
4.809664116329807e-05,4.422399227576097e-05,4.560495888890209e-05,1.2259990195290133e-06,0.0005860328674316406,173,ruleta,200,10,2
4.809664116329807e-05,4.479315522629917e-05,4.551712071640619e-05,1.1815411742521474e-06,0.0004248619079589844,174,ruleta,200,10,2
4.7281779514873145e-05,4.384338138022088e-05,4.528275936542245e-05,1.0217795043142862e-06,0.00045299530029296875,175,ruleta,200,10,2
4.7281779514873145e-05,4.479315522629917e-05,4.529088008401397e-05,9.9544971542959e-07,0.00045418739318847656,176,ruleta,200,10,2
4.7281779514873145e-05,4.479315522629917e-05,4.578860494172876e-05,1.2191719337006073e-06,0.00041294097900390625,177,ruleta,200,10,2
4.7281779514873145e-05,4.479315522629917e-05,4.529088008401397e-05,9.9544971542959e-07,0.00042891502380371094,178,ruleta,200,10,2
4.7281779514873145e-05,4.388361190977837e-05,4.5440567067972296e-05,1.2337892582035528e-06,0.0008580684661865234,179,ruleta,200,10,2
4.7281779514873145e-05,4.388361190977837e-05,4.5009123556455854e-05,9.807807510689476e-07,0.001007080078125,180,ruleta,200,10,2
4.628911953643254e-05,4.388361190977837e-05,4.4667561196716706e-05,6.754341696875992e-07,0.0009872913360595703,181,ruleta,200,10,2
4.6604257481081476e-05,4.200534855689389e-05,4.429334672129746e-05,1.2616411623219652e-06,0.000993967056274414,182,ruleta,200,10,2
4.6604257481081476e-05,4.206024756355376e-05,4.4143899773624633e-05,1.407535950839095e-06,0.0009768009185791016,183,ruleta,200,10,2
4.628911953643254e-05,4.206024756355376e-05,4.4557339992520113e-05,1.3177265926540054e-06,0.0009682178497314453,184,ruleta,200,10,2
4.628911953643254e-05,4.212821727897006e-05,4.4273032128788455e-05,1.4106129669409159e-06,0.0010960102081298828,185,ruleta,200,10,2
4.73106755361045e-05,4.379368782450745e-05,4.483311148557095e-05,1.1665102042088575e-06,0.0010001659393310547,186,ruleta,200,10,2
4.628911953643254e-05,4.379368782450745e-05,4.435728792086085e-05,9.016108438722293e-07,0.000985860824584961,187,ruleta,200,10,2
4.809121252555088e-05,4.379368782450745e-05,4.4672842582086806e-05,1.514920708468228e-06,0.0009999275207519531,188,ruleta,200,10,2
4.628911953643254e-05,4.388361190977837e-05,4.434661080494741e-05,7.775863598709261e-07,0.00096893310546875,189,ruleta,200,10,2
4.628911953643254e-05,4.388361190977837e-05,4.443687799645079e-05,9.36604850128687e-07,0.000965118408203125,190,ruleta,200,10,2
4.628911953643254e-05,4.388361190977837e-05,4.460526419777462e-05,1.102342078393632e-06,0.0009663105010986328,191,ruleta,200,10,2
4.628911953643254e-05,4.388361190977837e-05,4.460526419777462e-05,1.102342078393632e-06,0.0009658336639404297,192,ruleta,200,10,2
4.628911953643254e-05,4.388361190977837e-05,4.4992774413772264e-05,1.140314046974612e-06,0.0009660720825195312,193,ruleta,200,10,2
4.628911953643254e-05,4.388361190977837e-05,4.4584333778740634e-05,8.211985391240068e-07,0.0010328292846679688,194,ruleta,200,10,2
4.628911953643254e-05,4.388361190977837e-05,4.4716471084884985e-05,7.848927159312503e-07,0.00043010711669921875,195,ruleta,200,10,2
4.628911953643254e-05,4.388361190977837e-05,4.4655843351962205e-05,7.400499873914929e-07,0.00047016143798828125,196,ruleta,200,10,2
4.628911953643254e-05,4.388361190977837e-05,4.454950721605852e-05,7.66501850761152e-07,0.000985860824584961,197,ruleta,200,10,2
4.5063557989201494e-05,4.377539659675241e-05,4.4309793394129134e-05,5.458835835563392e-07,0.0010077953338623047,198,ruleta,200,10,2
4.5063557989201494e-05,4.388361190977837e-05,4.442675027395437e-05,5.328298612044848e-07,0.0009851455688476562,199,ruleta,200,10,2
4.5063557989201494e-05,4.388361190977837e-05,4.475112469316782e-05,4.227492130341683e-07,0.0006930828094482422,200,ruleta,200,10,2
4.595300480038008e-05,4.160482217470929e-05,4.313881167163746e-05,1.397389208075891e-06,0.0004680156707763672,1,ruleta,200,10,3
4.675302234950224e-05,3.920182634739092e-05,4.374634257582535e-05,2.350843712725093e-06,0.0004239082336425781,2,ruleta,200,10,3
4.646630980986009e-05,4.148191412906604e-05,4.409417599334182e-05,1.406913156595138e-06,0.00041604042053222656,3,ruleta,200,10,3
4.589433602871848e-05,4.3325615746899584e-05,4.4692708102397476e-05,8.550182987324813e-07,0.0009427070617675781,4,ruleta,200,10,3
4.578474430895612e-05,4.084028584721523e-05,4.461043260846865e-05,1.4332001587448937e-06,0.0010039806365966797,5,ruleta,200,10,3
4.769794374356763e-05,4.18331344249977e-05,4.528043396276242e-05,1.5085145696553278e-06,0.0008051395416259766,6,ruleta,200,10,3
4.6712881583872095e-05,4.158709892543381e-05,4.480972953224826e-05,1.6712400350076907e-06,0.00043201446533203125,7,ruleta,200,10,3
4.6031636944779316e-05,4.158709892543381e-05,4.447211481556298e-05,1.4932856270917098e-06,0.00041294097900390625,8,ruleta,200,10,3
4.790918134481543e-05,4.1051130807160104e-05,4.498899218548898e-05,2.0379809454138565e-06,0.0004200935363769531,9,ruleta,200,10,3
4.790918134481543e-05,4.211934508899056e-05,4.498570187717274e-05,2.2062958921776367e-06,0.00041174888610839844,10,ruleta,200,10,3
4.768114882206766e-05,4.407023657347868e-05,4.599552343018154e-05,1.244814551189003e-06,0.0004107952117919922,11,ruleta,200,10,3
4.721264330679165e-05,4.407023657347868e-05,4.579321191598329e-05,1.2713690922552838e-06,0.001191854476928711,12,ruleta,200,10,3
4.7892937770390504e-05,4.407023657347868e-05,4.628036446567002e-05,1.424243062698451e-06,0.0009887218475341797,13,ruleta,200,10,3
4.721264330679165e-05,4.407023657347868e-05,4.623909874846179e-05,1.1330723672781398e-06,0.0009682178497314453,14,ruleta,200,10,3
4.724509363749e-05,4.407023657347868e-05,4.685827284281656e-05,9.334911681833598e-07,0.0008990764617919922,15,ruleta,200,10,3
4.724509363749e-05,4.407023657347868e-05,4.68615178758864e-05,9.347729248229737e-07,0.0004181861877441406,16,ruleta,200,10,3
4.724509363749e-05,4.407023657347868e-05,4.6716253368371956e-05,9.529443542455155e-07,0.0005021095275878906,17,ruleta,200,10,3
4.782733644987746e-05,4.6995769188223525e-05,4.7168920594886e-05,2.439171673496577e-07,0.00042176246643066406,18,ruleta,200,10,3
4.782733644987746e-05,4.458751345595316e-05,4.690316257673232e-05,8.091071058681266e-07,0.00044989585876464844,19,ruleta,200,10,3
4.721264330679165e-05,4.6995769188223525e-05,4.7030625832970796e-05,6.653500358297068e-08,0.00045990943908691406,20,ruleta,200,10,3
4.70804979610414e-05,4.6995769188223525e-05,4.7017411298395774e-05,3.446693511132264e-08,0.00045490264892578125,21,ruleta,200,10,3
4.70804979610414e-05,4.656870546057158e-05,4.69390525260592e-05,1.8089126780623618e-07,0.0004401206970214844,22,ruleta,200,10,3
4.7387686960087175e-05,4.565834993797941e-05,4.6926637672230846e-05,4.377253728790817e-07,0.0004899501800537109,23,ruleta,200,10,3
4.70804979610414e-05,4.565834993797941e-05,4.690439164960805e-05,4.172632897830138e-07,0.00043201446533203125,24,ruleta,200,10,3
4.70804979610414e-05,4.565834993797941e-05,4.689591877232626e-05,4.1445205454284737e-07,0.0004138946533203125,25,ruleta,200,10,3
4.70804979610414e-05,4.565834993797941e-05,4.677912260186543e-05,5.613463153615827e-07,0.0005331039428710938,26,ruleta,200,10,3
4.70804979610414e-05,4.5718239106982015e-05,4.692271507973989e-05,4.0386794748758043e-07,0.0004191398620605469,27,ruleta,200,10,3
4.717714256005136e-05,4.5616049938104485e-05,4.693524474136692e-05,4.4160414140798403e-07,0.00040602684020996094,28,ruleta,200,10,3
4.717714256005136e-05,4.5616049938104485e-05,4.693524474136692e-05,4.4160414140798403e-07,0.0004150867462158203,29,ruleta,200,10,3
4.70804979610414e-05,4.4853741690869514e-05,4.640661707563984e-05,7.852955258242102e-07,0.00041174888610839844,30,ruleta,200,10,3
4.70804979610414e-05,4.5616049938104485e-05,4.6582321307955606e-05,5.906295822563705e-07,0.0004181861877441406,31,ruleta,200,10,3
4.819244515289581e-05,4.5616049938104485e-05,4.6804860286236604e-05,7.216054107032526e-07,0.0010330677032470703,32,ruleta,200,10,3
4.70804979610414e-05,4.5616049938104485e-05,4.684238696739155e-05,4.469936504845652e-07,0.0004968643188476562,33,ruleta,200,10,3
4.70804979610414e-05,4.537992340928308e-05,4.661984940820283e-05,5.885974123000783e-07,0.0004220008850097656,34,ruleta,200,10,3
4.717723695904692e-05,4.5616049938104485e-05,4.6870909616263615e-05,4.454898590382055e-07,0.0004153251647949219,35,ruleta,200,10,3
4.70804979610414e-05,4.5616049938104485e-05,4.6824428389376365e-05,4.5731913346329335e-07,0.00047016143798828125,36,ruleta,200,10,3
4.70804979610414e-05,4.5616049938104485e-05,4.647370678487966e-05,7.007128707254501e-07,0.0008089542388916016,37,ruleta,200,10,3
4.722170708616105e-05,4.5616049938104485e-05,4.636259118895326e-05,7.062688186286565e-07,0.0010509490966796875,38,ruleta,200,10,3
4.70804979610414e-05,4.5465471844000875e-05,4.607497836755786e-05,5.969090752525657e-07,0.0009930133819580078,39,ruleta,200,10,3
4.705370201366192e-05,4.3488387418650066e-05,4.6023704105275735e-05,9.627953150564316e-07,0.0005557537078857422,40,ruleta,200,10,3
4.680961541514553e-05,4.3488387418650066e-05,4.581017929660672e-05,1.2093849080013825e-06,0.0004169940948486328,41,ruleta,200,10,3
4.70804979610414e-05,4.3488387418650066e-05,4.5880719799295154e-05,1.2507142383363396e-06,0.0004069805145263672,42,ruleta,200,10,3
4.70804979610414e-05,4.6175361853885686e-05,4.668713840318044e-05,2.980171759458664e-07,0.00040411949157714844,43,ruleta,200,10,3
4.70804979610414e-05,4.632767461291797e-05,4.681671866260446e-05,2.805559808930165e-07,0.0004038810729980469,44,ruleta,200,10,3
4.70804979610414e-05,4.632767461291797e-05,4.6672615853127755e-05,2.3807681947117592e-07,0.00041604042053222656,45,ruleta,200,10,3
4.70804979610414e-05,4.6485956744866715e-05,4.661611404664219e-05,1.8727021879918258e-07,0.00040793418884277344,46,ruleta,200,10,3
4.7154347212797376e-05,4.4368489688138786e-05,4.6416579171945027e-05,7.377883212874141e-07,0.0004138946533203125,47,ruleta,200,10,3
4.7683955503179675e-05,4.4734708783853104e-05,4.6603953609242685e-05,7.42928663480414e-07,0.00041604042053222656,48,ruleta,200,10,3
4.735953615801283e-05,4.4734708783853104e-05,4.619359693895594e-05,9.435191746640581e-07,0.0004088878631591797,49,ruleta,200,10,3
4.6721634012060065e-05,4.364580397464706e-05,4.602498485194243e-05,1.0741731871171329e-06,0.00041174888610839844,50,ruleta,200,10,3
4.693218349956793e-05,4.434216682831465e-05,4.64039602953947e-05,7.558259950253812e-07,0.00041294097900390625,51,ruleta,200,10,3
4.693218349956793e-05,4.434216682831465e-05,4.6258878522786314e-05,9.608798419220894e-07,0.00047779083251953125,52,ruleta,200,10,3
4.693218349956793e-05,4.661879482035271e-05,4.672448804036467e-05,7.816228130291666e-08,0.0004379749298095703,53,ruleta,200,10,3
4.693218349956793e-05,4.595672390808833e-05,4.6715700816511285e-05,2.6892272079530874e-07,0.00041294097900390625,54,ruleta,200,10,3
4.693218349956793e-05,4.5991007235232284e-05,4.672034599403887e-05,2.5930789166146315e-07,0.0004048347473144531,55,ruleta,200,10,3
4.693218349956793e-05,4.5991007235232284e-05,4.671844673738566e-05,2.7118287682076415e-07,0.00041675567626953125,56,ruleta,200,10,3
4.693218349956793e-05,4.5991007235232284e-05,4.668749395720445e-05,3.6692306290942174e-07,0.0004119873046875,57,ruleta,200,10,3
4.745339990346779e-05,4.609197021742456e-05,4.688067195558416e-05,3.337783297141899e-07,0.00045013427734375,58,ruleta,200,10,3
4.7893496406191025e-05,4.335417415421725e-05,4.646591024906092e-05,1.2089636803084944e-06,0.0004222393035888672,59,ruleta,200,10,3
4.7893496406191025e-05,4.335417415421725e-05,4.631022129949909e-05,1.2553256498648514e-06,0.00047206878662109375,60,ruleta,200,10,3
4.739775873962204e-05,4.335417415421725e-05,4.5939142820334574e-05,1.339721329843421e-06,0.00042700767517089844,61,ruleta,200,10,3
4.739775873962204e-05,4.1388745515358645e-05,4.584123203178726e-05,1.8690198775901275e-06,0.0004050731658935547,62,ruleta,200,10,3
4.739775873962204e-05,4.335417415421725e-05,4.58204294691152e-05,1.2944533551002003e-06,0.0004100799560546875,63,ruleta,200,10,3
4.739775873962204e-05,4.469102786651462e-05,4.61256983088941e-05,1.0470708594262568e-06,0.0003960132598876953,64,ruleta,200,10,3
4.739775873962204e-05,4.469102786651462e-05,4.626849194965623e-05,1.049947158475418e-06,0.0004069805145263672,65,ruleta,200,10,3
4.693218349956793e-05,4.469102786651462e-05,4.6483952372957266e-05,8.964622532213229e-07,0.00040984153747558594,66,ruleta,200,10,3
4.693218349956793e-05,4.469102786651462e-05,4.625983680965193e-05,1.0270265332643455e-06,0.00046515464782714844,67,ruleta,200,10,3
4.693218349956793e-05,4.469102786651462e-05,4.67080679362626e-05,6.723466899159922e-07,0.0004649162292480469,68,ruleta,200,10,3
4.693218349956793e-05,4.693218349956793e-05,4.693218349956793e-05,0.0,0.0004241466522216797,69,ruleta,200,10,3
4.693218349956793e-05,4.693218349956793e-05,4.693218349956793e-05,0.0,0.0004131793975830078,70,ruleta,200,10,3
4.693218349956793e-05,4.6544275516012105e-05,4.689339270121235e-05,1.1637239506674689e-07,0.0005099773406982422,71,ruleta,200,10,3
4.693218349956793e-05,4.6544275516012105e-05,4.685460190285676e-05,1.551631934223292e-07,0.0004429817199707031,72,ruleta,200,10,3
4.729046125702185e-05,4.572841570677549e-05,4.681187263095841e-05,3.9800287018846967e-07,0.0004248619079589844,73,ruleta,200,10,3
4.729046125702185e-05,4.572841570677549e-05,4.6902616013592654e-05,4.142493840545568e-07,0.00045800209045410156,74,ruleta,200,10,3
4.729046125702185e-05,4.572841570677549e-05,4.6850663429313995e-05,3.888292781658749e-07,0.000408172607421875,75,ruleta,200,10,3
4.696247283236711e-05,4.693218349956793e-05,4.6935212432847846e-05,9.086799839753756e-09,0.00041604042053222656,76,ruleta,200,10,3
4.693218349956793e-05,4.693218349956793e-05,4.693218349956793e-05,0.0,0.00040912628173828125,77,ruleta,200,10,3
4.693218349956793e-05,4.693218349956793e-05,4.693218349956793e-05,0.0,0.0004229545593261719,78,ruleta,200,10,3
4.693218349956793e-05,4.693218349956793e-05,4.693218349956793e-05,0.0,0.0004210472106933594,79,ruleta,200,10,3
4.6966499462440005e-05,4.693218349956793e-05,4.693561509585513e-05,1.0294788861623125e-08,0.00040602684020996094,80,ruleta,200,10,3
4.7350643536773145e-05,4.585379922397891e-05,4.690726853113021e-05,3.8095021206753124e-07,0.00043201446533203125,81,ruleta,200,10,3
4.727432612783044e-05,4.367216859459963e-05,4.646739681730467e-05,1.0299573877320912e-06,0.0004181861877441406,82,ruleta,200,10,3
4.752781682673488e-05,4.367216859459963e-05,4.637516804791806e-05,1.0039763105168132e-06,0.0004138946533203125,83,ruleta,200,10,3
4.783181982103933e-05,4.509278597798901e-05,4.66648488320826e-05,7.432968903558049e-07,0.00041985511779785156,84,ruleta,200,10,3
4.783181982103933e-05,4.39092062243619e-05,4.637025519239283e-05,1.165163341272393e-06,0.00041294097900390625,85,ruleta,200,10,3
4.725794669566012e-05,4.39092062243619e-05,4.586938381950073e-05,1.4415008155097876e-06,0.0004119873046875,86,ruleta,200,10,3
4.711084539127607e-05,4.39092062243619e-05,4.533800965972789e-05,1.3315051250723753e-06,0.0004248619079589844,87,ruleta,200,10,3
4.5736774151821285e-05,4.3296828511103006e-05,4.454079340156326e-05,8.245268999817789e-07,0.0006008148193359375,88,ruleta,200,10,3
4.590572485236687e-05,4.39092062243619e-05,4.50060131565848e-05,7.028825902037328e-07,0.00045371055603027344,89,ruleta,200,10,3
4.7068708295897036e-05,4.385439147129079e-05,4.5290403684030656e-05,1.050537405357394e-06,0.0004208087921142578,90,ruleta,200,10,3
4.704494803420928e-05,4.385439147129079e-05,4.514284847735175e-05,1.0947294978204904e-06,0.0004220008850097656,91,ruleta,200,10,3
4.631330849698303e-05,4.292185611580827e-05,4.522263244588547e-05,1.0414992166947282e-06,0.0004088878631591797,92,ruleta,200,10,3
4.631330849698303e-05,4.39092062243619e-05,4.570136561289486e-05,6.64071107278452e-07,0.0004329681396484375,93,ruleta,200,10,3
4.631330849698303e-05,4.39092062243619e-05,4.57794898766307e-05,6.755604825284982e-07,0.0004317760467529297,94,ruleta,200,10,3
4.652547120841478e-05,4.553223529731958e-05,4.5950578139635136e-05,2.667840787301763e-07,0.0004570484161376953,95,ruleta,200,10,3
4.631330849698303e-05,4.46646863520527e-05,4.571699566986743e-05,4.151222211065482e-07,0.0004100799560546875,96,ruleta,200,10,3
4.631330849698303e-05,4.46646863520527e-05,4.56868002116828e-05,6.124248248365703e-07,0.0004258155822753906,97,ruleta,200,10,3
4.624836415353515e-05,4.46646863520527e-05,4.534711638111195e-05,5.691308227706776e-07,0.0004048347473144531,98,ruleta,200,10,3
4.590572485236687e-05,4.500584343732025e-05,4.551939211440482e-05,3.8899564620256474e-07,0.00041484832763671875,99,ruleta,200,10,3
4.630628751424729e-05,4.456291282784472e-05,4.548649746627808e-05,5.675379131249207e-07,0.00041413307189941406,100,ruleta,200,10,3
4.630628751424729e-05,4.3283644960827304e-05,4.510594180452779e-05,8.372751542684301e-07,0.0004143714904785156,101,ruleta,200,10,3
4.630628751424729e-05,4.3486773054612095e-05,4.5026036404452775e-05,8.079551498349279e-07,0.0004439353942871094,102,ruleta,200,10,3
4.630628751424729e-05,4.45409548167963e-05,4.559031891023068e-05,6.1784764553045e-07,0.00043582916259765625,103,ruleta,200,10,3
4.630628751424729e-05,4.360258997442286e-05,4.55594680931784e-05,8.285009381242322e-07,0.00042819976806640625,104,ruleta,200,10,3
4.621975708496969e-05,4.360258997442286e-05,4.5027944092345006e-05,8.443704325122776e-07,0.000408172607421875,105,ruleta,200,10,3
4.655053223769676e-05,4.5134564191538186e-05,4.590195584287866e-05,4.375043243097511e-07,0.0004050731658935547,106,ruleta,200,10,3
4.6521711146429115e-05,4.3999557561281856e-05,4.539980473152977e-05,8.574300580446846e-07,0.00041031837463378906,107,ruleta,200,10,3
4.7384289353692054e-05,4.1811417717173036e-05,4.53270773481769e-05,1.399852063511576e-06,0.00040912628173828125,108,ruleta,200,10,3
4.7384289353692054e-05,4.4793981458152674e-05,4.570520505593724e-05,7.862406816819919e-07,0.0004112720489501953,109,ruleta,200,10,3
4.626782555185915e-05,4.3862042535674704e-05,4.494068079517723e-05,7.186972043105423e-07,0.0004172325134277344,110,ruleta,200,10,3
4.65646449066885e-05,4.3862042535674704e-05,4.490522487859161e-05,6.382186197067162e-07,0.0004470348358154297,111,ruleta,200,10,3
4.6960109475996896e-05,4.0639974713505724e-05,4.4731305248420605e-05,1.5893788999104757e-06,0.00042510032653808594,112,ruleta,200,10,3
4.6960109475996896e-05,3.9905754678461296e-05,4.485576891786953e-05,1.8658881413647253e-06,0.00040984153747558594,113,ruleta,200,10,3
4.698922910891869e-05,3.9905754678461296e-05,4.502533242267062e-05,2.0447237834588522e-06,0.0004162788391113281,114,ruleta,200,10,3
4.698922910891869e-05,3.9905754678461296e-05,4.4465221870387895e-05,2.377880547308177e-06,0.0004138946533203125,115,ruleta,200,10,3
4.65646449066885e-05,3.9905754678461296e-05,4.357488274467883e-05,2.861488616965502e-06,0.000396728515625,116,ruleta,200,10,3
4.651970302104677e-05,3.9905754678461296e-05,4.4782907476001095e-05,1.8638991691911685e-06,0.0003998279571533203,117,ruleta,200,10,3
4.667075949867409e-05,4.4489435526195356e-05,4.5760344685421246e-05,7.904041792811397e-07,0.0004317760467529297,118,ruleta,200,10,3
4.65646449066885e-05,4.366757167701814e-05,4.5201334766698266e-05,1.0243687335561814e-06,0.0004088878631591797,119,ruleta,200,10,3
4.651970302104677e-05,4.4021531614065165e-05,4.531388977893229e-05,8.279403451036925e-07,0.0004837512969970703,120,ruleta,200,10,3
4.6316124638920775e-05,4.2806199272577866e-05,4.4730045501665715e-05,9.009327871136438e-07,0.0003979206085205078,121,ruleta,200,10,3
4.584555407915525e-05,4.156938210458512e-05,4.460347740137809e-05,1.1760222194299544e-06,0.0004010200500488281,122,ruleta,200,10,3
4.573242324177209e-05,4.207190762906854e-05,4.4307408668627016e-05,1.1528978582818446e-06,0.0004069805145263672,123,ruleta,200,10,3
4.511231963930516e-05,4.2423749077569345e-05,4.40116563665775e-05,9.441616778454463e-07,0.0004069805145263672,124,ruleta,200,10,3
4.65646449066885e-05,4.293464331123272e-05,4.457224802603523e-05,1.1857434593119526e-06,0.00042176246643066406,125,ruleta,200,10,3
4.65646449066885e-05,4.293464331123272e-05,4.4275208964336576e-05,1.075163440790169e-06,0.00041103363037109375,126,ruleta,200,10,3
4.511231963930516e-05,4.293464331123272e-05,4.4247199357527284e-05,7.023180738624539e-07,0.0004088878631591797,127,ruleta,200,10,3
4.49847731159158e-05,4.279143001121142e-05,4.409505205404068e-05,9.322335520549976e-07,0.00043702125549316406,128,ruleta,200,10,3
4.507079195354233e-05,4.279143001121142e-05,4.387971642500899e-05,8.81330962570752e-07,0.0004398822784423828,129,ruleta,200,10,3
4.507079195354233e-05,4.279143001121142e-05,4.393680754551698e-05,8.66231857802788e-07,0.00041604042053222656,130,ruleta,200,10,3
4.541677361030184e-05,4.308076527515606e-05,4.395238241821166e-05,8.07057819678133e-07,0.0004038810729980469,131,ruleta,200,10,3
4.541677361030184e-05,4.295600158559925e-05,4.38610882995459e-05,8.651472111164892e-07,0.00039696693420410156,132,ruleta,200,10,3
4.547234726061591e-05,4.265645961414469e-05,4.348813614484964e-05,8.425506584482237e-07,0.0004017353057861328,133,ruleta,200,10,3
4.550172198839331e-05,4.265645961414469e-05,4.3683927859976747e-05,1.0497577220274767e-06,0.0004029273986816406,134,ruleta,200,10,3
4.5660349430474397e-05,4.265645961414469e-05,4.3409327882615634e-05,8.83939158184745e-07,0.00040078163146972656,135,ruleta,200,10,3
4.6772330126068204e-05,4.2226933853285545e-05,4.376885239215137e-05,1.2572770935237135e-06,0.00040602684020996094,136,ruleta,200,10,3
4.6772330126068204e-05,4.2226933853285545e-05,4.397347870957566e-05,1.5478081064421453e-06,0.00041294097900390625,137,ruleta,200,10,3
4.6513996741272405e-05,4.0796867956091054e-05,4.430314007904659e-05,1.5131625360771122e-06,0.0004048347473144531,138,ruleta,200,10,3
4.5764695978436725e-05,4.0796867956091054e-05,4.411059203578132e-05,1.3791726652067302e-06,0.0003991127014160156,139,ruleta,200,10,3
4.625336841377331e-05,4.268934224692907e-05,4.4339261528213565e-05,8.838497299296993e-07,0.00039505958557128906,140,ruleta,200,10,3
4.625336841377331e-05,4.2226933853285545e-05,4.441024125049294e-05,1.1027771259354289e-06,0.00042700767517089844,141,ruleta,200,10,3
4.6440302108191046e-05,4.199326465435425e-05,4.466702799194634e-05,1.4223426454688032e-06,0.0004150867462158203,142,ruleta,200,10,3
4.6824615231727886e-05,4.087926276608551e-05,4.4722051996052215e-05,1.8430155680284882e-06,0.0004811286926269531,143,ruleta,200,10,3
4.658520660175173e-05,4.087926276608551e-05,4.4579609761916484e-05,2.0308622657857845e-06,0.00041103363037109375,144,ruleta,200,10,3
4.73307021166952e-05,4.005351557541642e-05,4.5323922251649547e-05,1.8614745177737547e-06,0.0004107952117919922,145,ruleta,200,10,3
4.636355744147361e-05,3.8934928842261775e-05,4.444206075174889e-05,2.5189340438700596e-06,0.0004050731658935547,146,ruleta,200,10,3
4.619908951721363e-05,3.950009900360454e-05,4.419242502598884e-05,2.346065175176462e-06,0.00042891502380371094,147,ruleta,200,10,3
4.619908951721363e-05,4.177788151280638e-05,4.5215288254599714e-05,1.246775712438104e-06,0.00041794776916503906,148,ruleta,200,10,3
4.64406302188891e-05,4.1446232660353754e-05,4.530218579331517e-05,1.350591538664509e-06,0.0004329681396484375,149,ruleta,200,10,3
4.600484822038999e-05,4.1446232660353754e-05,4.4941045620470084e-05,1.7703744247930282e-06,0.0004279613494873047,150,ruleta,200,10,3
4.600484822038999e-05,4.1446232660353754e-05,4.549730852653667e-05,1.3525543025534206e-06,0.0004029273986816406,151,ruleta,200,10,3
4.600484822038999e-05,4.583258776089101e-05,4.5970396128490194e-05,6.890418379959376e-08,0.00040793418884277344,152,ruleta,200,10,3
4.702733588391854e-05,4.583258776089101e-05,4.6160940940258996e-05,3.6559537721697676e-07,0.00040030479431152344,153,ruleta,200,10,3
4.702733588391854e-05,4.600484822038999e-05,4.6107096986742846e-05,3.067462990585645e-07,0.00039887428283691406,154,ruleta,200,10,3
4.702733588391854e-05,4.600484822038999e-05,4.6107096986742846e-05,3.067462990585645e-07,0.0004017353057861328,155,ruleta,200,10,3
4.702733588391854e-05,4.237091043303168e-05,4.5743703208007015e-05,1.16486126596834e-06,0.0003960132598876953,156,ruleta,200,10,3
4.702733588391854e-05,4.237091043303168e-05,4.576918866985279e-05,1.2381588000259712e-06,0.00039076805114746094,157,ruleta,200,10,3
4.702733588391854e-05,4.237091043303168e-05,4.5743703208007015e-05,1.16486126596834e-06,0.00039505958557128906,158,ruleta,200,10,3
4.715014392779119e-05,4.0721751064436364e-05,4.487583257911422e-05,2.252158544507298e-06,0.0003960132598876953,159,ruleta,200,10,3
4.603174837510383e-05,4.0721751064436364e-05,4.4513405484842154e-05,2.2960995384644207e-06,0.00039696693420410156,160,ruleta,200,10,3
4.600484822038999e-05,4.0721751064436364e-05,4.436336791357686e-05,2.3202332968572896e-06,0.0003921985626220703,161,ruleta,200,10,3
4.600484822038999e-05,4.109887053610148e-05,4.360886823929882e-05,1.96893698399123e-06,0.0003991127014160156,162,ruleta,200,10,3
4.600484822038999e-05,4.109887053610148e-05,4.3502084019091995e-05,1.7648591785162064e-06,0.0004000663757324219,163,ruleta,200,10,3
4.600484822038999e-05,3.998848193559593e-05,4.281866812281777e-05,1.53382121241756e-06,0.00039505958557128906,164,ruleta,200,10,3
4.600484822038999e-05,3.989419696350933e-05,4.228063520535713e-05,1.7751297941065113e-06,0.0003979206085205078,165,ruleta,200,10,3
4.600484822038999e-05,4.02633685677242e-05,4.307875506365202e-05,1.8451063018908417e-06,0.0004329681396484375,166,ruleta,200,10,3
4.600484822038999e-05,4.225854421574813e-05,4.385225266486707e-05,1.2622242692230428e-06,0.0003979206085205078,167,ruleta,200,10,3
4.600484822038999e-05,4.183050653723632e-05,4.3569437798653716e-05,1.4248470952563161e-06,0.0004038810729980469,168,ruleta,200,10,3
4.600484822038999e-05,4.096265184910254e-05,4.2953215181868906e-05,1.4627967488889904e-06,0.00040411949157714844,169,ruleta,200,10,3
4.570483533395768e-05,4.111662011477999e-05,4.3169083408595466e-05,1.2977298079126345e-06,0.0004100799560546875,170,ruleta,200,10,3
4.570483533395768e-05,4.028879867917002e-05,4.286985280803242e-05,1.4423528620696274e-06,0.0004017353057861328,171,ruleta,200,10,3
4.6785891176766605e-05,4.028879867917002e-05,4.280887997666707e-05,1.759205778023664e-06,0.0003948211669921875,172,ruleta,200,10,3
4.6785891176766605e-05,4.079530460575962e-05,4.335838077468671e-05,1.462781728635889e-06,0.00040984153747558594,173,ruleta,200,10,3
4.454459571977017e-05,4.079530460575962e-05,4.307624791581456e-05,1.100143504458372e-06,0.0004119873046875,174,ruleta,200,10,3
4.39459439113663e-05,4.079530460575962e-05,4.3071081946435946e-05,9.318988239200113e-07,0.0003979206085205078,175,ruleta,200,10,3
4.39459439113663e-05,4.079530460575962e-05,4.258700409045161e-05,1.3115520555663863e-06,0.000392913818359375,176,ruleta,200,10,3
4.39459439113663e-05,4.079530460575962e-05,4.228240186633541e-05,9.119034154581134e-07,0.0004012584686279297,177,ruleta,200,10,3
4.39459439113663e-05,4.047853249566797e-05,4.2501452366663204e-05,1.1138112557845387e-06,0.000392913818359375,178,ruleta,200,10,3
4.39459439113663e-05,4.044338576203312e-05,4.1856197039848434e-05,1.2062818059065287e-06,0.0004000663757324219,179,ruleta,200,10,3
4.3319924891196436e-05,3.94816309238272e-05,4.181248738678644e-05,1.0662455722201993e-06,0.0003960132598876953,180,ruleta,200,10,3
4.4518930510864314e-05,4.079530460575962e-05,4.213773575729755e-05,1.0240967974362184e-06,0.0004029273986816406,181,ruleta,200,10,3
4.2806617815668236e-05,4.079530460575962e-05,4.163757895568882e-05,6.512306600325052e-07,0.00039315223693847656,182,ruleta,200,10,3
4.2806617815668236e-05,4.0310881414281526e-05,4.1851099165156836e-05,8.3670636300653e-07,0.0004010200500488281,183,ruleta,200,10,3
4.2806617815668236e-05,4.0310881414281526e-05,4.163898833691493e-05,7.142143340001021e-07,0.0004050731658935547,184,ruleta,200,10,3
4.2806617815668236e-05,4.0310881414281526e-05,4.150638870330563e-05,7.613827436483381e-07,0.0004050731658935547,185,ruleta,200,10,3
4.3784682136733525e-05,4.0310881414281526e-05,4.160186476078061e-05,1.1150001517365476e-06,0.0004050731658935547,186,ruleta,200,10,3
4.3784682136733525e-05,3.823629588071688e-05,4.191518145383232e-05,1.7866764715461356e-06,0.0004100799560546875,187,ruleta,200,10,3
4.3784682136733525e-05,3.823629588071688e-05,4.226256152607752e-05,1.778669535925661e-06,0.0004112720489501953,188,ruleta,200,10,3
4.3784682136733525e-05,4.058398198004812e-05,4.269113623776208e-05,1.1686062609954507e-06,0.00043201446533203125,189,ruleta,200,10,3
4.3784682136733525e-05,4.1325277102151265e-05,4.2883481443891084e-05,9.419561112763289e-07,0.0005431175231933594,190,ruleta,200,10,3
4.3784682136733525e-05,3.9537506454901865e-05,4.255626917945502e-05,1.3571303227899133e-06,0.00044798851013183594,191,ruleta,200,10,3
4.3784682136733525e-05,4.132836148597359e-05,4.310901999555996e-05,9.625520893240672e-07,0.0003981590270996094,192,ruleta,200,10,3
4.3784682136733525e-05,4.132836148597359e-05,4.3409829393344033e-05,7.281946314131822e-07,0.00039386749267578125,193,ruleta,200,10,3
4.38086818005952e-05,4.132836148597359e-05,4.3343917176588795e-05,8.940510476341684e-07,0.00039076805114746094,194,ruleta,200,10,3
4.38086818005952e-05,4.1809353522184494e-05,4.359434917443712e-05,5.950953471240879e-07,0.0003979206085205078,195,ruleta,200,10,3
4.38086818005952e-05,4.1809353522184494e-05,4.359674914082329e-05,5.959059457162794e-07,0.0003991127014160156,196,ruleta,200,10,3
4.5134193731852404e-05,4.3784682136733525e-05,4.392923316179008e-05,4.018128286121758e-07,0.00041484832763671875,197,ruleta,200,10,3
4.5134193731852404e-05,4.372533270712855e-05,4.393132855299512e-05,4.0277279633651394e-07,0.00043129920959472656,198,ruleta,200,10,3
4.45071912403919e-05,4.3784682136733525e-05,4.391933395963024e-05,2.107670678001823e-07,0.0004019737243652344,199,ruleta,200,10,3
4.45071912403919e-05,4.292295483291976e-05,4.39658158266272e-05,4.5676693220844424e-07,0.000396728515625,200,ruleta,200,10,3
4.826624310559647e-05,4.088172778600505e-05,4.3915800374209667e-05,2.3830451871965557e-06,0.00043892860412597656,1,torneo,200,10,1
4.826624310559647e-05,4.189835412956425e-05,4.638073701993792e-05,2.026188015211244e-06,0.0004131793975830078,2,torneo,200,10,1
4.826624310559647e-05,4.5814683725663155e-05,4.716861942510533e-05,9.87672517295589e-07,0.00040912628173828125,3,torneo,200,10,1
4.826624310559647e-05,4.640183709971577e-05,4.7907031172015694e-05,6.064795377998682e-07,0.0004069805145263672,4,torneo,200,10,1
4.826624310559647e-05,4.826624310559647e-05,4.826624310559647e-05,0.0,0.00040793418884277344,5,torneo,200,10,1
4.826624310559647e-05,4.826624310559647e-05,4.826624310559647e-05,0.0,0.00041413307189941406,6,torneo,200,10,1
4.826624310559647e-05,4.635547839334339e-05,4.803510003914843e-05,5.724756605477448e-07,0.00041031837463378906,7,torneo,200,10,1
4.872973154248882e-05,4.4323593104450395e-05,4.754807826199508e-05,1.5591700411557483e-06,0.00040721893310546875,8,torneo,200,10,1
4.872973154248882e-05,4.663980016283155e-05,4.827123943315798e-05,6.426586791333044e-07,0.00041604042053222656,9,torneo,200,10,1
4.872973154248882e-05,4.8190194349336406e-05,4.862942897948434e-05,2.0132458182622103e-07,0.0004029273986816406,10,torneo,200,10,1
4.872973154248882e-05,4.872973154248882e-05,4.872973154248882e-05,0.0,0.0004119873046875,11,torneo,200,10,1
4.872973154248882e-05,4.872973154248882e-05,4.872973154248882e-05,0.0,0.000408172607421875,12,torneo,200,10,1
4.872973154248882e-05,4.872973154248882e-05,4.872973154248882e-05,0.0,0.0004029273986816406,13,torneo,200,10,1
4.872973154248882e-05,4.872973154248882e-05,4.872973154248882e-05,0.0,0.0004169940948486328,14,torneo,200,10,1
4.872973154248882e-05,4.7626874032134396e-05,4.852264228463299e-05,4.152742436300176e-07,0.00040721893310546875,15,torneo,200,10,1
4.872973154248882e-05,4.872973154248882e-05,4.872973154248882e-05,0.0,0.00040912628173828125,16,torneo,200,10,1
4.872973154248882e-05,4.872973154248882e-05,4.872973154248882e-05,0.0,0.0004019737243652344,17,torneo,200,10,1
4.872973154248882e-05,4.872973154248882e-05,4.872973154248882e-05,0.0,0.00042510032653808594,18,torneo,200,10,1
4.872973154248882e-05,4.8307784017602796e-05,4.8687536790000216e-05,1.2658425746580636e-07,0.0004100799560546875,19,torneo,200,10,1
4.872973154248882e-05,4.872973154248882e-05,4.872973154248882e-05,0.0,0.000408172607421875,20,torneo,200,10,1
4.872973154248882e-05,4.450282590548481e-05,4.830704097878842e-05,1.2680716911012015e-06,0.0003998279571533203,21,torneo,200,10,1
4.872973154248882e-05,4.872973154248882e-05,4.872973154248882e-05,0.0,0.00041604042053222656,22,torneo,200,10,1
4.872973154248882e-05,4.872973154248882e-05,4.872973154248882e-05,0.0,0.0004131793975830078,23,torneo,200,10,1
4.872973154248882e-05,4.872973154248882e-05,4.872973154248882e-05,0.0,0.00041604042053222656,24,torneo,200,10,1
4.872973154248882e-05,4.62993008105845e-05,4.8486688469298386e-05,7.291292195712946e-07,0.0004229545593261719,25,torneo,200,10,1
4.872973154248882e-05,4.872973154248882e-05,4.872973154248882e-05,0.0,0.0004630088806152344,26,torneo,200,10,1
4.872973154248882e-05,4.872973154248882e-05,4.872973154248882e-05,0.0,0.00042319297790527344,27,torneo,200,10,1
4.872973154248882e-05,4.872973154248882e-05,4.872973154248882e-05,0.0,0.0004048347473144531,28,torneo,200,10,1
4.872973154248882e-05,4.872973154248882e-05,4.872973154248882e-05,0.0,0.0004010200500488281,29,torneo,200,10,1
4.872973154248882e-05,4.872973154248882e-05,4.872973154248882e-05,0.0,0.0003981590270996094,30,torneo,200,10,1
4.872973154248882e-05,4.872973154248882e-05,4.872973154248882e-05,0.0,0.0004000663757324219,31,torneo,200,10,1
4.872973154248882e-05,4.872973154248882e-05,4.872973154248882e-05,0.0,0.0003972053527832031,32,torneo,200,10,1
4.872973154248882e-05,4.872973154248882e-05,4.872973154248882e-05,0.0,0.0003972053527832031,33,torneo,200,10,1
4.872973154248882e-05,4.872973154248882e-05,4.872973154248882e-05,0.0,0.0004010200500488281,34,torneo,200,10,1
4.872973154248882e-05,4.872973154248882e-05,4.872973154248882e-05,0.0,0.0004782676696777344,35,torneo,200,10,1
4.872973154248882e-05,4.872973154248882e-05,4.872973154248882e-05,0.0,0.0004260540008544922,36,torneo,200,10,1
4.872973154248882e-05,4.599482420840608e-05,4.845624080908054e-05,8.204722002248208e-07,0.00041294097900390625,37,torneo,200,10,1
4.872973154248882e-05,4.440705402497205e-05,4.784599801992605e-05,1.5765181819661273e-06,0.000392913818359375,38,torneo,200,10,1
4.872973154248882e-05,4.872973154248882e-05,4.872973154248882e-05,0.0,0.0004010200500488281,39,torneo,200,10,1
4.872973154248882e-05,4.872973154248882e-05,4.872973154248882e-05,0.0,0.0004107952117919922,40,torneo,200,10,1
4.872973154248882e-05,4.872973154248882e-05,4.872973154248882e-05,0.0,0.0004029273986816406,41,torneo,200,10,1
4.872973154248882e-05,4.872973154248882e-05,4.872973154248882e-05,0.0,0.0004169940948486328,42,torneo,200,10,1
4.902185706352082e-05,4.872973154248882e-05,4.875894409459202e-05,8.763765630960023e-08,0.0004189014434814453,43,torneo,200,10,1
4.921558607193851e-05,4.8540871374343394e-05,4.8788643530722445e-05,1.795421631151092e-07,0.00042819976806640625,44,torneo,200,10,1
4.921558607193851e-05,4.847971156773616e-05,4.8831113003006685e-05,2.2741472028427005e-07,0.0003981590270996094,45,torneo,200,10,1
4.921558607193851e-05,4.872973154248882e-05,4.90990422652068e-05,1.9334311143686626e-07,0.0004000663757324219,46,torneo,200,10,1
4.921558607193851e-05,4.742079771911202e-05,4.9036107236655864e-05,5.384365058479453e-07,0.0004000663757324219,47,torneo,200,10,1
4.921558607193851e-05,4.921558607193851e-05,4.921558607193851e-05,0.0,0.00039887428283691406,48,torneo,200,10,1
4.921558607193851e-05,4.6251457278964675e-05,4.891917319264112e-05,8.892386378921495e-07,0.0004057884216308594,49,torneo,200,10,1
4.921558607193851e-05,4.4341298249447405e-05,4.8728157289689396e-05,1.4622863467473306e-06,0.0004000663757324219,50,torneo,200,10,1
4.921558607193851e-05,4.921558607193851e-05,4.921558607193851e-05,0.0,0.00040602684020996094,51,torneo,200,10,1
4.921558607193851e-05,4.921558607193851e-05,4.921558607193851e-05,0.0,0.0004038810729980469,52,torneo,200,10,1
4.921558607193851e-05,4.7839512571029594e-05,4.907797872184762e-05,4.1282205027267397e-07,0.0003981590270996094,53,torneo,200,10,1
4.921558607193851e-05,4.921558607193851e-05,4.921558607193851e-05,0.0,0.0004048347473144531,54,torneo,200,10,1
4.921558607193851e-05,4.544055206233329e-05,4.883808267097799e-05,1.1325102028815645e-06,0.0003991127014160156,55,torneo,200,10,1
4.921558607193851e-05,4.9060305205936405e-05,4.92000579853383e-05,4.6584259800630406e-08,0.0004050731658935547,56,torneo,200,10,1
4.9818176221592294e-05,4.852069561937135e-05,4.920635604164718e-05,2.9071217637673314e-07,0.00040411949157714844,57,torneo,200,10,1
4.921558607193851e-05,4.921558607193851e-05,4.921558607193851e-05,0.0,0.00040602684020996094,58,torneo,200,10,1
4.921558607193851e-05,4.921558607193851e-05,4.921558607193851e-05,0.0,0.00045299530029296875,59,torneo,200,10,1
4.921558607193851e-05,4.921558607193851e-05,4.921558607193851e-05,0.0,0.00042319297790527344,60,torneo,200,10,1
4.921558607193851e-05,4.921558607193851e-05,4.921558607193851e-05,0.0,0.00041985511779785156,61,torneo,200,10,1
4.921558607193851e-05,4.638051810746089e-05,4.893207927549074e-05,8.505203893432846e-07,0.00041604042053222656,62,torneo,200,10,1
4.921558607193851e-05,4.921558607193851e-05,4.921558607193851e-05,0.0,0.0004248619079589844,63,torneo,200,10,1
4.921558607193851e-05,4.748594178637958e-05,4.8982136391185624e-05,5.303327628445892e-07,0.0004391670227050781,64,torneo,200,10,1
4.921558607193851e-05,4.921558607193851e-05,4.921558607193851e-05,0.0,0.0004189014434814453,65,torneo,200,10,1
4.921558607193851e-05,4.921558607193851e-05,4.921558607193851e-05,0.0,0.0004088878631591797,66,torneo,200,10,1
4.921558607193851e-05,4.921558607193851e-05,4.921558607193851e-05,0.0,0.0003981590270996094,67,torneo,200,10,1
4.921558607193851e-05,4.8996417473330804e-05,4.9193669212077736e-05,6.575057958231093e-08,0.000408172607421875,68,torneo,200,10,1
4.921558607193851e-05,4.921558607193851e-05,4.921558607193851e-05,0.0,0.0003979206085205078,69,torneo,200,10,1
4.921558607193851e-05,4.730250905823699e-05,4.902427837056836e-05,5.739231041104542e-07,0.00041484832763671875,70,torneo,200,10,1
4.921558607193851e-05,4.7900416131600355e-05,4.908406907790469e-05,3.945509821014456e-07,0.0004048347473144531,71,torneo,200,10,1
4.921558607193851e-05,4.9008852855512296e-05,4.919491275029588e-05,6.201996492786335e-08,0.0003981590270996094,72,torneo,200,10,1
4.921558607193851e-05,4.921558607193851e-05,4.921558607193851e-05,0.0,0.00039887428283691406,73,torneo,200,10,1
4.975836699738738e-05,4.408107940212393e-05,4.875641349750194e-05,1.5668240279065948e-06,0.00040984153747558594,74,torneo,200,10,1
4.975836699738738e-05,4.7005852951205266e-05,4.919643373111025e-05,9.044745186197778e-07,0.0004107952117919922,75,torneo,200,10,1
4.975836699738738e-05,4.341176387344876e-05,4.912370668499351e-05,1.9039809371815857e-06,0.0004029273986816406,76,torneo,200,10,1
4.975836699738738e-05,4.975836699738738e-05,4.975836699738738e-05,0.0,0.0004029273986816406,77,torneo,200,10,1
4.975836699738738e-05,4.834832813641237e-05,4.9617363111289886e-05,4.230116582925041e-07,0.0004000663757324219,78,torneo,200,10,1
4.975836699738738e-05,4.830142816299561e-05,4.9612673113948205e-05,4.3708165031753206e-07,0.0003991127014160156,79,torneo,200,10,1
4.975836699738738e-05,4.975836699738738e-05,4.975836699738738e-05,0.0,0.000446319580078125,80,torneo,200,10,1
4.975836699738738e-05,4.975836699738738e-05,4.975836699738738e-05,0.0,0.00041985511779785156,81,torneo,200,10,1
4.975836699738738e-05,4.975836699738738e-05,4.975836699738738e-05,0.0,0.00041675567626953125,82,torneo,200,10,1
4.975836699738738e-05,4.975836699738738e-05,4.975836699738738e-05,0.0,0.00046372413635253906,83,torneo,200,10,1
4.975836699738738e-05,4.975836699738738e-05,4.975836699738738e-05,0.0,0.00040721893310546875,84,torneo,200,10,1
4.975836699738738e-05,4.57474016951012e-05,4.935727046715876e-05,1.2032895906858543e-06,0.0004019737243652344,85,torneo,200,10,1
4.975836699738738e-05,4.6780662360758434e-05,4.946059653372449e-05,8.933113909886844e-07,0.0004050731658935547,86,torneo,200,10,1
4.975836699738738e-05,4.975836699738738e-05,4.975836699738738e-05,0.0,0.00040411949157714844,87,torneo,200,10,1
4.975836699738738e-05,4.975836699738738e-05,4.975836699738738e-05,0.0,0.0004138946533203125,88,torneo,200,10,1
4.975836699738738e-05,4.975836699738738e-05,4.975836699738738e-05,0.0,0.000476837158203125,89,torneo,200,10,1
4.975836699738738e-05,4.975836699738738e-05,4.975836699738738e-05,0.0,0.0004229545593261719,90,torneo,200,10,1
4.975836699738738e-05,4.975836699738738e-05,4.975836699738738e-05,0.0,0.00040912628173828125,91,torneo,200,10,1
4.975836699738738e-05,4.9323157753040884e-05,4.971484607295273e-05,1.305627733039494e-07,0.00039315223693847656,92,torneo,200,10,1
4.975836699738738e-05,4.975836699738738e-05,4.975836699738738e-05,0.0,0.0004029273986816406,93,torneo,200,10,1
4.975836699738738e-05,4.885498093303413e-05,4.9606363895556685e-05,3.1069405382830274e-07,0.0004119873046875,94,torneo,200,10,1
4.975836699738738e-05,4.975836699738738e-05,4.975836699738738e-05,0.0,0.0004019737243652344,95,torneo,200,10,1
4.975836699738738e-05,4.833588362570236e-05,4.9616118660218886e-05,4.267450115055056e-07,0.00041604042053222656,96,torneo,200,10,1
4.975836699738738e-05,4.975836699738738e-05,4.975836699738738e-05,0.0,0.0003991127014160156,97,torneo,200,10,1
4.975836699738738e-05,4.975836699738738e-05,4.975836699738738e-05,0.0,0.00039696693420410156,98,torneo,200,10,1
4.975836699738738e-05,4.975836699738738e-05,4.975836699738738e-05,0.0,0.0004050731658935547,99,torneo,200,10,1
4.97676299867751e-05,4.975836699738738e-05,4.975929329632616e-05,2.7788968163158636e-09,0.0003981590270996094,100,torneo,200,10,1
4.97676299867751e-05,4.975836699738738e-05,4.976207219314247e-05,4.537919498545691e-09,0.00041866302490234375,101,torneo,200,10,1
4.97676299867751e-05,4.975836699738738e-05,4.9766703687836324e-05,2.7788968163158636e-09,0.0004029273986816406,102,torneo,200,10,1
4.97676299867751e-05,4.97676299867751e-05,4.97676299867751e-05,0.0,0.0004067420959472656,103,torneo,200,10,1
4.97676299867751e-05,4.903953133447521e-05,4.969482012154511e-05,2.1842959568996648e-07,0.0004010200500488281,104,torneo,200,10,1
4.97676299867751e-05,4.5765630758012003e-05,4.934953903482797e-05,1.1958263368123794e-06,0.0004239082336425781,105,torneo,200,10,1
4.97676299867751e-05,4.8127271750690156e-05,4.960359416316661e-05,4.921074708254837e-07,0.0004200935363769531,106,torneo,200,10,1
4.97676299867751e-05,4.377747220422862e-05,4.900245576053566e-05,1.8107439708159343e-06,0.000453948974609375,107,torneo,200,10,1
4.97676299867751e-05,4.97676299867751e-05,4.97676299867751e-05,0.0,0.0004229545593261719,108,torneo,200,10,1
4.97676299867751e-05,4.97676299867751e-05,4.97676299867751e-05,0.0,0.0003998279571533203,109,torneo,200,10,1
4.97676299867751e-05,4.693145154209103e-05,4.94840121423067e-05,8.508535334052208e-07,0.00040411949157714844,110,torneo,200,10,1
4.97676299867751e-05,4.97676299867751e-05,4.97676299867751e-05,0.0,0.0004000663757324219,111,torneo,200,10,1
4.97676299867751e-05,4.071032391417473e-05,4.886189937951507e-05,2.7171918217801126e-06,0.0004048347473144531,112,torneo,200,10,1
4.97676299867751e-05,4.97676299867751e-05,4.97676299867751e-05,0.0,0.00041294097900390625,113,torneo,200,10,1
4.97676299867751e-05,4.97676299867751e-05,4.97676299867751e-05,0.0,0.0004341602325439453,114,torneo,200,10,1
4.97676299867751e-05,4.97676299867751e-05,4.97676299867751e-05,0.0,0.0004439353942871094,115,torneo,200,10,1
4.97676299867751e-05,4.97676299867751e-05,4.97676299867751e-05,0.0,0.00041604042053222656,116,torneo,200,10,1
4.97676299867751e-05,4.9163134965524735e-05,4.970718048465006e-05,1.8134850637510992e-07,0.00040078163146972656,117,torneo,200,10,1
4.97676299867751e-05,4.71296933685335e-05,4.950383632495094e-05,7.913809854724795e-07,0.0004050731658935547,118,torneo,200,10,1
4.97676299867751e-05,4.97676299867751e-05,4.97676299867751e-05,0.0,0.00040411949157714844,119,torneo,200,10,1
4.97676299867751e-05,4.97676299867751e-05,4.97676299867751e-05,0.0,0.0004029273986816406,120,torneo,200,10,1
4.9912860017422694e-05,4.97676299867751e-05,4.978215298983986e-05,4.356900919427761e-08,0.00040793418884277344,121,torneo,200,10,1
4.9912860017422694e-05,4.554169270667298e-05,4.935955926182964e-05,1.27335857053635e-06,0.0004229545593261719,122,torneo,200,10,1
4.9912860017422694e-05,4.97676299867751e-05,4.979415074790192e-05,4.6118470675637115e-08,0.00041794776916503906,123,torneo,200,10,1
4.9912860017422694e-05,4.8340480675398926e-05,4.967847752614895e-05,4.488322457093102e-07,0.0004029273986816406,124,torneo,200,10,1
4.9912860017422694e-05,4.97676299867751e-05,4.9890073364453115e-05,4.7674141042375823e-08,0.0004017353057861328,125,torneo,200,10,1
4.9912860017422694e-05,4.847347421532799e-05,4.976892143721322e-05,4.318157406284108e-07,0.00040078163146972656,126,torneo,200,10,1
4.9912860017422694e-05,4.9912860017422694e-05,4.991286001742269e-05,0.0,0.00040912628173828125,127,torneo,200,10,1
4.9912860017422694e-05,4.7220270509305675e-05,4.9643601066610986e-05,8.077768524351055e-07,0.00040984153747558594,128,torneo,200,10,1
4.9912860017422694e-05,4.6893584195217036e-05,4.9371713102911734e-05,1.091339340162097e-06,0.00041413307189941406,129,torneo,200,10,1
4.9912860017422694e-05,4.4167213088627736e-05,4.93382953245432e-05,1.7236940786384873e-06,0.00040721893310546875,130,torneo,200,10,1
4.9912860017422694e-05,4.854933763735449e-05,4.977650777941588e-05,4.0905671402046143e-07,0.00040602684020996094,131,torneo,200,10,1
4.9912860017422694e-05,4.700496349865735e-05,4.962207036554616e-05,8.723689556296032e-07,0.0004010200500488281,132,torneo,200,10,1
4.9912860017422694e-05,4.9912860017422694e-05,4.991286001742269e-05,0.0,0.00040602684020996094,133,torneo,200,10,1
4.9912860017422694e-05,4.9912860017422694e-05,4.991286001742269e-05,0.0,0.0004169940948486328,134,torneo,200,10,1
4.9912860017422694e-05,4.9912860017422694e-05,4.991286001742269e-05,0.0,0.0004019737243652344,135,torneo,200,10,1
4.9912860017422694e-05,4.9912860017422694e-05,4.991286001742269e-05,0.0,0.0004229545593261719,136,torneo,200,10,1
4.9912860017422694e-05,3.973830299455092e-05,4.879287092658432e-05,3.0336309029359305e-06,0.00041294097900390625,137,torneo,200,10,1
4.9912860017422694e-05,4.9912860017422694e-05,4.991286001742269e-05,0.0,0.00041794776916503906,138,torneo,200,10,1
4.9912860017422694e-05,4.9912860017422694e-05,4.991286001742269e-05,0.0,0.0004038810729980469,139,torneo,200,10,1
4.9912860017422694e-05,4.434001568966395e-05,4.935557558464682e-05,1.6718532983276233e-06,0.00042319297790527344,140,torneo,200,10,1
4.9912860017422694e-05,4.915441177733798e-05,4.983701519341422e-05,2.27534472025414e-07,0.00040793418884277344,141,torneo,200,10,1
4.9912860017422694e-05,4.807495282144729e-05,4.972906929782515e-05,5.513721587926204e-07,0.0004019737243652344,142,torneo,200,10,1
4.9912860017422694e-05,4.760624684767577e-05,4.9682198700448005e-05,6.919839509240776e-07,0.0004069805145263672,143,torneo,200,10,1
4.9912860017422694e-05,4.7830359774067743e-05,4.9704609993087194e-05,6.247500730064851e-07,0.00040411949157714844,144,torneo,200,10,1
4.9912860017422694e-05,4.7591370540953835e-05,4.9680711069775806e-05,6.964468429406575e-07,0.0004029273986816406,145,torneo,200,10,1
4.9912860017422694e-05,4.9912860017422694e-05,4.991286001742269e-05,0.0,0.00040602684020996094,146,torneo,200,10,1
4.9912860017422694e-05,4.9912860017422694e-05,4.991286001742269e-05,0.0,0.0004200935363769531,147,torneo,200,10,1
4.9912860017422694e-05,4.6975278393992114e-05,4.961910185507963e-05,8.812744870291739e-07,0.000453948974609375,148,torneo,200,10,1
4.9912860017422694e-05,4.9912860017422694e-05,4.991286001742269e-05,0.0,0.0004050731658935547,149,torneo,200,10,1
4.9912860017422694e-05,4.9912860017422694e-05,4.991286001742269e-05,0.0,0.0004017353057861328,150,torneo,200,10,1
4.9912860017422694e-05,4.949400687723962e-05,4.987097470340438e-05,1.256559420549221e-07,0.0003991127014160156,151,torneo,200,10,1
4.9912860017422694e-05,4.7479525611701946e-05,4.966952657685062e-05,7.300003217162242e-07,0.0004100799560546875,152,torneo,200,10,1
4.9912860017422694e-05,4.9912860017422694e-05,4.991286001742269e-05,0.0,0.0004150867462158203,153,torneo,200,10,1
4.9912860017422694e-05,4.9912860017422694e-05,4.991286001742269e-05,0.0,0.00040984153747558594,154,torneo,200,10,1
4.9912860017422694e-05,4.9912860017422694e-05,4.991286001742269e-05,0.0,0.0004150867462158203,155,torneo,200,10,1
4.994580795285072e-05,4.9912860017422694e-05,4.9916154810965494e-05,9.884380628407334e-09,0.0004050731658935547,156,torneo,200,10,1
4.994580795285072e-05,4.823217829366368e-05,4.96942352584236e-05,5.012239865279038e-07,0.0004010200500488281,157,torneo,200,10,1
4.994580795285072e-05,4.9912860017422694e-05,4.9922744398051095e-05,1.509864080914393e-08,0.0004150867462158203,158,torneo,200,10,1
4.994580795285072e-05,4.978404360094747e-05,4.992633672411759e-05,4.843757272187593e-08,0.0004050731658935547,159,torneo,200,10,1
4.994580795285072e-05,4.7505368617517275e-05,4.964149853430754e-05,7.343633157810166e-07,0.00047326087951660156,160,torneo,200,10,1
4.994580795285072e-05,4.994580795285072e-05,4.994580795285072e-05,0.0,0.00045490264892578125,161,torneo,200,10,1
4.994580795285072e-05,4.967967291806152e-05,4.99191944493718e-05,7.984051043675943e-08,0.0004210472106933594,162,torneo,200,10,1
4.994580795285072e-05,4.067910538300242e-05,4.901913769586589e-05,2.7800107709544888e-06,0.0003960132598876953,163,torneo,200,10,1
4.994580795285072e-05,4.994580795285072e-05,4.994580795285072e-05,0.0,0.00040340423583984375,164,torneo,200,10,1
4.994580795285072e-05,4.942908792059543e-05,4.9894135949625195e-05,1.5501600967658652e-07,0.0004031658172607422,165,torneo,200,10,1
4.994580795285072e-05,4.994580795285072e-05,4.994580795285072e-05,0.0,0.0004019737243652344,166,torneo,200,10,1
4.994580795285072e-05,4.994580795285072e-05,4.994580795285072e-05,0.0,0.0004031658172607422,167,torneo,200,10,1
4.994580795285072e-05,4.994580795285072e-05,4.994580795285072e-05,0.0,0.000396728515625,168,torneo,200,10,1
4.994580795285072e-05,4.994580795285072e-05,4.994580795285072e-05,0.0,0.0004050731658935547,169,torneo,200,10,1
4.994580795285072e-05,4.7622390941511984e-05,4.971346625171685e-05,6.970251034016202e-07,0.0004181861877441406,170,torneo,200,10,1
4.994580795285072e-05,4.951972791308838e-05,4.990319994887449e-05,1.27824011928702e-07,0.0004038810729980469,171,torneo,200,10,1
4.994580795285072e-05,4.8682323702253105e-05,4.981945952779095e-05,3.7904527517928396e-07,0.00041294097900390625,172,torneo,200,10,1
4.994580795285072e-05,4.994580795285072e-05,4.994580795285072e-05,0.0,0.00041794776916503906,173,torneo,200,10,1
4.994580795285072e-05,4.994580795285072e-05,4.994580795285072e-05,0.0,0.0004069805145263672,174,torneo,200,10,1
4.994580795285072e-05,4.904530476668671e-05,4.985575763423432e-05,2.7015095584920267e-07,0.00040793418884277344,175,torneo,200,10,1
4.994580795285072e-05,4.671344021560647e-05,4.955129476416476e-05,9.695270682803426e-07,0.0004069805145263672,176,torneo,200,10,1
4.994580795285072e-05,4.596044506392606e-05,4.9498028504610435e-05,1.1882988634181896e-06,0.0004086494445800781,177,torneo,200,10,1
4.994580795285072e-05,4.3881284049646314e-05,4.905483827442143e-05,1.9218529916987632e-06,0.0004029273986816406,178,torneo,200,10,1
4.994580795285072e-05,4.994580795285072e-05,4.994580795285072e-05,0.0,0.0004601478576660156,179,torneo,200,10,1
4.994580795285072e-05,4.994580795285072e-05,4.994580795285072e-05,0.0,0.0004248619079589844,180,torneo,200,10,1
4.994580795285072e-05,4.994580795285072e-05,4.994580795285072e-05,0.0,0.00041413307189941406,181,torneo,200,10,1
4.994580795285072e-05,4.994580795285072e-05,4.994580795285072e-05,0.0,0.00040721893310546875,182,torneo,200,10,1
4.994580795285072e-05,4.994580795285072e-05,4.994580795285072e-05,0.0,0.0004379749298095703,183,torneo,200,10,1
4.994580795285072e-05,4.994580795285072e-05,4.994580795285072e-05,0.0,0.0004353523254394531,184,torneo,200,10,1
4.994580795285072e-05,4.994580795285072e-05,4.994580795285072e-05,0.0,0.0004076957702636719,185,torneo,200,10,1
4.994580795285072e-05,4.838026742094202e-05,4.978925389965984e-05,4.696621595726094e-07,0.0004031658172607422,186,torneo,200,10,1
4.994580795285072e-05,4.994580795285072e-05,4.994580795285072e-05,0.0,0.00041103363037109375,187,torneo,200,10,1
4.994580795285072e-05,4.8007552527109274e-05,4.9751982410276574e-05,5.814766277224333e-07,0.000431060791015625,188,torneo,200,10,1
4.994580795285072e-05,4.734121134201098e-05,4.968534829176675e-05,7.813789832519207e-07,0.0004048347473144531,189,torneo,200,10,1
4.994580795285072e-05,4.994580795285072e-05,4.994580795285072e-05,0.0,0.0004029273986816406,190,torneo,200,10,1
4.994580795285072e-05,4.994580795285072e-05,4.994580795285072e-05,0.0,0.0004038810729980469,191,torneo,200,10,1
4.994580795285072e-05,4.837197555940143e-05,4.97884247135058e-05,4.7214971803478604e-07,0.00040078163146972656,192,torneo,200,10,1
4.994580795285072e-05,4.994580795285072e-05,4.994580795285072e-05,0.0,0.0004029273986816406,193,torneo,200,10,1
4.994580795285072e-05,4.8581091223040895e-05,4.980933627986974e-05,4.094150189429468e-07,0.0004019737243652344,194,torneo,200,10,1
4.994580795285072e-05,4.994580795285072e-05,4.994580795285072e-05,0.0,0.00041294097900390625,195,torneo,200,10,1
4.994580795285072e-05,4.903132736735048e-05,4.9803672373100675e-05,2.98525039400093e-07,0.0004069805145263672,196,torneo,200,10,1
4.994580795285072e-05,4.611743591999653e-05,4.9562970749565304e-05,1.1485116098562563e-06,0.0003998279571533203,197,torneo,200,10,1
4.994580795285072e-05,4.994580795285072e-05,4.994580795285072e-05,0.0,0.00040912628173828125,198,torneo,200,10,1
4.994580795285072e-05,4.994580795285072e-05,4.994580795285072e-05,0.0,0.00041294097900390625,199,torneo,200,10,1
4.994580795285072e-05,4.994580795285072e-05,4.994580795285072e-05,0.0,0.0004241466522216797,200,torneo,200,10,1
4.722299358842194e-05,4.0943242786314874e-05,4.5047576688551355e-05,2.0139237749001313e-06,0.0004608631134033203,1,torneo,200,10,2
4.722299358842194e-05,4.355139357118457e-05,4.571226664687503e-05,1.1230435039106238e-06,0.0004248619079589844,2,torneo,200,10,2
4.8241820356660133e-05,4.403319326898197e-05,4.5895170098154366e-05,1.4056122973853157e-06,0.00041294097900390625,3,torneo,200,10,2
4.8241820356660133e-05,4.3821091112857086e-05,4.721601835129602e-05,1.2059737998615745e-06,0.00041103363037109375,4,torneo,200,10,2
4.8241820356660133e-05,4.252278531517288e-05,4.691838824341184e-05,1.5934288179432234e-06,0.0003972053527832031,5,torneo,200,10,2
4.843585121521796e-05,4.510390693242803e-05,4.7124447393222395e-05,1.1680714115786277e-06,0.0004031658172607422,6,torneo,200,10,2
4.868333995532174e-05,4.750646266618968e-05,4.818575995347441e-05,3.5241789615514363e-07,0.00040793418884277344,7,torneo,200,10,2
4.868333995532174e-05,4.641826604321649e-05,4.833843398221392e-05,6.572404514241372e-07,0.0004088878631591797,8,torneo,200,10,2
4.868333995532174e-05,4.7959398693512035e-05,4.854609460810039e-05,2.7500839700895227e-07,0.00039768218994140625,9,torneo,200,10,2
4.868333995532174e-05,4.868333995532174e-05,4.868333995532174e-05,0.0,0.00040602684020996094,10,torneo,200,10,2
4.868333995532174e-05,4.868333995532174e-05,4.868333995532174e-05,0.0,0.0004038810729980469,11,torneo,200,10,2
4.868333995532174e-05,4.491906208259077e-05,4.830691216804865e-05,1.1292833618192907e-06,0.000408172607421875,12,torneo,200,10,2
4.868333995532174e-05,4.868333995532174e-05,4.868333995532174e-05,0.0,0.0004000663757324219,13,torneo,200,10,2
4.868333995532174e-05,4.868333995532174e-05,4.868333995532174e-05,0.0,0.00040078163146972656,14,torneo,200,10,2
4.868333995532174e-05,4.868333995532174e-05,4.868333995532174e-05,0.0,0.0003991127014160156,15,torneo,200,10,2
4.868333995532174e-05,4.554357678769268e-05,4.836936363855884e-05,9.419289502887178e-07,0.00041294097900390625,16,torneo,200,10,2
4.868333995532174e-05,4.7213133654957704e-05,4.83836357078182e-05,4.933520018672513e-07,0.00041484832763671875,17,torneo,200,10,2
4.868333995532174e-05,4.8295237237807765e-05,4.8644529683570345e-05,1.1643081525419265e-07,0.00039887428283691406,18,torneo,200,10,2
4.868333995532174e-05,4.868333995532174e-05,4.868333995532174e-05,0.0,0.0004031658172607422,19,torneo,200,10,2
4.868333995532174e-05,4.863742389871865e-05,4.867874834966143e-05,1.3774816980926385e-08,0.00040078163146972656,20,torneo,200,10,2
4.868333995532174e-05,4.868333995532174e-05,4.868333995532174e-05,0.0,0.0004050731658935547,21,torneo,200,10,2
4.868333995532174e-05,4.589329201093287e-05,4.840433516088286e-05,8.370143833166605e-07,0.0003981590270996094,22,torneo,200,10,2
4.868333995532174e-05,4.868333995532174e-05,4.868333995532174e-05,0.0,0.0003979206085205078,23,torneo,200,10,2
4.868333995532174e-05,4.868333995532174e-05,4.868333995532174e-05,0.0,0.00044798851013183594,24,torneo,200,10,2
4.868333995532174e-05,4.868333995532174e-05,4.868333995532174e-05,0.0,0.00040793418884277344,25,torneo,200,10,2
4.869333987152978e-05,4.868333995532174e-05,4.868433994694255e-05,2.9999748624119355e-09,0.00039505958557128906,26,torneo,200,10,2
4.869333987152978e-05,4.868333995532174e-05,4.868433994694255e-05,2.9999748624119355e-09,0.00038886070251464844,27,torneo,200,10,2
4.869333987152978e-05,4.868333995532174e-05,4.868433994694255e-05,2.9999748624119355e-09,0.0004038810729980469,28,torneo,200,10,2
4.882658153661932e-05,4.654001937624692e-05,4.8487332022027234e-05,6.504267944550772e-07,0.0004317760467529297,29,torneo,200,10,2
4.882658153661932e-05,4.869333987152978e-05,4.8759960704074546e-05,6.662083254476892e-08,0.00041174888610839844,30,torneo,200,10,2
4.887851813612045e-05,4.688231780971824e-05,4.8578785588638854e-05,5.767159600508576e-07,0.0004050731658935547,31,torneo,200,10,2
4.890135256015292e-05,4.882658153661932e-05,4.885483327877313e-05,2.898057639863422e-08,0.00039696693420410156,32,torneo,200,10,2
4.890135256015292e-05,4.6797953521647646e-05,4.86268131483929e-05,6.232192588345637e-07,0.0003998279571533203,33,torneo,200,10,2
4.890135256015292e-05,4.6998738370938074e-05,4.8677909040496504e-05,5.649399216463696e-07,0.00041294097900390625,34,torneo,200,10,2
4.890135256015292e-05,4.831588970962421e-05,4.8838239390293554e-05,1.7434931863761814e-07,0.00039696693420410156,35,torneo,200,10,2
4.890135256015292e-05,4.890135256015292e-05,4.890135256015292e-05,0.0,0.00039696693420410156,36,torneo,200,10,2
4.890135256015292e-05,4.890135256015292e-05,4.890135256015292e-05,0.0,0.0004019737243652344,37,torneo,200,10,2
4.890135256015292e-05,4.890135256015292e-05,4.890135256015292e-05,0.0,0.0004107952117919922,38,torneo,200,10,2
4.890135256015292e-05,4.890135256015292e-05,4.890135256015292e-05,0.0,0.00040793418884277344,39,torneo,200,10,2
4.890135256015292e-05,4.727717935179724e-05,4.873893523931735e-05,4.872519625067025e-07,0.00041294097900390625,40,torneo,200,10,2
4.890135256015292e-05,4.890135256015292e-05,4.890135256015292e-05,0.0,0.00040793418884277344,41,torneo,200,10,2
4.890135256015292e-05,4.890135256015292e-05,4.890135256015292e-05,0.0,0.0004050731658935547,42,torneo,200,10,2
4.890135256015292e-05,4.8050403057829255e-05,4.881625760992055e-05,2.552848506970989e-07,0.0004138946533203125,43,torneo,200,10,2
4.890135256015292e-05,4.7975333619834484e-05,4.880875066612108e-05,2.7780568209553026e-07,0.00040221214294433594,44,torneo,200,10,2
4.890135256015292e-05,4.890135256015292e-05,4.890135256015292e-05,0.0,0.0004200935363769531,45,torneo,200,10,2
4.890135256015292e-05,4.578357752719117e-05,4.8208110696828335e-05,1.2259809591824245e-06,0.0004119873046875,46,torneo,200,10,2
4.890135256015292e-05,4.890135256015292e-05,4.890135256015292e-05,0.0,0.0004000663757324219,47,torneo,200,10,2
4.890135256015292e-05,4.890135256015292e-05,4.890135256015292e-05,0.0,0.0004017353057861328,48,torneo,200,10,2
4.890135256015292e-05,4.7323675440923753e-05,4.874358484823e-05,4.733031357687494e-07,0.0004031658172607422,49,torneo,200,10,2
4.890135256015292e-05,4.890135256015292e-05,4.890135256015292e-05,0.0,0.0003979206085205078,50,torneo,200,10,2
4.890135256015292e-05,4.890135256015292e-05,4.890135256015292e-05,0.0,0.0004000663757324219,51,torneo,200,10,2
4.890135256015292e-05,4.853437360641739e-05,4.886465466477937e-05,1.1009368612065868e-07,0.0004100799560546875,52,torneo,200,10,2
4.890135256015292e-05,4.739625875024151e-05,4.875084317916178e-05,4.515281429734233e-07,0.00041866302490234375,53,torneo,200,10,2
4.890135256015292e-05,4.890135256015292e-05,4.890135256015292e-05,0.0,0.00040602684020996094,54,torneo,200,10,2
4.890135256015292e-05,4.890135256015292e-05,4.890135256015292e-05,0.0,0.0004019737243652344,55,torneo,200,10,2
4.890135256015292e-05,4.890135256015292e-05,4.890135256015292e-05,0.0,0.00042319297790527344,56,torneo,200,10,2
4.890135256015292e-05,4.890135256015292e-05,4.890135256015292e-05,0.0,0.00040793418884277344,57,torneo,200,10,2
4.890135256015292e-05,4.8513630416493606e-05,4.886258034578699e-05,1.1631664309779356e-07,0.0003948211669921875,58,torneo,200,10,2
4.890135256015292e-05,4.890135256015292e-05,4.890135256015292e-05,0.0,0.0004112720489501953,59,torneo,200,10,2
4.890135256015292e-05,4.6969536320329324e-05,4.870817093617056e-05,5.795448719470782e-07,0.0003991127014160156,60,torneo,200,10,2
4.890135256015292e-05,4.890135256015292e-05,4.890135256015292e-05,0.0,0.000396728515625,61,torneo,200,10,2
4.890135256015292e-05,4.890135256015292e-05,4.890135256015292e-05,0.0,0.00040221214294433594,62,torneo,200,10,2
4.890135256015292e-05,4.890135256015292e-05,4.890135256015292e-05,0.0,0.0004029273986816406,63,torneo,200,10,2
4.920663976929015e-05,4.890135256015292e-05,4.893188128106664e-05,9.158616274117061e-08,0.0003948211669921875,64,torneo,200,10,2
4.890135256015292e-05,4.890135256015292e-05,4.890135256015292e-05,0.0,0.0004010200500488281,65,torneo,200,10,2
4.9282843661225956e-05,4.890135256015292e-05,4.893950167026022e-05,1.1444733032191148e-07,0.0003998279571533203,66,torneo,200,10,2
4.9282843661225956e-05,4.705478784442374e-05,4.8754845198687305e-05,5.779872524491988e-07,0.00041604042053222656,67,torneo,200,10,2
4.9282843661225956e-05,4.644956420955803e-05,4.8500403268567336e-05,8.508443020606092e-07,0.00044798851013183594,68,torneo,200,10,2
4.9282843661225956e-05,4.8658050898482126e-05,4.902961883441506e-05,2.1836097825219366e-07,0.0004088878631591797,69,torneo,200,10,2
4.9282843661225956e-05,4.890135256015292e-05,4.920654544101134e-05,1.525964404292153e-07,0.0003991127014160156,70,torneo,200,10,2
4.9282843661225956e-05,4.805103305713131e-05,4.9159662600816494e-05,3.695431812283939e-07,0.0004107952117919922,71,torneo,200,10,2
4.9282843661225956e-05,4.537342648677939e-05,4.88919019437813e-05,1.1728251523339692e-06,0.0004551410675048828,72,torneo,200,10,2
4.945673945206919e-05,4.610065398838548e-05,4.8982014273026235e-05,9.61851737637322e-07,0.00040602684020996094,73,torneo,200,10,2
4.945673945206919e-05,4.9282843661225956e-05,4.9335012398478926e-05,7.968906245733378e-08,0.0004169940948486328,74,torneo,200,10,2
4.945673945206919e-05,4.877741841500454e-05,4.935402819019408e-05,2.040736461145353e-07,0.00040030479431152344,75,torneo,200,10,2
4.945673945206919e-05,4.945673945206919e-05,4.945673945206919e-05,0.0,0.00039386749267578125,76,torneo,200,10,2
4.945673945206919e-05,4.945673945206919e-05,4.945673945206919e-05,0.0,0.000392913818359375,77,torneo,200,10,2
4.945673945206919e-05,4.945673945206919e-05,4.945673945206919e-05,0.0,0.0004038810729980469,78,torneo,200,10,2
4.945673945206919e-05,4.7511536348435594e-05,4.926221914170583e-05,5.835609310900794e-07,0.00041484832763671875,79,torneo,200,10,2
4.945673945206919e-05,4.803881284442144e-05,4.931494679130442e-05,4.2537798229432547e-07,0.0003991127014160156,80,torneo,200,10,2
4.945673945206919e-05,4.945673945206919e-05,4.945673945206919e-05,0.0,0.0003960132598876953,81,torneo,200,10,2
4.945673945206919e-05,4.945673945206919e-05,4.945673945206919e-05,0.0,0.00039768218994140625,82,torneo,200,10,2
4.945673945206919e-05,4.774033343150301e-05,4.9285098850012567e-05,5.149218061698548e-07,0.0004012584686279297,83,torneo,200,10,2
4.945673945206919e-05,4.945673945206919e-05,4.945673945206919e-05,0.0,0.0003948211669921875,84,torneo,200,10,2
4.945673945206919e-05,4.945673945206919e-05,4.945673945206919e-05,0.0,0.0004038810729980469,85,torneo,200,10,2
4.945673945206919e-05,4.849076741421605e-05,4.936014224828387e-05,2.897916113559432e-07,0.00041103363037109375,86,torneo,200,10,2
4.945673945206919e-05,4.945673945206919e-05,4.945673945206919e-05,0.0,0.00040411949157714844,87,torneo,200,10,2
4.958531603580123e-05,4.766174644845885e-05,4.92791284869681e-05,5.417663589232161e-07,0.00040078163146972656,88,torneo,200,10,2
4.958531603580123e-05,4.945673945206919e-05,4.9508170085562e-05,6.298940460274479e-08,0.00039887428283691406,89,torneo,200,10,2
4.958531603580123e-05,4.945673945206919e-05,4.9559600719054826e-05,5.143063349281429e-08,0.0003979206085205078,90,torneo,200,10,2
4.958531603580123e-05,4.958531603580123e-05,4.9585316035801235e-05,0.0,0.00039887428283691406,91,torneo,200,10,2
4.958531603580123e-05,4.958531603580123e-05,4.9585316035801235e-05,0.0,0.0004410743713378906,92,torneo,200,10,2
4.958531603580123e-05,4.958531603580123e-05,4.9585316035801235e-05,0.0,0.00040912628173828125,93,torneo,200,10,2
4.969827296154117e-05,4.958531603580123e-05,4.959661172837522e-05,3.3887077721983004e-08,0.00040984153747558594,94,torneo,200,10,2
4.969827296154117e-05,4.958531603580123e-05,4.9607907420949214e-05,4.518277029597734e-08,0.0004069805145263672,95,torneo,200,10,2
4.969827296154117e-05,4.958531603580123e-05,4.96530901912452e-05,5.533736619526248e-08,0.0004200935363769531,96,torneo,200,10,2
4.969827296154117e-05,4.969827296154117e-05,4.969827296154117e-05,0.0,0.0004031658172607422,97,torneo,200,10,2
4.969827296154117e-05,4.779814900655113e-05,4.946607887618743e-05,5.700227721323501e-07,0.0004017353057861328,98,torneo,200,10,2
4.969827296154117e-05,4.8602371259074434e-05,4.954657150031081e-05,3.3885148530093533e-07,0.0004010200500488281,99,torneo,200,10,2
4.969827296154117e-05,4.969827296154117e-05,4.969827296154117e-05,0.0,0.0003962516784667969,100,torneo,200,10,2
4.969827296154117e-05,4.969827296154117e-05,4.969827296154117e-05,0.0,0.0004050731658935547,101,torneo,200,10,2
4.969827296154117e-05,4.905388601770423e-05,4.963383426715748e-05,1.9331608315108187e-07,0.00040602684020996094,102,torneo,200,10,2
4.969827296154117e-05,4.969827296154117e-05,4.969827296154117e-05,0.0,0.00040411949157714844,103,torneo,200,10,2
4.969827296154117e-05,4.969827296154117e-05,4.969827296154117e-05,0.0,0.0004100799560546875,104,torneo,200,10,2
4.969827296154117e-05,4.969827296154117e-05,4.969827296154117e-05,0.0,0.0004050731658935547,105,torneo,200,10,2
4.969827296154117e-05,4.969827296154117e-05,4.969827296154117e-05,0.0,0.0003960132598876953,106,torneo,200,10,2
4.969827296154117e-05,4.969827296154117e-05,4.969827296154117e-05,0.0,0.0004031658172607422,107,torneo,200,10,2
4.969827296154117e-05,4.969827296154117e-05,4.969827296154117e-05,0.0,0.0003962516784667969,108,torneo,200,10,2
4.969827296154117e-05,4.969827296154117e-05,4.969827296154117e-05,0.0,0.0003960132598876953,109,torneo,200,10,2
4.969827296154117e-05,4.969827296154117e-05,4.969827296154117e-05,0.0,0.0003991127014160156,110,torneo,200,10,2
4.969827296154117e-05,4.969827296154117e-05,4.969827296154117e-05,0.0,0.0004029273986816406,111,torneo,200,10,2
4.969827296154117e-05,4.969827296154117e-05,4.969827296154117e-05,0.0,0.0003991127014160156,112,torneo,200,10,2
4.969827296154117e-05,4.590937003918849e-05,4.9319382669305904e-05,1.1366708767058045e-06,0.0004048347473144531,113,torneo,200,10,2
4.9702039019966186e-05,4.821628097412188e-05,4.954680889104662e-05,4.436470244880332e-07,0.0004029273986816406,114,torneo,200,10,2
4.9702039019966186e-05,4.93466705570478e-05,4.966461914446184e-05,1.0599773091423785e-07,0.0004010200500488281,115,torneo,200,10,2
4.9702039019966186e-05,4.706199698651206e-05,4.942768673229046e-05,7.891189632998869e-07,0.00040602684020996094,116,torneo,200,10,2
4.9702039019966186e-05,4.9702039019966186e-05,4.970203901996619e-05,0.0,0.0004298686981201172,117,torneo,200,10,2
4.9702039019966186e-05,4.747134088987083e-05,4.931383963467085e-05,7.871343014062635e-07,0.00041294097900390625,118,torneo,200,10,2
4.9702039019966186e-05,4.742785830006784e-05,4.9474620947976354e-05,6.822542159695044e-07,0.0004000663757324219,119,torneo,200,10,2
4.9702039019966186e-05,4.822170162699426e-05,4.9554005280668996e-05,4.4410121789157744e-07,0.0004398822784423828,120,torneo,200,10,2
4.9702039019966186e-05,4.9702039019966186e-05,4.970203901996619e-05,0.0,0.00041604042053222656,121,torneo,200,10,2
4.9702039019966186e-05,4.9702039019966186e-05,4.970203901996619e-05,0.0,0.00040793418884277344,122,torneo,200,10,2
4.9702039019966186e-05,4.9702039019966186e-05,4.970203901996619e-05,0.0,0.0003960132598876953,123,torneo,200,10,2
4.9702039019966186e-05,4.667691925044314e-05,4.939952704301388e-05,9.075359308569141e-07,0.0003941059112548828,124,torneo,200,10,2
4.9702039019966186e-05,4.786241445083806e-05,4.951807656305337e-05,5.518873707384379e-07,0.00039315223693847656,125,torneo,200,10,2
4.9702039019966186e-05,4.6980301067055666e-05,4.942986522467513e-05,8.16521385873156e-07,0.00039577484130859375,126,torneo,200,10,2
4.9702039019966186e-05,4.949727567855421e-05,4.9681562685824984e-05,6.142900242359347e-08,0.0004010200500488281,127,torneo,200,10,2
4.9702039019966186e-05,4.840470003566892e-05,4.957230512153646e-05,3.8920169528918046e-07,0.00039768218994140625,128,torneo,200,10,2
4.9702039019966186e-05,4.7813767218314e-05,4.951321183980096e-05,5.664815404956567e-07,0.0004029273986816406,129,torneo,200,10,2
4.9702039019966186e-05,4.822720375665181e-05,4.955455549363474e-05,4.4245057899431353e-07,0.0003981590270996094,130,torneo,200,10,2
4.9702039019966186e-05,4.4563830621558656e-05,4.893428417434563e-05,1.6417965295634149e-06,0.0004019737243652344,131,torneo,200,10,2
4.9702039019966186e-05,4.9702039019966186e-05,4.970203901996619e-05,0.0,0.0004038810729980469,132,torneo,200,10,2
4.9702039019966186e-05,4.724842329601603e-05,4.9266381579085494e-05,8.799720347340658e-07,0.0003979206085205078,133,torneo,200,10,2
4.9702039019966186e-05,4.9702039019966186e-05,4.970203901996619e-05,0.0,0.0004000663757324219,134,torneo,200,10,2
4.9702039019966186e-05,4.8957543130555205e-05,4.9627589431025084e-05,2.2334876682329413e-07,0.00040078163146972656,135,torneo,200,10,2
4.9702039019966186e-05,4.85096154792614e-05,4.958279666589571e-05,3.5772706221143546e-07,0.0004200935363769531,136,torneo,200,10,2
4.9702039019966186e-05,4.9702039019966186e-05,4.970203901996619e-05,0.0,0.0003998279571533203,137,torneo,200,10,2
4.9702039019966186e-05,4.8188289173436194e-05,4.955066403531319e-05,4.5412495395899764e-07,0.0004019737243652344,138,torneo,200,10,2
4.9702039019966186e-05,4.943967295404951e-05,4.9675802413374516e-05,7.870981977500186e-08,0.00039505958557128906,139,torneo,200,10,2
4.9702039019966186e-05,4.9702039019966186e-05,4.970203901996619e-05,0.0,0.0004200935363769531,140,torneo,200,10,2
4.9702039019966186e-05,4.9702039019966186e-05,4.970203901996619e-05,0.0,0.0004107952117919922,141,torneo,200,10,2
4.9702039019966186e-05,4.8209484847204044e-05,4.955278360268997e-05,4.4776625182864254e-07,0.0004000663757324219,142,torneo,200,10,2
4.9702039019966186e-05,4.9702039019966186e-05,4.970203901996619e-05,0.0,0.0004107952117919922,143,torneo,200,10,2
4.9702039019966186e-05,4.921292806428673e-05,4.9653127924398234e-05,1.4673328670383607e-07,0.0004050731658935547,144,torneo,200,10,2
4.9702039019966186e-05,4.9702039019966186e-05,4.970203901996619e-05,0.0,0.0004189014434814453,145,torneo,200,10,2
4.9702039019966186e-05,4.9702039019966186e-05,4.970203901996619e-05,0.0,0.0004019737243652344,146,torneo,200,10,2
4.9702039019966186e-05,4.869638426102762e-05,4.960147354407233e-05,3.01696427681569e-07,0.00039505958557128906,147,torneo,200,10,2
4.9702039019966186e-05,4.9702039019966186e-05,4.970203901996619e-05,0.0,0.00040030479431152344,148,torneo,200,10,2
4.9702039019966186e-05,4.652218618671468e-05,4.9311110761173944e-05,9.547399003348269e-07,0.0004029273986816406,149,torneo,200,10,2
4.9702039019966186e-05,4.871008232253888e-05,4.9602843350223454e-05,2.975870092281913e-07,0.0003972053527832031,150,torneo,200,10,2
4.9702039019966186e-05,4.9702039019966186e-05,4.970203901996619e-05,0.0,0.00040984153747558594,151,torneo,200,10,2
4.9702039019966186e-05,4.87703941854384e-05,4.9588329776510536e-05,2.794410301990932e-07,0.0003981590270996094,152,torneo,200,10,2
4.9702039019966186e-05,4.9702039019966186e-05,4.970203901996619e-05,0.0,0.0003960132598876953,153,torneo,200,10,2
4.9702039019966186e-05,4.9702039019966186e-05,4.970203901996619e-05,0.0,0.0004050731658935547,154,torneo,200,10,2
4.9702039019966186e-05,4.9702039019966186e-05,4.970203901996619e-05,0.0,0.0003979206085205078,155,torneo,200,10,2
4.9702039019966186e-05,4.9702039019966186e-05,4.970203901996619e-05,0.0,0.00039887428283691406,156,torneo,200,10,2
4.9941488339378174e-05,4.9702039019966186e-05,4.972598395190738e-05,7.18347958235964e-08,0.0004010200500488281,157,torneo,200,10,2
4.9941488339378174e-05,4.913550212942013e-05,4.974116505867637e-05,2.3130055891967388e-07,0.00041484832763671875,158,torneo,200,10,2
4.9941488339378174e-05,4.9702039019966186e-05,4.9893598475495776e-05,9.57797277647952e-08,0.00041222572326660156,159,torneo,200,10,2
4.9941488339378174e-05,4.9941488339378174e-05,4.9941488339378174e-05,0.0,0.00039768218994140625,160,torneo,200,10,2
4.9941488339378174e-05,4.788162173595164e-05,4.9735501679035524e-05,6.1795998102796e-07,0.00040030479431152344,161,torneo,200,10,2
4.9941488339378174e-05,4.9941488339378174e-05,4.9941488339378174e-05,0.0,0.0004010200500488281,162,torneo,200,10,2
4.9941488339378174e-05,4.855338056150734e-05,4.98026775615911e-05,4.164323333612491e-07,0.0004029273986816406,163,torneo,200,10,2
4.9941488339378174e-05,4.9941488339378174e-05,4.9941488339378174e-05,0.0,0.00040602684020996094,164,torneo,200,10,2
4.9941488339378174e-05,4.522122948368034e-05,4.94694624538084e-05,1.4160776567093494e-06,0.0004088878631591797,165,torneo,200,10,2
4.9941488339378174e-05,4.9941488339378174e-05,4.9941488339378174e-05,0.0,0.0004069805145263672,166,torneo,200,10,2
4.9941488339378174e-05,4.9941488339378174e-05,4.9941488339378174e-05,0.0,0.0003960132598876953,167,torneo,200,10,2
4.9941488339378174e-05,4.9941488339378174e-05,4.9941488339378174e-05,0.0,0.00045108795166015625,168,torneo,200,10,2
4.9941488339378174e-05,4.9239915155619736e-05,4.987133102100233e-05,2.1047195512753127e-07,0.0004220008850097656,169,torneo,200,10,2
4.9941488339378174e-05,4.770646067417362e-05,4.971798557285771e-05,6.705082995613661e-07,0.0004010200500488281,170,torneo,200,10,2
4.9941488339378174e-05,4.8303453815316375e-05,4.9777684886972e-05,4.914103572185395e-07,0.0003898143768310547,171,torneo,200,10,2
4.9941488339378174e-05,4.9941488339378174e-05,4.9941488339378174e-05,0.0,0.0004029273986816406,172,torneo,200,10,2
4.9941488339378174e-05,4.9771213917555593e-05,4.9924460897195916e-05,5.108232654677403e-08,0.00039505958557128906,173,torneo,200,10,2
4.9941488339378174e-05,4.9489156897740886e-05,4.989625519521444e-05,1.3569943249118616e-07,0.0004010200500488281,174,torneo,200,10,2
4.9941488339378174e-05,4.6862643238766335e-05,4.96229528683494e-05,9.20651018979485e-07,0.00040221214294433594,175,torneo,200,10,2
4.9941488339378174e-05,4.9941488339378174e-05,4.9941488339378174e-05,0.0,0.00043320655822753906,176,torneo,200,10,2
4.9941488339378174e-05,4.9941488339378174e-05,4.9941488339378174e-05,0.0,0.0003948211669921875,177,torneo,200,10,2
4.9941488339378174e-05,4.9941488339378174e-05,4.9941488339378174e-05,0.0,0.00039386749267578125,178,torneo,200,10,2
4.9941488339378174e-05,4.678746150809896e-05,4.9626085656250256e-05,9.462080493837641e-07,0.0004029273986816406,179,torneo,200,10,2
4.9941488339378174e-05,4.9941488339378174e-05,4.9941488339378174e-05,0.0,0.0003981590270996094,180,torneo,200,10,2
4.9941488339378174e-05,4.979042498092952e-05,4.992638200353331e-05,4.5319007534596284e-08,0.0004038810729980469,181,torneo,200,10,2
4.9941488339378174e-05,4.9114828000350376e-05,4.985882230547539e-05,2.4799810170833923e-07,0.00040793418884277344,182,torneo,200,10,2
4.9941488339378174e-05,4.8670838950187254e-05,4.9772485084571656e-05,3.879189480866691e-07,0.00039887428283691406,183,torneo,200,10,2
4.9941488339378174e-05,4.9941488339378174e-05,4.9941488339378174e-05,0.0,0.0003972053527832031,184,torneo,200,10,2
4.9941488339378174e-05,4.9941488339378174e-05,4.9941488339378174e-05,0.0,0.0003991127014160156,185,torneo,200,10,2
4.9941488339378174e-05,4.9941488339378174e-05,4.9941488339378174e-05,0.0,0.00040078163146972656,186,torneo,200,10,2
4.9941488339378174e-05,4.823358427261127e-05,4.960968978537109e-05,6.639575172813171e-07,0.00040030479431152344,187,torneo,200,10,2
4.9941488339378174e-05,4.9941488339378174e-05,4.9941488339378174e-05,0.0,0.000431060791015625,188,torneo,200,10,2
4.9941488339378174e-05,4.9941488339378174e-05,4.9941488339378174e-05,0.0,0.00040602684020996094,189,torneo,200,10,2
4.9941488339378174e-05,4.9941488339378174e-05,4.9941488339378174e-05,0.0,0.0004100799560546875,190,torneo,200,10,2
4.9941488339378174e-05,4.9941488339378174e-05,4.9941488339378174e-05,0.0,0.0004191398620605469,191,torneo,200,10,2
4.9941488339378174e-05,4.9941488339378174e-05,4.9941488339378174e-05,0.0,0.0004429817199707031,192,torneo,200,10,2
4.9941488339378174e-05,4.9941488339378174e-05,4.9941488339378174e-05,0.0,0.0004012584686279297,193,torneo,200,10,2
4.9941488339378174e-05,4.739872970627736e-05,4.968721247606809e-05,7.628275899302444e-07,0.00041604042053222656,194,torneo,200,10,2
4.9941488339378174e-05,4.765010132856388e-05,4.9627652436668566e-05,7.058956219865222e-07,0.00039005279541015625,195,torneo,200,10,2
5.00919669463e-05,4.3988583980902074e-05,4.9361245764222745e-05,1.7914491243704035e-06,0.00038814544677734375,196,torneo,200,10,2
5.00919669463e-05,4.810963774717809e-05,4.9833542583619075e-05,5.789967863456104e-07,0.0003960132598876953,197,torneo,200,10,2
5.00919669463e-05,5.00919669463e-05,5.00919669463e-05,0.0,0.0004138946533203125,198,torneo,200,10,2
5.00919669463e-05,4.956995789978102e-05,5.0039766041648104e-05,1.566027139556937e-07,0.0004169940948486328,199,torneo,200,10,2
5.00919669463e-05,4.3267527520283136e-05,4.92748301133786e-05,2.042304211239674e-06,0.0003960132598876953,200,torneo,200,10,2
4.595300480038008e-05,4.160482217470929e-05,4.313881167163746e-05,1.397389208075891e-06,0.0004229545593261719,1,torneo,200,10,3
4.783113676794756e-05,4.2361515885826614e-05,4.4959007042423916e-05,1.461402858622373e-06,0.0004088878631591797,2,torneo,200,10,3
4.808203239580305e-05,4.450774234181253e-05,4.5933665967583647e-05,1.2841110368379165e-06,0.00040602684020996094,3,torneo,200,10,3
4.808203239580305e-05,4.273933711690994e-05,4.6576326291980274e-05,1.742685948758961e-06,0.00041294097900390625,4,torneo,200,10,3
4.808203239580305e-05,4.6531625204025316e-05,4.770010809289901e-05,4.784962387433528e-07,0.0004067420959472656,5,torneo,200,10,3
4.808203239580305e-05,4.783113676794756e-05,4.8006763707446405e-05,1.1497482061812484e-07,0.00039887428283691406,6,torneo,200,10,3
4.808203239580305e-05,4.808203239580305e-05,4.808203239580305e-05,0.0,0.0004029273986816406,7,torneo,200,10,3
4.808203239580305e-05,4.808203239580305e-05,4.808203239580305e-05,0.0,0.00040435791015625,8,torneo,200,10,3
4.816832417463475e-05,4.808203239580305e-05,4.809066157368622e-05,2.5887533649509718e-08,0.0004048347473144531,9,torneo,200,10,3
4.8952501438877394e-05,4.808203239580305e-05,4.8177708477993655e-05,2.595425782046691e-07,0.00039887428283691406,10,torneo,200,10,3
4.8952501438877394e-05,4.709092768889491e-05,4.8490821039574136e-05,5.930673208916189e-07,0.00040411949157714844,11,torneo,200,10,3
4.8952501438877394e-05,4.82309492294757e-05,4.8880346217937226e-05,2.164656628205085e-07,0.0004000663757324219,12,torneo,200,10,3
4.8952501438877394e-05,4.8952501438877394e-05,4.895250143887739e-05,0.0,0.0004069805145263672,13,torneo,200,10,3
4.8952501438877394e-05,4.503664553213301e-05,4.835399228230783e-05,1.2662358228104369e-06,0.0004177093505859375,14,torneo,200,10,3
4.8952501438877394e-05,4.8952501438877394e-05,4.895250143887739e-05,0.0,0.0004031658172607422,15,torneo,200,10,3
4.8952501438877394e-05,4.8952501438877394e-05,4.895250143887739e-05,0.0,0.00039887428283691406,16,torneo,200,10,3
4.8952501438877394e-05,4.8952501438877394e-05,4.895250143887739e-05,0.0,0.0004000663757324219,17,torneo,200,10,3
4.8952501438877394e-05,4.8952501438877394e-05,4.895250143887739e-05,0.0,0.0003991127014160156,18,torneo,200,10,3
4.8952501438877394e-05,4.8952501438877394e-05,4.895250143887739e-05,0.0,0.0003998279571533203,19,torneo,200,10,3
4.8952501438877394e-05,4.8952501438877394e-05,4.895250143887739e-05,0.0,0.0004029273986816406,20,torneo,200,10,3
4.8952501438877394e-05,4.78533231912429e-05,4.884258361411394e-05,3.2975347429034733e-07,0.0004017353057861328,21,torneo,200,10,3
4.8952501438877394e-05,4.8123565093795745e-05,4.8869607804369236e-05,2.486809035244949e-07,0.0004010200500488281,22,torneo,200,10,3
4.8952501438877394e-05,4.8952501438877394e-05,4.895250143887739e-05,0.0,0.0003991127014160156,23,torneo,200,10,3
4.8952501438877394e-05,4.8952501438877394e-05,4.895250143887739e-05,0.0,0.0004012584686279297,24,torneo,200,10,3
4.8952501438877394e-05,4.5410498703254366e-05,4.8598301165315096e-05,1.0626008206869086e-06,0.0003986358642578125,25,torneo,200,10,3
4.8952501438877394e-05,4.8952501438877394e-05,4.895250143887739e-05,0.0,0.0003981590270996094,26,torneo,200,10,3
4.8952501438877394e-05,4.8952501438877394e-05,4.895250143887739e-05,0.0,0.0003981590270996094,27,torneo,200,10,3
4.8952501438877394e-05,4.8952501438877394e-05,4.895250143887739e-05,0.0,0.00039768218994140625,28,torneo,200,10,3
4.8952501438877394e-05,4.8952501438877394e-05,4.895250143887739e-05,0.0,0.00039887428283691406,29,torneo,200,10,3
4.8952501438877394e-05,4.678071764648533e-05,4.873532305963819e-05,6.51535137717619e-07,0.00040221214294433594,30,torneo,200,10,3
4.8952501438877394e-05,4.7934906329004745e-05,4.885074192789013e-05,3.0527853296179497e-07,0.00040602684020996094,31,torneo,200,10,3
4.8952501438877394e-05,4.8952501438877394e-05,4.895250143887739e-05,0.0,0.0004010200500488281,32,torneo,200,10,3
4.8952501438877394e-05,4.8952501438877394e-05,4.895250143887739e-05,0.0,0.0004050731658935547,33,torneo,200,10,3
4.8952501438877394e-05,4.307383621009923e-05,4.836463491599958e-05,1.7635995686334492e-06,0.00040411949157714844,34,torneo,200,10,3
4.8952501438877394e-05,4.863027216235781e-05,4.892027851122544e-05,9.666878295587556e-08,0.00043320655822753906,35,torneo,200,10,3
4.8952501438877394e-05,4.8829625888933044e-05,4.8940213883882965e-05,3.686266498330516e-08,0.0004048347473144531,36,torneo,200,10,3
4.8952501438877394e-05,4.750399970453331e-05,4.8807651265442985e-05,4.3455052030322537e-07,0.00040411949157714844,37,torneo,200,10,3
4.8952501438877394e-05,4.870431165698187e-05,4.8927682460687844e-05,7.445693456865681e-08,0.00043511390686035156,38,torneo,200,10,3
4.8952501438877394e-05,4.8952501438877394e-05,4.895250143887739e-05,0.0,0.0003991127014160156,39,torneo,200,10,3
4.8952501438877394e-05,4.5042731536749694e-05,4.856152444866463e-05,1.17293097063831e-06,0.0003979206085205078,40,torneo,200,10,3
4.8952501438877394e-05,4.8952501438877394e-05,4.895250143887739e-05,0.0,0.0003960132598876953,41,torneo,200,10,3
4.8952501438877394e-05,4.561838268966397e-05,4.8522292964634744e-05,1.0100748826087889e-06,0.00039005279541015625,42,torneo,200,10,3
4.8952501438877394e-05,4.8952501438877394e-05,4.895250143887739e-05,0.0,0.0003859996795654297,43,torneo,200,10,3
4.8952501438877394e-05,4.8952501438877394e-05,4.895250143887739e-05,0.0,0.0003941059112548828,44,torneo,200,10,3
4.8952501438877394e-05,4.8952501438877394e-05,4.895250143887739e-05,0.0,0.0003960132598876953,45,torneo,200,10,3
4.8952501438877394e-05,4.8952501438877394e-05,4.895250143887739e-05,0.0,0.000392913818359375,46,torneo,200,10,3
4.8952501438877394e-05,4.8952501438877394e-05,4.895250143887739e-05,0.0,0.0003941059112548828,47,torneo,200,10,3
4.8952501438877394e-05,4.8952501438877394e-05,4.895250143887739e-05,0.0,0.0004067420959472656,48,torneo,200,10,3
4.8952501438877394e-05,4.8952501438877394e-05,4.895250143887739e-05,0.0,0.00039768218994140625,49,torneo,200,10,3
4.8952501438877394e-05,4.8952501438877394e-05,4.895250143887739e-05,0.0,0.0004019737243652344,50,torneo,200,10,3
4.8952501438877394e-05,4.8952501438877394e-05,4.895250143887739e-05,0.0,0.00039887428283691406,51,torneo,200,10,3
4.8952501438877394e-05,4.8952501438877394e-05,4.895250143887739e-05,0.0,0.0004069805145263672,52,torneo,200,10,3
4.8952501438877394e-05,4.7537792922323526e-05,4.881103058722201e-05,4.244125549661605e-07,0.0004031658172607422,53,torneo,200,10,3
4.8952501438877394e-05,4.778843301432643e-05,4.876972583449217e-05,3.822914251544978e-07,0.00041604042053222656,54,torneo,200,10,3
4.8952501438877394e-05,4.8952501438877394e-05,4.895250143887739e-05,0.0,0.00040340423583984375,55,torneo,200,10,3
4.8952501438877394e-05,4.700487507575554e-05,4.875773880256521e-05,5.842879089365555e-07,0.00040411949157714844,56,torneo,200,10,3
4.8952501438877394e-05,4.8952501438877394e-05,4.895250143887739e-05,0.0,0.0003981590270996094,57,torneo,200,10,3
4.8952501438877394e-05,4.8952501438877394e-05,4.895250143887739e-05,0.0,0.00039696693420410156,58,torneo,200,10,3
4.8952501438877394e-05,4.8952501438877394e-05,4.895250143887739e-05,0.0,0.0003960132598876953,59,torneo,200,10,3
4.8952501438877394e-05,4.8952501438877394e-05,4.895250143887739e-05,0.0,0.0004010200500488281,60,torneo,200,10,3
4.925683114488438e-05,4.8952501438877394e-05,4.898293440947809e-05,9.129891180209557e-08,0.0004031658172607422,61,torneo,200,10,3
4.925683114488438e-05,4.8952501438877394e-05,4.903003122477129e-05,1.2364984225733386e-07,0.00040411949157714844,62,torneo,200,10,3
4.925683114488438e-05,4.73922076917688e-05,4.8942341359993197e-05,5.456233994653856e-07,0.0004029273986816406,63,torneo,200,10,3
4.925683114488438e-05,4.9119139885802386e-05,4.924306201897618e-05,4.130737772459813e-08,0.0004012584686279297,64,torneo,200,10,3
4.925683114488438e-05,4.925683114488438e-05,4.925683114488438e-05,0.0,0.000396728515625,65,torneo,200,10,3
4.925683114488438e-05,4.925683114488438e-05,4.925683114488438e-05,0.0,0.00039696693420410156,66,torneo,200,10,3
4.925683114488438e-05,4.925683114488438e-05,4.925683114488438e-05,0.0,0.0003991127014160156,67,torneo,200,10,3
4.925683114488438e-05,4.925683114488438e-05,4.925683114488438e-05,0.0,0.0004000663757324219,68,torneo,200,10,3
4.925683114488438e-05,4.793796895000448e-05,4.912494492539639e-05,3.956586584639701e-07,0.0003998279571533203,69,torneo,200,10,3
4.925683114488438e-05,4.925683114488438e-05,4.925683114488438e-05,0.0,0.0003979206085205078,70,torneo,200,10,3
4.925683114488438e-05,4.8223143863521094e-05,4.915346241674805e-05,3.1010618440898567e-07,0.0004019737243652344,71,torneo,200,10,3
4.925683114488438e-05,4.8935334080299826e-05,4.9224681438425925e-05,9.644911937536599e-08,0.0004010200500488281,72,torneo,200,10,3
4.925683114488438e-05,4.925683114488438e-05,4.925683114488438e-05,0.0,0.0004038810729980469,73,torneo,200,10,3
4.925683114488438e-05,4.925683114488438e-05,4.925683114488438e-05,0.0,0.000396728515625,74,torneo,200,10,3
4.925683114488438e-05,4.893436907920749e-05,4.9224584938316684e-05,9.673861970306601e-08,0.0003998279571533203,75,torneo,200,10,3
4.927227842121645e-05,4.5830844181487965e-05,4.891577717617794e-05,1.0283213114588344e-06,0.00039696693420410156,76,torneo,200,10,3
4.927227842121645e-05,4.925683114488438e-05,4.9261465327784e-05,7.078831307262522e-09,0.0003972053527832031,77,torneo,200,10,3
4.927227842121645e-05,4.905532841541111e-05,4.9244404510103085e-05,6.344464453025163e-08,0.00041985511779785156,78,torneo,200,10,3
4.927227842121645e-05,4.8451427200131783e-05,4.9128840467662834e-05,2.691273158210373e-07,0.0004029273986816406,79,torneo,200,10,3
4.927227842121645e-05,4.732973449211764e-05,4.907647930067336e-05,5.822664835597413e-07,0.00039887428283691406,80,torneo,200,10,3
4.927227842121645e-05,4.927227842121645e-05,4.927227842121645e-05,0.0,0.0004010200500488281,81,torneo,200,10,3
4.927227842121645e-05,4.781334976937367e-05,4.912638555603217e-05,4.3767859555283413e-07,0.00040078163146972656,82,torneo,200,10,3
4.927227842121645e-05,4.890595999564726e-05,4.9235646578659536e-05,1.0989552767075791e-07,0.0004019737243652344,83,torneo,200,10,3
4.931894505979756e-05,4.927227842121645e-05,4.9276945085074565e-05,1.3999991574332407e-08,0.00039887428283691406,84,torneo,200,10,3
4.931894505979756e-05,4.927227842121645e-05,4.929561174050701e-05,2.3333319290554013e-08,0.0004019737243652344,85,torneo,200,10,3
4.931894505979756e-05,4.931894505979756e-05,4.931894505979756e-05,0.0,0.0004048347473144531,86,torneo,200,10,3
4.931894505979756e-05,4.931894505979756e-05,4.931894505979756e-05,0.0,0.0004448890686035156,87,torneo,200,10,3
4.931894505979756e-05,4.7507580807256745e-05,4.913780863454348e-05,5.434092757622448e-07,0.000415802001953125,88,torneo,200,10,3
4.931894505979756e-05,4.931894505979756e-05,4.931894505979756e-05,0.0,0.0004029273986816406,89,torneo,200,10,3
4.931894505979756e-05,4.931894505979756e-05,4.931894505979756e-05,0.0,0.0003960132598876953,90,torneo,200,10,3
4.931894505979756e-05,4.931894505979756e-05,4.931894505979756e-05,0.0,0.0003981590270996094,91,torneo,200,10,3
4.931894505979756e-05,4.931894505979756e-05,4.931894505979756e-05,0.0,0.00039696693420410156,92,torneo,200,10,3
4.931894505979756e-05,4.891119540014478e-05,4.927817009383229e-05,1.223248978958339e-07,0.000392913818359375,93,torneo,200,10,3
4.935712036142297e-05,4.931894505979756e-05,4.93227625899601e-05,1.14525904876233e-08,0.0004107952117919922,94,torneo,200,10,3
4.935712036142297e-05,4.931894505979756e-05,4.934185024077281e-05,1.8702001951819646e-08,0.0004019737243652344,95,torneo,200,10,3
4.935712036142297e-05,4.931894505979756e-05,4.9353302831260434e-05,1.14525904876233e-08,0.0004000663757324219,96,torneo,200,10,3
4.935712036142297e-05,4.935712036142297e-05,4.935712036142297e-05,0.0,0.0004012584686279297,97,torneo,200,10,3
4.935712036142297e-05,4.935712036142297e-05,4.935712036142297e-05,0.0,0.00039887428283691406,98,torneo,200,10,3
4.935712036142297e-05,4.935712036142297e-05,4.935712036142297e-05,0.0,0.00039887428283691406,99,torneo,200,10,3
4.935712036142297e-05,4.935712036142297e-05,4.935712036142297e-05,0.0,0.0003972053527832031,100,torneo,200,10,3
4.935712036142297e-05,4.935712036142297e-05,4.935712036142297e-05,0.0,0.00040030479431152344,101,torneo,200,10,3
4.935712036142297e-05,4.935712036142297e-05,4.935712036142297e-05,0.0,0.000408172607421875,102,torneo,200,10,3
4.935712036142297e-05,4.545083913897285e-05,4.836947641431243e-05,1.5300536563526285e-06,0.0004031658172607422,103,torneo,200,10,3
4.935712036142297e-05,4.518546194729868e-05,4.883600381174778e-05,1.2556944021342631e-06,0.0004177093505859375,104,torneo,200,10,3
4.935712036142297e-05,4.7261802040481684e-05,4.914758852932884e-05,6.285954962823864e-07,0.0004038810729980469,105,torneo,200,10,3
4.935712036142297e-05,4.843747758868775e-05,4.9265156084149454e-05,2.7589283182056615e-07,0.0004000663757324219,106,torneo,200,10,3
4.935712036142297e-05,4.935712036142297e-05,4.935712036142297e-05,0.0,0.00043129920959472656,107,torneo,200,10,3
4.935712036142297e-05,4.935712036142297e-05,4.935712036142297e-05,0.0,0.0004127025604248047,108,torneo,200,10,3
4.935712036142297e-05,4.935712036142297e-05,4.935712036142297e-05,0.0,0.00040984153747558594,109,torneo,200,10,3
4.935712036142297e-05,4.935712036142297e-05,4.935712036142297e-05,0.0,0.0004048347473144531,110,torneo,200,10,3
4.935712036142297e-05,4.935712036142297e-05,4.935712036142297e-05,0.0,0.0004189014434814453,111,torneo,200,10,3
4.935712036142297e-05,4.935712036142297e-05,4.935712036142297e-05,0.0,0.0004169940948486328,112,torneo,200,10,3
4.935712036142297e-05,4.935712036142297e-05,4.935712036142297e-05,0.0,0.00040602684020996094,113,torneo,200,10,3
4.935712036142297e-05,4.935712036142297e-05,4.935712036142297e-05,0.0,0.00039887428283691406,114,torneo,200,10,3
4.935712036142297e-05,4.935712036142297e-05,4.935712036142297e-05,0.0,0.0004010200500488281,115,torneo,200,10,3
4.935712036142297e-05,4.935712036142297e-05,4.935712036142297e-05,0.0,0.0004038810729980469,116,torneo,200,10,3
4.935712036142297e-05,4.774523724571054e-05,4.919593204985173e-05,4.835649347137289e-07,0.0004019737243652344,117,torneo,200,10,3
4.935712036142297e-05,4.935712036142297e-05,4.935712036142297e-05,0.0,0.0004000663757324219,118,torneo,200,10,3
4.935712036142297e-05,4.839051604527689e-05,4.926045992980836e-05,2.899812948438236e-07,0.0003998279571533203,119,torneo,200,10,3
4.935712036142297e-05,4.935712036142297e-05,4.935712036142297e-05,0.0,0.0003981590270996094,120,torneo,200,10,3
4.935712036142297e-05,4.935712036142297e-05,4.935712036142297e-05,0.0,0.0003960132598876953,121,torneo,200,10,3
4.935712036142297e-05,4.935712036142297e-05,4.935712036142297e-05,0.0,0.0004029273986816406,122,torneo,200,10,3
4.935712036142297e-05,4.855750844640289e-05,4.927715916992096e-05,2.3988357450602473e-07,0.0004169940948486328,123,torneo,200,10,3
4.935712036142297e-05,4.935712036142297e-05,4.935712036142297e-05,0.0,0.0004019737243652344,124,torneo,200,10,3
4.935712036142297e-05,4.935712036142297e-05,4.935712036142297e-05,0.0,0.0004169940948486328,125,torneo,200,10,3
4.935712036142297e-05,4.742011038824359e-05,4.9070043284136776e-05,5.996750211272291e-07,0.00039887428283691406,126,torneo,200,10,3
4.935712036142297e-05,4.935712036142297e-05,4.935712036142297e-05,0.0,0.0004038810729980469,127,torneo,200,10,3
4.935712036142297e-05,4.4205733582531635e-05,4.884198168353384e-05,1.545416033667401e-06,0.0004050731658935547,128,torneo,200,10,3
4.935712036142297e-05,4.814792838725109e-05,4.923620116400578e-05,3.6275759225156556e-07,0.0004048347473144531,129,torneo,200,10,3
4.935712036142297e-05,4.721488164639311e-05,4.914289648991998e-05,6.426716145089582e-07,0.0004000663757324219,130,torneo,200,10,3
4.935712036142297e-05,4.935712036142297e-05,4.935712036142297e-05,0.0,0.0004410743713378906,131,torneo,200,10,3
4.9550703039412316e-05,4.717941642390043e-05,4.915870823546965e-05,6.622835476943046e-07,0.0004112720489501953,132,torneo,200,10,3
4.9550703039412316e-05,4.935712036142297e-05,4.937647862922191e-05,5.80748033968031e-08,0.0004100799560546875,133,torneo,200,10,3
4.9550703039412316e-05,4.935712036142297e-05,4.941519516481977e-05,8.871072751184292e-08,0.0004191398620605469,134,torneo,200,10,3
4.9550703039412316e-05,4.935712036142297e-05,4.9473269968216584e-05,9.483575682307924e-08,0.0004191398620605469,135,torneo,200,10,3
4.9550703039412316e-05,4.78545107707212e-05,4.93810838125432e-05,5.08857680607334e-07,0.00041604042053222656,136,torneo,200,10,3
4.9550703039412316e-05,4.9550703039412316e-05,4.9550703039412316e-05,0.0,0.000408172607421875,137,torneo,200,10,3
4.9550703039412316e-05,4.351841866595217e-05,4.89474746020663e-05,1.8096853120380429e-06,0.0004048347473144531,138,torneo,200,10,3
4.9550703039412316e-05,4.9550703039412316e-05,4.9550703039412316e-05,0.0,0.00040912628173828125,139,torneo,200,10,3
4.9550703039412316e-05,4.698190228394144e-05,4.9104593415808215e-05,8.180702116936843e-07,0.0004029273986816406,140,torneo,200,10,3
4.9550703039412316e-05,4.9550703039412316e-05,4.9550703039412316e-05,0.0,0.0004100799560546875,141,torneo,200,10,3
4.9550703039412316e-05,4.7611554283128194e-05,4.93567881637839e-05,5.817446268852366e-07,0.0004029273986816406,142,torneo,200,10,3
4.9550703039412316e-05,4.8470881333408504e-05,4.944272086881194e-05,3.239465118011435e-07,0.0004017353057861328,143,torneo,200,10,3
4.9550703039412316e-05,4.9550703039412316e-05,4.9550703039412316e-05,0.0,0.0004048347473144531,144,torneo,200,10,3
4.9550703039412316e-05,4.743994457837083e-05,4.902561427153115e-05,8.146310618604251e-07,0.0004029273986816406,145,torneo,200,10,3
4.9550703039412316e-05,4.849826795431114e-05,4.94454595309022e-05,3.1573052553035277e-07,0.0004048347473144531,146,torneo,200,10,3
4.9550703039412316e-05,4.9550703039412316e-05,4.9550703039412316e-05,0.0,0.0004017353057861328,147,torneo,200,10,3
4.9550703039412316e-05,4.9550703039412316e-05,4.9550703039412316e-05,0.0,0.00040602684020996094,148,torneo,200,10,3
4.9550703039412316e-05,4.907173795957353e-05,4.950280653142844e-05,1.4368952395163665e-07,0.00041103363037109375,149,torneo,200,10,3
4.9550703039412316e-05,4.9550703039412316e-05,4.9550703039412316e-05,0.0,0.0004010200500488281,150,torneo,200,10,3
4.9550703039412316e-05,4.9550703039412316e-05,4.9550703039412316e-05,0.0,0.0003991127014160156,151,torneo,200,10,3
4.9550703039412316e-05,4.9550703039412316e-05,4.9550703039412316e-05,0.0,0.0004000663757324219,152,torneo,200,10,3
4.9550703039412316e-05,4.9550703039412316e-05,4.9550703039412316e-05,0.0,0.0004019737243652344,153,torneo,200,10,3
4.9550703039412316e-05,4.449875730432293e-05,4.9045508465903376e-05,1.5155837205268157e-06,0.0004200935363769531,154,torneo,200,10,3
4.9550703039412316e-05,4.9550703039412316e-05,4.9550703039412316e-05,0.0,0.0004291534423828125,155,torneo,200,10,3
4.9550703039412316e-05,4.801874670967e-05,4.939750740643808e-05,4.5958689892269435e-07,0.0004050731658935547,156,torneo,200,10,3
4.9550703039412316e-05,4.818403767852013e-05,4.9414036503323095e-05,4.0999960826765484e-07,0.00040531158447265625,157,torneo,200,10,3
4.958113299903566e-05,4.8627696685219443e-05,4.946144539995537e-05,2.7806428219187415e-07,0.00043201446533203125,158,torneo,200,10,3
4.958113299903566e-05,4.819912681842233e-05,4.942771740116265e-05,4.0978134886296566e-07,0.00041484832763671875,159,torneo,200,10,3
4.958113299903566e-05,4.943382435166066e-05,4.955727314641116e-05,4.3341503488983805e-08,0.00041484832763671875,160,torneo,200,10,3
4.958113299903566e-05,4.958113299903566e-05,4.9581132999035665e-05,0.0,0.00039505958557128906,161,torneo,200,10,3
4.958113299903566e-05,4.958113299903566e-05,4.9581132999035665e-05,0.0,0.0003941059112548828,162,torneo,200,10,3
4.958113299903566e-05,4.958113299903566e-05,4.9581132999035665e-05,0.0,0.0003879070281982422,163,torneo,200,10,3
4.958113299903566e-05,4.958113299903566e-05,4.9581132999035665e-05,0.0,0.00039386749267578125,164,torneo,200,10,3
4.958113299903566e-05,4.958113299903566e-05,4.9581132999035665e-05,0.0,0.0003972053527832031,165,torneo,200,10,3
4.958113299903566e-05,4.958113299903566e-05,4.9581132999035665e-05,0.0,0.0003960132598876953,166,torneo,200,10,3
4.958113299903566e-05,4.958113299903566e-05,4.9581132999035665e-05,0.0,0.0004019737243652344,167,torneo,200,10,3
4.958113299903566e-05,4.958113299903566e-05,4.9581132999035665e-05,0.0,0.0003991127014160156,168,torneo,200,10,3
4.958113299903566e-05,4.958113299903566e-05,4.9581132999035665e-05,0.0,0.0003981590270996094,169,torneo,200,10,3
4.958113299903566e-05,4.958113299903566e-05,4.9581132999035665e-05,0.0,0.00040411949157714844,170,torneo,200,10,3
4.958113299903566e-05,4.917043742938242e-05,4.954006344207034e-05,1.2320867089597122e-07,0.00040602684020996094,171,torneo,200,10,3
4.958113299903566e-05,4.958113299903566e-05,4.9581132999035665e-05,0.0,0.0004038810729980469,172,torneo,200,10,3
4.958113299903566e-05,4.958113299903566e-05,4.9581132999035665e-05,0.0,0.00040793418884277344,173,torneo,200,10,3
4.958113299903566e-05,4.958113299903566e-05,4.9581132999035665e-05,0.0,0.00041604042053222656,174,torneo,200,10,3
4.958113299903566e-05,4.7896255572538044e-05,4.94126452563859e-05,5.054632279492844e-07,0.0004069805145263672,175,torneo,200,10,3
4.958113299903566e-05,4.8132560746687025e-05,4.943627577380079e-05,4.3457167570459e-07,0.0004010200500488281,176,torneo,200,10,3
4.958113299903566e-05,4.958113299903566e-05,4.9581132999035665e-05,0.0,0.0004029273986816406,177,torneo,200,10,3
4.958113299903566e-05,4.895148604796392e-05,4.951816830392849e-05,1.8889408532152147e-07,0.00041174888610839844,178,torneo,200,10,3
4.958113299903566e-05,4.78874825268982e-05,4.941176795182191e-05,5.080951416412368e-07,0.0004138946533203125,179,torneo,200,10,3
4.958113299903566e-05,4.958113299903566e-05,4.9581132999035665e-05,0.0,0.00040912628173828125,180,torneo,200,10,3
4.958113299903566e-05,4.958113299903566e-05,4.9581132999035665e-05,0.0,0.0004038810729980469,181,torneo,200,10,3
4.958113299903566e-05,4.958113299903566e-05,4.9581132999035665e-05,0.0,0.0004458427429199219,182,torneo,200,10,3
4.958113299903566e-05,4.643356196540898e-05,4.9266375895672986e-05,9.44271310088003e-07,0.0004258155822753906,183,torneo,200,10,3
4.958113299903566e-05,4.9244254337101427e-05,4.954744513284223e-05,1.0106359858026964e-07,0.00040793418884277344,184,torneo,200,10,3
4.958113299903566e-05,4.958113299903566e-05,4.9581132999035665e-05,0.0,0.00039386749267578125,185,torneo,200,10,3
4.958113299903566e-05,4.958113299903566e-05,4.9581132999035665e-05,0.0,0.00038886070251464844,186,torneo,200,10,3
4.958113299903566e-05,4.942883500185893e-05,4.956590319931799e-05,4.5689399153018134e-08,0.0003921985626220703,187,torneo,200,10,3
4.958113299903566e-05,4.958113299903566e-05,4.9581132999035665e-05,0.0,0.00039505958557128906,188,torneo,200,10,3
4.958113299903566e-05,4.9179802965400745e-05,4.954099999567216e-05,1.2039901009047413e-07,0.0003960132598876953,189,torneo,200,10,3
4.958113299903566e-05,4.958113299903566e-05,4.9581132999035665e-05,0.0,0.0003960132598876953,190,torneo,200,10,3
4.958113299903566e-05,4.958113299903566e-05,4.9581132999035665e-05,0.0,0.0003972053527832031,191,torneo,200,10,3
4.958113299903566e-05,4.958113299903566e-05,4.9581132999035665e-05,0.0,0.0004181861877441406,192,torneo,200,10,3
4.958113299903566e-05,4.5761544904635815e-05,4.868778526061428e-05,1.2737272211666992e-06,0.00040602684020996094,193,torneo,200,10,3
4.958113299903566e-05,4.8383269116946597e-05,4.946134661082675e-05,3.5935916462671867e-07,0.0004019737243652344,194,torneo,200,10,3
4.958113299903566e-05,4.935135032387012e-05,4.9558154731519104e-05,6.893480254966116e-08,0.0003998279571533203,195,torneo,200,10,3
4.958113299903566e-05,4.958113299903566e-05,4.9581132999035665e-05,0.0,0.00041985511779785156,196,torneo,200,10,3
4.958113299903566e-05,4.876230803100163e-05,4.9499250502232254e-05,2.456474904102085e-07,0.00040793418884277344,197,torneo,200,10,3
4.958113299903566e-05,4.953296695930224e-05,4.957631639506231e-05,1.4449811920025607e-08,0.00040411949157714844,198,torneo,200,10,3
4.958113299903566e-05,4.6764640240786793e-05,4.929948372321077e-05,8.449478274746596e-07,0.00040411949157714844,199,torneo,200,10,3
4.958113299903566e-05,4.958113299903566e-05,4.9581132999035665e-05,0.0,0.00039887428283691406,200,torneo,200,10,3
4.826624310559647e-05,4.088172778600505e-05,4.3915800374209667e-05,2.3830451871965557e-06,0.0004260540008544922,1,elitismo,200,10,1
4.826624310559647e-05,3.9918138512661843e-05,4.530313425064758e-05,3.009058618961522e-06,0.0004150867462158203,2,elitismo,200,10,1
4.826624310559647e-05,3.610243272536936e-05,4.533840092973068e-05,3.6023564855110294e-06,0.0004119873046875,3,elitismo,200,10,1
4.880530448694384e-05,4.649731839775315e-05,4.7508763986186454e-05,8.845352006000868e-07,0.0004119873046875,4,elitismo,200,10,1
4.880530448694384e-05,4.579648983417707e-05,4.741392874462342e-05,1.0027576762453272e-06,0.0004029273986816406,5,elitismo,200,10,1
4.880530448694384e-05,4.265478716512926e-05,4.639851279621414e-05,1.7546368730159246e-06,0.00041294097900390625,6,elitismo,200,10,1
4.880530448694384e-05,4.353593154285785e-05,4.697402025652383e-05,1.8861329427873801e-06,0.0004191398620605469,7,elitismo,200,10,1
4.880530448694384e-05,4.373604209469225e-05,4.74200619367509e-05,1.9079459752205606e-06,0.0004019737243652344,8,elitismo,200,10,1
4.880530448694384e-05,4.394819003012659e-05,4.727803071565879e-05,1.8632582135083017e-06,0.0003998279571533203,9,elitismo,200,10,1
4.880530448694384e-05,4.394819003012659e-05,4.741043047628504e-05,1.7839256203974793e-06,0.0003986358642578125,10,elitismo,200,10,1
4.880530448694384e-05,4.5121943898096305e-05,4.7946786772198204e-05,1.107966156657575e-06,0.0004050731658935547,11,elitismo,200,10,1
4.880530448694384e-05,4.6826502526496126e-05,4.846254158382388e-05,6.956933952584964e-07,0.0004220008850097656,12,elitismo,200,10,1
4.880530448694384e-05,4.6826502526496126e-05,4.860742429089907e-05,5.936405881343148e-07,0.0004000663757324219,13,elitismo,200,10,1
4.880530448694384e-05,4.709865221869872e-05,4.863463926011933e-05,5.119956804735359e-07,0.00039887428283691406,14,elitismo,200,10,1
4.880530448694384e-05,4.709865221869872e-05,4.839179751291732e-05,5.923714221659982e-07,0.0003960132598876953,15,elitismo,200,10,1
4.880530448694384e-05,4.751963223146831e-05,4.828246540397617e-05,5.553625866182645e-07,0.0003972053527832031,16,elitismo,200,10,1
4.880530448694384e-05,4.751963223146831e-05,4.8432504995734364e-05,4.827230487674087e-07,0.00039505958557128906,17,elitismo,200,10,1
4.880530448694384e-05,4.751963223146831e-05,4.83383056817604e-05,5.169015944578432e-07,0.0004029273986816406,18,elitismo,200,10,1
4.880530448694384e-05,4.822031634522804e-05,4.86298080444291e-05,2.680752440064227e-07,0.00039386749267578125,19,elitismo,200,10,1
4.880530448694384e-05,4.79753064328824e-05,4.8471974759754166e-05,3.412400971828973e-07,0.00039505958557128906,20,elitismo,200,10,1
4.880530448694384e-05,4.610037111786859e-05,4.8372180365951053e-05,8.072461968105078e-07,0.00039887428283691406,21,elitismo,200,10,1
4.880530448694384e-05,4.731301660164992e-05,4.8576444719735325e-05,4.571677116500188e-07,0.0003941059112548828,22,elitismo,200,10,1
4.880530448694384e-05,4.731301660164992e-05,4.865607569841445e-05,4.476863655881772e-07,0.0003960132598876953,23,elitismo,200,10,1
4.880530448694384e-05,4.731301660164992e-05,4.865607569841445e-05,4.476863655881772e-07,0.00039505958557128906,24,elitismo,200,10,1
4.880530448694384e-05,4.7622925583536904e-05,4.856705049767291e-05,4.349154145072637e-07,0.0004291534423828125,25,elitismo,200,10,1
4.880530448694384e-05,4.7622925583536904e-05,4.864962782391347e-05,3.5010722959181277e-07,0.0004019737243652344,26,elitismo,200,10,1
4.880530448694384e-05,4.8618110623495445e-05,4.8767865714254165e-05,7.487754537935854e-08,0.00039196014404296875,27,elitismo,200,10,1
4.880530448694384e-05,4.8618110623495445e-05,4.8786585100599003e-05,5.6158159034518896e-08,0.00042891502380371094,28,elitismo,200,10,1
4.880530448694384e-05,4.8618110623495445e-05,4.8786585100599003e-05,5.6158159034518896e-08,0.0004169940948486328,29,elitismo,200,10,1
4.880530448694384e-05,4.635623278662607e-05,4.8425173691590615e-05,7.988429671747864e-07,0.0004029273986816406,30,elitismo,200,10,1
4.880530448694384e-05,4.619359616830969e-05,4.8397410603732355e-05,8.366010223763226e-07,0.0003876686096191406,31,elitismo,200,10,1
4.880530448694384e-05,4.616734182064497e-05,4.828033738845054e-05,1.049950609571932e-06,0.00038504600524902344,32,elitismo,200,10,1
4.880530448694384e-05,4.619359616830969e-05,4.825133494534176e-05,9.018063340529404e-07,0.0003788471221923828,33,elitismo,200,10,1
4.880530448694384e-05,4.476196558728711e-05,4.798562453604478e-05,1.3626947640206546e-06,0.0003898143768310547,34,elitismo,200,10,1
4.880530448694384e-05,4.568641486707324e-05,4.812017230277885e-05,1.0401828173842932e-06,0.0003857612609863281,35,elitismo,200,10,1
4.880530448694384e-05,4.568641486707324e-05,4.779537171793313e-05,1.3877516518761441e-06,0.000392913818359375,36,elitismo,200,10,1
4.883927191033304e-05,4.568641486707324e-05,4.7811676952486505e-05,1.2136569109961862e-06,0.00039386749267578125,37,elitismo,200,10,1
4.883927191033304e-05,4.843397507169619e-05,4.878146585757358e-05,1.166815567722074e-07,0.0003902912139892578,38,elitismo,200,10,1
4.883927191033304e-05,4.880530448694384e-05,4.882384024120732e-05,1.604391165179602e-08,0.00039696693420410156,39,elitismo,200,10,1
4.883927191033304e-05,4.730513221346292e-05,4.854043763479004e-05,5.817742254361958e-07,0.00039124488830566406,40,elitismo,200,10,1
4.883927191033304e-05,4.730513221346292e-05,4.83603414826927e-05,5.260281154238974e-07,0.00039505958557128906,41,elitismo,200,10,1
4.9175855670300304e-05,4.790908439745126e-05,4.87129342741646e-05,3.560225836835394e-07,0.00039386749267578125,42,elitismo,200,10,1
4.9175855670300304e-05,4.816949930156315e-05,4.88396114014495e-05,2.598406145820255e-07,0.0003910064697265625,43,elitismo,200,10,1
4.9175855670300304e-05,4.883927191033304e-05,4.9007563790316665e-05,1.6829187998363185e-07,0.00039505958557128906,44,elitismo,200,10,1
4.9175855670300304e-05,4.74765285038246e-05,4.8938606201659275e-05,5.051155283660634e-07,0.00039505958557128906,45,elitismo,200,10,1
4.947803177862531e-05,4.836543292087937e-05,4.905771425419725e-05,2.8898075129331714e-07,0.0003960132598876953,46,elitismo,200,10,1
4.947803177862531e-05,4.797482686267403e-05,4.905231202437345e-05,3.8657973306619837e-07,0.00039005279541015625,47,elitismo,200,10,1
4.947803177862531e-05,4.797482686267403e-05,4.8778447886851474e-05,5.537119090445179e-07,0.00039458274841308594,48,elitismo,200,10,1
4.947803177862531e-05,4.774998932765842e-05,4.884455324627702e-05,5.870272248881692e-07,0.00039505958557128906,49,elitismo,200,10,1
4.947803177862531e-05,4.692150767068528e-05,4.85414949608137e-05,8.303124862743154e-07,0.000392913818359375,50,elitismo,200,10,1
4.947803177862531e-05,4.593687989465964e-05,4.7821680550617625e-05,1.3881577205473108e-06,0.0003921985626220703,51,elitismo,200,10,1
4.947803177862531e-05,4.593687989465964e-05,4.8012036869320274e-05,1.4516795339128207e-06,0.00039505958557128906,52,elitismo,200,10,1
4.947803177862531e-05,4.5555365219764526e-05,4.80831561692623e-05,1.645880473279953e-06,0.0004210472106933594,53,elitismo,200,10,1
4.947803177862531e-05,4.5555365219764526e-05,4.841566525617604e-05,1.5850654071674979e-06,0.0003960132598876953,54,elitismo,200,10,1
4.947803177862531e-05,4.476686136957737e-05,4.77630406064416e-05,1.584812460166834e-06,0.0003943443298339844,55,elitismo,200,10,1
4.947803177862531e-05,4.675792277297056e-05,4.865921483988923e-05,1.0421414774358105e-06,0.0003972053527832031,56,elitismo,200,10,1
4.947803177862531e-05,4.788950837159933e-05,4.9160327097220116e-05,6.354093628103914e-07,0.00039076805114746094,57,elitismo,200,10,1
4.947803177862531e-05,4.947803177862531e-05,4.947803177862531e-05,0.0,0.0004029273986816406,58,elitismo,200,10,1
4.947803177862531e-05,4.9459151168181477e-05,4.9476143717580925e-05,5.664183133149167e-09,0.00040221214294433594,59,elitismo,200,10,1
4.947803177862531e-05,4.88645492705469e-05,4.9416683527817466e-05,1.8404475242352288e-07,0.0003979206085205078,60,elitismo,200,10,1
4.947803177862531e-05,4.754283783910013e-05,4.928451238467279e-05,5.80558181857554e-07,0.00039505958557128906,61,elitismo,200,10,1
4.947803177862531e-05,4.947803177862531e-05,4.947803177862531e-05,0.0,0.00039076805114746094,62,elitismo,200,10,1
4.947803177862531e-05,4.947803177862531e-05,4.947803177862531e-05,0.0,0.0003910064697265625,63,elitismo,200,10,1
4.947803177862531e-05,4.947803177862531e-05,4.947803177862531e-05,0.0,0.0003879070281982422,64,elitismo,200,10,1
4.947803177862531e-05,4.947803177862531e-05,4.947803177862531e-05,0.0,0.00039076805114746094,65,elitismo,200,10,1
4.947803177862531e-05,4.947803177862531e-05,4.947803177862531e-05,0.0,0.00039505958557128906,66,elitismo,200,10,1
4.947803177862531e-05,4.947803177862531e-05,4.947803177862531e-05,0.0,0.00039124488830566406,67,elitismo,200,10,1
4.947803177862531e-05,4.947803177862531e-05,4.947803177862531e-05,0.0,0.00039076805114746094,68,elitismo,200,10,1
4.9830901416663794e-05,4.947803177862531e-05,4.9513318742429164e-05,1.0586089141154619e-07,0.00039196014404296875,69,elitismo,200,10,1
4.9830901416663794e-05,4.947803177862531e-05,4.954860570623301e-05,1.411478552153949e-07,0.0003921985626220703,70,elitismo,200,10,1
4.9830901416663794e-05,4.947803177862531e-05,4.9654466597644544e-05,1.7643481901924365e-07,0.000392913818359375,71,elitismo,200,10,1
4.9830901416663794e-05,4.947803177862531e-05,4.9654466597644544e-05,1.7643481901924365e-07,0.0003898143768310547,72,elitismo,200,10,1
4.9830901416663794e-05,4.947803177862531e-05,4.9760327489056094e-05,1.411478552153949e-07,0.0003941059112548828,73,elitismo,200,10,1
4.9830901416663794e-05,4.786449504138093e-05,4.952839988772396e-05,5.766483527239084e-07,0.00039386749267578125,74,elitismo,200,10,1
4.9830901416663794e-05,4.947803177862531e-05,4.979561445285995e-05,1.0586089141154619e-07,0.0004253387451171875,75,elitismo,200,10,1
4.9830901416663794e-05,4.947803177862531e-05,4.979561445285995e-05,1.0586089141154619e-07,0.00039768218994140625,76,elitismo,200,10,1
4.9830901416663794e-05,4.9830901416663794e-05,4.9830901416663794e-05,0.0,0.00040721893310546875,77,elitismo,200,10,1
4.9830901416663794e-05,4.9830901416663794e-05,4.9830901416663794e-05,0.0,0.000408172607421875,78,elitismo,200,10,1
4.9830901416663794e-05,4.9830901416663794e-05,4.9830901416663794e-05,0.0,0.00040078163146972656,79,elitismo,200,10,1
4.9830901416663794e-05,4.830266556342003e-05,4.967807783133942e-05,4.584707559731294e-07,0.00039505958557128906,80,elitismo,200,10,1
4.9830901416663794e-05,4.9830901416663794e-05,4.9830901416663794e-05,0.0,0.00039315223693847656,81,elitismo,200,10,1
4.9830901416663794e-05,4.9830901416663794e-05,4.9830901416663794e-05,0.0,0.00039505958557128906,82,elitismo,200,10,1
4.9830901416663794e-05,4.874848232958486e-05,4.97226595079559e-05,3.2472572612367933e-07,0.0003910064697265625,83,elitismo,200,10,1
4.9830901416663794e-05,4.874848232958486e-05,4.97226595079559e-05,3.2472572612367933e-07,0.00039076805114746094,84,elitismo,200,10,1
4.9830901416663794e-05,4.542274946870251e-05,4.905513900896879e-05,1.3515551726414971e-06,0.00038909912109375,85,elitismo,200,10,1
4.9830901416663794e-05,4.7753952891281846e-05,4.9225502924943394e-05,7.356426624200908e-07,0.0003902912139892578,86,elitismo,200,10,1
4.9830901416663794e-05,4.801169770089266e-05,4.9359519314612376e-05,6.84026289441481e-07,0.0003972053527832031,87,elitismo,200,10,1
4.9830901416663794e-05,4.4577354013373544e-05,4.890050868906242e-05,1.554095623480025e-06,0.00039696693420410156,88,elitismo,200,10,1
4.9830901416663794e-05,4.792856567486259e-05,4.932999378855247e-05,7.367509477623506e-07,0.000392913818359375,89,elitismo,200,10,1
4.9830901416663794e-05,4.792856567486259e-05,4.906996711994331e-05,9.319503773743762e-07,0.00039505958557128906,90,elitismo,200,10,1
4.985367017637111e-05,4.792856567486259e-05,4.909069496036282e-05,9.126353467369321e-07,0.00039768218994140625,91,elitismo,200,10,1
4.985367017637111e-05,4.792856567486259e-05,4.926845199137739e-05,8.642876227313149e-07,0.0004019737243652344,92,elitismo,200,10,1
4.985367017637111e-05,4.792856567486259e-05,4.9454988020245016e-05,7.632621152549686e-07,0.0004138946533203125,93,elitismo,200,10,1
4.985367017637111e-05,4.74599826819998e-05,4.9258040468758426e-05,8.238617284525258e-07,0.000408172607421875,94,elitismo,200,10,1
4.985367017637111e-05,4.715409420445195e-05,4.927692187028713e-05,7.941408301069473e-07,0.0003972053527832031,95,elitismo,200,10,1
4.985367017637111e-05,4.715409420445195e-05,4.9339448012312134e-05,8.152689924746104e-07,0.00039505958557128906,96,elitismo,200,10,1
4.985367017637111e-05,4.591238233081281e-05,4.903252042201611e-05,1.3951233023505874e-06,0.00039696693420410156,97,elitismo,200,10,1
4.985367017637111e-05,4.5957465934034994e-05,4.911860621101167e-05,1.4038286309842117e-06,0.0003979206085205078,98,elitismo,200,10,1
4.985367017637111e-05,4.575799239793911e-05,4.9240444385791006e-05,1.3028256312559496e-06,0.0003941059112548828,99,elitismo,200,10,1
4.985367017637111e-05,4.575799239793911e-05,4.94393712599157e-05,1.2272073545345617e-06,0.0004029273986816406,100,elitismo,200,10,1
4.985367017637111e-05,4.985367017637111e-05,4.985367017637111e-05,0.0,0.0003902912139892578,101,elitismo,200,10,1
4.985367017637111e-05,4.985367017637111e-05,4.985367017637111e-05,0.0,0.00039768218994140625,102,elitismo,200,10,1
4.985367017637111e-05,4.985367017637111e-05,4.985367017637111e-05,0.0,0.0003981590270996094,103,elitismo,200,10,1
4.985367017637111e-05,4.985367017637111e-05,4.985367017637111e-05,0.0,0.00039315223693847656,104,elitismo,200,10,1
4.985367017637111e-05,4.985367017637111e-05,4.985367017637111e-05,0.0,0.0003962516784667969,105,elitismo,200,10,1
4.985367017637111e-05,4.916911002653902e-05,4.9785214161387895e-05,2.0536804494962774e-07,0.0003941059112548828,106,elitismo,200,10,1
4.985367017637111e-05,4.916911002653902e-05,4.9785214161387895e-05,2.0536804494962774e-07,0.0003941059112548828,107,elitismo,200,10,1
4.985367017637111e-05,4.985367017637111e-05,4.985367017637111e-05,0.0,0.00039386749267578125,108,elitismo,200,10,1
4.985367017637111e-05,4.985367017637111e-05,4.985367017637111e-05,0.0,0.00039696693420410156,109,elitismo,200,10,1
4.985367017637111e-05,4.985367017637111e-05,4.985367017637111e-05,0.0,0.0003941059112548828,110,elitismo,200,10,1
4.985367017637111e-05,4.985367017637111e-05,4.985367017637111e-05,0.0,0.0003972053527832031,111,elitismo,200,10,1
4.985367017637111e-05,4.985367017637111e-05,4.985367017637111e-05,0.0,0.00040602684020996094,112,elitismo,200,10,1
4.985367017637111e-05,4.985367017637111e-05,4.985367017637111e-05,0.0,0.00039005279541015625,113,elitismo,200,10,1
4.985367017637111e-05,4.985367017637111e-05,4.985367017637111e-05,0.0,0.00039196014404296875,114,elitismo,200,10,1
4.985367017637111e-05,4.985367017637111e-05,4.985367017637111e-05,0.0,0.0003960132598876953,115,elitismo,200,10,1
4.985367017637111e-05,4.87261923016022e-05,4.965429399871468e-05,4.030068925507756e-07,0.000392913818359375,116,elitismo,200,10,1
4.985367017637111e-05,4.898738627457576e-05,4.976704178619157e-05,2.5988517053860526e-07,0.00040221214294433594,117,elitismo,200,10,1
4.985367017637111e-05,4.624331590465237e-05,4.9319377968840166e-05,1.080780825794685e-06,0.00041103363037109375,118,elitismo,200,10,1
4.985367017637111e-05,4.525190411645537e-05,4.93068651802e-05,1.3761083398601043e-06,0.00039505958557128906,119,elitismo,200,10,1
4.985367017637111e-05,4.624331590465237e-05,4.931813504170908e-05,1.0811689878017732e-06,0.0003917217254638672,120,elitismo,200,10,1
4.985367017637111e-05,4.898738627457576e-05,4.9593785005832505e-05,3.9698115532988863e-07,0.000392913818359375,121,elitismo,200,10,1
4.985367017637111e-05,4.811710555507213e-05,4.933350015352307e-05,5.754719238406936e-07,0.0003962516784667969,122,elitismo,200,10,1
4.985367017637111e-05,4.710195365644924e-05,4.924458677160446e-05,1.0357350919286658e-06,0.00039696693420410156,123,elitismo,200,10,1
4.985367017637111e-05,4.738083655042183e-05,4.951975842359664e-05,7.583128215799934e-07,0.0003972053527832031,124,elitismo,200,10,1
4.985367017637111e-05,4.738083655042183e-05,4.935910345118125e-05,9.89133450379713e-07,0.00039696693420410156,125,elitismo,200,10,1
4.985367017637111e-05,4.738083655042183e-05,4.935910345118125e-05,9.89133450379713e-07,0.0004680156707763672,126,elitismo,200,10,1
4.985367017637111e-05,4.738083655042183e-05,4.915163326937705e-05,1.0772948402930378e-06,0.0004107952117919922,127,elitismo,200,10,1
4.985367017637111e-05,4.738083655042183e-05,4.9394766145689935e-05,9.11871007067109e-07,0.0003948211669921875,128,elitismo,200,10,1
4.985367017637111e-05,4.738083655042183e-05,4.915163326937705e-05,1.0772948402930378e-06,0.0003859996795654297,129,elitismo,200,10,1
4.985367017637111e-05,4.738083655042183e-05,4.915163326937705e-05,1.0772948402930378e-06,0.0003941059112548828,130,elitismo,200,10,1
4.985367017637111e-05,4.7409456774571705e-05,4.9567503735432485e-05,7.300364496431883e-07,0.0004012584686279297,131,elitismo,200,10,1
4.985367017637111e-05,4.985367017637111e-05,4.985367017637111e-05,0.0,0.0003871917724609375,132,elitismo,200,10,1
4.985367017637111e-05,4.985367017637111e-05,4.985367017637111e-05,0.0,0.0003910064697265625,133,elitismo,200,10,1
4.985367017637111e-05,4.985367017637111e-05,4.985367017637111e-05,0.0,0.00041294097900390625,134,elitismo,200,10,1
4.985367017637111e-05,4.985367017637111e-05,4.985367017637111e-05,0.0,0.0003921985626220703,135,elitismo,200,10,1
4.985367017637111e-05,4.985367017637111e-05,4.985367017637111e-05,0.0,0.00039005279541015625,136,elitismo,200,10,1
4.985367017637111e-05,4.985367017637111e-05,4.985367017637111e-05,0.0,0.0003917217254638672,137,elitismo,200,10,1
4.985367017637111e-05,4.985367017637111e-05,4.985367017637111e-05,0.0,0.00039315223693847656,138,elitismo,200,10,1
4.985367017637111e-05,4.985367017637111e-05,4.985367017637111e-05,0.0,0.00039505958557128906,139,elitismo,200,10,1
4.985367017637111e-05,4.985367017637111e-05,4.985367017637111e-05,0.0,0.0004038810729980469,140,elitismo,200,10,1
4.985367017637111e-05,4.985367017637111e-05,4.985367017637111e-05,0.0,0.00039696693420410156,141,elitismo,200,10,1
4.985367017637111e-05,4.985367017637111e-05,4.985367017637111e-05,0.0,0.000392913818359375,142,elitismo,200,10,1
4.985367017637111e-05,4.985367017637111e-05,4.985367017637111e-05,0.0,0.0003960132598876953,143,elitismo,200,10,1
4.985367017637111e-05,4.985367017637111e-05,4.985367017637111e-05,0.0,0.0003960132598876953,144,elitismo,200,10,1
4.985367017637111e-05,4.925443249460372e-05,4.979374640819437e-05,1.7977130453021615e-07,0.00039696693420410156,145,elitismo,200,10,1
4.985367017637111e-05,4.985367017637111e-05,4.985367017637111e-05,0.0,0.00039505958557128906,146,elitismo,200,10,1
4.985367017637111e-05,4.985367017637111e-05,4.985367017637111e-05,0.0,0.0004000663757324219,147,elitismo,200,10,1
4.985367017637111e-05,4.985367017637111e-05,4.985367017637111e-05,0.0,0.0004169940948486328,148,elitismo,200,10,1
4.985367017637111e-05,4.985367017637111e-05,4.985367017637111e-05,0.0,0.0003998279571533203,149,elitismo,200,10,1
4.985367017637111e-05,4.985367017637111e-05,4.985367017637111e-05,0.0,0.00041222572326660156,150,elitismo,200,10,1
4.985367017637111e-05,4.507684119692079e-05,4.937598727842607e-05,1.4330486938350961e-06,0.000453948974609375,151,elitismo,200,10,1
4.985367017637111e-05,4.910213934361572e-05,4.977851709309557e-05,2.2545924982661708e-07,0.0004150867462158203,152,elitismo,200,10,1
4.985367017637111e-05,4.8558855685444245e-05,4.957388256072734e-05,4.4981447869115836e-07,0.00039386749267578125,153,elitismo,200,10,1
4.985367017637111e-05,4.985367017637111e-05,4.985367017637111e-05,0.0,0.0003871917724609375,154,elitismo,200,10,1
4.985367017637111e-05,4.93652700074482e-05,4.980483015947882e-05,1.4652005067687204e-07,0.0003867149353027344,155,elitismo,200,10,1
4.985367017637111e-05,4.565293572837105e-05,4.938475671467881e-05,1.2524338817700415e-06,0.0003910064697265625,156,elitismo,200,10,1
4.985367017637111e-05,4.93652700074482e-05,4.9798746334362015e-05,1.4562614243284392e-07,0.0004150867462158203,157,elitismo,200,10,1
4.985367017637111e-05,4.826136384835578e-05,4.9682271893335974e-05,4.7424343048418615e-07,0.0004055500030517578,158,elitismo,200,10,1
4.985367017637111e-05,4.823099871593258e-05,4.968531920521045e-05,4.85112715399166e-07,0.0003902912139892578,159,elitismo,200,10,1
4.985367017637111e-05,4.979283192520307e-05,4.98475863512543e-05,1.8251475350411672e-08,0.0003921985626220703,160,elitismo,200,10,1
4.985367017637111e-05,4.979283192520307e-05,4.98475863512543e-05,1.8251475350411672e-08,0.000392913818359375,161,elitismo,200,10,1
4.985367017637111e-05,4.979283192520307e-05,4.98475863512543e-05,1.8251475350411672e-08,0.0003979206085205078,162,elitismo,200,10,1
4.985367017637111e-05,4.985367017637111e-05,4.985367017637111e-05,0.0,0.00040030479431152344,163,elitismo,200,10,1
4.985367017637111e-05,4.985367017637111e-05,4.985367017637111e-05,0.0,0.0003941059112548828,164,elitismo,200,10,1
4.985367017637111e-05,4.551437080413609e-05,4.930467794236514e-05,1.309180183396318e-06,0.0004017353057861328,165,elitismo,200,10,1
4.985367017637111e-05,4.509828326895493e-05,4.93150130026636e-05,1.4181178872206337e-06,0.00039505958557128906,166,elitismo,200,10,1
4.985367017637111e-05,4.509828326895493e-05,4.890259279488787e-05,1.9021547629664711e-06,0.0003986358642578125,167,elitismo,200,10,1
4.9858412790496395e-05,4.509828326895493e-05,4.937860574704202e-05,1.4267748600068691e-06,0.0003941059112548828,168,elitismo,200,10,1
4.9858412790496395e-05,4.3060942915712264e-05,4.9016578903826385e-05,2.0409475462712108e-06,0.0003979206085205078,169,elitismo,200,10,1
4.9858412790496395e-05,4.793285314575632e-05,4.95158909665596e-05,6.865198903517033e-07,0.00039505958557128906,170,elitismo,200,10,1
4.9858412790496395e-05,4.793285314575632e-05,4.932428352491065e-05,8.210421325569971e-07,0.00039315223693847656,171,elitismo,200,10,1
4.9858412790496395e-05,4.793285314575632e-05,4.9517313750797194e-05,6.872230039231504e-07,0.00041413307189941406,172,elitismo,200,10,1
4.9858412790496395e-05,4.809779858188692e-05,4.955557869039234e-05,6.146404637459899e-07,0.00041604042053222656,173,elitismo,200,10,1
4.9858412790496395e-05,4.696802046861918e-05,4.9338493612242864e-05,1.0479390824252917e-06,0.00041222572326660156,174,elitismo,200,10,1
4.9858412790496395e-05,4.696802046861918e-05,4.928033432612095e-05,1.1561569287508863e-06,0.0004379749298095703,175,elitismo,200,10,1
4.9858412790496395e-05,4.696802046861918e-05,4.928033432612095e-05,1.1561569287508863e-06,0.0004000663757324219,176,elitismo,200,10,1
4.9858412790496395e-05,4.696802046861918e-05,4.956937355830867e-05,8.671176965631648e-07,0.00039386749267578125,177,elitismo,200,10,1
4.9858412790496395e-05,4.6641743928705594e-05,4.8958667439941865e-05,1.3769632223375914e-06,0.0003840923309326172,178,elitismo,200,10,1
4.9858412790496395e-05,4.9858412790496395e-05,4.985841279049639e-05,0.0,0.0003802776336669922,179,elitismo,200,10,1
4.9858412790496395e-05,4.9858412790496395e-05,4.985841279049639e-05,0.0,0.0003871917724609375,180,elitismo,200,10,1
4.9858412790496395e-05,4.9278637111582964e-05,4.980043522260506e-05,1.7393270367402904e-07,0.0003845691680908203,181,elitismo,200,10,1
4.9858412790496395e-05,4.9278637111582964e-05,4.980043522260506e-05,1.7393270367402904e-07,0.00039005279541015625,182,elitismo,200,10,1
4.9858412790496395e-05,4.9278637111582964e-05,4.9742457654713706e-05,2.3191027156537207e-07,0.000392913818359375,183,elitismo,200,10,1
4.9858412790496395e-05,4.8800101234388345e-05,4.975258163488559e-05,3.174934668324149e-07,0.00039005279541015625,184,elitismo,200,10,1
4.9858412790496395e-05,4.8800101234388345e-05,4.975258163488559e-05,3.174934668324149e-07,0.00038886070251464844,185,elitismo,200,10,1
4.9858412790496395e-05,4.9858412790496395e-05,4.985841279049639e-05,0.0,0.00038909912109375,186,elitismo,200,10,1
4.9858412790496395e-05,4.9858412790496395e-05,4.985841279049639e-05,0.0,0.00039386749267578125,187,elitismo,200,10,1
4.9858412790496395e-05,4.9858412790496395e-05,4.985841279049639e-05,0.0,0.00038909912109375,188,elitismo,200,10,1
4.9858412790496395e-05,4.9858412790496395e-05,4.985841279049639e-05,0.0,0.0004019737243652344,189,elitismo,200,10,1
4.9858412790496395e-05,4.9858412790496395e-05,4.985841279049639e-05,0.0,0.0003910064697265625,190,elitismo,200,10,1
4.9858412790496395e-05,4.9858412790496395e-05,4.985841279049639e-05,0.0,0.00039196014404296875,191,elitismo,200,10,1
4.9858412790496395e-05,4.9076686606255306e-05,4.978024017207229e-05,2.3451785527232645e-07,0.0003948211669921875,192,elitismo,200,10,1
4.9858412790496395e-05,4.858360674081944e-05,4.9730932185528706e-05,3.8244181490308725e-07,0.00039505958557128906,193,elitismo,200,10,1
4.9858412790496395e-05,4.858360674081944e-05,4.9730932185528706e-05,3.8244181490308725e-07,0.000392913818359375,194,elitismo,200,10,1
4.9858412790496395e-05,4.9858412790496395e-05,4.985841279049639e-05,0.0,0.0003960132598876953,195,elitismo,200,10,1
4.9858412790496395e-05,4.774548174959799e-05,4.964711968640656e-05,6.338793122695218e-07,0.0004189014434814453,196,elitismo,200,10,1
4.9858412790496395e-05,4.864728335372908e-05,4.9737299846819664e-05,3.63338831030194e-07,0.0004012584686279297,197,elitismo,200,10,1
4.9858412790496395e-05,4.864728335372908e-05,4.9495073959466196e-05,5.550092320375446e-07,0.00039505958557128906,198,elitismo,200,10,1
4.9858412790496395e-05,4.864728335372908e-05,4.961618690314293e-05,4.844517747069254e-07,0.0003948211669921875,199,elitismo,200,10,1
4.9889240226286633e-05,4.864728335372908e-05,4.935142165266733e-05,5.405313709608762e-07,0.00039505958557128906,200,elitismo,200,10,1
4.722299358842194e-05,4.0943242786314874e-05,4.5047576688551355e-05,2.0139237749001313e-06,0.0004169940948486328,1,elitismo,200,10,2
4.758781957521895e-05,4.421316180623088e-05,4.624800300478121e-05,1.0513936863593804e-06,0.00040721893310546875,2,elitismo,200,10,2
4.758781957521895e-05,4.442596808068352e-05,4.6226939236076176e-05,1.1799905752699165e-06,0.00040793418884277344,3,elitismo,200,10,2
4.894842332648683e-05,4.156161871902509e-05,4.596106153501149e-05,1.9623053225524936e-06,0.00040602684020996094,4,elitismo,200,10,2
4.894842332648683e-05,4.4440985073420344e-05,4.6032043549856696e-05,1.4179325590285372e-06,0.00040078163146972656,5,elitismo,200,10,2
4.894842332648683e-05,4.537335231673764e-05,4.728816866370655e-05,1.412526042189389e-06,0.0004019737243652344,6,elitismo,200,10,2
4.894842332648683e-05,4.661055481809861e-05,4.7938356121685297e-05,7.452173110220643e-07,0.0003991127014160156,7,elitismo,200,10,2
4.894842332648683e-05,4.479107595505967e-05,4.770199671534335e-05,1.1700390489251362e-06,0.0004010200500488281,8,elitismo,200,10,2
4.920999941808261e-05,4.554979711306288e-05,4.765208232603966e-05,1.2560317215867775e-06,0.0004029273986816406,9,elitismo,200,10,2
4.920999941808261e-05,4.4933716708379526e-05,4.718497041133306e-05,1.460349489558537e-06,0.0004050731658935547,10,elitismo,200,10,2
4.920999941808261e-05,4.54793556600667e-05,4.7466141690996856e-05,1.3556896845672034e-06,0.0004119873046875,11,elitismo,200,10,2
4.920999941808261e-05,4.579885730086952e-05,4.7351003958884965e-05,1.356746199218882e-06,0.0003979206085205078,12,elitismo,200,10,2
4.920999941808261e-05,4.5997114560526234e-05,4.781400680014877e-05,1.0468205630079397e-06,0.0004277229309082031,13,elitismo,200,10,2
4.937318713015697e-05,4.635809346333417e-05,4.8698677217704766e-05,8.440644199590294e-07,0.0004029273986816406,14,elitismo,200,10,2
4.99910146621073e-05,4.6536579230003937e-05,4.892286453323327e-05,8.923253165505111e-07,0.0003960132598876953,15,elitismo,200,10,2
4.99910146621073e-05,4.8261884717357355e-05,4.921608817687528e-05,4.070440156917488e-07,0.00039887428283691406,16,elitismo,200,10,2
4.99910146621073e-05,4.6963281676937963e-05,4.90193881269053e-05,7.849124564516785e-07,0.00042700767517089844,17,elitismo,200,10,2
4.99910146621073e-05,4.6963281676937963e-05,4.870110559390556e-05,9.239288925175046e-07,0.00039887428283691406,18,elitismo,200,10,2
4.99910146621073e-05,4.6963281676937963e-05,4.892695072081299e-05,9.105297324778632e-07,0.0004069805145263672,19,elitismo,200,10,2
4.99910146621073e-05,4.6963281676937963e-05,4.883278581174096e-05,8.60767970586074e-07,0.0003972053527832031,20,elitismo,200,10,2
4.99910146621073e-05,4.578704364141852e-05,4.9077662208136163e-05,1.2412239832224907e-06,0.00044274330139160156,21,elitismo,200,10,2
4.99910146621073e-05,4.875862628235165e-05,4.949805931020504e-05,6.037445390673275e-07,0.0004019737243652344,22,elitismo,200,10,2
4.99910146621073e-05,4.875862628235165e-05,4.9744536986156174e-05,4.929553519022589e-07,0.0004019737243652344,23,elitismo,200,10,2
4.99910146621073e-05,4.875862628235165e-05,4.986777582413174e-05,3.6971651392669413e-07,0.0004000663757324219,24,elitismo,200,10,2
4.99910146621073e-05,4.800192132152713e-05,4.965861632680405e-05,6.807008983218404e-07,0.00039196014404296875,25,elitismo,200,10,2
4.99910146621073e-05,4.722095097554235e-05,4.895876806228061e-05,9.896624148883578e-07,0.0003898143768310547,26,elitismo,200,10,2
4.99910146621073e-05,4.716826850552988e-05,4.8361626620511806e-05,1.1466961667832345e-06,0.000392913818359375,27,elitismo,200,10,2
4.99910146621073e-05,4.716826850552988e-05,4.845813932055622e-05,1.2878373694279027e-06,0.00038909912109375,28,elitismo,200,10,2
4.99910146621073e-05,4.6896736823040454e-05,4.850655317851371e-05,1.2554525182600571e-06,0.000392913818359375,29,elitismo,200,10,2
4.99910146621073e-05,4.727786648953294e-05,4.92459840015848e-05,1.1468900475192907e-06,0.0003962516784667969,30,elitismo,200,10,2
4.99910146621073e-05,4.7199203821258936e-05,4.895485253650696e-05,1.1380475433538774e-06,0.00040721893310546875,31,elitismo,200,10,2
4.99910146621073e-05,4.8099719594036595e-05,4.9586595431702326e-05,6.876504723050598e-07,0.00038886070251464844,32,elitismo,200,10,2
4.99910146621073e-05,4.842995250170714e-05,4.9619618722469384e-05,6.200604369056731e-07,0.00038909912109375,33,elitismo,200,10,2
4.99910146621073e-05,4.792561856078706e-05,4.9023312850807145e-05,8.624470099993788e-07,0.0004076957702636719,34,elitismo,200,10,2
4.99910146621073e-05,4.807068535363037e-05,4.907374624489915e-05,8.099294369087768e-07,0.0004239082336425781,35,elitismo,200,10,2
4.99910146621073e-05,4.8035654125490566e-05,4.934268500220199e-05,8.215938795566668e-07,0.0003998279571533203,36,elitismo,200,10,2
4.99910146621073e-05,4.8035654125490566e-05,4.9092194069042246e-05,9.09139705246809e-07,0.00039696693420410156,37,elitismo,200,10,2
4.99910146621073e-05,4.8035654125490566e-05,4.933381423789255e-05,8.256089421219161e-07,0.0003960132598876953,38,elitismo,200,10,2
4.99910146621073e-05,4.8035654125490566e-05,4.9362641884346605e-05,7.87639731706436e-07,0.0003941059112548828,39,elitismo,200,10,2
4.99910146621073e-05,4.739772074704588e-05,4.909613537595044e-05,9.697614403732649e-07,0.0004038810729980469,40,elitismo,200,10,2
4.99910146621073e-05,4.7645867419818396e-05,4.949696149076767e-05,8.456598913483483e-07,0.0003991127014160156,41,elitismo,200,10,2
4.99910146621073e-05,4.7645867419818396e-05,4.926703899012727e-05,9.763972351396166e-07,0.0004000663757324219,42,elitismo,200,10,2
4.99910146621073e-05,4.7645867419818396e-05,4.973583139511494e-05,6.971586979034579e-07,0.0004038810729980469,43,elitismo,200,10,2
4.99910146621073e-05,4.8870442786428696e-05,4.9794909503594356e-05,3.573041515067102e-07,0.0004019737243652344,44,elitismo,200,10,2
4.99910146621073e-05,4.9361190548382544e-05,4.9902753579247686e-05,1.815016291817348e-07,0.00043487548828125,45,elitismo,200,10,2
4.99910146621073e-05,4.994888354296208e-05,4.997416221444921e-05,2.0639948839639453e-08,0.00040912628173828125,46,elitismo,200,10,2
4.99910146621073e-05,4.994888354296208e-05,4.9978375326363727e-05,1.9306904259618303e-08,0.000408172607421875,47,elitismo,200,10,2
4.99910146621073e-05,4.994888354296208e-05,4.9986801550192775e-05,1.2639335743566601e-08,0.00039696693420410156,48,elitismo,200,10,2
4.99910146621073e-05,4.959575570272604e-05,4.995148876616917e-05,1.1857768781437821e-07,0.0003840923309326172,49,elitismo,200,10,2
4.99910146621073e-05,4.959575570272604e-05,4.995148876616917e-05,1.1857768781437821e-07,0.00038909912109375,50,elitismo,200,10,2
4.99910146621073e-05,4.959575570272604e-05,4.994767487342815e-05,1.1785620472746728e-07,0.000396728515625,51,elitismo,200,10,2
4.99910146621073e-05,4.7032388569461085e-05,4.961906189781889e-05,8.915688945125619e-07,0.0003981590270996094,52,elitismo,200,10,2
4.99910146621073e-05,4.7032388569461085e-05,4.969515205284268e-05,8.875878277938642e-07,0.000415802001953125,53,elitismo,200,10,2
4.99910146621073e-05,4.8687985569053184e-05,4.984236149423056e-05,3.886618547157652e-07,0.0003917217254638672,54,elitismo,200,10,2
4.99910146621073e-05,4.73128810112872e-05,4.9439102339480645e-05,9.04960496139442e-07,0.00039505958557128906,55,elitismo,200,10,2
4.99910146621073e-05,4.6533777144608496e-05,4.9224203740900204e-05,1.2297331368965602e-06,0.000392913818359375,56,elitismo,200,10,2
4.99910146621073e-05,4.843904847379814e-05,4.970724799516954e-05,5.706478392165064e-07,0.0003948211669921875,57,elitismo,200,10,2
4.99910146621073e-05,4.570258429742184e-05,4.896334720886249e-05,1.6309544125049927e-06,0.00039887428283691406,58,elitismo,200,10,2
4.99910146621073e-05,4.572031615952238e-05,4.9272104766225804e-05,1.3170532629404523e-06,0.000408172607421875,59,elitismo,200,10,2
4.99910146621073e-05,4.563066292688114e-05,4.8700839788067704e-05,1.970910616918509e-06,0.0003991127014160156,60,elitismo,200,10,2
4.99910146621073e-05,4.5552780508108936e-05,4.7529588974304866e-05,1.934792847021752e-06,0.0003981590270996094,61,elitismo,200,10,2
4.99910146621073e-05,4.2249731829199144e-05,4.779831623371337e-05,2.426904135755426e-06,0.00039505958557128906,62,elitismo,200,10,2
4.99910146621073e-05,4.7998593293794807e-05,4.932114299986254e-05,8.502482558256773e-07,0.00039696693420410156,63,elitismo,200,10,2
4.99910146621073e-05,4.7998593293794807e-05,4.9303132471239075e-05,7.287872077117455e-07,0.00039505958557128906,64,elitismo,200,10,2
4.99910146621073e-05,4.7998593293794807e-05,4.933918562018205e-05,6.958879729884495e-07,0.0003991127014160156,65,elitismo,200,10,2
4.99910146621073e-05,4.48445455886951e-05,4.902052276639237e-05,1.4920611603664351e-06,0.00042891502380371094,66,elitismo,200,10,2
4.99910146621073e-05,4.48445455886951e-05,4.902052276639237e-05,1.4920611603664351e-06,0.000392913818359375,67,elitismo,200,10,2
4.99910146621073e-05,4.8851402191173036e-05,4.953516967373359e-05,5.582938116602543e-07,0.0003960132598876953,68,elitismo,200,10,2
4.99910146621073e-05,4.8851402191173036e-05,4.941798087818514e-05,5.666522259098546e-07,0.0003960132598876953,69,elitismo,200,10,2
4.99910146621073e-05,4.8851402191173036e-05,4.952871457682353e-05,5.531488100780587e-07,0.0003941059112548828,70,elitismo,200,10,2
4.99910146621073e-05,4.8851402191173036e-05,4.9639448275461934e-05,5.16070308218438e-07,0.000392913818359375,71,elitismo,200,10,2
4.99910146621073e-05,4.8851402191173036e-05,4.9639448275461934e-05,5.16070308218438e-07,0.00039505958557128906,72,elitismo,200,10,2
4.99910146621073e-05,4.8851402191173036e-05,4.959146964418383e-05,5.09620674776961e-07,0.00039696693420410156,73,elitismo,200,10,2
4.99910146621073e-05,4.8851402191173036e-05,4.9759864619465416e-05,4.5433153672041156e-07,0.0004029273986816406,74,elitismo,200,10,2
4.99910146621073e-05,4.8851402191173036e-05,4.976309216792045e-05,4.558449883737054e-07,0.00040602684020996094,75,elitismo,200,10,2
4.99910146621073e-05,4.904926159221038e-05,4.989683935511761e-05,2.825259209690754e-07,0.0003991127014160156,76,elitismo,200,10,2
4.99910146621073e-05,4.7641973789324845e-05,4.94583640230852e-05,8.781713957555317e-07,0.0003972053527832031,77,elitismo,200,10,2
4.99910146621073e-05,4.847940747552061e-05,4.97919680747979e-05,4.6022456355444554e-07,0.00039386749267578125,78,elitismo,200,10,2
4.99910146621073e-05,4.847940747552061e-05,4.983985394344863e-05,4.534821559760063e-07,0.00039505958557128906,79,elitismo,200,10,2
4.99910146621073e-05,4.99910146621073e-05,4.9991014662107306e-05,0.0,0.0003941059112548828,80,elitismo,200,10,2
4.99910146621073e-05,4.99910146621073e-05,4.9991014662107306e-05,0.0,0.00040078163146972656,81,elitismo,200,10,2
4.99910146621073e-05,4.99910146621073e-05,4.9991014662107306e-05,0.0,0.0004019737243652344,82,elitismo,200,10,2
4.99910146621073e-05,4.99910146621073e-05,4.9991014662107306e-05,0.0,0.00040602684020996094,83,elitismo,200,10,2
4.99910146621073e-05,4.99910146621073e-05,4.9991014662107306e-05,0.0,0.0004069805145263672,84,elitismo,200,10,2
4.99910146621073e-05,4.99910146621073e-05,4.9991014662107306e-05,0.0,0.0003960132598876953,85,elitismo,200,10,2
4.99910146621073e-05,4.905318993280958e-05,4.9807308646731436e-05,3.675133427013253e-07,0.00039696693420410156,86,elitismo,200,10,2
4.99910146621073e-05,4.903541583841101e-05,4.966521235324197e-05,4.1508016213428933e-07,0.0003979206085205078,87,elitismo,200,10,2
4.99910146621073e-05,4.802184416921045e-05,4.955821884639838e-05,6.308940287506894e-07,0.0004067420959472656,88,elitismo,200,10,2
4.99910146621073e-05,4.831014378770249e-05,4.9587048808247596e-05,5.629569514239009e-07,0.0003991127014160156,89,elitismo,200,10,2
4.99910146621073e-05,4.491016663374822e-05,4.9382139176064386e-05,1.5038504315026535e-06,0.00040602684020996094,90,elitismo,200,10,2
4.99910146621073e-05,4.474929493678055e-05,4.918281764014431e-05,1.5750943718829556e-06,0.00040221214294433594,91,elitismo,200,10,2
4.99910146621073e-05,4.3512935349775544e-05,4.864282057192374e-05,2.1261959029997808e-06,0.00039505958557128906,92,elitismo,200,10,2
4.99910146621073e-05,4.783582162005457e-05,4.9633734726987195e-05,7.333467921696701e-07,0.00041794776916503906,93,elitismo,200,10,2
4.99910146621073e-05,4.705929290520316e-05,4.919880192038194e-05,1.0480006928610288e-06,0.0004367828369140625,94,elitismo,200,10,2
4.99910146621073e-05,4.783582162005457e-05,4.9633734726987195e-05,7.333467921696701e-07,0.0003979206085205078,95,elitismo,200,10,2
4.99910146621073e-05,4.8573408352958934e-05,4.970749340027763e-05,5.67042523659346e-07,0.0003898143768310547,96,elitismo,200,10,2
4.99910146621073e-05,4.8573408352958934e-05,4.9691542017214066e-05,5.243729578075766e-07,0.00038909912109375,97,elitismo,200,10,2
4.99910146621073e-05,4.99910146621073e-05,4.9991014662107306e-05,0.0,0.00038695335388183594,98,elitismo,200,10,2
4.99910146621073e-05,4.800763995555171e-05,4.9792677191451746e-05,5.95012411966677e-07,0.00038909912109375,99,elitismo,200,10,2
4.99910146621073e-05,4.828919792338875e-05,4.982083298823545e-05,5.10545021615565e-07,0.00039005279541015625,100,elitismo,200,10,2
4.99910146621073e-05,4.828919792338875e-05,4.948046964049173e-05,7.79870402412064e-07,0.00039386749267578125,101,elitismo,200,10,2
4.99910146621073e-05,4.828919792338875e-05,4.9682727805288275e-05,5.641622389414355e-07,0.0003910064697265625,102,elitismo,200,10,2
4.99910146621073e-05,4.8330186006229726e-05,4.977409375025097e-05,5.046043696817163e-07,0.0003960132598876953,103,elitismo,200,10,2
4.99910146621073e-05,4.751788104484286e-05,4.959118716157515e-05,7.275384300191406e-07,0.0003960132598876953,104,elitismo,200,10,2
4.99910146621073e-05,4.948263419942161e-05,4.994017661583873e-05,1.5251413880570746e-07,0.00039076805114746094,105,elitismo,200,10,2
4.99910146621073e-05,4.99910146621073e-05,4.9991014662107306e-05,0.0,0.00039196014404296875,106,elitismo,200,10,2
4.99910146621073e-05,4.898939223620266e-05,4.9890852419516834e-05,3.0048672777139195e-07,0.00039577484130859375,107,elitismo,200,10,2
4.99910146621073e-05,4.898939223620266e-05,4.9890852419516834e-05,3.0048672777139195e-07,0.00039315223693847656,108,elitismo,200,10,2
4.99910146621073e-05,4.99910146621073e-05,4.9991014662107306e-05,0.0,0.00039196014404296875,109,elitismo,200,10,2
4.99910146621073e-05,4.99910146621073e-05,4.9991014662107306e-05,0.0,0.00039505958557128906,110,elitismo,200,10,2
4.99910146621073e-05,4.913368549240392e-05,4.9905281745136963e-05,2.571987509110135e-07,0.0003979206085205078,111,elitismo,200,10,2
4.99910146621073e-05,4.7909839556658676e-05,4.9697164234592094e-05,6.482917851750641e-07,0.000392913818359375,112,elitismo,200,10,2
4.99910146621073e-05,4.7909839556658676e-05,4.9697164234592094e-05,6.482917851750641e-07,0.00039505958557128906,113,elitismo,200,10,2
4.99910146621073e-05,4.579528567066171e-05,4.943776546114744e-05,1.2453178351847887e-06,0.0004029273986816406,114,elitismo,200,10,2
4.99910146621073e-05,4.791506212200329e-05,4.968753263840697e-05,6.203450001209224e-07,0.0003998279571533203,115,elitismo,200,10,2
4.99910146621073e-05,4.756732133310944e-05,4.930983782445717e-05,7.576706112925933e-07,0.00041484832763671875,116,elitismo,200,10,2
5.009475905404005e-05,4.768437569332905e-05,4.935743942841166e-05,7.311423415519821e-07,0.0003998279571533203,117,elitismo,200,10,2
5.009475905404005e-05,4.8898818612012654e-05,4.961389255943216e-05,3.9043122028096915e-07,0.0004131793975830078,118,elitismo,200,10,2
5.009475905404005e-05,4.8898818612012654e-05,4.9694251182454856e-05,4.307862252643427e-07,0.0004038810729980469,119,elitismo,200,10,2
5.009475905404005e-05,4.8898818612012654e-05,4.983470809614609e-05,4.205696611524264e-07,0.0004048347473144531,120,elitismo,200,10,2
5.009475905404005e-05,4.8898818612012654e-05,4.983270976100414e-05,4.193750612950288e-07,0.0004010200500488281,121,elitismo,200,10,2
5.009475905404005e-05,4.7566909930529855e-05,4.929041391969803e-05,7.951984193147843e-07,0.0003991127014160156,122,elitismo,200,10,2
5.009475905404005e-05,4.6293344673792897e-05,4.8997044282927665e-05,1.3376711903974842e-06,0.00040912628173828125,123,elitismo,200,10,2
5.009475905404005e-05,4.541334770947956e-05,4.887948106698176e-05,1.5534193147030992e-06,0.0004010200500488281,124,elitismo,200,10,2
5.01638252690565e-05,4.536934270518496e-05,4.789494932215791e-05,2.079592661447415e-06,0.00039696693420410156,125,elitismo,200,10,2
5.01638252690565e-05,4.414473377961865e-05,4.8066625229970495e-05,2.5328707590331968e-06,0.0004050731658935547,126,elitismo,200,10,2
5.01638252690565e-05,4.536934270518496e-05,4.922419372470694e-05,1.5551661309542086e-06,0.00039696693420410156,127,elitismo,200,10,2
5.01638252690565e-05,4.536934270518496e-05,4.924491358921187e-05,1.5670416127314366e-06,0.0003941059112548828,128,elitismo,200,10,2
5.01638252690565e-05,4.536934270518496e-05,4.966365714816442e-05,1.4317713501069606e-06,0.000392913818359375,129,elitismo,200,10,2
5.01638252690565e-05,5.009475905404005e-05,5.0156918647554855e-05,2.071986450493502e-08,0.00039386749267578125,130,elitismo,200,10,2
5.01638252690565e-05,5.009475905404005e-05,5.0156918647554855e-05,2.071986450493502e-08,0.00039577484130859375,131,elitismo,200,10,2
5.01638252690565e-05,4.664876970084735e-05,4.980541309073394e-05,1.052415929846924e-06,0.000408172607421875,132,elitismo,200,10,2
5.01638252690565e-05,4.4506634834173494e-05,4.909379939126719e-05,1.8609390984211348e-06,0.00039505958557128906,133,elitismo,200,10,2
5.01638252690565e-05,4.659363746245063e-05,4.9659518434755487e-05,1.0739385282200126e-06,0.0004150867462158203,134,elitismo,200,10,2
5.01638252690565e-05,4.35512356755954e-05,4.909749979802405e-05,2.1266998684095657e-06,0.0003979206085205078,135,elitismo,200,10,2
5.01638252690565e-05,4.977793025006214e-05,5.00676809900499e-05,1.4781799364155155e-07,0.0003960132598876953,136,elitismo,200,10,2
5.01638252690565e-05,4.957010140210738e-05,5.002727387856271e-05,2.153776077257044e-07,0.0004019737243652344,137,elitismo,200,10,2
5.01638252690565e-05,4.957010140210738e-05,5.006586338046216e-05,2.013597973032256e-07,0.00039887428283691406,138,elitismo,200,10,2
5.01638252690565e-05,4.845906161240548e-05,4.983829001079177e-05,5.05689103787569e-07,0.00040411949157714844,139,elitismo,200,10,2
5.01638252690565e-05,4.821955601993292e-05,4.9490891872291354e-05,7.212776286362528e-07,0.000396728515625,140,elitismo,200,10,2
5.01638252690565e-05,4.71546333259403e-05,4.941467983822526e-05,1.0656416490322751e-06,0.00040030479431152344,141,elitismo,200,10,2
5.01638252690565e-05,4.585040631852471e-05,4.917749989737509e-05,1.456433153527907e-06,0.00042700767517089844,142,elitismo,200,10,2
5.01638252690565e-05,4.585040631852471e-05,4.942842784023031e-05,1.3869309882391578e-06,0.0004038810729980469,143,elitismo,200,10,2
5.01638252690565e-05,4.7802180254463124e-05,4.979947765475789e-05,7.123417760299498e-07,0.00039315223693847656,144,elitismo,200,10,2
5.01638252690565e-05,4.7887449676206885e-05,4.987366506599314e-05,6.858547545914182e-07,0.00038313865661621094,145,elitismo,200,10,2
5.01638252690565e-05,4.7887449676206885e-05,4.987589562924596e-05,6.867579313206002e-07,0.00038814544677734375,146,elitismo,200,10,2
5.01638252690565e-05,4.545910244682889e-05,4.94736623367913e-05,1.381318381623104e-06,0.0003838539123535156,147,elitismo,200,10,2
5.01638252690565e-05,4.545910244682889e-05,4.934380944981953e-05,1.3634134318443744e-06,0.0003876686096191406,148,elitismo,200,10,2
5.01638252690565e-05,4.545910244682889e-05,4.9292401370084e-05,1.3820873134413382e-06,0.00039386749267578125,149,elitismo,200,10,2
5.01638252690565e-05,4.545910244682889e-05,4.925431348496159e-05,1.3585557200714643e-06,0.00038909912109375,150,elitismo,200,10,2
5.01638252690565e-05,4.545910244682889e-05,4.939219767579133e-05,1.3845723618032645e-06,0.0003859996795654297,151,elitismo,200,10,2
5.01638252690565e-05,4.5054395437166436e-05,4.896719046924736e-05,2.0133416391424432e-06,0.00040411949157714844,152,elitismo,200,10,2
5.01638252690565e-05,4.507591277380858e-05,4.899740911514887e-05,1.9350121189842402e-06,0.00038695335388183594,153,elitismo,200,10,2
5.01638252690565e-05,4.497317231640411e-05,4.864546960976579e-05,2.215054224847726e-06,0.0003898143768310547,154,elitismo,200,10,2
5.01638252690565e-05,5.003529922784876e-05,5.015097266493572e-05,3.8557812362322366e-08,0.0003879070281982422,155,elitismo,200,10,2
5.01638252690565e-05,5.01638252690565e-05,5.016382526905651e-05,0.0,0.0004131793975830078,156,elitismo,200,10,2
5.01638252690565e-05,5.01638252690565e-05,5.016382526905651e-05,0.0,0.00039887428283691406,157,elitismo,200,10,2
5.01638252690565e-05,4.911629169261699e-05,5.005907191141255e-05,3.142600729318542e-07,0.00038814544677734375,158,elitismo,200,10,2
5.01638252690565e-05,4.911629169261699e-05,5.005907191141255e-05,3.142600729318542e-07,0.0003867149353027344,159,elitismo,200,10,2
5.01638252690565e-05,5.01638252690565e-05,5.016382526905651e-05,0.0,0.0003991127014160156,160,elitismo,200,10,2
5.01638252690565e-05,5.01638252690565e-05,5.016382526905651e-05,0.0,0.0003986358642578125,161,elitismo,200,10,2
5.01638252690565e-05,5.01638252690565e-05,5.016382526905651e-05,0.0,0.0003910064697265625,162,elitismo,200,10,2
5.01638252690565e-05,5.01638252690565e-05,5.016382526905651e-05,0.0,0.00039196014404296875,163,elitismo,200,10,2
5.01638252690565e-05,4.8023253193872414e-05,4.994976806153809e-05,6.421716225552266e-07,0.0004050731658935547,164,elitismo,200,10,2
5.01638252690565e-05,4.701577007585812e-05,4.9849019749736667e-05,9.444165579595154e-07,0.0004038810729980469,165,elitismo,200,10,2
5.01638252690565e-05,4.701577007585812e-05,4.953421423041683e-05,1.2592220772793537e-06,0.0004131793975830078,166,elitismo,200,10,2
5.01638252690565e-05,4.53826115657613e-05,4.932351546045505e-05,1.7004953752964445e-06,0.00043511390686035156,167,elitismo,200,10,2
5.01638252690565e-05,4.5439426830246606e-05,4.9169833524403e-05,1.721912651144194e-06,0.0004000663757324219,168,elitismo,200,10,2
5.01638252690565e-05,4.6212699136626566e-05,4.9405010954904375e-05,1.519253066647191e-06,0.0004131793975830078,169,elitismo,200,10,2
5.01638252690565e-05,4.6212699136626566e-05,4.976871265581351e-05,1.185337839728981e-06,0.00038504600524902344,170,elitismo,200,10,2
5.01638252690565e-05,4.978462351217373e-05,5.0125905093368226e-05,1.137605270648312e-07,0.00038814544677734375,171,elitismo,200,10,2
5.01638252690565e-05,4.742098942105774e-05,4.9626401269649834e-05,9.181841999912425e-07,0.0003857612609863281,172,elitismo,200,10,2
5.01638252690565e-05,4.785751128213458e-05,4.9757150450113717e-05,8.224578228701354e-07,0.0003871917724609375,173,elitismo,200,10,2
5.01638252690565e-05,4.829082463675412e-05,4.9318114315236006e-05,8.573535554049133e-07,0.00040984153747558594,174,elitismo,200,10,2
5.01638252690565e-05,4.781239034661486e-05,4.9518093716169844e-05,9.506214409121761e-07,0.00039315223693847656,175,elitismo,200,10,2
5.01638252690565e-05,4.8131893728060515e-05,4.9753237208414006e-05,7.740434014481244e-07,0.00039505958557128906,176,elitismo,200,10,2
5.01638252690565e-05,4.804760389149255e-05,4.9374409850740035e-05,9.69104453431393e-07,0.0003991127014160156,177,elitismo,200,10,2
5.01638252690565e-05,4.829082463675412e-05,4.9929634856487614e-05,5.638750181842905e-07,0.00039505958557128906,178,elitismo,200,10,2
5.01638252690565e-05,4.829082463675412e-05,4.9835854157810304e-05,5.56065853007963e-07,0.00039696693420410156,179,elitismo,200,10,2
5.01638252690565e-05,4.95053591703718e-05,5.0004197960510734e-05,2.48698572372568e-07,0.0004000663757324219,180,elitismo,200,10,2
5.01638252690565e-05,4.9315805670178844e-05,5.003187835461926e-05,2.770021717844033e-07,0.00040411949157714844,181,elitismo,200,10,2
5.01638252690565e-05,4.6119120958317645e-05,4.962384963677467e-05,1.1878573922413126e-06,0.00039196014404296875,182,elitismo,200,10,2
5.01638252690565e-05,4.9558447780043786e-05,5.0008997611056284e-05,2.3901782679947674e-07,0.0003941059112548828,183,elitismo,200,10,2
5.018109554447706e-05,4.918061351236131e-05,4.997294121183008e-05,3.235994029319308e-07,0.00039505958557128906,184,elitismo,200,10,2
5.023844983482871e-05,4.918061351236131e-05,5.000523309636949e-05,3.164530062464502e-07,0.0003972053527832031,185,elitismo,200,10,2
5.023844983482871e-05,4.918061351236131e-05,4.995578390279151e-05,3.955839569794865e-07,0.00039505958557128906,186,elitismo,200,10,2
5.023844983482871e-05,4.918061351236131e-05,4.9981977416072986e-05,2.955842213037623e-07,0.00040411949157714844,187,elitismo,200,10,2
5.023844983482871e-05,4.918061351236131e-05,5.004671446502818e-05,3.10332783188793e-07,0.0004210472106933594,188,elitismo,200,10,2
5.023844983482871e-05,4.918061351236131e-05,5.00581853230985e-05,3.1609443405503486e-07,0.00040912628173828125,189,elitismo,200,10,2
5.023844983482871e-05,4.7411450673796896e-05,4.985549945757066e-05,8.262247615849932e-07,0.0004088878631591797,190,elitismo,200,10,2
5.023844983482871e-05,4.4748059910893425e-05,4.958916038128032e-05,1.6195577419921283e-06,0.0004150867462158203,191,elitismo,200,10,2
5.023844983482871e-05,4.9923399727763045e-05,5.0106694362967275e-05,1.5057249111833364e-07,0.0004088878631591797,192,elitismo,200,10,2
5.023844983482871e-05,4.9923399727763045e-05,5.011242979200244e-05,1.5434240114401793e-07,0.0003972053527832031,193,elitismo,200,10,2
5.023844983482871e-05,4.289779329676302e-05,4.9441374159609006e-05,2.1847300801129017e-06,0.0003960132598876953,194,elitismo,200,10,2
5.023844983482871e-05,4.9590775887723405e-05,5.0110672418705047e-05,2.132425850928332e-07,0.0003960132598876953,195,elitismo,200,10,2
5.023844983482871e-05,4.9590775887723405e-05,5.0012642639990554e-05,2.91172166051669e-07,0.0003972053527832031,196,elitismo,200,10,2
5.023844983482871e-05,4.9590775887723405e-05,5.014217742941162e-05,2.0641084062449694e-07,0.0003960132598876953,197,elitismo,200,10,2
5.023844983482871e-05,4.9923399727763045e-05,5.0206944824122145e-05,9.451503211969966e-08,0.0003998279571533203,198,elitismo,200,10,2
5.023844983482871e-05,5.023844983482871e-05,5.023844983482872e-05,0.0,0.0003979206085205078,199,elitismo,200,10,2
5.023844983482871e-05,5.023844983482871e-05,5.023844983482872e-05,0.0,0.0003941059112548828,200,elitismo,200,10,2
4.595300480038008e-05,4.160482217470929e-05,4.313881167163746e-05,1.397389208075891e-06,0.0004191398620605469,1,elitismo,200,10,3
4.669410898323101e-05,4.148191412906604e-05,4.421045295759271e-05,1.7056138216905867e-06,0.0004241466522216797,2,elitismo,200,10,3
4.75292027085769e-05,4.207333205291597e-05,4.512552036139385e-05,1.6774764006884338e-06,0.0004017353057861328,3,elitismo,200,10,3
4.8716197476631516e-05,4.393364405099086e-05,4.6237817519882436e-05,1.2445250342257295e-06,0.00040078163146972656,4,elitismo,200,10,3
4.8716197476631516e-05,4.342418220360228e-05,4.584535696490072e-05,1.785878861201111e-06,0.0003998279571533203,5,elitismo,200,10,3
4.8716197476631516e-05,4.393364405099086e-05,4.68623726595795e-05,1.55433804634929e-06,0.00040078163146972656,6,elitismo,200,10,3
4.8716197476631516e-05,4.290576323352136e-05,4.681581997270667e-05,1.6809390827322163e-06,0.0004086494445800781,7,elitismo,200,10,3
4.8716197476631516e-05,4.290576323352136e-05,4.691819760687905e-05,1.9276970971294158e-06,0.0004038810729980469,8,elitismo,200,10,3
4.91908463605521e-05,4.393059182144633e-05,4.785662713024871e-05,1.5590187601116191e-06,0.0004329681396484375,9,elitismo,200,10,3
4.91908463605521e-05,4.393059182144633e-05,4.7658854505438166e-05,1.8950577845453035e-06,0.00040793418884277344,10,elitismo,200,10,3
4.91908463605521e-05,4.600221676824881e-05,4.8419282234013204e-05,9.308574160576537e-07,0.0003998279571533203,11,elitismo,200,10,3
4.91908463605521e-05,4.776772400503288e-05,4.8611375298351274e-05,5.951202005364049e-07,0.0004589557647705078,12,elitismo,200,10,3
4.992126822584396e-05,4.711793805556026e-05,4.8708339348545515e-05,8.712570580853802e-07,0.00041294097900390625,13,elitismo,200,10,3
4.992126822584396e-05,4.585600067527966e-05,4.856488838322235e-05,1.106094583670968e-06,0.0004031658172607422,14,elitismo,200,10,3
4.992126822584396e-05,4.789584703363492e-05,4.8945148965061925e-05,5.491512985609028e-07,0.0003991127014160156,15,elitismo,200,10,3
4.992126822584396e-05,4.770691578625069e-05,4.9370371415514904e-05,6.435544747613281e-07,0.00038695335388183594,16,elitismo,200,10,3
4.992126822584396e-05,4.381512857346777e-05,4.9006949836528804e-05,1.7691992904449776e-06,0.0003871917724609375,17,elitismo,200,10,3
4.992126822584396e-05,4.381512857346777e-05,4.921902847906713e-05,1.821896353228034e-06,0.00038909912109375,18,elitismo,200,10,3
4.992126822584396e-05,4.951984930804791e-05,4.988112633406435e-05,1.2042567533881398e-07,0.0003898143768310547,19,elitismo,200,10,3
4.992126822584396e-05,4.951984930804791e-05,4.9840984442284754e-05,1.6056756711841865e-07,0.0003948211669921875,20,elitismo,200,10,3
4.992126822584396e-05,4.872800834168778e-05,4.976180034564874e-05,3.6478846617750843e-07,0.00039196014404296875,21,elitismo,200,10,3
4.992126822584396e-05,4.992126822584396e-05,4.992126822584396e-05,0.0,0.0003871917724609375,22,elitismo,200,10,3
4.992126822584396e-05,4.992126822584396e-05,4.992126822584396e-05,0.0,0.0003898143768310547,23,elitismo,200,10,3
4.992126822584396e-05,4.848709492630035e-05,4.9777850895889604e-05,4.30251989863082e-07,0.0003921985626220703,24,elitismo,200,10,3
4.992126822584396e-05,4.992126822584396e-05,4.992126822584396e-05,0.0,0.0003910064697265625,25,elitismo,200,10,3
4.992126822584396e-05,4.992126822584396e-05,4.992126822584396e-05,0.0,0.00040602684020996094,26,elitismo,200,10,3
4.992126822584396e-05,4.909163753629787e-05,4.983830515688935e-05,2.488892068638265e-07,0.0003981590270996094,27,elitismo,200,10,3
4.992126822584396e-05,4.454907125762169e-05,4.8386477076515466e-05,2.0907686909877117e-06,0.0003943443298339844,28,elitismo,200,10,3
4.992126822584396e-05,4.4798218093978966e-05,4.826390540522601e-05,1.6609900835259947e-06,0.0003960132598876953,29,elitismo,200,10,3
4.992126822584396e-05,4.8602941738109e-05,4.939393763074998e-05,6.458454418692328e-07,0.0003941059112548828,30,elitismo,200,10,3
4.992126822584396e-05,4.8602941738109e-05,4.965760292829697e-05,5.27330595093985e-07,0.00039196014404296875,31,elitismo,200,10,3
4.992126822584396e-05,4.512776003365423e-05,4.860207389991106e-05,1.6911711882132694e-06,0.00039196014404296875,32,elitismo,200,10,3
4.992126822584396e-05,4.7547397997082696e-05,4.9195201617697864e-05,8.823236534863986e-07,0.00043392181396484375,33,elitismo,200,10,3
4.992126822584396e-05,4.516021924431988e-05,4.8746273367733205e-05,1.4565891239615323e-06,0.00040411949157714844,34,elitismo,200,10,3
4.992126822584396e-05,4.463176992627776e-05,4.881214658822219e-05,1.564086200709361e-06,0.0003941059112548828,35,elitismo,200,10,3
4.992126822584396e-05,4.518256709941065e-05,4.871727584653788e-05,1.3757566930456959e-06,0.0004260540008544922,36,elitismo,200,10,3
4.992126822584396e-05,4.7620271870216425e-05,4.918019544835303e-05,8.053078071682948e-07,0.0003948211669921875,37,elitismo,200,10,3
4.992126822584396e-05,4.684956421801788e-05,4.8909815674389044e-05,9.76666625375325e-07,0.0004010200500488281,38,elitismo,200,10,3
4.992126822584396e-05,4.684956421801788e-05,4.897160012809792e-05,1.1452936934068652e-06,0.000392913818359375,39,elitismo,200,10,3
4.992126822584396e-05,4.228606167655042e-05,4.830138041400249e-05,2.405092474069915e-06,0.0003840923309326172,40,elitismo,200,10,3
5.003278640828653e-05,4.850254117818016e-05,4.957579034269118e-05,5.529237198297922e-07,0.00038123130798339844,41,elitismo,200,10,3
5.003278640828653e-05,4.850254117818016e-05,4.961733229036058e-05,4.4313283111288855e-07,0.00039124488830566406,42,elitismo,200,10,3
5.003278640828653e-05,4.403200114569167e-05,4.917027828711173e-05,1.7296895390128573e-06,0.00039124488830566406,43,elitismo,200,10,3
5.003278640828653e-05,4.946035105783018e-05,4.9827600348416856e-05,2.448147084539058e-07,0.00039124488830566406,44,elitismo,200,10,3
5.003278640828653e-05,4.946035105783018e-05,4.995323923675238e-05,1.7008154382290824e-07,0.0003879070281982422,45,elitismo,200,10,3
5.003278640828653e-05,4.946035105783018e-05,4.9930935600263866e-05,1.6543626554192007e-07,0.0003898143768310547,46,elitismo,200,10,3
5.003278640828653e-05,4.434760864241759e-05,4.943081317696687e-05,1.6951353170859865e-06,0.000392913818359375,47,elitismo,200,10,3
5.003278640828653e-05,4.5062644706176327e-05,4.950231678334274e-05,1.4807308068727662e-06,0.00039386749267578125,48,elitismo,200,10,3
5.003278640828653e-05,4.5062644706176327e-05,4.944537239744906e-05,1.485562837994477e-06,0.00039505958557128906,49,elitismo,200,10,3
5.003278640828653e-05,4.5062644706176327e-05,4.903875806786449e-05,1.988056680844082e-06,0.0003960132598876953,50,elitismo,200,10,3
5.003278640828653e-05,4.5062644706176327e-05,4.903875806786449e-05,1.988056680844082e-06,0.0004069805145263672,51,elitismo,200,10,3
5.0334141913296926e-05,4.204358643012436e-05,4.8792591955962e-05,2.6600760875958605e-06,0.0004107952117919922,52,elitismo,200,10,3
5.0334141913296926e-05,4.0891046108344334e-05,4.9192904089270685e-05,2.7715664734161576e-06,0.00039505958557128906,53,elitismo,200,10,3
5.0334141913296926e-05,4.0891046108344334e-05,4.829484499980121e-05,3.7041986103757356e-06,0.00039005279541015625,54,elitismo,200,10,3
5.0334141913296926e-05,4.0891046108344334e-05,4.9269290130797505e-05,2.7963588066661197e-06,0.0003948211669921875,55,elitismo,200,10,3
5.0334141913296926e-05,5.003278640828653e-05,5.024373526179381e-05,1.3809844128017783e-07,0.0003902912139892578,56,elitismo,200,10,3
5.0334141913296926e-05,5.003278640828653e-05,5.030400636279589e-05,9.040665150311845e-08,0.000392913818359375,57,elitismo,200,10,3
5.0334141913296926e-05,5.0334141913296926e-05,5.0334141913296926e-05,0.0,0.0003979206085205078,58,elitismo,200,10,3
5.0334141913296926e-05,4.531206950281969e-05,4.955558368180984e-05,1.6369688173448875e-06,0.00042700767517089844,59,elitismo,200,10,3
5.0334141913296926e-05,4.3064197145306786e-05,4.877927551862632e-05,2.2722669057905248e-06,0.0004286766052246094,60,elitismo,200,10,3
5.0334141913296926e-05,4.823534861797637e-05,5.012426258376487e-05,6.296379885961658e-07,0.0004017353057861328,61,elitismo,200,10,3
5.0334141913296926e-05,5.0334141913296926e-05,5.0334141913296926e-05,0.0,0.00039696693420410156,62,elitismo,200,10,3
5.0334141913296926e-05,4.9162335126627676e-05,5.021696123463e-05,3.515420360007751e-07,0.0004029273986816406,63,elitismo,200,10,3
5.0334141913296926e-05,4.902373426271374e-05,5.0085920469571683e-05,4.974093389493819e-07,0.00038623809814453125,64,elitismo,200,10,3
5.0334141913296926e-05,4.902373426271374e-05,5.0072060383180285e-05,5.241630602332734e-07,0.0003840923309326172,65,elitismo,200,10,3
5.0334141913296926e-05,4.7801422705500734e-05,5.008086999251731e-05,7.598157623388576e-07,0.0003838539123535156,66,elitismo,200,10,3
5.0334141913296926e-05,5.0334141913296926e-05,5.0334141913296926e-05,0.0,0.00038504600524902344,67,elitismo,200,10,3
5.0334141913296926e-05,5.0334141913296926e-05,5.0334141913296926e-05,0.0,0.0004038810729980469,68,elitismo,200,10,3
5.0334141913296926e-05,5.0334141913296926e-05,5.0334141913296926e-05,0.0,0.0004019737243652344,69,elitismo,200,10,3
5.0334141913296926e-05,5.013767745648509e-05,5.031449546761574e-05,5.8939337043549955e-08,0.0003941059112548828,70,elitismo,200,10,3
5.0334141913296926e-05,5.013767745648509e-05,5.031449546761574e-05,5.8939337043549955e-08,0.0003991127014160156,71,elitismo,200,10,3
5.0334141913296926e-05,4.782124951519449e-05,4.974259924081122e-05,9.593737010030365e-07,0.0003960132598876953,72,elitismo,200,10,3
5.0334141913296926e-05,4.8016874847756286e-05,5.008276876106168e-05,6.911179580348675e-07,0.0003902912139892578,73,elitismo,200,10,3
5.0334141913296926e-05,4.8016874847756286e-05,4.983139560882644e-05,9.104455725122729e-07,0.00039196014404296875,74,elitismo,200,10,3
5.0334141913296926e-05,5.013767745648509e-05,5.029484902193456e-05,7.858578272473328e-08,0.0004181861877441406,75,elitismo,200,10,3
5.0334141913296926e-05,4.600084318919537e-05,4.9881165595205583e-05,1.2947664139749172e-06,0.0003921985626220703,76,elitismo,200,10,3
5.0334141913296926e-05,4.600084318919537e-05,4.894979166847827e-05,1.757624365668249e-06,0.0003941059112548828,77,elitismo,200,10,3
5.0334141913296926e-05,4.53404025983378e-05,4.947068273428104e-05,1.676544626155906e-06,0.00039386749267578125,78,elitismo,200,10,3
5.0334141913296926e-05,4.53404025983378e-05,4.927645471326155e-05,1.9698638889202787e-06,0.00039196014404296875,79,elitismo,200,10,3
5.0334141913296926e-05,4.53404025983378e-05,4.927645471326155e-05,1.9698638889202787e-06,0.0003962516784667969,80,elitismo,200,10,3
5.0334141913296926e-05,4.53404025983378e-05,4.89575034694146e-05,2.043699169268742e-06,0.0003979206085205078,81,elitismo,200,10,3
5.0334141913296926e-05,4.53404025983378e-05,4.797343695238773e-05,2.3129044281538164e-06,0.00039505958557128906,82,elitismo,200,10,3
5.0334141913296926e-05,4.499514322213113e-05,4.8557934229124836e-05,2.2439898916906816e-06,0.00039505958557128906,83,elitismo,200,10,3
5.0334141913296926e-05,4.499514322213113e-05,4.957632853779785e-05,1.6201163420581538e-06,0.0003991127014160156,84,elitismo,200,10,3
5.0334141913296926e-05,4.499514322213113e-05,4.9800242044180344e-05,1.6016996073497397e-06,0.00039315223693847656,85,elitismo,200,10,3
5.0334141913296926e-05,5.0334141913296926e-05,5.0334141913296926e-05,0.0,0.0003972053527832031,86,elitismo,200,10,3
5.0334141913296926e-05,5.0334141913296926e-05,5.0334141913296926e-05,0.0,0.00039696693420410156,87,elitismo,200,10,3
5.0334141913296926e-05,4.816699422488118e-05,5.011742714445535e-05,6.501443065247235e-07,0.00039386749267578125,88,elitismo,200,10,3
5.0334141913296926e-05,4.631966918736642e-05,4.977898243407231e-05,1.2408350027406996e-06,0.0003921985626220703,89,elitismo,200,10,3
5.0334141913296926e-05,4.8797019846981196e-05,5.018042970666535e-05,4.61136619894719e-07,0.0003972053527832031,90,elitismo,200,10,3
5.0334141913296926e-05,4.800976401888404e-05,4.9947991917224066e-05,7.921084930815543e-07,0.0003981590270996094,91,elitismo,200,10,3
5.0334141913296926e-05,4.723332949516026e-05,4.955918509260068e-05,1.2006215933883918e-06,0.0003998279571533203,92,elitismo,200,10,3
5.0334141913296926e-05,4.7788620663188186e-05,4.908422765621154e-05,1.135703848422888e-06,0.0004191398620605469,93,elitismo,200,10,3
5.0334141913296926e-05,4.800976401888404e-05,4.9113358306293045e-05,1.046146708758713e-06,0.0003981590270996094,94,elitismo,200,10,3
5.0334141913296926e-05,4.7928486438483426e-05,4.922469777597048e-05,1.1238405419225935e-06,0.00039386749267578125,95,elitismo,200,10,3
5.0334141913296926e-05,4.7928486438483426e-05,4.9861138576374296e-05,9.461812348665521e-07,0.0003962516784667969,96,elitismo,200,10,3
5.0334141913296926e-05,4.7928486438483426e-05,5.009357636581558e-05,7.216966424440501e-07,0.00039196014404296875,97,elitismo,200,10,3
5.0334141913296926e-05,5.0334141913296926e-05,5.0334141913296926e-05,0.0,0.00039505958557128906,98,elitismo,200,10,3
5.0334141913296926e-05,4.826962748602911e-05,5.012769047057015e-05,6.193543281803456e-07,0.0003979206085205078,99,elitismo,200,10,3
5.0334141913296926e-05,5.0334141913296926e-05,5.0334141913296926e-05,0.0,0.0003941059112548828,100,elitismo,200,10,3
5.0334141913296926e-05,4.8299258131349486e-05,5.0130653535102184e-05,6.104651345842322e-07,0.0003979206085205078,101,elitismo,200,10,3
5.0334141913296926e-05,4.809066768115054e-05,4.9906306111887547e-05,8.569418828988017e-07,0.0003979206085205078,102,elitismo,200,10,3
5.0334141913296926e-05,4.809066768115054e-05,4.990204049907752e-05,8.649989818746401e-07,0.0003979206085205078,103,elitismo,200,10,3
5.0334141913296926e-05,5.0334141913296926e-05,5.0334141913296926e-05,0.0,0.0003998279571533203,104,elitismo,200,10,3
5.0334141913296926e-05,4.857233356664092e-05,5.0157961078631325e-05,5.285425039968026e-07,0.0003981590270996094,105,elitismo,200,10,3
5.0334141913296926e-05,4.9086112964987866e-05,5.020933901846602e-05,3.7440868449271813e-07,0.0003972053527832031,106,elitismo,200,10,3
5.0334141913296926e-05,4.735794750595697e-05,4.9911719577732026e-05,9.290265394625708e-07,0.0004277229309082031,107,elitismo,200,10,3
5.0334141913296926e-05,4.6798345556398384e-05,4.875845283468742e-05,1.5850662475874886e-06,0.00040793418884277344,108,elitismo,200,10,3
5.0334141913296926e-05,4.6315641231996015e-05,4.844016261067956e-05,1.614887485287386e-06,0.00044083595275878906,109,elitismo,200,10,3
5.0334141913296926e-05,4.402296766449852e-05,4.8312043972121694e-05,1.9650507540078104e-06,0.00041294097900390625,110,elitismo,200,10,3
5.0334141913296926e-05,4.750986123287912e-05,4.961148619120712e-05,1.115538784826469e-06,0.0004208087921142578,111,elitismo,200,10,3
5.0334141913296926e-05,4.760515323676593e-05,4.9707959420442286e-05,1.0072121550317976e-06,0.0003848075866699219,112,elitismo,200,10,3
5.0334141913296926e-05,4.813300364305682e-05,5.011402808627292e-05,6.603414810720323e-07,0.0003859996795654297,113,elitismo,200,10,3
5.0334141913296926e-05,4.813300364305682e-05,4.9893914259248906e-05,8.804553080960431e-07,0.00039196014404296875,114,elitismo,200,10,3
5.0334141913296926e-05,4.813300364305682e-05,4.989329119251122e-05,7.695471885716607e-07,0.0003981590270996094,115,elitismo,200,10,3
5.0334141913296926e-05,4.868996052661354e-05,5.0113405019535244e-05,5.033154962016337e-07,0.0003948211669921875,116,elitismo,200,10,3
5.0334141913296926e-05,4.81966361352065e-05,5.0064072580394535e-05,6.44727595434924e-07,0.0003879070281982422,117,elitismo,200,10,3
5.0334141913296926e-05,4.869593514893524e-05,5.011400248176741e-05,5.01626148360057e-07,0.0003879070281982422,118,elitismo,200,10,3
5.0334141913296926e-05,4.977095436236344e-05,5.027782315820358e-05,1.6895626528004532e-07,0.00038695335388183594,119,elitismo,200,10,3
5.0334141913296926e-05,5.0334141913296926e-05,5.0334141913296926e-05,0.0,0.0003941059112548828,120,elitismo,200,10,3
5.0334141913296926e-05,5.0334141913296926e-05,5.0334141913296926e-05,0.0,0.0003960132598876953,121,elitismo,200,10,3
5.0334141913296926e-05,5.0334141913296926e-05,5.0334141913296926e-05,0.0,0.00039505958557128906,122,elitismo,200,10,3
5.0334141913296926e-05,5.0334141913296926e-05,5.0334141913296926e-05,0.0,0.0003960132598876953,123,elitismo,200,10,3
5.0334141913296926e-05,5.0334141913296926e-05,5.0334141913296926e-05,0.0,0.0004038810729980469,124,elitismo,200,10,3
5.0334141913296926e-05,4.868130216574449e-05,5.016885793854169e-05,4.958519242657309e-07,0.0003921985626220703,125,elitismo,200,10,3
5.0334141913296926e-05,4.868130216574449e-05,5.0015202773746905e-05,6.384080552852693e-07,0.0003941059112548828,126,elitismo,200,10,3
5.0334141913296926e-05,4.3067798166223307e-05,4.88863847345543e-05,2.2542055912407407e-06,0.00039196014404296875,127,elitismo,200,10,3
5.0334141913296926e-05,4.3065547439497625e-05,4.9066742269176815e-05,2.2491400792338336e-06,0.0003921985626220703,128,elitismo,200,10,3
5.0334141913296926e-05,4.3065547439497625e-05,4.922903146397502e-05,2.141144890135755e-06,0.0003979206085205078,129,elitismo,200,10,3
5.0334141913296926e-05,4.749238308144971e-05,4.9447119191023035e-05,9.108780851066505e-07,0.0003941059112548828,130,elitismo,200,10,3
5.0334141913296926e-05,4.749238308144971e-05,4.9257365167187124e-05,9.292221556602388e-07,0.0003960132598876953,131,elitismo,200,10,3
5.0334141913296926e-05,4.466895679259802e-05,4.955480138416978e-05,1.6592281201369045e-06,0.0003981590270996094,132,elitismo,200,10,3
5.0334141913296926e-05,4.962473518977274e-05,5.012131989623967e-05,3.250910009060195e-07,0.0003960132598876953,133,elitismo,200,10,3
5.0334141913296926e-05,4.856798453274289e-05,5.0015644830536686e-05,5.578013781248925e-07,0.0004107952117919922,134,elitismo,200,10,3
5.0334141913296926e-05,4.856798453274289e-05,4.9944704158184264e-05,5.578949668134293e-07,0.0003981590270996094,135,elitismo,200,10,3
5.0334141913296926e-05,4.9409444648437245e-05,5.0167221882129765e-05,3.2877525984784035e-07,0.00039505958557128906,136,elitismo,200,10,3
5.0334141913296926e-05,4.833788417719319e-05,4.983507116965661e-05,7.88175479974208e-07,0.00039887428283691406,137,elitismo,200,10,3
5.0334141913296926e-05,4.7805191193326423e-05,5.007422757664233e-05,7.564721160670724e-07,0.00039005279541015625,138,elitismo,200,10,3
5.0334141913296926e-05,5.0299045590009165e-05,5.032712264863938e-05,1.4038529315104405e-08,0.0003941059112548828,139,elitismo,200,10,3
5.0334141913296926e-05,4.870671585834366e-05,5.016087041081527e-05,4.849722347045445e-07,0.00039887428283691406,140,elitismo,200,10,3
5.0334141913296926e-05,5.0299045590009165e-05,5.03236130163106e-05,1.6083155808080627e-08,0.0003972053527832031,141,elitismo,200,10,3
5.0334141913296926e-05,4.810631148260442e-05,5.010433960557012e-05,6.66153205003965e-07,0.00039196014404296875,142,elitismo,200,10,3
5.0334141913296926e-05,4.810631148260442e-05,5.010433960557012e-05,6.66153205003965e-07,0.000392913818359375,143,elitismo,200,10,3
5.0334141913296926e-05,4.4963809142337317e-05,4.9793599003872195e-05,1.609963957778479e-06,0.0003921985626220703,144,elitismo,200,10,3
5.0334141913296926e-05,4.4963809142337317e-05,4.979710863620096e-05,1.6110998312878828e-06,0.00039505958557128906,145,elitismo,200,10,3
5.0334141913296926e-05,5.0334141913296926e-05,5.0334141913296926e-05,0.0,0.00039315223693847656,146,elitismo,200,10,3
5.0334141913296926e-05,4.993339423783285e-05,5.029406714575052e-05,1.2022430263922365e-07,0.0003933906555175781,147,elitismo,200,10,3
5.0334141913296926e-05,5.0334141913296926e-05,5.0334141913296926e-05,0.0,0.0003902912139892578,148,elitismo,200,10,3
5.0334141913296926e-05,5.0334141913296926e-05,5.0334141913296926e-05,0.0,0.00039196014404296875,149,elitismo,200,10,3
5.0334141913296926e-05,5.030110829685945e-05,5.033083855165317e-05,9.910084931243535e-09,0.0004100799560546875,150,elitismo,200,10,3
5.0334141913296926e-05,4.7990631228674704e-05,5.00587995393771e-05,6.967295378345623e-07,0.0003910064697265625,151,elitismo,200,10,3
5.0334141913296926e-05,4.7990631228674704e-05,5.006210290102086e-05,6.979477957450185e-07,0.00039076805114746094,152,elitismo,200,10,3
5.0334141913296926e-05,4.7990631228674704e-05,5.0099790844834704e-05,7.030532053866668e-07,0.00039696693420410156,153,elitismo,200,10,3
5.0334141913296926e-05,4.688207170998434e-05,4.9988934892965665e-05,1.0356210609937755e-06,0.00039505958557128906,154,elitismo,200,10,3
5.0334141913296926e-05,5.0334141913296926e-05,5.0334141913296926e-05,0.0,0.000392913818359375,155,elitismo,200,10,3
5.0334141913296926e-05,5.0334141913296926e-05,5.0334141913296926e-05,0.0,0.0004069805145263672,156,elitismo,200,10,3
5.0351819435502356e-05,5.0334141913296926e-05,5.033590966551747e-05,5.3032566616288396e-09,0.00040912628173828125,157,elitismo,200,10,3
5.0351819435502356e-05,5.0334141913296926e-05,5.033767741773801e-05,7.071008882171787e-09,0.0004286766052246094,158,elitismo,200,10,3
5.0351819435502356e-05,5.0334141913296926e-05,5.033944516995855e-05,8.100858360564324e-09,0.0003981590270996094,159,elitismo,200,10,3
5.0351819435502356e-05,5.0334141913296926e-05,5.03412129221791e-05,8.660181864004269e-09,0.0004000663757324219,160,elitismo,200,10,3
5.0351819435502356e-05,4.781128076985113e-05,5.009069456005506e-05,7.598502934829045e-07,0.00039887428283691406,161,elitismo,200,10,3
5.0351819435502356e-05,5.0334141913296926e-05,5.035005168328181e-05,5.3032566616288396e-09,0.00039505958557128906,162,elitismo,200,10,3
5.0351819435502356e-05,4.550597470223641e-05,4.9861931705514134e-05,1.4520071894920198e-06,0.0003838539123535156,163,elitismo,200,10,3
5.0351819435502356e-05,4.550597470223641e-05,4.909236612404964e-05,1.983061063150087e-06,0.0003921985626220703,164,elitismo,200,10,3
5.0351819435502356e-05,4.490409551627333e-05,4.830455415217514e-05,2.3608694734343494e-06,0.0003941059112548828,165,elitismo,200,10,3
5.0351819435502356e-05,4.490409551627333e-05,4.877012115555954e-05,2.404696186673709e-06,0.00038886070251464844,166,elitismo,200,10,3
5.0351819435502356e-05,4.990151285326368e-05,5.0299219754508076e-05,1.3447593248250105e-07,0.0004019737243652344,167,elitismo,200,10,3
5.0351819435502356e-05,4.888412381413552e-05,5.006995789869407e-05,4.4362137366030125e-07,0.0003948211669921875,168,elitismo,200,10,3
5.0351819435502356e-05,4.755366034875628e-05,4.9745111331795595e-05,8.434442217902963e-07,0.0004038810729980469,169,elitismo,200,10,3
5.0351819435502356e-05,4.755366034875628e-05,4.984685023570841e-05,7.933243622486109e-07,0.00039505958557128906,170,elitismo,200,10,3
5.0351819435502356e-05,4.806965648969265e-05,4.994348050802592e-05,6.596942463240565e-07,0.0003960132598876953,171,elitismo,200,10,3
5.0351819435502356e-05,4.990151285326368e-05,5.0126666144383016e-05,2.2515329111933937e-07,0.0003960132598876953,172,elitismo,200,10,3
5.0351819435502356e-05,4.990151285326368e-05,5.0306788777278495e-05,1.3509197467160362e-07,0.0004069805145263672,173,elitismo,200,10,3
5.0351819435502356e-05,4.760651945312585e-05,5.003225877904084e-05,8.196497959288929e-07,0.0004119873046875,174,elitismo,200,10,3
5.0351819435502356e-05,4.760651945312585e-05,5.003225877904084e-05,8.196497959288929e-07,0.0004000663757324219,175,elitismo,200,10,3
5.0351819435502356e-05,4.717006585282904e-05,4.971408342077351e-05,1.1745608382402355e-06,0.00039696693420410156,176,elitismo,200,10,3
5.0351819435502356e-05,4.717006585282904e-05,4.955487628715813e-05,1.2442006107818764e-06,0.0003998279571533203,177,elitismo,200,10,3
5.0351819435502356e-05,5.0351819435502356e-05,5.035181943550235e-05,0.0,0.0003972053527832031,178,elitismo,200,10,3
5.0351819435502356e-05,4.835747881574951e-05,5.0152385373527066e-05,5.98302185925853e-07,0.0003948211669921875,179,elitismo,200,10,3
5.0351819435502356e-05,4.773425786648711e-05,4.9879388203627984e-05,8.319667635197472e-07,0.00039768218994140625,180,elitismo,200,10,3
5.0351819435502356e-05,4.9095008915945425e-05,4.997115631449519e-05,4.793457780884398e-07,0.0003979206085205078,181,elitismo,200,10,3
5.0351819435502356e-05,4.9095008915945425e-05,5.0074464860326877e-05,4.4467190691031775e-07,0.00041604042053222656,182,elitismo,200,10,3
5.0351819435502356e-05,4.9685024433476085e-05,5.028513993529973e-05,2.0003850060788108e-07,0.00041103363037109375,183,elitismo,200,10,3
5.0351819435502356e-05,4.916798468682833e-05,5.023343596063496e-05,3.551504246022074e-07,0.00038886070251464844,184,elitismo,200,10,3
5.0351819435502356e-05,5.0351819435502356e-05,5.035181943550235e-05,0.0,0.0003871917724609375,185,elitismo,200,10,3
5.0351819435502356e-05,5.0351819435502356e-05,5.035181943550235e-05,0.0,0.0003809928894042969,186,elitismo,200,10,3
5.0351819435502356e-05,5.0351819435502356e-05,5.035181943550235e-05,0.0,0.0003781318664550781,187,elitismo,200,10,3
5.0351819435502356e-05,5.0351819435502356e-05,5.035181943550235e-05,0.0,0.00038504600524902344,188,elitismo,200,10,3
5.0351819435502356e-05,5.0351819435502356e-05,5.035181943550235e-05,0.0,0.0003871917724609375,189,elitismo,200,10,3
5.0351819435502356e-05,5.0351819435502356e-05,5.035181943550235e-05,0.0,0.00039505958557128906,190,elitismo,200,10,3
5.0351819435502356e-05,4.7915349686412955e-05,4.992855601317545e-05,8.585494982663552e-07,0.00039505958557128906,191,elitismo,200,10,3
5.0351819435502356e-05,4.855565496132266e-05,5.017220298808439e-05,5.388493422539077e-07,0.00039505958557128906,192,elitismo,200,10,3
5.0351819435502356e-05,5.0351819435502356e-05,5.035181943550235e-05,0.0,0.0004069805145263672,193,elitismo,200,10,3
5.0351819435502356e-05,4.6843306166632254e-05,5.0000968108615343e-05,1.0525539806610305e-06,0.0003921985626220703,194,elitismo,200,10,3
5.0351819435502356e-05,5.0351819435502356e-05,5.035181943550235e-05,0.0,0.0003981590270996094,195,elitismo,200,10,3
5.0351819435502356e-05,5.006377148894846e-05,5.0323014640846965e-05,8.64143839661682e-08,0.00039386749267578125,196,elitismo,200,10,3
5.0351819435502356e-05,5.0351819435502356e-05,5.035181943550235e-05,0.0,0.0004000663757324219,197,elitismo,200,10,3
5.0351819435502356e-05,4.9381870325138686e-05,5.025482452446599e-05,2.909847331091009e-07,0.0004076957702636719,198,elitismo,200,10,3
5.0351819435502356e-05,5.0351819435502356e-05,5.035181943550235e-05,0.0,0.000392913818359375,199,elitismo,200,10,3
5.0351819435502356e-05,5.0351819435502356e-05,5.035181943550235e-05,0.0,0.00039124488830566406,200,elitismo,200,10,3
